Model,Description,n_per_subj,n_params,WAIC,p_WAIC,SE_WAIC,LOO,p_LOO,SE_LOO,n_pareto_k_bad,pct_pareto_k_bad,choice_acc,choice_r2,vigor_r2,WAIC_choice,LOO_choice,converged,elapsed_min,dWAIC,dLOO
M1,"Effort-only (kappa, intercept-only vigor)",1,295,17504.886038689052,317.63610777445956,667.421791149454,17509.321108153454,319.85364250666,666.5393242593271,9,0.049274568847522585,0.7098850574712644,0.9512824874027415,0.006363326122040816,15059.237553178993,15065.437624442024,True,1.90369371175766,4728.939253234308,4730.684794319946
M2,"Threat-only (omega, population kappa)",1,299,14741.795939120311,361.8187971954869,669.1031309054415,14745.34302229128,363.59233878097166,667.6323181228789,200,1.0949904188338353,0.7893486590038314,0.9083177490292568,0.006255184863858188,12265.657676855884,12271.64730009398,True,34.179103302955625,1965.8491536655674,1966.706708457772
M3,Single-param (theta=omega=kappa),1,299,15373.603218108117,351.96616953229125,593.0273039552952,15406.316861274812,368.3229911156395,593.7788950021918,185,1.0128661374212975,0.7728735632183908,0.8450673885433939,0.10145517282643414,12663.865189603413,12693.640676406254,False,35.0038109143575,2597.6564326533735,2627.680547441305
M4,Joint W(u) (omega+kappa),2,590,12775.946785454744,467.1886668194128,823.6569660117316,12778.636313833507,468.5334310087958,818.6894171543893,125,0.684369011771147,0.7732567049808429,0.7961910990252696,0.3719530145399379,12468.46279680662,12475.0766873724,True,35.24716819922129,0.0,0.0
