Model,Description,n_per_subj,n_params,WAIC,p_WAIC,SE_WAIC,LOO,p_LOO,SE_LOO,n_pareto_k_bad,pct_pareto_k_bad,choice_acc,choice_r2,vigor_r2,WAIC_choice,LOO_choice,converged,elapsed_min,dWAIC,dLOO
M1,"Effort-only (kappa, intercept-only vigor)",1,295,17504.886038689052,317.6361077744596,667.421791149454,17509.321108153454,319.85364250666,666.5393242593271,9,0.0492745688475225,0.7098850574712644,0.9512824874027416,0.0063633261220408,15059.237553178991,15065.437624442024,True,1.90369371175766,4728.939253234308,4730.684794319946
M2,"Threat-only (omega, population kappa)",1,299,14741.795939120311,361.8187971954869,669.1031309054415,14745.34302229128,363.59233878097166,667.6323181228789,200,1.0949904188338353,0.7893486590038314,0.9083177490292568,0.0062551848638581,12265.657676855884,12271.64730009398,True,34.179103302955625,1965.8491536655674,1966.706708457772
M4,Joint W(u) (omega+kappa),2,590,12775.946785454744,467.1886668194128,823.6569660117316,12778.636313833507,468.5334310087958,818.6894171543893,125,0.684369011771147,0.7732567049808429,0.7961910990252696,0.3719530145399379,12468.46279680662,12475.0766873724,True,35.24716819922129,0.0,0.0
M3,Single-param (theta=omega=kappa),1,299,15374.47506888737,352.6314598116188,592.6101759052012,15404.108272509293,367.4480616225785,593.2471877338149,158,0.8650424308787298,0.7728735632183908,0.8450746175752819,0.1015206232228115,12665.450616384303,12692.575596096907,True,66.07295520305634,2598.5282834326263,2625.4719586757856
M3b,"Single-param + scaling (theta, alpha*theta)",1,300,14734.68976575282,377.2674169400733,668.6033053543954,14740.543074342875,380.19407123510064,668.5500095933528,123,0.6734191075828087,0.7898850574712644,0.9190382784189944,0.0172516710401128,12273.477646692623,12278.612252733115,True,78.70496011575064,1958.7429802980769,1961.9067605093678
