Model,Description,n_per_subj,n_params,WAIC,p_WAIC,SE_WAIC,LOO,p_LOO,SE_LOO,n_pareto_k_bad,pct_pareto_k_bad,choice_acc,choice_r2,vigor_r2,WAIC_choice,LOO_choice,converged,elapsed_min
M3,Single-param (theta=omega=kappa),1,299,15374.47506888737,352.6314598116188,592.6101759052012,15404.108272509293,367.4480616225785,593.2471877338149,158,0.8650424308787298,0.7728735632183908,0.8450746175752819,0.10152062322281151,12665.450616384303,12692.575596096907,True,66.07295520305634
M3b,"Single-param + scaling (theta, alpha*theta)",1,300,14734.68976575282,377.26741694007325,668.6033053543954,14740.543074342875,380.19407123510064,668.5500095933528,123,0.6734191075828087,0.7898850574712644,0.9190382784189943,0.017251671040112854,12273.477646692625,12278.612252733117,True,78.70496011575064
