Model,Description,n_per_subj,n_params,WAIC,p_WAIC,SE_WAIC,LOO,p_LOO,SE_LOO,n_pareto_k_bad,pct_pareto_k_bad,choice_acc,choice_r2,vigor_r2,WAIC_choice,LOO_choice,converged,elapsed_min,dWAIC,dLOO
M1,"Effort-only (kappa, intercept-only vigor)",1,286,18113.87563447097,70.14636630937042,264.0896971402302,18115.204972915424,70.81103553159863,264.15739068399233,2,0.014292860716072322,0.4148731127529714,0.5141066461332741,0.006879760940457872,17427.534306100144,17428.697467242746,False,12.211055151621501,1063.1524607558677,1059.1912636834932
M2,"Threat-only (omega, population kappa)",1,290,17152.50949111295,105.53320297987305,353.03726872446305,17156.148827737416,107.35287129210735,353.0221902761,42,0.3001500750375188,0.4148731127529714,0.027249912151641156,0.6325136014337537,17441.703672708834,17441.81317388175,False,110.31192683378855,101.7863173978476,100.13511850548457
M3,Single-param (theta=omega=kappa),1,290,17733.38214723178,102.32318407683088,306.23187535942225,17738.136678178693,104.70044955028965,307.1005822285053,69,0.4931036947044951,0.4148731127529714,0.1666777696050713,0.26570786356559684,17307.50976279768,17307.93121149757,True,133.58297150532405,682.6589735166781,682.1229689467618
M4,Joint W(u) (omega+kappa),2,572,17050.7231737151,120.63930025182893,390.08232288575266,17056.01370923193,123.28456801024376,389.4855169254863,113,0.8075466304580862,0.4148731127529714,0.03183117413485073,0.6348890366947962,17383.522594785558,17383.922606849905,False,125.24752339919408,0.0,0.0
