Model,Description,n_per_subj,n_params,WAIC,p_WAIC,SE_WAIC,LOO,p_LOO,SE_LOO,n_pareto_k_bad,pct_pareto_k_bad,choice_acc,choice_r2,vigor_r2,WAIC_choice,LOO_choice,converged,elapsed_min
M3,Single-param (theta=omega=kappa),1,290,15726.693924984258,383.4208667424755,305.24397038521647,15737.148812880756,388.6483106907249,305.4610572089319,189,1.1477500455456366,0.7558718861209964,0.8068714131167186,0.0751728782477073,12760.86923389833,12770.871159949815,False,61.64889539082845
M3b,"Single-param + scaling (theta, alpha*theta)",1,291,13849.782748017742,318.7933386313844,451.7934587752142,13856.293157673515,322.04854345927197,451.58486911559976,112,0.6801481751381551,0.7779359430604982,0.8943508547443756,0.01409517413004803,12352.1296897473,12359.044728094781,True,61.826178232828774
