Model,Description,n_per_subj,n_params,WAIC,p_WAIC,SE_WAIC,LOO,p_LOO,SE_LOO,n_pareto_k_bad,pct_pareto_k_bad,choice_acc,choice_r2,vigor_r2,converged,elapsed_min,dWAIC,dLOO
M1,Effort-only (kappa),1,292,15060.324861715902,275.58124458421645,101.29021350568193,,,,,,0.7098850574712644,0.9512069542553747,,True,7.78811651468277,,
M2,Threat-only (omega),1,299,,,,,,,,,0.7893486590038314,0.9082695677288501,0.006269000388196865,True,43.86655210256576,,
M3,Single-param (theta=omega=kappa),1,299,,,,,,,,,0.7728735632183908,0.8452054029653812,0.10139884692583549,True,42.40184702475866,,
M4,Separate (lambda+omega),2,591,,,,,,,,,0.6289655172413793,0.7095247851417089,0.5918887628537514,False,194.07822113831838,,
M5,Joint W(u) (omega+kappa),2,590,,,,,,,,,0.779463601532567,0.8936365445654817,0.38687365272821944,True,47.342462074756625,,
