Model,Description,n_per_subj,n_params,WAIC,p_WAIC,SE_WAIC,LOO,p_LOO,SE_LOO,n_pareto_k_bad,pct_pareto_k_bad,choice_acc,choice_r2,vigor_r2,WAIC_choice,LOO_choice,converged,elapsed_min,dWAIC,dLOO
M1,Effort-only (kappa),1,292,15060.037157418297,275.4985877361942,101.30232510541748,,,,,,0.7098850574712644,0.951213862424084,,15060.037157418297,,True,7.783365460236867,2389.687795474394,
M3b,"Single-param + scaling (theta, alpha*theta)",1,300,14734.501305251184,376.7329619414864,668.2721479312302,,,,,,0.7895785440613027,0.919023638284345,0.01723265014029678,12273.695704545631,,True,52.82722324530284,2064.151943307281,
M5,Joint W(u) (omega+kappa),2,590,12670.349361943903,466.4616003598104,836.1845389687259,,,,,,0.7796934865900383,0.8935792050131813,0.3868729352645402,12516.031626091763,,True,48.19976697365443,0.0,
