subj,log_omega_true,log_omega_rec,log_omega_lo80,log_omega_hi80,log_omega_lo95,log_omega_hi95,log_kappa_true,log_kappa_rec,log_kappa_lo80,log_kappa_hi80,log_kappa_lo95,log_kappa_hi95
0,-0.5425814808234831,-0.6294854894436316,-1.1434716033808234,-0.16876286629161072,-1.5237044189024587,0.01456450996805339,-0.8805014944740316,-0.9558126691999149,-1.5569881871806692,-0.35797496096196507,-1.9021186026186758,-0.07347368978165139
1,1.1204302518059952,0.9351510097474137,0.6267280521714976,1.2335800329051785,0.4428584387657821,1.3677850803642007,-0.7968964197978538,-1.2130755682388912,-1.8009893367626315,-0.6326552684558898,-2.1450878323390676,-0.3393579128075487
2,-1.793190654561729,-1.4354400194338204,-2.051279146125696,-0.883587986055572,-2.444252521847751,-0.6544878849599125,-3.8226806593029803,-3.306297315757639,-4.137078252380533,-2.552862108211931,-4.813679876950072,-2.2329167351047734
3,-0.094250380361418,0.033924818209054734,-0.3330241707423994,0.3752202183904144,-0.5804959527914972,0.5312164320324576,-1.3032898778852995,-1.0975039929701416,-1.684058239600486,-0.5247666181135616,-2.0148207307214325,-0.24385590683693048
4,-0.5561663251567392,-0.39507902452031857,-0.8414571505893073,0.008160888267985177,-1.1770586364089126,0.1763148893865118,-1.357747945362691,-1.7589524300691872,-2.455355754406729,-1.075837152515582,-2.885936369769101,-0.7445391472942559
5,1.0614248116666698,1.2952819452819013,0.9981410598611044,1.5851790647748685,0.8256637480238214,1.7190085310711196,-0.5828348039722575,-0.9801739182423177,-1.539801572298924,-0.4109914968847947,-1.8338222192182196,-0.11291381715668851
6,0.9364212314983947,0.9377503445836232,0.640352255366077,1.2222581684837945,0.46346642456236353,1.3692909332614032,-1.7582946488150717,-2.2134614324799795,-2.9179624604570216,-1.5478529525931175,-3.4785825752111537,-1.2319185962148023
7,-0.3335724765153701,0.03320034472453349,-0.32115793114510843,0.3633071977050011,-0.5534981411617897,0.5181112002798248,-0.7099207087515652,-1.3669770837352235,-1.9180793280423547,-0.8164393254240437,-2.217964639069005,-0.5187470673045216
8,-0.4530076431528405,-0.26964071520187777,-0.6959403159890054,0.11968898492463981,-0.989665029702923,0.2878905248305218,-0.815991996792935,-0.6483405720639595,-1.2131179909694905,-0.09654304269980969,-1.5253789621743403,0.17219562882366662
9,0.45335035635459303,0.18399729432537915,-0.279195274168136,0.604015265261757,-0.6531953703128044,0.766904739817874,-0.37048306911209816,0.0397159163748242,-0.5598666021888711,0.6046451854343756,-0.9025939772401327,0.8586219660601225
10,-0.5086510289802734,-0.018978473223102477,-0.3794028206536918,0.3199551946821668,-0.6284148974519344,0.4665118505573677,-1.626410737424327,-1.6398001118828645,-2.17865189644454,-1.1025797941495996,-2.462392470424797,-0.8115478031119434
11,0.5379672025114275,0.8228575497544385,0.4041894278802553,1.2135358627606907,0.08166672589056308,1.3794866028175592,0.11563291659066624,0.3992785046113858,-0.1284240550578952,0.909242306670605,-0.4231980745272619,1.1421657802374523
12,-0.38148604856542573,-0.32668887482730286,-0.7398333638464655,0.049503413950872655,-1.0340899156292571,0.21097213734260348,-2.036121448764191,-1.6184532826929698,-2.2463462620482244,-0.9998793786038938,-2.6323918368671726,-0.6827127929357991
13,0.5959063186795549,1.0199660566915916,0.6646481896865205,1.354138817097105,0.42142990114499157,1.4993131618541313,-0.9395366108317587,-0.16624577089097609,-0.8425997245508797,0.4609332743930145,-1.2879087946463343,0.7677614146193964
14,0.5878085927737848,0.6896326157380969,0.3548233963503543,1.014109942552976,0.14219666975191522,1.1629726113403922,-1.1159598020813912,-0.5022337019910078,-1.1054983825592417,0.0951747757251274,-1.44784544760026,0.39563834275455356
15,0.7841927494822861,0.38640521850775594,-0.42699189113836256,1.076591023433225,-1.0013355798214127,1.333266199883505,1.407000990768683,1.499386169498982,1.0865775278688208,1.8940064981115696,0.8434069034150528,2.059892969125095
16,-0.7597395221561966,-0.15340308848131107,-0.5431819057847691,0.20526564306965742,-0.7999930203436032,0.357163327109011,-2.02894979189724,-1.7253348307848522,-2.3348021092598157,-1.1318197873396658,-2.7088498766523883,-0.8279261817868103
17,1.19566259436294,1.101377991178995,0.7866753895125034,1.4055834756432415,0.5941054606348926,1.5479896632560814,-1.0249458159375515,-0.5353530750730969,-1.138696172712004,0.06202011634007652,-1.4983983539154275,0.38050223391046156
18,-0.5922751086819037,-0.5986683227103421,-1.0718845795906005,-0.17223519489267727,-1.4416387127618624,0.005244537495311361,-1.4906960523697648,-1.71128690635173,-2.2951338823577188,-1.1357311411349427,-2.639009269276311,-0.849895444417428
19,0.1687899996943451,0.32894304266328817,0.021521123366144788,0.6222321591577201,-0.17536730374489665,0.7647549651556339,-2.823490355313395,-3.3755285085235727,-4.432998485491446,-2.463606047849092,-5.157142197600394,-2.0891681085661555
20,0.8253141738918045,0.6115959267292521,0.25535518060260504,0.9453560975520409,0.04312374725993311,1.0965271350408348,-0.7039362881783958,-0.4718002802873238,-1.0316019583570184,0.07601567477706549,-1.3574825499603855,0.33450602200372737
21,-0.0638111408101708,-0.4652211335183713,-0.9109005683324941,-0.06294208945210221,-1.2231634243978973,0.09629503126610336,-2.503386777385272,-2.459520976750401,-3.1578460532231385,-1.7951274297887598,-3.667334445029555,-1.4904655635713768
22,0.2932116491212735,0.36086563509819647,0.04773485939142622,0.6640707716832068,-0.14458338919028024,0.8033819931163543,-1.4562276932044744,-2.7999261529259964,-3.759694594450005,-1.9610932113431854,-4.528973075360611,-1.6334111087628689
23,0.6508495388850243,0.5536530585977052,0.22334311541958707,0.8716251850750236,0.008130569204615842,1.0183405039332172,-0.4504418942326405,-0.6628515959560511,-1.2671549677427945,-0.05933482855003628,-1.6022078685788643,0.24620900717187355
24,0.44601216353076845,1.1411814056130258,0.8362440107139192,1.431901607189388,0.6532671172654675,1.5787045463750526,-0.6670500918837495,-0.4607112529787,-1.0165591274111507,0.08610640052066476,-1.3149365508603508,0.36321916422020123
25,0.6769875003093901,0.6988905836979591,0.38601780574589606,1.0010647980286984,0.19174735600030757,1.1405200674271403,-1.3326329767931366,-1.7051079472029351,-2.3529716184152933,-1.0607026311518124,-2.7504843368509073,-0.716804682752392
26,-0.8402591582711583,-0.5332027159803114,-0.9757904422756936,-0.1338942440210608,-1.3079111985302352,0.030943744452853014,-3.417262616820191,-3.680497234325974,-4.704510102051663,-2.784239864782217,-5.421752812170561,-2.450208124534509
27,-0.6117082537521126,-0.12041632085286873,-0.5166678547006323,0.24657415180330833,-0.7978683328370293,0.4027687347323493,-2.0182192422798875,-1.9244262603600648,-2.6911681611204803,-1.181163313269478,-3.233350332782772,-0.7955605160813748
28,1.0463130853294504,1.4060584633518207,1.124016017547217,1.6769905693087115,0.9614785255536386,1.8186693823189226,-2.308416603571097,-2.4679745850346615,-3.568768019992903,-1.5223575330849055,-4.463835717981235,-1.1485249276084981
29,0.38260737952063334,0.0898499094972205,-0.2554623938097703,0.41536252553441183,-0.4682694540085403,0.5661261837246748,-2.960651279581051,-3.226879469913905,-4.23887474237084,-2.3511368659612986,-4.9653868876916825,-1.9736397311204898
30,-0.9573058152147591,-0.7500454326512125,-1.2264999351051755,-0.31882609316548427,-1.5627346448610897,-0.14203802623973716,-3.7145059755300895,-4.075163851213667,-5.08971669573854,-3.182252427600503,-5.791205494412563,-2.8305893193465406
31,0.5846284424893028,0.4427955947355066,0.12170421525326015,0.7509325752938667,-0.07193532611157183,0.8941617367399771,-1.4896128068208725,-1.9080217129248156,-2.4978821751413087,-1.340567705607294,-2.8904755522261283,-1.0507815215729286
32,0.9939579718366566,1.3369838569047696,1.0425762976266584,1.6211680082413176,0.8747597019238395,1.7604274841306846,-0.8112400812683521,-0.9763876845768931,-1.573128664489972,-0.3996531316204665,-1.898441679825345,-0.10065484210889604
33,-0.42505741185408885,-0.46041495160275087,-0.9182355814202631,-0.0508378243155462,-1.2284299868957143,0.11244791098832103,-1.901462680442647,-2.38609117333469,-3.1859550969796047,-1.6457507173309285,-3.8305030703810155,-1.2977788075269792
34,0.33995991461618513,0.8017074749251348,0.4849088534939718,1.1021085267430095,0.29456015958395687,1.250337666862866,-0.36131531599367417,-1.0376558652722334,-1.6808186241687526,-0.39616776491120614,-2.037370468439725,-0.08029666377733154
35,-1.3524129562433478,-1.014574650386791,-1.5823819043664922,-0.514964007792549,-1.9937906825700527,-0.3152602932254096,-2.9651513664653075,-3.4504224926097096,-4.379747206495442,-2.6604455025729226,-5.082194039988219,-2.315112498012598
36,0.011605982806340558,0.12145915151343857,-0.2071105328979109,0.43516605772856454,-0.42003610354649723,0.5740886084430896,-2.9106125646680368,-3.8954666206802355,-4.942013635178622,-2.9769183752616915,-5.639953426053824,-2.6243994103780297
37,0.6516330442612128,0.4803603135334685,0.15846900263286764,0.7869568514033467,-0.02495111076570203,0.9359254726931394,-1.543643573937359,-1.4487571404446542,-2.1572825195180347,-0.7508898770303001,-2.5905772743766518,-0.3956690221397477
38,-0.006095090010010044,-0.16649639943214156,-0.5474214348206101,0.1878960158290325,-0.8235042396574087,0.3402067396720055,-2.16648064859643,-2.5703517627938313,-3.533745584604526,-1.7190597303641666,-4.292036388171,-1.3794740077254761
39,0.14429715760317074,-0.06777440331252184,-0.4534734686897592,0.2939645140829317,-0.7235365705762634,0.4542923966741823,-0.6409226887585238,-0.806614307951984,-1.3862114568161763,-0.24021316031967896,-1.7072249789796525,0.04055683716590954
40,-0.19372034264279608,-0.13267494484742215,-0.515919988714799,0.22976087841870235,-0.7752971836994307,0.3865250275580402,-0.7751792691752897,-0.9929104619888579,-1.6156077424552353,-0.3794264847826885,-1.9785693664699688,-0.08829187644402717
41,-0.37259988747231326,-0.24267770686838494,-0.6477800608280707,0.12916443062132227,-0.9299767963190255,0.28726753546311623,-1.9413862554269052,-1.2151064071908448,-1.8129579669443108,-0.626983220395501,-2.1739517672577713,-0.31295542721797065
42,-0.12552134325436531,0.38266831111469435,0.07888671024562498,0.6746219808480676,-0.11627064137553761,0.812268934966787,-3.276766346480301,-3.530659244894136,-4.51834265313336,-2.6793083740178867,-5.272531257646077,-2.345345775640085
43,-0.13307916733250139,-0.07125136621689043,-0.44251036433264834,0.27160938924350697,-0.6931831383649216,0.41640884632850655,-2.185029680678271,-2.5213920320656973,-3.232220715383386,-1.8602417459097533,-3.8534044396827323,-1.544857683719926
44,0.6312455794777204,0.641594948384932,0.33505701073085525,0.9367488202440871,0.1512001846688882,1.0751073228375214,-1.0292632403178206,-1.6627245833228101,-2.198862416398093,-1.129941071745744,-2.5287815367172946,-0.8590880001717827
45,0.3177577808247064,0.0888152094036462,-0.288396407347165,0.44491800118334596,-0.5518447443605571,0.6011417343569099,-0.642243385946743,-0.505430558560954,-1.1203797288155313,0.0936484113145634,-1.430235022212588,0.37050134712423427
46,-0.1791459594893118,0.24672172827303615,-0.0747569025612267,0.5561101567252084,-0.2810126633260565,0.6938928471554924,-2.0997151358328425,-1.8161224290103828,-2.365560499188812,-1.2858702092748715,-2.6860931514573547,-1.0156327082527215
47,-1.7758892908973298,-0.71949477333527,-1.2102291725133,-0.27909213588509874,-1.546128252929623,-0.10900805265571067,-3.4334211310698812,-3.7559580192397783,-4.814240916036419,-2.803994461673217,-5.598003133252891,-2.3963719479462093
48,-1.274598385663805,-1.1031490782694362,-1.662843516310198,-0.5922977810412066,-2.0945446482750785,-0.3971562298083084,-3.0629902173640393,-3.966950223529241,-5.041220652913623,-2.986738191674536,-5.788739554412677,-2.5681504665901183
49,-0.3992514438950829,0.21434603780412143,-0.14104457007872867,0.5469351683987298,-0.3776105037661053,0.701101283141137,-0.7883797824831625,-0.8351405508919362,-1.4438402447314902,-0.2432578385203892,-1.789987227725115,0.07960316825218841
50,0.8543147506865115,0.8764460362732067,0.575559454958612,1.1705947584184784,0.3950016232102758,1.308312246282114,-2.3953670783364,-2.2899848988228357,-3.1691306284600125,-1.502546510464791,-3.8916426934883614,-1.151222914983106
51,0.4522321222108464,0.5292180428638323,0.2197462071011478,0.8314561822213964,0.023107763579458762,0.9757588639667507,-2.2211818371682646,-1.8810690514440727,-2.515598774084927,-1.2566321841028751,-2.9268807363308533,-0.9410259057149971
52,-0.5108180582238357,-0.3018108119506269,-0.7237191665663048,0.0798202786488686,-1.025488029573191,0.23822682381582103,-2.7481878797624777,-2.901275688265204,-3.716114950938694,-2.175774684732786,-4.377246287660161,-1.863427342817029
53,-0.6165858735990501,-0.7416896966775511,-1.258373052858618,-0.2801230289037905,-1.636286013294273,-0.1040601427889336,-2.735598071170786,-2.428561816354441,-3.4314035261526366,-1.506167325887201,-4.216512327627672,-1.0901613282467442
54,-0.7959212808955604,-1.0631883329768712,-1.7064780850204821,-0.4885214033606013,-2.1605431823771104,-0.258864745725734,0.01152343866346881,-0.31790289960482226,-0.9088519004565306,0.22971628039923414,-1.2801474763560892,0.4606667525536836
55,0.4562389293534763,0.5076683844190802,0.18729652340350453,0.8101395915110469,-0.004402165401159778,0.9574383987298722,-1.0371862989383445,-1.8507547304155514,-2.6494253043228735,-1.102451424972697,-3.2860032496656975,-0.7814449305704669
56,-1.2623228850783164,-0.5786636723896442,-1.0595538537992584,-0.14470459942921834,-1.441906631974895,0.03279519089878419,-1.975059233513981,-1.2550384396634338,-2.007355643345746,-0.5189211358864064,-2.4491274123010416,-0.16142455716894646
57,-0.27693080000017034,-0.0703153447361406,-0.44966348741691026,0.2802561800047498,-0.6898792574050231,0.43680870220317225,-1.3225895459692398,-1.6806184825277521,-2.425632732812343,-0.9678716972034294,-2.915472457039079,-0.6252412567170842
58,0.20312238426284515,0.04510265917453882,-0.30965252622109884,0.3782199891219843,-0.5400417887839986,0.5278776408871043,-1.2506626452527658,-1.5894487623637072,-2.206679503661715,-0.9736397447622587,-2.568112321824238,-0.6624490193856868
59,0.6535892776062783,0.9103923018084203,0.4116219183045084,1.3497881885988505,-0.03173917421926192,1.5224092532756266,0.6435407048945596,0.8217552820850623,0.23573796507844005,1.3986632926119347,-0.09861405480675689,1.6543532227180624
60,-0.2705599821644415,-0.2533396891452964,-0.63142267675335,0.10116899979485751,-0.8897431590913462,0.24657188216459872,-2.967400570561982,-3.680372063693126,-4.665108836909354,-2.816617237502567,-5.384456705356138,-2.501823073149588
61,1.178916229058748,1.371786889172241,1.0841192342468324,1.645609065802441,0.9147328900141716,1.7797102515126049,-1.6127184919229791,-2.4290642578895394,-3.2420417206273755,-1.704688011562395,-3.9487302684259222,-1.3925453007790585
62,0.7316515842094992,0.82399413306637,0.504263072554401,1.1260584908522415,0.3181638201270353,1.2783926325793262,-0.533295860766609,-0.9389505274679218,-1.5015005808224404,-0.38845593952137586,-1.8015861599504939,-0.0971957094491436
63,-0.10832977177791049,-0.6629384057681038,-1.3876420905932647,-0.021315978365458715,-1.8701389163536628,0.2245930308601566,0.703794111770413,0.7482005420064518,0.3643653355089052,1.0938141753312145,0.11007607901370839,1.243721118316879
64,-0.9023606407848273,-1.0327282702428848,-1.6217279375348945,-0.511670126280252,-2.0193684811530628,-0.31527577430865805,-2.1699724693436133,-2.6645784655111378,-3.6119929890962177,-1.8314504365887425,-4.385174907042805,-1.4909187163777287
65,-1.115544817456186,-0.7620916673429844,-1.2787883219746947,-0.2991866138059846,-1.6590835014216105,-0.114054206679047,-1.7203118864873443,-2.4741031237281246,-3.1993208375485875,-1.7910592498028093,-3.741648604959889,-1.4409926281669612
66,0.2127396820527264,0.41977005598562805,0.07837073265300122,0.7428470650653853,-0.13059621225807957,0.89363966264505,-0.650650854559054,-0.7719973431290181,-1.303071865323356,-0.24322580642522043,-1.6051873726948447,0.027705369033259368
67,-1.3575301923183005,-1.4119433002676411,-2.0339677666278377,-0.8486656917566875,-2.428104429869951,-0.6177176475211887,-3.2558775341787705,-2.9878596300045897,-3.859179821830965,-2.200368489875702,-4.552761528137965,-1.8411386417274824
68,0.840271064618932,0.7537545419651095,0.4504757465639894,1.0430402345178493,0.26192997011046854,1.1866836387139177,-1.3534640454332603,-2.06368041261082,-2.7156454765386977,-1.4496387210483452,-3.208934305648342,-1.158267127471041
69,3.1536397754066683,2.820941210012086,2.2781251077933633,3.356346319000697,2.0139714702960205,3.635997063584968,0.3567465202542249,0.06039637500424525,-0.6473948151548864,0.7675954214540084,-0.9949696521307713,1.1462725657558341
70,-0.45409433242147274,-0.4677436958088828,-0.9420228663332254,-0.04188386337786582,-1.2863596222282352,0.13833224733330118,-0.7471582121054041,-0.7122651425428637,-1.2648720421619748,-0.16588400021555977,-1.579712282860593,0.08655042077703698
71,-0.7256383166901378,-0.8480300124716609,-1.340140515525333,-0.4033021221616655,-1.7094351684287785,-0.22077315671564693,-4.469358602522531,-4.010824565465756,-5.013513984433042,-3.130003262793574,-5.741940727172026,-2.753615612158663
72,-0.6083135734949419,0.09873969673009429,-0.23537573935739278,0.41197898532636934,-0.4513136060773675,0.5579516535791798,-2.532993560643215,-2.2403893799210906,-2.8968840086702534,-1.6092627250233096,-3.3736023557394237,-1.3113063261716713
73,-0.3125413836826048,0.011393308263871336,-0.3460218517333636,0.34254520300489777,-0.5830802620236568,0.49482420067222394,-2.3358670685563245,-2.582988443324776,-3.4292388078923537,-1.8396408740026542,-4.0921441964446466,-1.4892659220153803
74,0.6932576340126811,0.6469527458346144,0.31680700327875144,0.9657521767620008,0.09883062818219691,1.1142655591600916,-0.17367789480673368,-0.487826698836884,-1.0614773360199328,0.07760142624282818,-1.3548957308704774,0.359380328354554
75,-0.7567521962731221,-0.6959442072530923,-1.1876237349283436,-0.24534684993765507,-1.5638726016260973,-0.06297875167771808,-1.4998686901657654,-1.766551868732895,-2.412535886898271,-1.1314518494411288,-2.779937811782721,-0.8012700351289311
76,-1.06462547609011,-1.3081206094889135,-1.8939013749905833,-0.7818098911961228,-2.2727836863224837,-0.5637854560343699,-3.6645033115177066,-3.9554440256190446,-4.999007332930824,-3.004848869356935,-5.698476055317911,-2.6108161753402688
77,1.350550417775721,1.581434687562768,1.301574170813103,1.855623805641582,1.1458226639165745,1.98640267424643,-2.0835092558823436,-2.645296728341541,-3.8779246125002134,-1.5638046699822439,-4.803406507586239,-1.1301601458839834
78,0.8604777093380155,1.042519031338459,0.7437144317023933,1.3313439144382377,0.5655635382036808,1.4696987251642548,-1.6352814439548407,-1.6069286190188843,-2.2200379949509226,-1.0150973592526233,-2.6386420754880366,-0.7227488513977453
79,-1.0261439349639678,-0.7703159086514848,-1.2963555040416757,-0.3064646529852786,-1.6755051062432498,-0.12059509971515306,-1.9158831791421544,-2.356703884559484,-3.012524957146088,-1.7169782023538296,-3.4755203052986583,-1.3902391596803498
80,-0.9071718379743876,-0.7440025000591316,-1.2465285888199304,-0.29142352351800477,-1.6154135351815946,-0.10923566388108853,-2.6560707888827624,-2.3368927714219914,-2.9641320198851107,-1.7154458646473152,-3.387677814474826,-1.3784228910564766
81,0.4733794351431989,1.027935397902282,0.3729354362245394,1.5803203425841772,-0.2520062375525278,1.7922578651548786,1.4965130659594863,1.490318134131273,0.9220258865317068,2.031467639446716,0.599287300515345,2.280506517874943
82,-0.19158518769751084,-0.5690219486226595,-1.1321571304072673,-0.06954621625430046,-1.5450460172504479,0.13103842068181165,-0.20366176702655012,0.04537412320892622,-0.4485770757575495,0.5118152365378155,-0.7551150431341372,0.7163861856884902
83,0.7975135146107319,0.8543435083443476,0.5305205058405555,1.1583876411281766,0.3376080151652281,1.305882957416562,-0.411833921018048,-0.6457319550951972,-1.2400777222088606,-0.049168758657299576,-1.583600974862277,0.25026114650212083
84,-0.0254631175815069,0.3069749242982911,-0.01385521182621536,0.6106642022834285,-0.1966596751594606,0.7537146557595972,-1.75396425357042,-2.7077516457361486,-3.587153184058414,-1.9201548663877044,-4.307664009641179,-1.586934681253476
85,0.09825090953330944,-0.18969666288913775,-0.5798021362227741,0.16628345710141787,-0.850689516105797,0.3251229648043384,-2.544286223712863,-3.4911569904182924,-4.471293116215814,-2.6200067357823773,-5.192553555068248,-2.27481693952985
86,-1.0352080393006549,-1.5690850952108206,-2.20091144139948,-0.98268805050997,-2.6399883561797832,-0.7516149466749914,-1.846263611047122,-1.6929527798917274,-2.3170953915866055,-1.0870006272757484,-2.676525935455275,-0.779023785457703
87,-0.3948224940098422,-0.4205184718191941,-0.8379742980095918,-0.035367455210757286,-1.1394874434691826,0.12079721462508587,-3.305173554999698,-3.7006936703291635,-4.701677654844645,-2.822996624842905,-5.44785756299428,-2.4593278107023564
88,0.9361088307082485,0.8123772685178307,0.4262511395587993,1.1734943916511589,0.11257161671151375,1.3365846683973281,0.510205681444784,0.011338041611679586,-0.6504741989994436,0.6390015525676804,-1.0325128954244733,0.9202232686275512
89,0.2321113909823776,0.2526155668000121,-0.07578521024084871,0.5673669759977588,-0.28606559786107943,0.704789637363912,-1.7875470202778303,-1.5834263159824544,-2.2816607643527473,-0.9250462040983011,-2.7158652291246397,-0.6100458109552664
90,0.8516067052471021,1.2646068313961154,0.9032336034291903,1.6113650268112945,0.6492225270086704,1.76205914530412,0.13049532232226732,0.32643339667912386,-0.23812072091371694,0.8915698893535,-0.5614277163954908,1.1639805519477422
91,0.6973079836806367,0.8993365957201087,0.6006172502755621,1.1880475521756366,0.4244888805359624,1.328561158197868,-2.3892913600568906,-2.5027743282138624,-3.5112092559800594,-1.6207401504560401,-4.319913369465429,-1.2584254774768282
92,1.4064608444994866,1.4598197382839035,1.1749653721172042,1.7348513353754607,1.0049763389832271,1.872846321529292,-1.3797392484830624,-2.192541458901538,-2.9206354154613368,-1.5417418240801342,-3.529518262535524,-1.2498947360896142
93,-0.7349975807238923,-0.761569734428362,-1.3000633750582569,-0.2828774579651669,-1.693363781546295,-0.08333510483020731,-0.9949839642887216,-1.227588898129002,-1.807080967591725,-0.6421122635100809,-2.1345527184603235,-0.3496853975481655
94,0.6481096649577148,0.9323034931024419,0.6361822726511066,1.217119499668493,0.4689017451600883,1.3503076894347594,-3.8070839396375655,-3.0869752570736044,-4.16217132634704,-2.166919121184999,-4.978971467169582,-1.7978564434975424
95,0.7546901632247452,0.2870017616404328,-0.2812103186628428,0.7877261943335172,-0.757691016794432,0.9905995206334778,0.7907315865012147,0.6964971911286187,0.22185814783287697,1.139322895775953,-0.0870388540088697,1.3284910090957298
96,0.9710409294570417,1.1836150336147977,0.8977476268769932,1.4553479311901585,0.7280662175143249,1.593913098792895,-2.443936083122476,-1.9144623632398443,-2.5642002581766463,-1.288180161177922,-3.0473689543054614,-0.9947992871037096
97,-1.0981791268193097,-1.029153200480575,-1.596748801294134,-0.5138268869611822,-2.0177917383085884,-0.3126207200656408,-2.8017017308702643,-2.969266026811299,-3.8613563199548735,-2.1583018390107647,-4.595330172679128,-1.800616124530391
98,0.09002841096938993,0.06479116205322095,-0.3984846442468017,0.4802737842190312,-0.7574701959433188,0.6519513375303483,-0.5952536306350141,-0.22158767902207235,-0.8674447453658333,0.40977652434392636,-1.251247704662523,0.6896953891821808
99,-0.04444980155289639,-0.3954477446595145,-0.8296184193787177,-0.004319054831904694,-1.1456663578673068,0.17039298926093235,-1.5201355160860242,-1.6489071915119962,-2.186600041911995,-1.1162002657906231,-2.4907910560069197,-0.8298535881176736
100,1.2695227530821291,1.571331968838319,1.294339276733384,1.842586424303542,1.1309534136961932,1.9794664775996154,-1.468298278452595,-2.117546461120252,-2.9076132122418903,-1.3980020967402438,-3.6513513152314556,-1.0679452061395063
101,0.593145532934035,0.6607525953361932,0.3497336368565278,0.9628379186857231,0.16522618884777257,1.1050754751921326,-1.6008020300336696,-1.3896349251024143,-1.9672306827127903,-0.8265878953803659,-2.2854092624760014,-0.5136620785415146
102,-0.919524707084954,-1.1019713576500212,-1.6775970773443218,-0.5838918439799556,-2.1092428795566396,-0.3841156553862047,-4.278450275026416,-2.9211831912487907,-3.8825429784563243,-2.0454305739728853,-4.63721481350963,-1.6574122156619338
103,-1.212340739383346,-1.214288726207864,-1.8153050460162554,-0.6670002913575942,-2.222769945262374,-0.45494415430759827,-2.3660536515320265,-2.64911945273928,-3.3036272223707823,-2.0400253232450742,-3.844887628523515,-1.7443507237680822
104,-0.5792689827754983,-0.34795448091290543,-0.7664351817407045,0.03713172756991143,-1.0689170399288137,0.20239328820837751,-2.640969547992608,-2.1417711721330024,-2.9253620107725764,-1.3920560591531046,-3.47936428476695,-1.0245018865359283
105,-0.4661392545125805,-0.6470608568013727,-1.2513829541308241,-0.1161819138232377,-1.6922260077917939,0.0953750832365843,0.008918079196985411,0.07514900770718999,-0.449938355858846,0.5595330692822613,-0.7759075902103707,0.7641561428760179
106,-0.26312479589671367,0.09202157626939614,-0.2658384413964953,0.42749962766734023,-0.4992989611402005,0.575981685965281,-1.3896572373390386,-1.2505957145462399,-1.7910798545119937,-0.7067407576624931,-2.0918020203840997,-0.4290284800649995
107,0.6603586241647407,0.6418054643621269,0.3333590561053726,0.9374602718461749,0.1440159006643711,1.0836152947890316,-2.251486416702161,-2.2506939669990773,-2.9474306681956586,-1.604447184171326,-3.471600341885693,-1.3221242542594818
108,1.3121440249749987,0.9840440117948267,0.6864825878175717,1.269532024826394,0.5062147914512809,1.4106089724373763,-1.1826298211564001,-1.1802837599035865,-1.7651395862126644,-0.5847214605309552,-2.1106370359237494,-0.26971941868593746
109,-0.5054324147407689,-0.6955151804364184,-1.1871610309131861,-0.2425925698721547,-1.530721616292319,-0.06881702098747608,-1.582031317989766,-1.6155040744034006,-2.2472520868268275,-0.9987907435232042,-2.631339326551839,-0.6687091748423766
110,0.1509462522004685,0.0011674327593235135,-0.35540856230552165,0.33479203263409896,-0.6061703956578384,0.48545137789487286,-1.9167601557857525,-2.1495360437897406,-2.850389820813376,-1.4757455119761456,-3.355105491615213,-1.148296083116193
111,-0.6352883541776689,-0.933551898917898,-1.5140180760786295,-0.40934664040304863,-1.9156721238835064,-0.20435375829841332,-1.0400237192535557,-0.6242669669251082,-1.2265358196027993,-0.06129732008776072,-1.6066584878536943,0.2023919492844632
112,0.28792673120478335,0.3084787633453608,-0.03967068852233249,0.6344040000537866,-0.2525795544124127,0.7867188839102923,-1.4936430058055932,-1.1216257693384102,-1.6847299282489503,-0.560901676811165,-2.0208968580880327,-0.2811726543336006
113,2.636632933312343,2.2273960792605454,1.7547038563815023,2.720052709833113,1.4716024511753698,2.966209042360365,1.3192052124572167,0.9694964867677623,0.24638821908548403,1.6953210770007003,-0.12331959790487364,2.0995178571056266
114,-0.5332726142129293,-0.21280613878126112,-0.5976258226829164,0.14520390932808191,-0.8789368800000331,0.29517682594789557,-2.619796103931982,-2.2637087749006595,-2.984361317623669,-1.5859534405569995,-3.5148753021000756,-1.2487035036022849
115,-1.0421760028898184,-1.0758500239446416,-1.6510145496909248,-0.5636506046109006,-2.0736148277756192,-0.3549456105137485,-3.355701734924278,-2.5201395495263053,-3.4055781595719004,-1.6887526549170715,-4.049044600153225,-1.297345556173898
116,1.1112014150251415,1.104135489414168,0.8023696333877527,1.3906239609057651,0.6257916598131682,1.5287746562790414,-1.4455762808160708,-1.5863473796054588,-2.2885852148215133,-0.9222504279172457,-2.811794962168395,-0.6213355128154621
117,-0.7442735021708691,-0.3070159140612911,-0.7242500471278015,0.07984007600896206,-1.0351908916302412,0.23937290260099792,-2.3594766104677714,-2.219800967836478,-2.9412794383288916,-1.5434165100348953,-3.467927758654494,-1.223478137903517
118,-1.048729608473816,-0.30687784018461034,-0.7169471404767361,0.063129106132642,-0.9993754681562681,0.22457713557960532,-4.378625807994038,-3.077495291980259,-3.998501095380414,-2.2505389182701494,-4.756464000408782,-1.9104757310937355
119,-0.8090848269881415,-0.02717532347767805,-0.38279518025857195,0.30684484014715263,-0.6323516897341663,0.4585159417957462,-2.836423196397522,-2.818290692062245,-3.665607769569313,-2.0691928077172297,-4.383336446265986,-1.756844594099814
120,-0.4025805945440397,-0.3911781527862356,-0.8113262956126213,-0.004699847372522675,-1.1159038133251034,0.1580245159183413,-2.7011491310070497,-3.016688989337097,-3.809531175000483,-2.3023535777661874,-4.479789268179985,-1.9998519878523702
121,-1.823542470600355,-1.0846989165301786,-1.6649370743846015,-0.5594027244463513,-2.0602300314865483,-0.35668919342829103,-3.522203440127392,-3.186763293427609,-4.100857569741927,-2.3625923531520026,-4.807504864162595,-2.0205890705407183
122,0.13162586756779693,0.1873449142673935,-0.6249032077076022,0.8943235962096407,-1.2144003664251632,1.137914691142156,1.6178241876911732,1.4194827387552584,0.9496588126874248,1.8509775617774016,0.656516173397896,2.0310423281378713
123,0.9119384403441637,0.8644373469672332,0.5677303999883607,1.1430862730918288,0.40355463278276676,1.2790096274639742,-3.4929894995574937,-2.8474305529945156,-3.8403103247359396,-1.9958653231780452,-4.64890146291265,-1.6578968448756903
124,0.580598584315726,0.3544064672184326,-0.679863287396879,1.29204089044877,-1.3081128251367513,1.6606224406929466,2.623099551470391,2.30618705165951,1.915758943607022,2.6772436948337086,1.6498817469515266,2.845790957145698
125,0.15593486710713464,0.35396411714924186,0.030151080923124955,0.6600159629362189,-0.17396080087887897,0.8031519614116159,-2.134984598417147,-2.095595221796408,-2.8450673373551063,-1.3916622204975202,-3.442939551066536,-1.0726281168340142
126,0.16438162371187875,0.49413904906432754,-0.0853578044686231,0.99442601801789,-0.5419545534867901,1.1840689781385476,1.0058022512321083,0.7641665623306485,0.243053967399403,1.2507898553606593,-0.05408140417048262,1.4564585972332091
127,0.5335270628925876,0.6440612096959936,0.33543764178590774,0.9400832556261889,0.15300371647477692,1.0812125246709965,-2.0833704567992597,-3.0660532312068853,-4.089185113891863,-2.176206051314795,-4.861806610002708,-1.8179924210693876
128,0.005740012049678267,-0.08069032864436039,-0.449527197124551,0.2636097163523838,-0.7134015115682212,0.416395256724593,-0.8782971266771705,-1.500065738295897,-2.0945226136784543,-0.915333972590548,-2.4166309880672867,-0.5953039296225575
129,-0.9941519296487233,-1.3434391661868408,-1.9671430444493967,-0.7714179733323283,-2.4077607996369594,-0.5512861180779213,-1.3792111588797575,-1.3551428653202908,-1.8885108910269355,-0.8271309799116521,-2.181441853644228,-0.5570595490191235
130,-0.22934194320539297,-0.6795317128641638,-1.1972163431387717,-0.2273538137662399,-1.5834631828637602,-0.05257402168651209,-1.8045284243797388,-1.9872506429171366,-2.7378790173613496,-1.2477851272726475,-3.2226708652442158,-0.8685917469981814
131,-0.2208240609642124,-0.34611099465608725,-0.7661880061604496,0.041769700262825525,-1.068695065605055,0.20750663450757026,-1.1023806213078158,-0.9336202059665629,-1.492232098633677,-0.36253129014501506,-1.791919944877811,-0.08285457495092274
132,1.0425639000564388,0.9150541237271564,0.6088839157802076,1.210280018937972,0.4288865056601591,1.3494169364709758,-1.1876697461658219,-1.7369664266612956,-2.3647756623347242,-1.1271271547409922,-2.7635143835244516,-0.8446036900354036
133,0.40907094450668063,0.286785988395004,-0.04693227481116826,0.5991585780435257,-0.2387731380923494,0.744889658373402,-1.4388742331767244,-1.6518411382140903,-2.259907713797891,-1.0561277488843974,-2.6416788045183095,-0.7775635512669407
134,0.10293276884340567,0.2887712598905563,-0.04526462513861829,0.6083557286540265,-0.2616799248386147,0.752128619317265,-1.484579219264339,-1.2805605794092818,-1.859682558979187,-0.7124645098160435,-2.1987370248639375,-0.4017241290223795
135,-0.028193313575784845,-0.11439956368169638,-0.4729979495837271,0.21839671782314948,-0.7187607800877455,0.3651189692327523,-2.599936479452481,-3.6932989537594754,-4.7420992038101,-2.7731637544644934,-5.509442550565897,-2.4100451276084174
136,1.5689018796003276,1.6788271948591644,1.3999908659561615,1.9509564912074993,1.2405341217722479,2.089960662997386,-2.2254936783664543,-2.9316063874579688,-4.163856238346723,-1.8453836036097748,-4.976679291933946,-1.3864747598904863
137,1.0992187395731716,1.2531835117292158,0.9021855440498796,1.5815945070148805,0.662619599129786,1.7305395306062286,0.44426336168761965,0.13406326361640541,-0.5148574449146228,0.7716155264880995,-0.8916870481589814,1.0692946411328461
138,-1.0966233745945495,-1.3999659624296439,-2.0274131911990336,-0.8356930930161574,-2.452950461451691,-0.6109090605949993,-2.2865388484843177,-2.030993211703005,-2.7090268812178073,-1.370148718528311,-3.103162246445938,-1.0501762331515525
139,0.8295642448892129,0.9825992633948991,0.6756381049752468,1.2781339408443615,0.48300970294908174,1.419332962326446,-0.03395257234998206,-0.8926053924886345,-1.4938680655952896,-0.2905188178945309,-1.8128231734099518,0.0067369956102063915
140,-0.9775424577853544,-0.8187779338380616,-1.40902761405926,-0.29699309871027196,-1.8394157121881585,-0.08590893353414403,-0.4645878429779144,-0.2996361013877395,-0.8371634173734177,0.2028341716101255,-1.148632349043724,0.42735603809918304
141,0.8465717387754246,1.0519032443507481,0.7480286817856064,1.3428256654970174,0.569078098554325,1.4794185458599556,-0.43527917285583384,-1.0717501235865141,-1.6015132087533583,-0.5520759755192379,-1.910217925058987,-0.28461221129796116
142,-0.7890930744622008,-0.4414982340860403,-0.8781213165506955,-0.03747659641448212,-1.2130922544159095,0.12374685936038426,-2.915437742606139,-2.0276183974056,-2.686925834591368,-1.4029136064469254,-3.1411559133200058,-1.0885187313922493
143,0.24015742807392745,0.45104399330163725,0.10643571158717285,0.7757724814524857,-0.11875379053889108,0.9301121695017895,-1.2171456893709525,-0.521763026286687,-1.1230494229774457,0.07037613129214063,-1.4467086494744434,0.35315431531135427
144,-0.13508636277105548,0.08508562811227315,-0.27599765562997697,0.42523486143665196,-0.5133703627820192,0.574363593542896,-1.9186179068253253,-1.3788563173123558,-2.198933044900443,-0.6276136580574014,-2.8557660951805413,-0.3360072104817909
145,0.07173536710157444,-0.018027865361135438,-0.3746666270850819,0.3175975667905354,-0.6150437594476464,0.46839145842264923,-1.9310685937658145,-2.8459121660012316,-3.867750950877249,-1.9044830120470548,-4.567130237405448,-1.4611412500194843
146,-1.116005174398459,-0.032514940979166136,-0.7093826424447283,0.553397960814686,-1.2228556794637786,0.7754719217378225,1.0703260194752116,0.8370894390363544,0.40904699674666295,1.2369219818463255,0.1358976299924399,1.4008513170423293
147,0.0964129041081428,0.20257406271586403,-0.13505391558346028,0.520662594849956,-0.3496499705942383,0.673084309189353,-1.917065470959612,-2.353197460203524,-3.176237279996124,-1.5933496414690438,-3.7889994083570286,-1.2452660752045588
148,-0.05624166470902011,0.11967436041207631,-0.25741195274919393,0.4688672132587808,-0.5188595482509403,0.631458043410971,-1.0645551058945233,-0.6246862311352492,-1.14610854255676,-0.12028725221221663,-1.4326776958645624,0.12931056349249165
149,-0.5053260139453322,-0.8365015481825707,-1.3481127148733478,-0.37759893474276657,-1.7086671645288691,-0.19046799831375444,-3.98412181571015,-3.716983880693862,-4.7442049621584585,-2.812504047639606,-5.475319189769558,-2.4346809852966906
150,-0.23780779238605956,0.035683275032388065,-0.5108238145104967,0.5119757647163774,-0.9582851635045746,0.7080957316804006,1.145174455872586,0.3262064344457826,-0.23356975317045028,0.8449750218652169,-0.5480630724781648,1.055604010831102
151,0.24197080534444196,0.30371163615589886,-0.051392313088710624,0.6388608577954035,-0.28536403279607125,0.7958400936107417,-0.3180930570826747,-0.6916132191802952,-1.2680197759738872,-0.12802657596099448,-1.5996298596913792,0.16866949246987387
152,-0.723765104922026,-0.5226438963441845,-0.9742246049816768,-0.11442333854182862,-1.3233769227402277,0.05518247661098366,-1.3655769758241698,-1.5037442744799134,-2.1217783985963616,-0.8965584426883542,-2.4906239045858873,-0.578674760413507
153,0.8754158352758299,1.1737617901755049,0.8802527692687585,1.4554059911659294,0.7130383555246652,1.5896385880776835,-2.3372604010344036,-2.7071412741482637,-3.7781616956299557,-1.798656035018022,-4.564371278080555,-1.4176129056505282
154,1.6229438785567882,1.506553846629094,1.216693226497894,1.786472963547398,1.0508291461296246,1.9212481558026462,-1.225119139221597,-1.1872131412175886,-1.7816928976403665,-0.5966101039410393,-2.1345592018752546,-0.3068587857074309
155,0.9525730656900837,0.8503215156128603,0.5177533409116488,1.1691000358376675,0.31667255084562285,1.3107293861176272,-0.09778281910989466,-0.5463713523021045,-1.1094320311795456,0.014976748791908554,-1.4157432010445032,0.3030469796430455
156,1.2182494897884895,0.5104531341458415,0.040796654505632336,0.9324727020660805,-0.34085580703306834,1.1018586549226879,0.6581514464421565,0.4244061727124674,-0.1760186434293273,1.002435664833239,-0.5134580846639075,1.2489644854083655
157,0.24861673034181753,0.17288326098134765,-0.20905314436841962,0.5277569229697615,-0.4669182589710202,0.6854447945164628,-0.3741607978944028,-0.46995706455540426,-1.0618591914140272,0.10896934675589488,-1.397072630010384,0.39004820155510705
158,-0.4028286916145472,0.06899926039894443,-0.2888755252898005,0.4026478182971854,-0.513228621353091,0.555478484085203,-1.2867004389985452,-1.4840733181509693,-2.0408349859031083,-0.9349415591767511,-2.3289964112242156,-0.6536333029320313
159,-0.32286409730516163,-0.5902671682973387,-1.1708352568974278,-0.07384931223623012,-1.6074978683406258,0.13560248071813083,0.06901241013158452,0.003505464278849184,-0.5126062343557306,0.48755174326136624,-0.823854953346581,0.6811723383851817
160,0.304964966929524,0.39771853799406376,0.052598462270329126,0.7289588395637567,-0.16671968232340723,0.8743235937211343,-0.46239092995642955,-0.6967636009439745,-1.3356169210740347,-0.06138799743554132,-1.693895170382924,0.2516482023013362
161,1.1785615170356527,1.190051792329905,0.8747002785378601,1.49268135684424,0.6978271554649464,1.6392321849638651,-0.18647281815876096,-0.25971190927408827,-0.805809897260033,0.2876615356648469,-1.1036332380530205,0.5619507582042037
162,1.4684310839445704,1.5810346568167326,1.2363767483376193,1.9143001721467807,1.0280215310216771,2.076558352804394,0.6852050854527569,0.4321326273097508,-0.0991327041498773,0.9582951072333179,-0.3811920230075467,1.2169413408765446
163,-0.7086282767644028,-0.44188738420630463,-0.8720012496069259,-0.0403430996953793,-1.2018431716313327,0.12718498150365568,-3.6357738155677444,-3.714513325976745,-4.747783413528812,-2.8017654600103223,-5.516758751354804,-2.425931872583671
164,-0.8523004505008812,0.06518190028663354,-0.28047467963104833,0.3860539552053856,-0.5107775476416029,0.5352833521073509,-2.985532694898189,-2.5621482490996406,-3.3996004194147016,-1.8041145773585832,-4.037514256301727,-1.4457530596752446
165,1.2548406853925964,1.0724165697899204,0.6065617249949986,1.4854514861382238,0.15012254179550677,1.6595057955168846,0.29641304585628697,0.5922030326626339,-0.10696180114233854,1.2893453799542545,-0.48981728259696516,1.6032889390062923
166,-0.9940911008127625,-1.2968025440849593,-1.9054285379447509,-0.7428557465701882,-2.3224683291822785,-0.5216184816174246,-2.226445431183696,-2.560210999319014,-3.2949994912217186,-1.8869988915914968,-3.837240682698948,-1.5486262167345601
167,-0.7997660040661111,-0.6573951842943074,-1.1440245646493967,-0.22022113048319986,-1.469191339269094,-0.038596510007115906,-1.1977733680031792,-1.6097104708145382,-2.283338040667292,-0.9638822304901983,-2.725156850731098,-0.6575271572664724
168,-0.007835592277668222,0.5418068894054943,0.23098688154394637,0.8397509070953647,0.0344341475810788,0.9910312281542724,-2.5315067305388337,-2.512659935159434,-3.2599049341231447,-1.82772058750948,-3.904471600738609,-1.5020682041369668
169,1.0667651684590425,1.5020610526583742,1.2046330064644133,1.7913818391658087,1.0349320653565555,1.9321763048357588,-0.1710600358771397,-0.5594417545136121,-1.3073053470065628,0.16731836041648532,-1.8305416595068063,0.536507331337351
170,-0.7734275787498657,-0.858944582685442,-1.396385888620855,-0.38553523294694864,-1.8028513112547735,-0.2011032829938821,-4.69129649114174,-3.5531005009625636,-4.65539857514715,-2.5529519866918693,-5.399137554906559,-2.133394413766272
171,0.41556421784153,0.49723101778225276,0.18664303051814993,0.7963829005713182,-0.0014132289783206362,0.9353361597185517,-1.5661844577642734,-1.7550882084980874,-2.44401156407898,-1.0919511384968128,-2.963250359978044,-0.7719191383830977
172,-0.6785587184060723,-0.3003289313137117,-1.0314970340476592,0.3505196298740203,-1.564778354141073,0.5904584639443761,1.1335006550007385,0.9088676934519977,0.5048086119265869,1.2808288730009658,0.22853434444257706,1.4383116805740175
173,0.23444712072742696,0.11077810531151677,-0.2193281800267567,0.4201134772039102,-0.42614485004629166,0.566483031072568,-2.4966909958164454,-3.0749162919912023,-3.9118327117125093,-2.361771085217566,-4.589424557003437,-2.070096957429891
174,0.41953876635014764,0.6061094133079603,0.31350141444322216,0.8920416327454317,0.12629561308317244,1.0326388603535426,-4.0467118460901705,-3.9715160701760586,-5.01463960052443,-3.0509358659192425,-5.758106961224064,-2.695504776885783
175,0.8722053842799883,0.9131762513525418,0.6106555765742495,1.2036966862776055,0.4315315518092992,1.3422513111617163,-1.2824701210497684,-1.649511668136721,-2.3694511856204503,-0.9718414142402773,-2.869816772922138,-0.6290868271299606
176,0.4075038840327977,0.7350302457125432,0.43982355095374004,1.0225411132177884,0.2599465383374843,1.1649464772514446,-2.5273065637398044,-2.8995112795193965,-3.7747047845095163,-2.1475121496592604,-4.51501141024507,-1.8366506021099622
177,0.7500928748578568,0.1723449440435781,-0.2021923684324924,0.521637522110815,-0.4512494941168759,0.6747101969774408,-0.189923678595165,-0.5838101130005409,-1.1504456126947895,-0.027038285751387642,-1.4602674737192374,0.24248203774585314
178,0.3863493866815316,0.40204584546934397,0.08577254558868787,0.7024977803058491,-0.10924604303039441,0.8447194204567762,-1.3124916249264797,-2.0190383537444623,-2.6229000642687472,-1.4403554578035263,-3.042464840235094,-1.1492677032264405
179,-0.43534353004757165,0.024507855675293483,-0.331128578019707,0.3618013238224388,-0.5725082516515374,0.5231292956892842,-2.6693685618212077,-2.0818530137046625,-2.693785029085536,-1.4765102978073872,-3.1037415448274044,-1.1880762049331923
180,0.28784168104017605,0.4772950615705286,0.15988132546675446,0.7814543362387637,-0.02979147910377605,0.9252843099689008,-1.8579387915359646,-1.5138760178556925,-2.189420218572099,-0.8605172823142918,-2.6407529346745076,-0.5375487748297935
181,-0.23013888276181943,-0.23522023039252854,-0.741126362628177,0.2187193303613373,-1.1443163493890665,0.4045553228952593,0.05176660808201957,-0.05335709871816324,-0.5735005993174345,0.4343961149447362,-0.8521039106928696,0.6501761190953997
182,1.1068378102243732,1.3325211080114405,1.047382992765968,1.6065260484581214,0.881091473989565,1.7391063242490121,-2.1046137323119667,-3.1650116581515664,-4.201717529427217,-2.2780496595159323,-5.03348634944736,-1.9435766647986399
183,-0.8744825309791746,-0.6106543956437642,-1.0864152479001687,-0.186609151733728,-1.4339228191353783,-0.02111930631835158,-2.3354458673259235,-2.7037434281504664,-3.5063387972051436,-1.9585994847354027,-4.128052318181862,-1.651422364568228
184,0.7927001239569091,1.1008563832974887,0.8098560827347788,1.3836721949575854,0.6256638643067535,1.5226208929268028,-1.5034634353432612,-1.9715698685140897,-2.8284922381384305,-1.1921795072731265,-3.5750277776731996,-0.8390249958262629
185,1.0588899718218434,1.4969882935714478,1.2216566781673444,1.7633432673887117,1.0583470408309033,1.8970556536690844,-1.8832129679903509,-2.3715438116655276,-3.269616210708278,-1.574428907903341,-4.126998655459034,-1.2563348917074373
186,1.0978249307063408,0.9892147403678431,0.6910208171849581,1.2749021167511878,0.5169699343878652,1.4147461693456684,-0.6295195567395889,-1.7047284573200379,-2.283370353070263,-1.1436836963467383,-2.649751787397306,-0.8521366591229234
187,2.0465987025685246,2.131993489777213,1.7951861842832852,2.4815783769462296,1.620002595105287,2.6795280178083054,-1.4168431935363817,-1.5085730496327014,-2.3353677786638696,-0.722163733952175,-2.9697483193452086,-0.3469506797178545
188,-1.4890919882485891,-1.4646601956594638,-2.085644659111156,-0.8922846472133504,-2.526704947125143,-0.666456931298436,-1.3121632841315622,-1.6258305032145377,-2.2456547731435093,-1.0126130683816192,-2.593885067850477,-0.7093956426885084
189,0.4944636946936108,0.24496231093506435,-0.3635653125137552,0.7878191810803697,-0.8496845779917828,1.0005005449429831,0.7031935704883965,0.8866402655643177,0.4551893576872137,1.2908882908633177,0.20174849582609816,1.4822226804193859
190,1.0898860408739104,1.041504225477216,0.7445443762442461,1.32192012505235,0.572232833181779,1.4640610473088427,-1.7495047714105547,-2.065201953132692,-2.7866110110946725,-1.3924995872238672,-3.4267587348846553,-1.069632372294402
191,-1.5924906870888034,-0.85280688843463,-1.343502058372848,-0.4180253837111094,-1.6881401341022746,-0.23114076863760588,-3.3703512440073595,-4.326073195106414,-5.330491719854841,-3.4168952130187447,-6.028210590519427,-3.0341230844537606
192,-1.2561702230189455,-0.9493103032153538,-1.513416772391537,-0.452552860055549,-1.9123311095552318,-0.2503332696757008,-3.487115243318279,-2.831726568512922,-3.737802940494549,-2.0231686957607073,-4.428846866889931,-1.6697202182815156
193,0.668969599546494,0.5665505636776748,0.23745209781876303,0.8790282452546655,0.04638872404803213,1.0222274509839855,-1.1041578287661744,-0.8363338880357686,-1.4325789270304052,-0.244937169640697,-1.7640301574221484,0.048586669126641106
194,-0.8295836242588066,-1.064672908126776,-1.679145247227114,-0.5106941032448183,-2.1185264994428117,-0.28803217539216286,-0.8222458278592328,-0.7510112579604765,-1.3310429605273946,-0.18773524015464027,-1.652069911260668,0.07910711051828904
195,-0.9657881652305209,-0.6104235516113321,-1.0718726700889518,-0.18850975998789826,-1.4204107425962267,-0.0174838729580225,-4.651876854001396,-3.5862782688789214,-4.556546708691173,-2.7227359914099525,-5.325906168377696,-2.39549681118231
196,0.19387175430506148,0.8741859731987489,0.5727542177451292,1.1644638480823704,0.39598908050785325,1.2993993565499933,-2.3035300412206383,-2.238656857889877,-3.191623958299545,-1.379931629906648,-4.029212071033194,-1.0142246284713718
197,0.5086932546506663,0.5517267854302964,0.2298613722928836,0.8650729974969904,0.04144637269032732,1.0053675040584655,-0.6545442167209002,-1.0417275672124702,-1.589096416538308,-0.4938649581714175,-1.891914862386351,-0.22111258533304648
198,0.6027654225418752,0.63029352065916,0.3035963667658391,0.9441517800894929,0.10223354810114786,1.0901797215835818,-0.6003928595137892,-0.6319303852187478,-1.1779045108361976,-0.09103707370359612,-1.4617596109568365,0.18450407573928038
199,-0.1907225613815938,-0.46543226890133366,-0.9275240118026741,-0.04187653340259998,-1.2652132757480221,0.12799790668437894,-0.6663570981075745,-1.0631591404795007,-1.6469651007738466,-0.4823085930258673,-1.9946861282126707,-0.19126927650922046
200,0.13813818780517403,0.10173760314779419,-0.24834144044241743,0.42580263803288737,-0.475241083904165,0.5751381933914343,-1.8459213957893126,-2.036717250894274,-2.693117153578754,-1.3859969904139668,-3.126129254936008,-1.0492211637550435
201,0.17378460370516244,0.3026203953570681,-0.09784394418860876,0.680189516426459,-0.39053094310545877,0.8550283504597819,-0.3590367157054514,-0.044533502119011976,-0.5593556565146103,0.46189972837362947,-0.8497532416435184,0.6890147652526907
202,0.12725339001250335,0.3805881726991014,0.028447789959524187,0.7175173583232363,-0.18821134796430286,0.8668513479880045,-0.7914827092762514,-0.5751118718007128,-1.1351262526545174,-0.01709504407765324,-1.4408601433048858,0.24556570165888533
203,0.6317520149781223,0.7211835446738264,0.4194776949693848,1.0093253538691012,0.24574559241792973,1.1525054072723533,-1.926399888481476,-2.8180973206916566,-3.9343360658684308,-1.831746961143945,-4.74784528961193,-1.429624839215093
204,-1.808714219062798,-1.1351515024410517,-1.6787362510239108,-0.6378777260123709,-2.068038997356014,-0.43727755290041065,-3.8802276845321124,-3.9621463886318193,-4.9707194728241815,-3.0655960543808067,-5.717783837478556,-2.7046957308449073
205,-2.330442485244514,-1.5825513952459387,-2.207961765423978,-1.0125899459265726,-2.601918722640549,-0.7773154997164824,-2.9309035750362016,-2.421053405471463,-3.0522051034059055,-1.811859580988219,-3.4577032712757654,-1.519509059809778
206,0.30993705840040536,0.12196053908173841,-0.21936839634857666,0.4398429258882635,-0.4313703949003001,0.5889166110534989,-2.6539023461408258,-3.2614060065584143,-4.333136906025067,-2.2923597354053458,-5.09728372910887,-1.8940450021270596
207,0.0895011425818649,-0.002161842983912529,-0.37252522606760896,0.3428637028944195,-0.615660023488521,0.5011091693352466,-1.9866481934990907,-1.949669809172372,-2.6943290133465805,-1.2320140697401927,-3.216880763822566,-0.8881323167076636
208,1.5635260132657471,1.734739609701838,1.44331301485086,2.0265405069734594,1.2715290886295256,2.175150063338332,-0.4447888874186715,-0.8538908949106996,-1.3774686104334708,-0.32639576447718954,-1.674253745477881,-0.03442077048484223
209,1.0391764233927288,0.9628871152655595,0.6644372804564472,1.2481665279082368,0.48970945704352264,1.3886116175544037,-1.9970646157607244,-2.2168397193474623,-2.9312536580394966,-1.5510440234881127,-3.4835354771329223,-1.2693927613939608
210,-0.4935847887963997,-0.8039558672466084,-1.3418250021418106,-0.32138029768063986,-1.7137902325241026,-0.13163766860738496,-1.2164435779920169,-2.1363840604079556,-2.943119069704302,-1.3802882266929064,-3.5338402018432125,-1.0338434334121527
211,-1.2877512179798019,-1.4205024460810236,-2.0422965607855903,-0.8512744098903925,-2.4508332037677305,-0.6279861219962699,-1.9664951353236981,-2.724530108681186,-3.4385993572168476,-2.054051842762271,-3.996515242999404,-1.751011839777007
212,-0.6014912076646258,-0.38457250424471207,-0.8166768567233544,0.00827923823388512,-1.1258301258941812,0.17548527827160074,-2.6481214933640733,-3.051944584408475,-4.285112297046803,-1.9600656478419685,-5.110618844973242,-1.5432787626160192
213,1.718105019853957,1.6227412408288133,1.3377248908458517,1.903321726654774,1.180145358057037,2.0415905932373306,-0.9273542526427714,-1.2411915721076727,-1.8086532534393513,-0.675172780119511,-2.1485986270719017,-0.3740779412630118
214,-0.2820429071116982,-0.2384793330020037,-0.6329615374602868,0.12286620269975766,-0.9230637325800667,0.28297058109734063,-3.50110515880398,-2.9899995660085787,-3.825843850623899,-2.241318916761497,-4.523130011726395,-1.9238685086013017
215,-0.06168645700307699,-0.1532540450072481,-0.5275882360034827,0.19307062958270096,-0.7880321812351816,0.33889261434059603,-3.0663875509713634,-3.320837184165714,-4.307959180617036,-2.4652876930630976,-5.081896978996491,-2.130352671590708
216,-1.3276265690444966,-0.5007816216773635,-0.9551176555743165,-0.08953867010952911,-1.3007468607638162,0.08145696314090581,-1.2578737004019445,-2.0795991216013743,-2.7130447581090316,-1.4713585449440372,-3.1368639998396532,-1.1892724442762492
217,0.06925057816761461,0.21551135927982562,-0.16446728579103223,0.5724312346364523,-0.43552858881267054,0.7314562794041756,-0.1607198255943864,-0.3252483451037157,-0.9411437848880841,0.28401853330395455,-1.268119137831249,0.5636875686709605
218,-0.9578140317274677,-0.7687862837768362,-1.2727466834122538,-0.3151929722831119,-1.6596056748618078,-0.125440012453943,-1.9917845043159292,-2.130033016937382,-2.750224791664332,-1.5314321734725045,-3.1469058581812073,-1.2327481290710025
219,0.08514024286132947,0.32146585817979006,4.2844650928412325e-05,0.6241998433579097,-0.20552736535473703,0.7752011490496762,-2.538920856405539,-2.1889629939440054,-2.957058294688531,-1.4609791219957697,-3.5355698793075274,-1.1319340321584217
220,0.23043736508071513,0.4026140301281512,0.08183901801730872,0.7091264194369814,-0.1109181642316307,0.8476205812936314,-1.8928115150718556,-2.3282478995892713,-3.212492185905375,-1.50977348651775,-3.9583685164393554,-1.1689237340923482
221,1.2172086655166232,1.35784227862346,1.0687336629973228,1.6375248123263382,0.8991370452311601,1.777988131513832,-1.413405281242185,-1.3383037045136843,-2.016247543434482,-0.6679761406007869,-2.4478413643587693,-0.3489544415984526
222,-1.167023204150072,-1.413685760404935,-2.038002005649143,-0.8523374504457395,-2.442777129639397,-0.6391396236687067,-1.631716154061308,-1.7978510377604697,-2.4174101716846317,-1.1879906547504104,-2.8001452174704053,-0.8708076750899013
223,0.33520417232297456,0.7048861962724177,0.231495901203773,1.1301112209305673,-0.14825944943601102,1.306485573121171,-0.045939599708671605,0.3904599682169057,-0.1630781470149556,0.9279703049759811,-0.4850894717875535,1.1615929854191447
224,0.8822091063199924,0.9909787159853151,0.6627319046710965,1.303647070684951,0.4482864391430993,1.4471228111182817,-0.16722524670178918,-0.5145725408837059,-1.245872530040081,0.2195146515511452,-1.705172685250571,0.6030949851176197
225,0.2724598359696463,0.12347780382555858,-0.21722315444882376,0.4466960845614779,-0.4401907457285817,0.587525725560683,-1.8204706664580248,-2.2475291526053764,-2.942708063087585,-1.5833758492065082,-3.4773558148875017,-1.2452064025627547
226,2.517836865588808,2.189767662331781,1.8332636826860707,2.5594042472441307,1.6520043701420324,2.7664769561454636,0.5117259022327627,-0.5195472504790761,-1.1587123417722875,0.11258844406312853,-1.504097976136331,0.4491430305778148
227,0.22807837607846754,0.4959055027466197,0.17576314801331752,0.8036330686311413,-0.027794919317699167,0.9505538693412438,-1.5042491548035508,-1.0718482010946824,-1.7143755274181227,-0.42158670260873415,-2.0726395405143014,-0.07928286707818277
228,-0.038021469366842836,-0.03171234331884569,-0.5061009191433993,0.39317829329534565,-0.8718180236943703,0.5798662059038701,0.09878973723879207,0.03797624619386489,-0.5158014735416928,0.5549879820405296,-0.8483948874129972,0.7783696436601567
229,0.21518768431509866,0.3155128417852107,-0.01409953817949163,0.6286007586874939,-0.22281013874734437,0.7756915853315737,-1.104392681596367,-1.271408224342636,-1.8319509105369127,-0.7145761372513872,-2.145244703194192,-0.4298772934300868
230,-0.3865932411893647,-0.4963168640595064,-0.9702686599787494,-0.06699651621919608,-1.3233050126475638,0.10557300344011199,-0.9215607592683701,-1.035682419222479,-1.6856660533745254,-0.40486085381992276,-2.078711869542169,-0.09633667428654365
231,-2.1894822386462156,-0.8367599595290381,-1.3712639511448748,-0.3559848712466514,-1.7852102418370654,-0.16021716356308194,-3.141447014029135,-2.384057839857329,-3.138011832734635,-1.6682906191455604,-3.681107196314155,-1.330748078880795
232,-0.7829219271991478,-0.16295348437918938,-0.5415245423192765,0.18631528672950362,-0.812632541040957,0.3381982529383422,-2.9280318757947175,-3.1481599953221147,-4.263197773102697,-2.1775544170614234,-5.022826124718168,-1.7789216801708005
233,1.362532663948934,1.7252220103656235,1.4477415003318155,1.9967848600094213,1.2915503698186575,2.1378966714838135,-2.4466453185678656,-3.0487756038698097,-4.15593418247355,-2.096007876470641,-5.02601786959937,-1.7407389739388992
234,-0.10953643955395445,0.5960534434265086,0.25053894592668235,0.9233843076227332,0.03124698071779486,1.075230533033055,0.16853750084736863,-0.4712062328104001,-1.0993266277298228,0.1273518903570688,-1.4556961312968109,0.429924353870414
235,-0.05779712087513242,-0.022623292779263678,-0.38135922661467125,0.31308117336296826,-0.6363773765226972,0.4687292948930132,-0.9864776069990568,-2.066279551784656,-2.7282366281416834,-1.4201706726101608,-3.1657720996868237,-1.0896477530749427
236,0.08059499810236366,-0.09951185679942907,-0.46824874063365335,0.2411419286217062,-0.7413474816267522,0.3994088851708155,-1.9827372512048402,-2.5640811930561953,-3.4468994771688197,-1.7826732184386411,-4.187883567196814,-1.4357507678322112
237,0.11932755644691304,0.5159705608889942,0.18932543905472665,0.8299519101164318,-0.03344602811604234,0.9804007789397556,-0.6417682875354473,-0.736747793585422,-1.403502972997662,-0.06499962434226363,-1.7556779984056141,0.2894609900379039
238,-0.26133063191442846,-0.1878900039079341,-0.8500220375969955,0.3862613903400425,-1.3361324888074886,0.6000636966162866,0.15872240339840474,0.6251975852024765,0.11281871868578354,1.0807308109020912,-0.2130359829311234,1.2628795878206465
239,1.9878695190031004,1.976255260191775,1.6727163822513034,2.2758130656234026,1.5054184547479943,2.4445274107531123,-2.2174281686468675,-2.8045510447211623,-4.004579845574799,-1.7656387662017183,-4.859340661703418,-1.3442064091712225
240,1.2347058050969508,1.2872507799707766,0.9950213453751109,1.5740646348302962,0.8097565473125077,1.7130788538774802,-1.627709534763122,-1.9186473381408735,-2.7729947445193672,-1.1295950130695966,-3.5618928316689367,-0.796291813811123
241,0.5472170769963715,0.27421633995683553,-0.05999230864521424,0.5851959188141643,-0.2698765857667065,0.7327301964190366,-1.5832534204293547,-2.1330132833694795,-3.0511358698882542,-1.2466408997376595,-3.7014496290401295,-0.8292423557656317
242,-0.07379594784164277,-0.7334722372774646,-1.2581719984798145,-0.26262110031877195,-1.651811185342173,-0.0728118539236516,-1.5872696970148146,-1.6031899187415193,-2.2598319736564614,-0.9523816922191102,-2.6644753967597152,-0.591698615354235
243,0.028181560091812646,0.02374061589987443,-0.3298563938273741,0.356050017635319,-0.5581056757730205,0.5068229995121809,-2.7065960220615572,-2.6153575643435865,-3.5869144719783037,-1.774751711905035,-4.3434042841797,-1.413392259175913
244,0.16710455029856558,0.48668577064082313,0.17700808801661372,0.781027648609989,-0.004776569487694495,0.9211231241132695,-2.8634603210330454,-2.958675977286512,-3.8274684038976776,-2.203529471342058,-4.504050317770015,-1.9016832573708038
245,0.8560959989197484,1.0430035789801306,0.7225374649975469,1.348036073951646,0.5131471985799654,1.49226803474775,-0.2019799272488701,-0.23928960879356903,-0.8411339871157827,0.3679575898749763,-1.1533447012234395,0.6730545120386553
246,0.27692013147783395,0.6372155623503771,0.32126968108035414,0.9376214346781074,0.1367396941323937,1.0807200309139038,-2.054582464980714,-1.8557390169447516,-2.5618368921917916,-1.19515957599429,-3.0853907447950406,-0.8713288394929138
247,0.6199316264701911,0.36167599725655303,0.04274482984566142,0.6629105945650668,-0.15540894217230586,0.8086798558076446,-2.208789059941886,-2.2093366765381712,-2.9279072028953768,-1.5294040419908612,-3.5036597170548713,-1.2459211811193613
248,-1.0275116666198953,-0.5525480202615729,-1.0165836723128392,-0.13371953186250135,-1.3422745014492663,0.03314774975660942,-3.91251128876688,-3.049886261532091,-4.00628363956662,-2.1820611267251264,-4.796413945938748,-1.7828718666612267
249,-1.9534439072376684,-1.1631993846263968,-1.7583766338955877,-0.6240376254249139,-2.1672113019296173,-0.41437909835303866,-3.8259762497467316,-2.948261825043529,-3.776549617319006,-2.1944769629291776,-4.417711959413898,-1.8376910412458565
250,1.3748564050758443,1.4680016526241964,1.1706863317195826,1.7564963695773512,0.9952777323708794,1.9049470158758,0.033288348894283545,-0.5478804369507081,-1.0891280782938149,-0.0018355764127811135,-1.3753148084003495,0.2750591519138722
251,-1.3625498225315438,-0.7818104403258244,-1.3059055241749282,-0.3172360287117982,-1.6925496203176806,-0.1258062202741348,-2.127719797677476,-2.267316859170211,-2.978079435183941,-1.5827105858505377,-3.4908765326366087,-1.2563579149753936
252,-1.7116494138831875,-0.607467262080723,-1.0971868051611746,-0.16967683368988384,-1.467638790458866,0.011412047669374915,-5.370783461413895,-2.033169514641392,-2.9958700574273927,-1.1537309557230904,-3.7545037819221716,-0.7580218212181415
253,1.5325573737606937,1.2180230408914512,0.7455579071795441,1.648749548338629,0.3106597674293185,1.8218616242931938,1.561838550937911,1.0435595563105005,0.41455878176513733,1.6516137288592425,0.07698881869415711,1.922856425195618
254,0.1568684914613927,0.1592393853708716,-0.17544709213756882,0.47961387847461845,-0.39357706007053767,0.6226574660961417,-2.422146034188443,-2.5385382888182604,-3.3805718060251033,-1.7755720986389376,-4.098681061959002,-1.4333321768519836
255,-0.8725453474957277,-0.4968496326321143,-0.9222563969961931,-0.10162473565263218,-1.237050835137429,0.06986546670644982,-3.5615336504765542,-3.847809246949389,-4.823662139410584,-3.002564498039392,-5.565281176577167,-2.6630170231591537
256,0.06139292809145905,0.5719910262656857,0.26499530534111526,0.8670496673826648,0.07480175740719734,1.010476950369762,-1.4005291804594173,-2.4408560905987047,-3.42850110207486,-1.5430135750885576,-4.2167171197271,-1.1555587542812171
257,0.701893869422065,0.9962713185058165,0.6662217888700828,1.313429691824386,0.4574177044221552,1.458692811465128,-0.5892568827560788,-0.20679787481603587,-0.7836176970761748,0.3613613648866986,-1.1014766533804212,0.6269753993072636
258,-0.11390019482427402,0.08237810916901861,-0.2738480071788298,0.415047496568004,-0.517318590589561,0.5631043816619352,-0.4860822122329092,-1.73522982587643,-2.5304596075761645,-0.9552450039130783,-3.0562821247124323,-0.5843443315000744
259,1.6948919477350441,1.7520582872352175,1.444977477003134,2.0550087656854648,1.2707352096452047,2.221475434229835,-0.777922718435421,-0.36740247758281375,-0.9535271268318134,0.2124109172619617,-1.2590294824087855,0.5136409929695153
260,-1.02880197772966,-0.5998681539345141,-1.082548503383986,-0.16745138695578143,-1.4355071152508936,0.012046123674391963,-2.620856072992319,-2.5042967746462312,-3.2436243219645124,-1.8112091659911835,-3.8221401470280565,-1.4889783447461367
261,0.5640617277002857,1.1305314591830056,0.7598984227566096,1.4753610330931726,0.500183867475795,1.6430048907465535,0.2762338771333266,0.3974276783597277,-0.19950774832680812,0.9897071964781925,-0.4985849337512433,1.2774608097434144
262,0.41157609871128503,0.7451686977360878,0.2896469152384694,1.1636372954014254,-0.1592949629899431,1.3298529467375912,0.43184279143277565,-0.011712128675947734,-0.8383501123072247,0.7559487205928813,-1.3185370757563533,1.0598272653786425
263,0.8569951603382926,0.5625161802189185,0.133890219057026,0.9598498974872698,-0.2101261569887424,1.130370811864885,0.3520484892588169,0.30130453401189317,-0.2084332833281122,0.7913791965569228,-0.5074250267805868,1.0046068770550431
264,1.3477306631432575,1.2920767774388295,1.0105714328291013,1.5662423515173929,0.8467107156238658,1.6960151287433225,-1.61474841524472,-1.8613886154346266,-2.585360152659056,-1.186997716175247,-3.1635022411042857,-0.8684475435701227
265,-0.782643345427857,-0.7802484384899611,-1.2960113514341853,-0.3143500981213467,-1.693366325329163,-0.13087236851658612,-1.7953087997681312,-2.007304961848668,-2.6402548096601595,-1.381902539133255,-3.0807965758854445,-1.06496503975582
266,0.1995832226321739,0.3926737916395934,0.0916217626747475,0.6850510589299058,-0.09718828898551651,0.8154198804459892,-2.2707386206056253,-3.3691591209735634,-4.522244422370211,-2.356078275969001,-5.311294545987436,-1.9291211595006081
267,-0.18856226472338092,0.2345269371036682,-0.08650313110745798,0.5369841408092503,-0.29332297999883744,0.6855109506788604,-3.8091895813224825,-3.8520572752720743,-4.89184951863237,-2.9292978320800844,-5.669633388193674,-2.5672615645065373
268,0.6678215802697842,1.0377662045984983,0.7470617425970325,1.3158325107295321,0.5741380314449611,1.4551354377020982,-2.570589934387381,-2.37392729131199,-3.4029794595201253,-1.481948656084936,-4.214975521497314,-1.1123540595176855
269,-1.6225857507811423,-0.8511887329882363,-1.3640934954251878,-0.38712909412921176,-1.7361590692061053,-0.20528523077764563,-4.547143969635883,-3.7636837042916853,-4.857191556376316,-2.7826796511599174,-5.588409623425615,-2.364520955506596
270,-1.3196910326563247,-0.6942834679013327,-1.1933093162561388,-0.24593676939087966,-1.5284791013662553,-0.06218144501048216,-3.592501831790228,-3.33095169550588,-4.304300650019433,-2.4694022099083215,-5.063164029027477,-2.0929650777196165
271,0.06254129283896866,0.1477674737398502,-0.20012200365533994,0.4738232423983682,-0.425640190798659,0.6246930406409019,-1.1787678135367985,-1.4617657733557772,-2.1180304748320724,-0.8129988365152873,-2.520598392918082,-0.4918928283510147
272,-0.1577760370201727,-0.18282136971969756,-0.5711252424248464,0.17679173594213113,-0.8544049504761233,0.3353507446967286,-1.8524815559212089,-1.8730801445146517,-2.5066349049369565,-1.2691668737656028,-2.922067995994811,-0.9665618204639869
273,-0.5670268175252309,-0.2191122690879228,-0.617698021131181,0.14546007323503193,-0.8980357721418724,0.3032827028759665,-1.0238204517773062,-1.428699913601884,-2.0093402330184102,-0.8419232701985863,-2.3220178063714183,-0.5343268795915936
274,0.89597136091119,0.6702789762274284,0.3464752602368565,0.9830786692900798,0.14932224327684754,1.1326005917090598,-0.783354192787617,-0.9690277277153719,-1.5733469704082794,-0.3821310345026871,-1.9550945332684995,-0.10838934626957274
275,0.6671033874014528,0.6413583872930355,0.33216346602317065,0.9405026175725874,0.15012666440586803,1.0814088506755561,-1.1853564384268382,-1.782140835697293,-2.3867324657444136,-1.180231234015839,-2.763072762576787,-0.8781441478284479
276,1.7109335751220551,1.5496190300025672,1.2645210459053409,1.8234694294008331,1.1035132744087868,1.971731239238467,-1.6851812693862316,-2.239392600460145,-2.99221116133718,-1.5343226043711924,-3.6638003443891147,-1.2456950143675358
277,-0.18834821147847444,-0.02570370211311742,-0.39972009760786975,0.31958709259968143,-0.6671123131071129,0.48057671073044234,-1.592440529341723,-1.6954544312215691,-2.444262899492724,-0.9624845964334752,-2.94244198068297,-0.5917129251691293
278,-1.033315752483923,-0.7391891292176898,-1.2541863745036137,-0.2799466553971812,-1.639261261927617,-0.08754986479343925,-2.2945081670090754,-2.465780615540389,-3.1039858693517823,-1.861723493106809,-3.5741600818151267,-1.5703415205349205
279,-1.158290106310112,-0.3891054398875109,-0.8155646344814311,-0.0030850062334483366,-1.1241849026401327,0.155686957470735,-2.98659946472091,-2.9785717380074757,-4.022827654885488,-2.0350239269592048,-4.8361767048479845,-1.6426241196425628
280,0.2901887740641325,0.38468699497638836,0.07064783056058074,0.6837681995187527,-0.1320537698640939,0.8198549794016528,-1.736065627667395,-2.8125113409021174,-3.828215264466526,-1.9013600295518014,-4.608009959235834,-1.4927065325360471
281,-0.4600551069628513,-0.5208680524034973,-0.9864831753834338,-0.0982907542203485,-1.3454004234904695,0.07735641927146392,-1.2896755398175075,-1.5450879011650205,-2.198564866585454,-0.9198343279681634,-2.60834129600481,-0.6151882408335034
282,1.0430010870309419,1.132820589111725,0.8291472493639274,1.4241499574404137,0.6409080606051684,1.5668587061280053,-0.5451944314377231,-0.6304981520611171,-1.2400205483737532,-0.0390569362480324,-1.585976634991057,0.25807303615670146
283,-0.47625887825351254,-0.11883615376853861,-0.5105626367987928,0.24135763242289185,-0.7869506598247721,0.39716034780505216,-1.5999973252764568,-2.2850458051189046,-3.009398898933933,-1.586827528986902,-3.4780402756419284,-1.2509741886161132
284,0.47318575402922064,0.34127564623006584,-0.006058171214593876,0.6758440982504914,-0.23206054267866333,0.8232508655732438,-0.8722280898080134,-0.7515637639644185,-1.283125223340579,-0.21304305016189307,-1.5604309506719298,0.050595402491929245
285,-0.6512570132350283,-0.7320099228474818,-1.2468738672812139,-0.2701728574518466,-1.6310180096197964,-0.09231061353196739,-3.4701718607341054,-2.7889802569675424,-3.7761504955253296,-1.8976507083400385,-4.559251459439527,-1.4883889499379628
286,-0.45961568727527485,-0.2592542304434473,-0.6778069302541274,0.1200137668318041,-0.9657149328180997,0.28234829290830177,-0.9736566956589127,-0.9509396951775559,-1.5361002870595493,-0.3707372995934321,-1.8816711271265503,-0.06459523667486683
287,-0.9010005403629402,-0.9147382271039126,-1.46737244642669,-0.42135823589492677,-1.8555463998398258,-0.220373996544275,-0.9267163636161757,-1.1891743597631874,-1.7996793470518637,-0.5868698616228164,-2.138064739438293,-0.29950361744098414
288,1.620839801943474,1.7280635503888797,1.4247999594603766,2.0331114653041693,1.2612298085863363,2.1905042088708115,-0.09468093826688559,-0.49359794027936754,-1.0728622421508969,0.0890266905594359,-1.368402465616436,0.38931111525847784
289,0.22629834604367008,0.49625012297210896,0.18319385792097329,0.7997030507500922,-0.0067118251223560145,0.9404424874440968,-1.986215710854217,-2.013706057258671,-2.678987845097505,-1.3691548255096073,-3.1523746575512264,-1.0692190586318875
290,-1.9013902267393157,-1.2411104937929844,-1.8271814125945678,-0.7154511669900829,-2.2389904191164005,-0.5024330087841412,-4.472608526117863,-3.632821773557582,-4.700327094266745,-2.691233899188384,-5.46912264859061,-2.2917414506269136
291,-0.8469252653581631,-0.4711296581285064,-0.912049641095328,-0.06416229010948249,-1.2487689710267822,0.10176572563222896,-1.6707766793876877,-1.1351538821533842,-1.7042605131736244,-0.5683554606945995,-2.014715494619632,-0.2766917220971605
292,1.879267361799921,1.673727616454267,1.3826509435040208,1.9532535242523814,1.2299933911370173,2.102486727835387,-1.117723963000594,-1.688347283401728,-2.524036934942261,-0.9293022221660189,-3.282641699500061,-0.6273016493512057
293,-1.088775274097795,-1.2406132581944533,-1.8316083278281319,-0.7145492850948386,-2.2332477199560232,-0.4997757721509422,-2.9093060817729284,-3.2980345269080247,-4.245968538691394,-2.46483812313734,-4.9943415994527465,-2.1137837518552742
294,1.3711057725614373,1.1621946530450824,0.8614554583014037,1.447429612941664,0.6829214646000118,1.5910803615375648,-1.657118696026401,-1.473920609790187,-2.3003344905953624,-0.7110806975456763,-2.924642004853689,-0.37625044894003296
295,-0.3126379818594183,-0.42614349047634337,-0.8562783884804763,-0.02921866807747173,-1.1777099838619385,0.13619488384536202,-3.2507652364012425,-3.005071729468381,-3.913520312085797,-2.2041392350138818,-4.589378144692852,-1.859421710251634
296,-0.280287313556478,-0.4509540913982723,-1.273600770590914,0.28231019578523053,-1.7957992119330333,0.577686353622627,1.3009568293471145,1.2837719202292068,0.9289166606688768,1.6185199716780916,0.6940073495142192,1.769270773427787
297,-0.8339595034796992,-0.4850198973125494,-0.8948587964353116,-0.11307549575296683,-1.182534335535493,0.05131700754549252,-3.1554870737990575,-4.25790224362261,-5.288583466759199,-3.3371614428598377,-5.98258919364803,-2.9634503382757225
298,0.43027125824132195,0.48847313654434565,0.17915839139209785,0.7872247917075453,-0.01506828930784245,0.9340186990784359,-2.4598176554670435,-2.854756516170605,-3.8764758535342256,-1.9547071162230794,-4.6796052249733355,-1.5891265553624125
299,-1.1117098104760426,-0.8980849419041832,-1.4421875551949448,-0.40999196174073393,-1.8286573383561524,-0.20966616169997307,-0.7749567780554082,-1.239415529724746,-1.8224958351231848,-0.6512225438364144,-2.1444379784883663,-0.35993105308656514
300,-0.10426692779526309,-0.2054888693293489,-0.6180019411115039,0.17174134206869612,-0.8979362462188292,0.3395317674643972,-0.7187209618065662,-0.8718609142558004,-1.4748536220335875,-0.2770410580070439,-1.8503789839576992,-2.8778413944786236e-05
301,0.21504206765952066,0.29485223858508575,-0.07413537125632691,0.6398533635217577,-0.3194440743909063,0.7918960639780582,0.3069769684382162,-0.5727780530515448,-1.1518335894362595,-1.9103152765630637e-05,-1.4865890566668223,0.28380123690796166
302,0.17655861581143933,0.2496993584154882,-0.07828699393138389,0.5619177592065331,-0.28189902259743177,0.6990012146173377,-2.544571600461809,-2.9144875245365065,-3.760225415147483,-2.1678483745118973,-4.43677062556322,-1.86793227792471
303,0.7647620202709405,0.9562636110808265,0.622827641099403,1.2764182308117131,0.4175086093960878,1.4286458379057039,-0.653155928006537,-0.4794892543424164,-1.0416959640850658,0.07026814250921844,-1.363009811916032,0.35165017967034506
304,-0.3177727013282488,-0.42157518910149544,-0.8444028368814205,-0.029192756523808372,-1.1504902183868146,0.12921642161778235,-3.943427117919712,-3.5162324106256677,-4.522259351070612,-2.613700612842002,-5.253913806269263,-2.257063850352463
305,-0.23452090937629308,-0.32431682855363236,-0.7449381719574028,0.06500466060080405,-1.0498307012807448,0.22637345963006641,-2.9962776012416557,-3.0108826631151677,-3.8935787349604465,-2.223415998523274,-4.576700440234035,-1.8823004067830413
306,-0.2622640083162055,0.5425209346874209,0.2430482142350565,0.834950032166466,0.05411599889778721,0.9736074093812968,-3.570354973590926,-3.720779744284244,-4.794314056938567,-2.773597192617234,-5.551559978074111,-2.3958007591399704
307,-1.2420092593867105,-1.4663298578294335,-2.086830848932374,-0.898111003796045,-2.5084523384963973,-0.6621652475187285,-2.3007055033868573,-3.1511627822800325,-4.0154682185717965,-2.3953118048217057,-4.7110199614982085,-2.075060658298784
308,0.5901680996469026,1.0230319400393728,0.7253240240259918,1.3096444253866268,0.539429367795477,1.4466265230987538,-0.6653968720248821,-1.6627892202838197,-2.406832765898645,-0.9663469208132475,-3.0026314116258757,-0.6678355902903195
309,0.8552460500406365,1.1758861301125116,0.8829316065339419,1.455733211418158,0.7101510642078032,1.5928725385161042,-2.7492287785381997,-2.5319430325043886,-3.543858170999532,-1.6474896684072948,-4.403461393559046,-1.2904061347402742
310,-0.10519475889476017,-0.5707205840890857,-1.0280121590695506,-0.1587666813009752,-1.365332817296858,0.012794444074345466,-2.1517305539696125,-3.6394233141380243,-4.657607404926719,-2.734969392147322,-5.444865995929902,-2.3682218244980358
311,-0.2508195770006133,-0.0998255337641871,-0.4850259948430934,0.25380901661273764,-0.7619510055078315,0.41857298737755533,-1.0367493165034123,-1.0876959019915793,-1.735817774890265,-0.4312463363001638,-2.0691192355019568,-0.10444977973107575
312,-0.09267102809383465,0.30539243973809027,-0.019239576824054687,0.618378833921539,-0.23243516559310745,0.7636574982239801,-0.7891736159844206,-1.505303663391724,-2.101845848959887,-0.9126179201093703,-2.45663936047984,-0.5943121248199584
313,0.8851645403378999,0.8860727492692271,0.5882096752334053,1.1715384117299066,0.41200918909151446,1.3137076397596956,-2.456399616110716,-2.4828814965573747,-3.2774335926169353,-1.7634798436475887,-3.9833101396265813,-1.4458604430186275
314,-2.1814112289323973,-1.0521105005478975,-1.6266500794154113,-0.5366708244243549,-2.055133548345709,-0.3330240942208076,-2.32124778384516,-2.73433633699069,-3.626571905855487,-1.911126468592976,-4.295553242660737,-1.5361522561882714
315,2.7050653627517525,2.2572588972425756,1.8899224822980172,2.6372170284559693,1.7060418723851345,2.845921909496188,-0.06393904292973616,-1.08936799032925,-1.916992876183151,-0.3318835117850587,-2.680886546872039,0.004059306610573852
316,-1.5340055858019108,-1.1649179577323994,-1.7476273024807758,-0.6347673689699083,-2.1621338106922834,-0.4312292035371554,-1.596376235889659,-1.8249549750210332,-2.41852603077015,-1.224986967442023,-2.7637541769351026,-0.923174467238146
317,-0.27782257342561084,-0.3597807450280922,-0.7808486111104905,0.027678053566504622,-1.0886593904464779,0.18208148235899851,-1.895892729898908,-2.716728802485837,-3.547783451100943,-1.9350241393725094,-4.21103760461854,-1.601380008658713
318,-0.8284942303355751,-0.8773981282474984,-1.4227353519146113,-0.39409570298418717,-1.8097107604257199,-0.20840370050249343,-1.5215559996835268,-2.2777869943769917,-3.1027377498988855,-1.4665279281516717,-3.707580204544408,-1.0839437424353593
319,0.7348401285594997,0.7773560882253638,0.45057311833880764,1.0881392386578683,0.2391003835613419,1.2384533600080527,-0.9175392373577522,-0.7727681618900053,-1.4836388267866065,-0.0648475258203973,-1.886108764514791,0.31946334407275934
320,-0.10977860804599707,0.34104077849507186,0.022942891368285794,0.6452762163023464,-0.17382546254558187,0.7849088099904199,-3.729912910798358,-3.4729244388949314,-4.532233457951973,-2.5190579967767377,-5.274249692485702,-2.13048471666887
321,1.1670489785881049,1.0333581669037402,0.5609163169570359,1.4540780093812726,0.14174443780662307,1.6228339978071284,1.1390320632251358,0.8619654771286456,0.261075820137113,1.4518733897283407,-0.052680280237679004,1.7315863884103033
322,-0.18454116761228997,-0.05241652397166954,-0.41739881183584127,0.29027457749170293,-0.6739667831776341,0.4415844384223218,-1.9689268945252218,-1.7802842292872985,-2.3960338613826533,-1.1898310850704672,-2.803110562846631,-0.8758928900277939
323,-0.903948743597309,-1.3255102163101424,-1.9966617773270152,-0.7064285955070182,-2.4363165036367818,-0.45672243233670873,-0.28789732963379006,0.14472038052626726,-0.28666702157575624,0.5389357512167647,-0.5664012784271307,0.7044278320005994
324,-0.13159142439051216,-0.290705502401581,-0.7011305056805003,0.08883098395441782,-0.977996199338809,0.24533548473536873,-1.2353659394268728,-2.041729877900635,-2.774347863732449,-1.3613650573218377,-3.283005338808466,-1.032855643443002
325,0.8168558091206227,1.0474829328366009,0.5473375518311131,1.4916692721734293,0.14518667609216038,1.6852310573783014,0.9550172938288207,0.8883462903960573,0.3750490264032076,1.3851719311182105,0.08283355004978392,1.6217931807955397
326,0.05005220224257174,0.503319678954444,-0.17458722754702646,1.0716103893173758,-0.7101669378319931,1.2748488437925292,0.9548286877427612,1.0417492745587524,0.521048012903205,1.5287369063110057,0.19315856509139562,1.7347158630956658
327,0.5878814387739733,0.3856403057888553,0.06518550759752076,0.6938234393572776,-0.13700817533888981,0.838991536628623,-0.8543340333885333,-1.3505936042779365,-1.9141335830834845,-0.7764417193467965,-2.2154729284475065,-0.47270375710375084
328,-0.1994900481512463,0.5242101887032883,0.21124986787355593,0.8260931731957065,0.029060141891597956,0.968980762785117,-2.760832824512391,-2.5111415073380017,-3.4374561675494726,-1.6742034597271882,-4.236755458712618,-1.3103581706259637
329,0.4090099789172935,0.37577565724965006,0.014602660924142943,0.7187359104860815,-0.2583336513007995,0.8675536148599761,0.14594285782965039,-0.59221259053515,-1.3295909382859958,0.1365312514168715,-1.7414211970048554,0.498957335186653
330,-0.7286240208771584,-0.48599149557887533,-0.9088271018066316,-0.09972582156945699,-1.202159053076715,0.06398941486050438,-3.8085326368368113,-4.061525622332021,-5.142937278496756,-3.0905872759968362,-5.842404590655524,-2.7026747248108
331,-0.5966864107494643,-0.6568203410766007,-1.1157997212831778,-0.24282604896932572,-1.4640480084293348,-0.0646800654024357,-2.6712331763938675,-3.7645967263593043,-4.805516254617493,-2.8235770266150784,-5.554957557809001,-2.430856425381117
332,-1.2124585628970022,-0.9223268590815117,-1.4654190183566176,-0.4350194984824214,-1.8638002443342483,-0.23845439542185898,-1.2241527018721097,-1.672762628800433,-2.3038466924745142,-1.0501310072635173,-2.6629073003338317,-0.7511611322655128
333,-0.3260516170541173,-0.027718637095267135,-0.36106423704803864,0.2862753721076424,-0.5909613791933449,0.4306204062978776,-3.8356636283295495,-4.318228523428546,-5.330003500812918,-3.4084899312769905,-6.018468803948002,-3.0631371995168926
334,-2.050046618618575,-0.8567283232771268,-1.398860483204798,-0.37874231349311593,-1.8353705719472404,-0.17856888207903088,-1.5910396568876295,-1.4579199465460109,-2.106953748673889,-0.8221447566696403,-2.5252273462895314,-0.5112199591917989
335,0.646039548260439,0.7567314279052165,0.4300873250945617,1.074028569063657,0.2370820324153656,1.2166720819449655,-0.5785593340166714,-0.7975269283658789,-1.460490457747952,-0.15462426100317223,-1.851355935350345,0.13921715440733168
336,-1.223617197320761,-0.2411058888668427,-0.642785301969655,0.12515466666691918,-0.9189696983219027,0.2847705581753894,-2.168158790382222,-2.5004298023893825,-3.2799954831396594,-1.7897357436386885,-3.937432854331118,-1.4662986092146173
337,0.7264575968354806,0.8489844785164841,0.5429568554908066,1.1439821556380534,0.36420397552441336,1.2805355047302378,-0.5304254580975561,-1.9292354541382508,-2.8417623233094242,-1.030961211682089,-3.503074767750916,-0.6307142112258222
338,1.504032002657454,0.5445871724122257,-0.46039815562838915,1.386727557451029,-1.0717289888206918,1.6584140524085593,1.515177732058523,1.7766444151692002,1.2068824527224085,2.2745787356447185,0.8218854158471578,2.4645147919170483
339,0.13725862503011602,0.5123817988459513,0.18989921532485945,0.8194604112797684,-0.0059865593014840745,0.9697197538013679,-0.995090406666468,-1.140088310110125,-1.7346992185024832,-0.5492755848640248,-2.0435991938629976,-0.24427590777413707
340,0.9199475343983207,1.0387662827454178,0.7081842211635488,1.3538905388665594,0.5086565235331486,1.4990964295205012,-0.6269810378231735,-0.20723147620164464,-0.7857422349874648,0.36286627952516104,-1.102883041120623,0.641340168683993
341,0.2823926531228496,0.2496272526062005,-0.2265617622247464,0.6778590680805177,-0.6050683926237547,0.8598488564332394,0.24923414940808747,0.33328952999305894,-0.18837951849083356,0.8283349232681153,-0.497953392369624,1.0400368139704386
342,-0.47801572240092616,-0.7266787555352126,-1.223998306972156,-0.276832548548192,-1.5871770041101008,-0.09406060456452174,-2.0127996796335075,-1.8336301639614179,-2.433584165669701,-1.2412417044026287,-2.7902740253861413,-0.9395708951695908
343,1.5488475553490317,1.4192161878079013,1.1288001962509946,1.7002863274648334,0.9561451359712255,1.8377178276369188,-0.8870155063570777,-1.8084068958979265,-2.666811170347538,-1.0049859712531355,-3.3666759130852086,-0.6482380924486243
344,-0.44912431816604187,-0.1548306137226094,-0.5585426149525788,0.21217442255840996,-0.8214690582812285,0.3769952037780127,-2.0580875795054734,-1.7706068556792607,-2.4897062119586453,-1.082183715433127,-3.0526733718222805,-0.7384150906306585
345,0.04485015885474028,0.03725652896986951,-0.3769092704731766,0.41784753892149384,-0.6790226383655996,0.5782468904862773,-1.0729840823735697,-0.5462772527811264,-1.233204893175085,0.11667828023717366,-1.6284626426568753,0.4069470755795142
346,-1.1285087794372313,-0.3315161446248877,-0.7949868043412603,0.08494180357622294,-1.131717285090055,0.2602593447023275,0.29597634113935084,-0.5719220344221627,-1.2178856476334436,0.054562273814026466,-1.606104870628088,0.34537260249246715
347,-0.88422904660789,-0.5793331384009927,-1.0516002919298664,-0.15114815294048276,-1.4063341695517393,0.01714895994744617,-2.4566287062361924,-2.2518924564608334,-2.925460506024031,-1.5960895253799694,-3.405255643552715,-1.2754200978590935
348,-1.717908169427549,-0.751465039172831,-1.2464353053075552,-0.3123643822557585,-1.6282692642905647,-0.12293985663214181,-4.402834949728575,-2.871260785699764,-3.658946466008719,-2.157836928069329,-4.36083285025594,-1.8413937295125338
349,-0.49897729076797137,-0.6330228236678412,-1.0990943736263616,-0.20375042260717777,-1.4369730524479962,-0.04057124103170611,-2.724672877467922,-3.4575497673808067,-4.39026170625934,-2.640353423903974,-5.084108638725834,-2.300682353782029
350,0.42010825107872435,0.434013128023144,0.01906235101754291,0.8181346564814426,-0.28767310331869184,0.9877007698839116,-0.007209252123379354,0.15488905475405756,-0.4160851050093751,0.6988000698680938,-0.7484977214158888,0.9564278639811762
351,-0.44740910052144117,-0.3559711509204822,-0.7772659909375109,0.02915011456536727,-1.0869041825645196,0.1921174558918543,-2.9161966607283665,-3.0288744469308364,-3.9080918176816626,-2.243004186578761,-4.571951233393213,-1.901780195209264
352,-0.14636982731529405,-0.5170147910613919,-1.150905986176399,0.031773015908699125,-1.6275501177966507,0.23887345043412053,0.09630196897404829,0.23197608555190335,-0.29075074915140875,0.7042240804369609,-0.6161071723531997,0.9002220801199954
353,0.06083546013838037,0.26913404070775043,-0.039531011161696404,0.5633070548715691,-0.2348788454837535,0.7049625178933621,-2.9146104441356506,-3.7295528519341374,-4.774889000812884,-2.8224610797519536,-5.479998407838146,-2.4531851826734017
354,0.4493385045940332,0.6276030866005228,0.32415090387587525,0.926423078706213,0.13056042965832176,1.0689226479149583,-2.018179665959344,-1.990954281316802,-2.680413838631246,-1.329409784833158,-3.1780097822099163,-1.0288659094938684
355,0.5866283828927676,0.3825209692046022,0.06275481728961901,0.6908382501871033,-0.14029612560921048,0.8230792981384248,-1.7547757433524425,-1.9845785368334738,-2.531862210421362,-1.434960357294263,-2.9021333151533617,-1.1653900551396197
356,-0.41647033871049965,-0.6907620263863664,-1.151093224541329,-0.28393412454571315,-1.4680299138279278,-0.11248242826286856,-2.9334665894663656,-4.3398007239119085,-5.3528732194808955,-3.4096238960293017,-6.040572515935119,-3.0250203590839337
357,-0.9134828946014792,-0.8961978433225826,-1.4670849668100288,-0.38865397407532154,-1.9086002208523334,-0.1851685936132013,-1.5228104729493472,-1.5944969922847108,-2.179783284115683,-1.0049723337847265,-2.522646441738205,-0.6913616273370612
358,-0.15205112405325172,0.1364594192088544,-0.19027225810217444,0.44327329422790196,-0.3941211933388676,0.5848743634409348,-3.8186054312981508,-3.101117073683397,-4.167925050442184,-2.1798926242459493,-4.924378600542402,-1.8045644141141235
359,-0.8371472257228472,-0.9358274676487581,-1.4854723885936385,-0.44406101582324065,-1.858886304436621,-0.2449654473657575,-1.7599290487344366,-2.2332996516576156,-2.86849932249434,-1.6226231499529469,-3.297175810877797,-1.3230704843700092
360,0.8609026284867488,0.7666489298364337,0.46499803761147257,1.0526931879921586,0.2893089588470155,1.193423123298348,-1.9749313655560103,-1.9785801303635424,-2.6208656173550775,-1.3462229772381804,-3.0788084635700717,-1.045699800331516
361,-2.0906009630979385,-0.8583644326191534,-1.375792179917248,-0.39928600973785855,-1.7452792367414716,-0.21184321105736192,-4.212416575551455,-3.6278599912377536,-4.600030972925029,-2.762523492513571,-5.335014621056962,-2.4111685812469856
362,0.7176834076719882,1.139964944265475,0.8506902514726323,1.4188068143397845,0.6838529248518298,1.5512991971880958,-3.163987143037139,-2.898589288985706,-3.8157857386382137,-2.120497971592796,-4.600602604648119,-1.7989488600165624
363,0.7737825365075628,0.9746734112622725,0.676265791171428,1.26539142600487,0.5011285481543225,1.3989849213629422,-1.3764553369352484,-1.9119999202529354,-2.5736791468731126,-1.2657251538883638,-3.0245275167395658,-0.9321304274775566
364,-1.278745651683643,-1.1267642863044365,-1.6976651576307018,-0.604829073029853,-2.1101242459836196,-0.40029748483755273,-2.787868990216726,-3.104209541885762,-4.029228155672879,-2.2894563451842926,-4.762023081654857,-1.9583740946274093
365,0.3307769531440846,0.6146368604292997,0.3065073325181105,0.9161176457213079,0.11246978491886128,1.0586829319825306,-0.9730048454737108,-1.1490859674583653,-1.7790693524398202,-0.5232235862249487,-2.1454160757035243,-0.19017658719531916
366,0.19756988498485248,-0.09168051521985364,-0.5004215322878021,0.2867942240602614,-0.8043619860549451,0.45768028849391856,-0.7748674544783007,-0.5889196785883485,-1.1818484036050168,-0.0029950301456097123,-1.4975015115589423,0.2899562458055903
367,0.32448426788639245,0.3419062798911394,0.003034750727796111,0.6642235145519313,-0.21258912903420607,0.8131095342418119,-1.2251629949735627,-1.0598221247380393,-1.6720217466688718,-0.4587323636376059,-2.0236238739762227,-0.15131110192858233
368,1.0351996212230639,1.038534596388388,0.7346882570965064,1.3277825363768903,0.5557174997209585,1.4728443659685588,-0.7259804228074485,-0.7876117876210215,-1.3702910613839507,-0.21028271258383208,-1.704782751508908,0.08797873640067727
369,-2.331640687745208,-0.8066029279892575,-1.3377647382912587,-0.3403619858033252,-1.727349271512354,-0.150755599454055,-3.1369030057254705,-2.322993333797343,-3.108254587125238,-1.57617379842886,-3.7308569412466333,-1.2171774062952387
370,1.419748723460675,1.4911462703020455,1.1922463993710672,1.7831004567106703,1.0109817554836882,1.9351600931158452,-0.5253818102506602,-0.40247887156048096,-0.9545270807086361,0.14728835219301917,-1.2713350062686315,0.422980724476761
371,-1.7661285758469933,-1.246218453024168,-1.853046646404247,-0.6969443855810156,-2.27470125130193,-0.48806875720357534,-2.4373143642368373,-2.6810429579900297,-3.456922416384006,-1.9684233706308223,-4.050937588113307,-1.655583886908093
372,0.8077228813474552,0.43937672094827546,0.12439173791037109,0.7411410158820328,-0.07359470488827985,0.886719784719548,-1.6635699119631673,-2.3377725646586054,-3.1238801083904737,-1.5945716727886243,-3.8157811217263538,-1.27769377349099
373,1.3001697611957037,0.9069454843460211,0.5485222662468678,1.2353217088900688,0.32789641047731255,1.393716850680364,0.7097992721971452,0.044024607001667805,-0.5036125743118977,0.5847886316716701,-0.8062196233607025,0.8535824960195684
374,-0.7520782574382681,-0.4660158742838467,-0.9186172961573255,-0.060411840939535985,-1.230872365266506,0.10930114859085606,-1.820965591643588,-2.499694042900367,-3.322510488753296,-1.723732493177982,-3.9478708705391177,-1.3714299137730792
375,-0.1363828019977706,-0.2955192321007512,-0.7147069811390557,0.0840336859799594,-1.0319424274180842,0.2438577554036112,-1.4629692874930478,-2.341261950800843,-3.112518076030557,-1.6058552898506964,-3.6871494991905025,-1.2495742891200858
376,1.1057845360428518,1.0994728375919482,0.8279148597701589,1.362184120445365,0.6730463847925859,1.4811969117866663,-3.4386256625207343,-3.9452335012797746,-5.002494459438891,-3.0130909600235873,-5.7068171143895645,-2.6388013480406483
377,1.7493018771027207,1.5800538796809283,1.20028301540309,1.9369940657219682,0.9430325115955507,2.1170811463072345,0.5332746597921558,0.7215413713560536,0.10978683729568413,1.327061302710661,-0.19090422675785168,1.6296849689949773
378,0.27365511081526134,0.5985170016113422,0.3024779934453776,0.8870708505861927,0.12087405250643907,1.0269497154169593,-3.004833682914514,-3.5156849791820752,-4.595096020827748,-2.5694348605281223,-5.34083066354104,-2.2118994394622122
379,0.7028472676332171,0.651080228126778,0.3525139422130327,0.9425665290303715,0.1621285775054988,1.0768478210801133,-0.8162416911074024,-2.2504356597864086,-3.12549248359941,-1.462635098354823,-3.8403845262480916,-1.1303460487244363
380,1.130558719928966,1.4413612837885401,1.0783572565001514,1.787400418933075,0.8351250607800311,1.9546598696796678,-0.05203207548537313,0.5171150558793338,-0.04169433656049933,1.059686376932804,-0.3514496927495544,1.333380984745679
381,0.8926179905117534,0.83846129698867,0.5316582580202726,1.1389425400782047,0.3428934894245488,1.2814542997578586,-0.732454710696049,-1.0685096885259164,-1.6960399406920026,-0.45496353696072867,-2.0634597247003534,-0.16394854881414525
382,-1.071558312227358,-0.7026147823973846,-1.2131536708223343,-0.24497903636513144,-1.5901644109061606,-0.058205465280251736,-0.64045340645517,-0.9762737809652112,-1.590989599297799,-0.36188050279554373,-1.9347037784621,-0.05324877440030308
383,-0.2911403133230899,-0.9232755341096641,-1.4734401701328492,-0.4301457895794624,-1.8637888278462742,-0.23357002895556228,-1.3003658618862888,-1.838413397903086,-2.465263972081965,-1.2241855903124308,-2.858293684260937,-0.9063120340367292
384,0.7122135544134789,0.713589908696041,0.4239277229404285,0.9940089332401123,0.24450016532054977,1.133036494200633,-3.69721277691069,-3.439717673450365,-4.509608300947678,-2.508840349358048,-5.311652738125182,-2.1292507282254456
385,1.8867832645355171,1.7511601082201267,1.4270896895872758,2.0745418166639995,1.2286507976794756,2.244875737262023,0.4007271632519143,0.12030937146137133,-0.5391880589518652,0.7657410192154293,-0.9103192218422725,1.098114209602204
386,1.1891500128818038,1.269540016276283,0.9817293029036279,1.5471910287634125,0.804128964196169,1.6808753587841236,-1.5635190832326633,-2.0685132837912086,-2.875406385188359,-1.3367541885436276,-3.595176812622653,-1.003941757217375
387,0.23246459667470912,-0.14281385751691017,-0.5297330712481358,0.21138450171955528,-0.8131615403840459,0.3613605003215213,-1.5917376115569004,-2.0223101024291035,-2.676573863150189,-1.401960781184926,-3.1054713163347833,-1.102576034548211
388,-0.1435577432604257,0.05285606880100625,-0.30657879801612975,0.383734751506888,-0.5402477707197814,0.5380060998375316,-3.116954331483555,-3.31827541117259,-4.288737843122596,-2.47762620460628,-5.0309212854251175,-2.1130948331107557
389,-0.8500179129326907,-0.6292376628010556,-1.138891250852924,-0.16800217242510332,-1.5108505807548418,0.01609991585069845,-1.1387231308326795,-0.8155140911330676,-1.4032268329821203,-0.23566049527701252,-1.72543003530539,0.04748604733740963
390,-0.00460864309704995,0.1381058200751743,-0.2008071720557114,0.45694393624589236,-0.41839227256726397,0.6024498527597728,-1.6032182475249095,-2.895514210989677,-3.8623824330953482,-2.046120455535314,-4.61835917553722,-1.7152440222502938
391,1.577583098006681,0.9372163365109183,0.3784831724382368,1.4247457625564004,-0.14271732124467537,1.6104357066786974,0.6122228186790195,1.047778773874092,0.4986187220864635,1.5796749222296842,0.1877172360036724,1.8172975764953598
392,0.26594092468697056,0.08996688780515621,-0.2577054536872541,0.4181015175165227,-0.47915310616246665,0.5614308584325418,-1.604417560536395,-2.5785627102975592,-3.5259019747134546,-1.7184683220566335,-4.285974027706926,-1.3326743570745094
393,-0.050283870010100616,-0.0338257467942768,-0.39600381640293186,0.30248919439346844,-0.6168080886326044,0.4510996389310836,-1.4441222821122828,-2.058057511673886,-2.6930428658730587,-1.4448226059473144,-3.128423517868919,-1.1328170053223838
394,-0.540697118832321,-0.06629635611376566,-0.43232881075503143,0.27337281423428844,-0.6929018904856936,0.427715914031117,-2.9607799266134665,-3.172195008454898,-4.154499160161479,-2.313531269640885,-4.92336928554618,-1.9467091966523533
395,-1.1899039999307748,-0.8933344386599873,-1.4285543379804537,-0.41709478385325266,-1.8079951106123673,-0.21943242541712973,-2.228320467755883,-2.962023533088786,-3.75190157150897,-2.24881893435009,-4.422688996370725,-1.9332929331382032
396,0.6049696002562003,0.6719762680328938,0.3616378544549882,0.9649955851700933,0.1749156626129853,1.106528425068567,-0.9743371934453041,-1.5468246833169017,-2.21268803042976,-0.8835546536002621,-2.6466202155713567,-0.5757584401614334
397,-0.850237254710942,-0.5954058556496182,-1.0499755350078002,-0.18337538990525643,-1.3841836667466751,-0.012578914127133056,-3.9078208514898884,-3.519728386857428,-4.501907827570072,-2.669101835490247,-5.214920860500484,-2.334842480395256
398,1.322580398301276,1.374590712966637,1.080562768098723,1.6592848142302046,0.9153291142154476,1.799994686258513,-0.5002828821760656,-1.2204389590763944,-1.8318926910054878,-0.6027038675053233,-2.187439427070824,-0.2803661187501535
399,0.5877036392578803,0.533738977431795,-0.013983140448985472,1.0119558112949074,-0.44605027114402646,1.2025906535907553,-0.19675294320559983,0.7154616742894153,0.1774008640376552,1.21797378257305,-0.1315824067770617,1.4399676601157085
400,-1.1140044231565156,-0.5073771121827095,-0.9659480926881875,-0.09840343384881142,-1.316134124570849,0.07372829794940786,-2.4033455638128025,-2.806514060699933,-3.6252059652351027,-2.074865995351117,-4.305709457818325,-1.777420103941195
401,0.5180148061279172,0.5739362512006113,0.2619483297558615,0.8717769939670569,0.08190516015289066,1.0195292895201735,-1.1935608601094954,-1.5427968819608733,-2.150690422640123,-0.9280673826536762,-2.4881270663722317,-0.602456941964374
402,1.4892974242129575,1.7339277925556134,1.4427333127405368,2.019901912251138,1.2837804853867036,2.1685039560464494,-0.12168009286185583,-0.7902364042195996,-1.4372503033621613,-0.1447767864644133,-1.8058643686258935,0.2012498724793381
403,-0.8974642375921179,-1.3301038931600113,-1.947583192761311,-0.7796868144520366,-2.3372044693146856,-0.5528831114699576,-1.4108121429204308,-1.7555622734246608,-2.2962741393318784,-1.222942446797609,-2.613041904868001,-0.9379815472916595
404,0.08771977309000856,-0.025370000736342126,-0.3850587266641486,0.3112608112838781,-0.6364429263371963,0.45350709705424636,-2.0373285882500403,-2.2459148392525616,-2.9411813404887823,-1.5848679164688573,-3.4665020122382875,-1.2706939169212976
405,-0.44109042595506526,-0.2622814364710734,-0.6661837387713301,0.11263454041694063,-0.9624930225047236,0.2686518489944904,-1.6759797639719887,-1.9195615121281995,-2.507853398398964,-1.338002858703023,-2.8720750346273483,-1.056123342354544
406,-0.17339660751400157,-0.21648718561224953,-0.618059511706043,0.15375181197157503,-0.9150068262763602,0.3157780524323324,-1.0879980936634528,-1.5905235643601228,-2.159810377532516,-1.024753203625257,-2.4904542672642314,-0.7143706913773861
407,0.011961070148999317,0.033155366510657314,-0.31749414870715675,0.3597412834866235,-0.5375969785184846,0.5011633982206591,-2.4738892557133028,-3.3313705466675367,-4.325553941890622,-2.4682257110640538,-5.0816033951897115,-2.106094876895907
408,0.06856720749682407,-0.4764451463948085,-0.9225810639709725,-0.07083061351104368,-1.252261831468043,0.10047418953229494,-2.154858600325693,-2.8490520876063563,-3.8292077619300007,-1.971718383952975,-4.658580025971793,-1.5877911417844888
409,-0.6303664285429165,-0.5443246635510769,-1.0672069831286357,-0.07923608167936853,-1.4789791904961165,0.1192870541197012,-0.8968847159435034,-0.32417374206044797,-0.858966640350488,0.19612479224612164,-1.1624722164657164,0.4234323268848736
410,0.9076714734625277,0.7698198983546629,0.47135841378715676,1.0559551636429174,0.29692521318431664,1.1902655847438426,-2.5686610589788605,-2.8975894997238707,-3.760452690451359,-2.170267006394863,-4.491040485520571,-1.8639568415410221
411,-2.02101470389638,-1.1177266847968241,-1.705649435212284,-0.5918202083126987,-2.1182810609687737,-0.38741567541632954,-2.559780023544672,-2.909945399704703,-3.9384059528504944,-1.9551244924327698,-4.721772183612401,-1.5221893541136533
412,-0.7740500879806943,-0.13447470609822848,-0.486168746641434,0.1977718509530921,-0.7318401011266008,0.3415912867131061,-4.0472517958773375,-4.038529657960412,-5.049506049755551,-3.1589826918071893,-5.755744100434659,-2.8240271383305293
413,0.006100908450408721,0.31845058167535456,-0.006897902155209465,0.6294626195151309,-0.20837313047965214,0.7730072353915192,-1.4838768172385761,-1.8436957086773276,-2.4039684224143025,-1.299949774835204,-2.7297400508170675,-0.9985691361604824
414,-1.3146448385759284,-0.06250100813212453,-0.785781891336188,0.5508990080866942,-1.298764725769937,0.7877322654738093,0.754409979218089,0.9024870746769368,0.45769250469867667,1.3156140641129983,0.16250551597332877,1.4888308003290478
415,1.4099177791346185,0.9554381973854625,0.6540085675811933,1.2445801822900673,0.47677427848060017,1.3874519422631255,-1.430162363526168,-2.0359416612448893,-2.768571144140601,-1.3519876133977269,-3.3164061768670643,-1.0244245720510345
416,-0.7299010197833627,-0.4940460401603148,-0.9441241611220549,-0.08504390484821399,-1.2851848216224462,0.08812255579423968,-2.9622584475074083,-3.0796546813251937,-4.028593858156543,-2.22169707515864,-4.765596601076756,-1.8337366955730128
417,-0.9317726062132882,-0.7622737558722802,-1.2600893061637652,-0.3109168632720713,-1.64263268753564,-0.12441199293657018,-2.3292533240450366,-2.8888550233723453,-3.846872395465445,-2.0074076669303054,-4.603784782928809,-1.6152417974313362
418,0.9728141205032447,1.214599754454094,0.9282870237267209,1.4895499762908364,0.7542011362050162,1.6211341564611492,-2.3592166454329018,-2.0763121931168005,-2.9711373524491007,-1.268499748555226,-3.698101277172914,-0.9351949076476604
419,0.6932061613583914,0.558320259076164,-0.1110544570570023,1.1114013053824559,-0.7216880662891211,1.3054799682490354,0.9828378990301411,0.8750357175468834,0.24101307375608258,1.457464904698526,-0.14817267678390514,1.6840781053001812
420,0.9976812272211771,0.6751393061148336,0.07883637316039939,1.1870565859878184,-0.4376619449871293,1.3814350785567395,0.9772543488848099,0.9273091837495361,0.3892636144195654,1.433730370682688,0.06937915511777061,1.6467221778859362
421,0.8320692175609373,0.9742137996587,0.36072205627430404,1.5015347260625322,-0.1997619857294768,1.6981753028063262,0.8085426206276949,1.1735038285014607,0.6147409912276708,1.7102546925030895,0.2923908355416987,1.9398435892929173
422,0.4077092012678502,0.43270042204466014,0.11301153331046151,0.7382317119416372,-0.07504754776046198,0.875756770736829,-1.4749334217069832,-2.0143219340491725,-2.606376686700506,-1.4386600588320082,-2.995445905850169,-1.1534649179954155
423,2.1940079669879475,0.7285013938078254,-0.5035229907897074,1.8638536694490266,-1.2097274452987106,2.3363979521673244,2.4663576517558212,2.836617482506661,2.2308888608098414,3.4618738903595867,1.8741960266296334,3.9156988669793606
424,0.4575161707955409,0.4287186685429065,0.11915853574210764,0.7214457903490479,-0.07208198661287507,0.8573993637761419,-2.749261862621044,-3.497905129068368,-4.518493759555462,-2.6074445171443505,-5.227876267337116,-2.2589078485467557
425,-0.45131910894058264,-0.24908102688618847,-0.6427129323269495,0.11278993744203872,-0.9126320360146873,0.27078395520236914,-1.9118810104908983,-2.86444477310358,-3.962206090171857,-1.8832267309013184,-4.797314784645664,-1.4976099303194501
426,0.5269644102210241,0.4115765019869004,0.06997692061276195,0.7377471124132827,-0.14564643589119836,0.8894186423977283,-0.35115989556858734,-1.1065155409987837,-1.8770329992108572,-0.38273981533375273,-2.315005551182393,-0.04760789877800249
427,0.21887793875342587,0.7595945882052824,0.4476536616791689,1.0611911816117687,0.25567310122328296,1.201385068795572,-1.187388470181998,-1.1007179637859268,-1.7221819029613832,-0.4849110281887353,-2.0721040035969667,-0.1730724816191342
428,0.547790057574599,0.8356840941789743,0.5210542486179202,1.1339267796403805,0.347742391219294,1.2704500888752601,-1.2160548450524733,-1.339815152373507,-1.9281574759157007,-0.7575773561949063,-2.2606854843147786,-0.4504791211935661
429,-0.3413251811078107,-0.340751162705154,-0.7433673833629499,0.026664302980867527,-1.0228657695142058,0.1868766590440159,-4.312002099420624,-4.295301037415003,-5.332438898552843,-3.374666089276154,-6.045325907887615,-2.9883282315838575
430,-1.4415058450144203,-1.3978737046965493,-2.0186176056402,-0.836384789351722,-2.4436971961206324,-0.6145381205902763,-2.49356280254547,-2.8277079366940505,-3.6848419062488733,-2.0296062910211385,-4.337056337944068,-1.6455701838295047
431,0.11218771578603813,0.6220359070096111,0.28723159323075304,0.9380880410084339,0.08280405376206997,1.0835582930353467,-1.655094235142713,-0.6757884039141845,-1.272629796566789,-0.07115711267223644,-1.6076927689157614,0.2319457635896463
432,0.3626887357057292,0.2190806421167855,-0.1148413607113727,0.5366438148112638,-0.3379861065394426,0.6884706745406345,-2.6952980333741317,-1.7140885696263557,-2.396696634136663,-1.0493558771515255,-2.866097143757541,-0.7060369865456667
433,-0.8503909067900838,-0.28734511869246193,-0.6991843475062899,0.09369547872289391,-0.9926820480082702,0.2520121634677271,-3.2413209710536064,-2.5128874108315546,-3.3724128895274217,-1.736061114902551,-4.0546419701271175,-1.3915722846557064
434,-0.23061661523045518,-0.2014212150933669,-0.5952290143295206,0.16002922387837892,-0.855570278133172,0.3252059290207554,-2.3238558488283787,-1.564208602979306,-2.1694189562395887,-0.9677616545317964,-2.5367702617984906,-0.6824531895043351
435,-0.5311503338592799,-0.03628470819034359,-0.4082143514339403,0.30985096524097916,-0.6713634202679382,0.4618462394988996,-0.9232788710906983,-1.0194247788872148,-1.598397072169506,-0.4348618876296614,-1.9062892903502084,-0.1096250254029369
436,0.463934190119448,0.7599237580766963,0.42657983019352425,1.0799927476253415,0.21378233603442737,1.2271857390988248,-0.6053330162753099,-0.4837926466131386,-1.0786311067608187,0.10835713663568584,-1.3943967760174933,0.4132025038019474
437,-2.2473469336738883,-1.674528747665401,-2.297410125408352,-1.0995499880386725,-2.692352614456185,-0.8542425847075275,-3.574432565814754,-2.995849137870348,-3.753917292468425,-2.297340721843077,-4.341774928806586,-1.9771723357964721
438,-0.09005481079973897,-0.2083885581215457,-0.5962155303508366,0.15370059943111175,-0.8848398349396946,0.3111710725759767,-1.5148932106756408,-2.7856752477857536,-3.6799032463694656,-1.9885532924015705,-4.3915880051182885,-1.640555200178885
439,0.008882224404432783,0.4876352935644447,0.17597310392751137,0.7872526939986564,-0.014823160599607237,0.9281642028026551,-1.6862541222502536,-2.626487292598376,-3.4282285896063622,-1.8949639193512673,-4.164579811348503,-1.5849593054603723
440,0.8794146620035165,0.6476350262383346,0.34063423684439503,0.9350737163587023,0.15555819556344685,1.0758126722372032,-1.499086465972157,-2.277813445505819,-3.0703641638200776,-1.5589422176244254,-3.7282918658139295,-1.2374645086906497
441,-1.3036092246485649,-0.4196871914375775,-0.8530642735401804,-0.025320480231708256,-1.1752763512463171,0.14188680554587987,-2.7355670641912946,-2.2320449938668587,-2.9255678923192736,-1.5679051118019576,-3.3727860111425705,-1.2594099896686
442,-0.2228264327421656,0.23005045966458104,-0.11464305372339344,0.5537612419111526,-0.33225261522269617,0.7008926794287934,-3.0888657610258385,-2.674706587647659,-3.500535679443564,-1.8974490537963542,-4.1684540057122454,-1.5668993436303873
443,0.34527051223566313,0.5137917717495103,0.11213788105875604,0.8858594332258863,-0.16322101791620222,1.0486145549121466,0.21696796475347516,0.16329862156952765,-0.346935485966154,0.6566422250786353,-0.6273108906747876,0.8817780589974509
444,-2.346469328127354,-1.261526693308396,-1.8706453835898527,-0.7219073307319424,-2.3118718715181568,-0.5055944445202544,-4.453732108512492,-2.5956959975064797,-3.3553525968742415,-1.8845937900657388,-3.9371905810678682,-1.5612674238560178
445,-0.7222554514598472,-1.0391876662090362,-1.607438887711942,-0.526646738072798,-2.014273982041073,-0.32117385056881176,-2.5230640582211317,-2.569699020350345,-3.521893077126397,-1.6898076575038614,-4.256568417982658,-1.2889138629108594
446,-0.08530824537013526,-0.38286843295902695,-0.8140420207368411,0.0024171134908035834,-1.1346504057502826,0.17372930024985567,-2.1103516898525765,-2.61531134607767,-3.543327707748778,-1.7769834506600561,-4.285483365427806,-1.4217956652296935
447,0.7020253834488526,1.132228694868223,0.8437253730353769,1.4118354883125068,0.6712817943650108,1.543545634535247,-2.242257124082772,-2.64528911758951,-3.604604340387479,-1.8238952518330032,-4.372452051417763,-1.4985932218457028
448,-0.8722002713584818,-0.686444957093571,-1.1801587933821647,-0.24326173689773478,-1.5399338024656617,-0.07264608878138186,-2.2349454307729166,-3.031472980904622,-3.9491583540923934,-2.2309392326132187,-4.66903085729249,-1.9067115734451217
449,-0.8247508921720414,-0.8318446844253992,-1.370776772836169,-0.34598608744856535,-1.7402942620690134,-0.15218182353240983,-0.5202034939962628,-1.1748671469715264,-1.748985506063334,-0.6031672083725296,-2.075908771088981,-0.302563941399428
450,0.3360182406070191,0.18938270491543813,-0.16922551008057465,0.5283305864597965,-0.4070739836407369,0.6843028871767436,-1.0619843618643074,-1.2404582476789892,-1.9906073911085165,-0.5328087657098466,-2.591885906072369,-0.18520604193673798
451,1.174731960595168,1.1736602373169778,0.8814502132987587,1.4501762022805824,0.7152643302677676,1.5871047893077552,-2.162114750990944,-2.531862160863579,-3.666529217335514,-1.5237741006087329,-4.53361527215022,-1.083588854781668
452,1.2985413588929087,1.6330648848254568,1.3573435747782538,1.9048580789878151,1.193900378048409,2.0445330737677523,-2.9174115374551866,-2.552950790169303,-3.6227158245564155,-1.6407367478919732,-4.444904208308099,-1.273114890348004
453,-0.9652702344059757,-0.329267408025636,-0.7492936683520949,0.04731682207506282,-1.0434598926007317,0.21240432801099574,-1.526704757594426,-2.2442662532540556,-3.0884826841372073,-1.4334139046594385,-3.7437485271411113,-1.0349410013188833
454,-0.6793399239898797,-0.5736238230243156,-1.0482136974601801,-0.1437435643548525,-1.3852956476015363,0.024880592864783488,-1.1844331620880986,-1.7395775278827712,-2.4322377426525477,-1.0580800128990653,-2.8336650298634973,-0.6973676437775286
455,0.016765388481481402,0.33249394337344584,0.01662394822527674,0.629810150424897,-0.1798093381195566,0.7762251525346178,-2.6610147658980585,-2.5683555635073705,-3.3200944893468862,-1.8662192273687714,-3.966316532614982,-1.5358349855524
456,-0.11818528092419196,0.07004387075795253,-0.30473702423653265,0.4153664853900168,-0.5458409833450244,0.5685667755949227,-0.6536022152702944,-0.8280801063570085,-1.482432038849336,-0.18583250542660468,-1.8623273141192223,0.12470673962910156
457,1.3908393537120194,1.1863550342125984,0.8960566590016191,1.4699461648023138,0.7249628146065622,1.6000638091258343,-0.5367175375761387,-1.6371574165975693,-2.243030621624842,-1.040285815642109,-2.627009450564226,-0.748396742599459
458,1.1403225132686337,1.0551803301024238,0.7460367305398375,1.3493608265870995,0.5622866823308322,1.4955112667195805,0.22434207268817835,-0.8845872499716546,-1.634290231760801,-0.16305325043731353,-2.0791692365085197,0.18113829611213442
459,-0.6632039120521059,-0.3411885957662701,-1.0799471337537307,0.31174940046041016,-1.6085750254608542,0.5677107646827594,0.7491316546106822,0.8605930215196617,0.46526025057052256,1.2219430038367345,0.20383658563164542,1.3721792914129214
460,-0.7076582309449517,-1.2658140791391461,-1.8735401626253199,-0.720599964458059,-2.2992923145597404,-0.4954064502004991,-1.755909204707278,-1.9305228253452313,-2.5409970977831273,-1.3280453275887503,-2.9067928992223564,-0.9937081221707211
461,-0.28563917749263773,-0.19234855809868134,-0.5811011391602134,0.17204900271596632,-0.8645819880777379,0.32478245261498406,-1.2489208918931767,-2.0645370072896756,-2.7597000140507104,-1.3784359182862,-3.2707594187433155,-1.048006859945181
462,1.381704829828265,1.2321494046794477,0.9487214830871744,1.505045443542642,0.7768894921644648,1.6340140304412634,-2.2629355778354148,-3.1575452332203273,-4.249690510517545,-2.2220853232225077,-5.0172428338680275,-1.876913352646309
463,0.30209035586878513,0.11358206533163683,-0.22396524513876073,0.4323175773882962,-0.4593356781275509,0.5814425648668098,-1.8887302580894092,-2.246347055475711,-2.8130244428077136,-1.7047622557276485,-3.218655991209774,-1.4340317522029689
464,0.024564816410260298,-0.11044204392137878,-0.4966770614843865,0.2462514091353131,-0.7575215587746829,0.3972143131094676,-1.884939044966229,-2.6292265957431336,-3.508203991007913,-1.821315847428174,-4.1866671366080705,-1.4644715324302018
465,0.40987487119827065,0.99812766886205,0.6960275589830575,1.2866133375170317,0.5171560232918301,1.424955707939725,-1.663157298252603,-2.6977535092384324,-3.733655360377673,-1.802844394616964,-4.589055895289839,-1.4496548540255536
466,1.833916826913159,1.6800114075338395,1.3529187946631789,2.002352917488219,1.1496148484780133,2.173031129136233,-0.4257718255996635,0.16436330695789367,-0.4380674849158073,0.7707600594452526,-0.758250779087189,1.083250940722469
467,0.6559615529737857,0.6154650196887959,0.3056944101430917,0.9205184755714405,0.1248006325915831,1.0550906963571305,-1.2945064081922044,-1.770744352199408,-2.373734981428557,-1.1911049356996097,-2.7573610914805724,-0.9026973673580924
468,-0.5264227318695504,0.048220966434770265,-0.30007269010590076,0.3747003485554291,-0.5255295822761217,0.5175802719879224,-3.0683998546486575,-3.0656061752186456,-4.089381923443407,-2.1578386594906647,-4.9009276248064175,-1.7924623867111844
469,1.1547186176672333,1.2470206057198898,0.9386023808239053,1.5430224535758654,0.7559824723536424,1.682430411390545,-0.5243439138235725,-0.5076863731524528,-1.0535860256586824,0.032348326809539314,-1.3548165797663405,0.31432995358161364
470,0.8279029909434258,0.7885658180303391,0.48497402269736223,1.0807440671574924,0.31383310800995784,1.2198382837490758,-1.5018912992890658,-2.45467528745129,-3.164862227957491,-1.8012067135852359,-3.788652823310299,-1.521580619088778
471,1.189294131351765,1.2495751114462128,0.9557215246140915,1.531570780083657,0.781958947204044,1.6699506213929622,-1.2104266789007587,-1.033263121099474,-1.6499032600864596,-0.42628313724406935,-1.9949370102649182,-0.09470781009944024
472,-0.047449534789737347,0.0722449913044246,-0.2845686786685571,0.4054690991240397,-0.5215271959404116,0.5631025153796236,-1.077593021405679,-1.1453569711676446,-1.713491979863289,-0.5680144838255545,-2.0200409033272133,-0.2489447493725913
473,-1.915883851419949,-0.7723488245660114,-1.334051293493461,-0.2750260227484952,-1.7006354853778747,-0.08148609411005353,-0.35104662162251743,-0.5260633922664413,-1.0554849027763744,-0.010873306534113092,-1.3713418288807957,0.22352459420573978
474,-2.4207686475619203,-1.05153179169444,-1.6968394127343511,-0.4772395049333655,-2.1370433831028395,-0.24656329382685432,-0.10302171984209348,-0.2301152895903599,-0.7116217664217965,0.22497057108225343,-0.9984058859277277,0.42457428860397356
475,-0.39886295627691765,0.10959235841126598,-0.23154307288199882,0.42450911420200566,-0.4549052544605558,0.5750271722446204,-3.971688411492723,-2.967648503995153,-3.9049018217131324,-2.1480158065098225,-4.646261217810598,-1.7809651783171578
476,-0.5514054799159503,-0.6822178292873787,-1.1865296288085008,-0.23471904029537427,-1.5366517920729554,-0.046025473688383174,-0.6183180691173423,-0.9127443087864521,-1.5065977047566281,-0.33324905170951924,-1.8411832267605994,-0.05428595475462039
477,0.7500208792010684,0.9001441268326325,0.6001539293736795,1.184747030193719,0.42624865502952136,1.3265402965494109,-2.8593462080715666,-3.147614427913621,-4.284410002378093,-2.149290126160288,-5.104321910667957,-1.725099720711874
478,1.49742113947982,1.538515913263582,1.2700128054645312,1.7979347931596399,1.1073279435966836,1.9318876303568684,-2.7801726535984357,-3.4083822375416166,-4.479061516549212,-2.472232640554,-5.2816695952822466,-2.131914712069684
479,0.3765765442376883,0.561080549438612,0.24905680286220186,0.8595283118181032,0.05735292966880723,1.0040192875318716,-1.6633495610674551,-1.4377470169617672,-1.9752096868433124,-0.9070814972427256,-2.2826875562440456,-0.6320425961813185
480,0.932569273399161,0.8203322070038636,0.4102359455747068,1.2005965640041354,0.11177658583383442,1.3665192611478074,0.5680947748035481,0.4724208235490852,-0.075272669919109,0.9982137743081079,-0.3837221038409851,1.2511643892684439
481,-0.4727952199140099,-0.48879843444972204,-0.9454711033419545,-0.08063093419596139,-1.2713175324049655,0.08785588592840213,-2.8645899829773467,-2.227014114751902,-2.9374773995776047,-1.5530674926612178,-3.4306051009488767,-1.2145251659158556
482,-0.9406282332041445,-0.5580737962698051,-1.0240524618894224,-0.1303574251423972,-1.3735966726160556,0.054684984808305755,-1.2507873300911072,-1.1676496356258301,-1.7275491378050272,-0.6175033076123051,-2.0357092484821773,-0.3441351822988189
483,-0.5869145836211198,-0.25443576104784305,-0.6560205033268669,0.11640774031459915,-0.9441227932428763,0.27327729535946027,-1.7052949407531763,-1.8441522593481625,-2.501780884207928,-1.1979243426174537,-2.8948708560709075,-0.8579361493141935
484,0.5369440952685967,0.8616196356702497,0.5163771093004932,1.1914792168550414,0.28894438179400084,1.3457479148814557,-0.3310462220118919,-0.4043220608810626,-1.0503548816179418,0.20852962124218558,-1.4481445071865413,0.5078490830853574
485,-0.1326659473718078,-0.19634781704909507,-0.5906328192005361,0.1672002061445979,-0.8530674160537922,0.3243997668006011,-1.9054131021529082,-3.0574727486230557,-4.064449568718519,-2.16488491451061,-4.8376943872956355,-1.7901593661842083
486,0.6354039528259265,1.0855067384816417,0.7825832999116588,1.3792177408233792,0.5976452251387164,1.520876701606898,-1.4169577263730444,-0.9723416938520514,-1.518733785430261,-0.43680925380097396,-1.8126776272939935,-0.1665342725687367
487,-1.1556418049055064,-1.0705718664478965,-1.6419491205563745,-0.5638888216763137,-2.0691122223501215,-0.3561266920055229,-2.6205853253217457,-2.7187480268176563,-3.5653619607705336,-1.9478518438199874,-4.24049689799181,-1.6064637885282347
488,0.29342319938598227,0.43326954446650734,0.05643813145103796,0.7896461540739873,-0.20035995371373405,0.9540782151510694,0.024904253760627527,-0.20979624559402102,-0.7196355377151998,0.2868853656520902,-1.0224289623148153,0.5094329591779413
489,-0.2608731257520738,0.023380933867687866,-0.31994673246554967,0.35036274944327245,-0.5539270884904969,0.49341949328552887,-3.560510900919329,-3.522843325971979,-4.488951154312627,-2.6906577046704676,-5.196219664228979,-2.368653008411653
490,-0.8284075520891336,-0.03498782863161981,-0.4575865732977549,0.35842583211301804,-0.7716656506878647,0.532515942087168,-0.542164269430131,-0.31917444169327674,-0.8239825364667797,0.15731567040776734,-1.0984921030940868,0.384960679968009
491,0.7255757334861683,0.5483619068219294,0.23665484574717505,0.8491977468431549,0.045544064832234984,0.9974633241884252,-1.4391236966203012,-1.5522518916130104,-2.211674497316151,-0.8868305982192121,-2.6152298734073463,-0.5314697860345085
492,0.7174935882189366,0.5153394542549378,0.19454855821999706,0.8210931968434747,0.009833434989727313,0.9615401332587377,-1.2190402171895656,-1.4072785309647449,-1.9979685812673946,-0.8348919623832243,-2.3556696478440293,-0.5405396272404406
493,-0.3377620098302414,-0.13779561203425597,-0.512030685574521,0.20601388327915246,-0.7757629161290942,0.35844045750543296,-3.51463060081866,-3.2591810490832382,-4.451591239602388,-2.185222264498055,-5.255709934296149,-1.7692565026926323
494,-0.41843413978799404,0.18196914585803148,-0.15707971301739754,0.5012809886738461,-0.37065874094218315,0.6442268626133364,-1.8346697413162152,-2.084032696330932,-2.7285183854473525,-1.4696828873422834,-3.1852339184282585,-1.1784254568316328
495,1.5722372889635965,1.9253516665489188,1.625350295717382,2.2265133282388496,1.4634875374989869,2.3869523360384357,-0.7756707555816628,-1.6625876719245671,-2.342278234079439,-1.0031084984884981,-2.83230974760532,-0.6885214621294548
496,1.8848458041175422,1.3365246584400177,0.9101386679546403,1.7290624542574011,0.5592819664464128,1.9042239214704781,0.49941849774007857,0.8104553632463105,0.1838887925893169,1.4202809949493125,-0.13818082295263184,1.7098603257339808
497,0.28539524142783707,0.5439141410892177,0.21970298440472244,0.8546781638266853,0.02489941554600028,1.0020414163527218,-1.7929301483569893,-1.3281744975057113,-1.941788578650898,-0.7354203446495007,-2.2959464185557126,-0.4421865449790285
498,0.5265958444667264,0.5333566242599135,0.20121393667760668,0.8578053935990414,-0.013001869089395223,1.0050498035006739,-0.5635855809798358,-0.4786892737543132,-1.0394771840990542,0.07096924995081645,-1.3410789427363836,0.3459670815499833
499,0.7439950698083052,0.6688446592257601,0.3640819299024539,0.9587747602486331,0.18147512771116153,1.0975324179611947,-1.593597110179189,-2.429512558825563,-3.1584944863446407,-1.7439519766198808,-3.7483567279000645,-1.455102541709099
