subj,log_omega_true,log_omega_rec,log_omega_lo80,log_omega_hi80,log_omega_lo95,log_omega_hi95,log_kappa_true,log_kappa_rec,log_kappa_lo80,log_kappa_hi80,log_kappa_lo95,log_kappa_hi95
0,-0.5425814808234831,-0.2836392282026696,-0.6378278060777087,0.04764521019971557,-0.8728203431865139,0.20184100603471886,-0.8805014944740316,-0.8411001705062181,-1.1697531240180907,-0.5271475416172223,-1.3846198078206062,-0.37239401238114633
1,1.1204302518059952,1.1087550874038006,0.8071044253176511,1.3981050887170519,0.6313893618513404,1.5295343905066723,-0.7968964197978538,-2.7780226865229283,-5.324712411903758,-0.8876592503208671,-6.9814851339317014,-0.5523163493081282
2,-1.793190654561729,-0.5324730749252845,-0.8926487751268894,-0.19358161335734622,-1.1235223720417469,-0.04719827273250833,-3.8226806593029803,-4.83155870060766,-6.820758555609237,-3.122959823957149,-8.218911065065438,-2.559820603834052
3,-0.094250380361418,-0.1448745984511876,-0.5023848287960211,0.18761186706506694,-0.7440786447921197,0.33940958949115396,-1.3032898778852995,-1.3233626928028726,-1.750060314299376,-0.9320265674510143,-2.098157112807772,-0.7697080993582873
4,-0.5561663251567392,-0.4821032202431167,-0.8606847904130379,-0.12832339673668683,-1.1008189476138406,0.02309261953789674,-1.357747945362691,-1.1302670191617394,-1.481185947617319,-0.7976059539879429,-1.6951760727740892,-0.647029423267384
5,1.0614248116666698,0.873396956460054,0.5554853235425469,1.1783007142089426,0.3695502747679079,1.3189165053479948,-0.5828348039722575,-0.7555728831837797,-1.1594260505567382,-0.37917817967508566,-1.4830292778255467,-0.22150453362426117
6,0.9364212314983947,0.8339173887142959,0.5617551857237977,1.0981848999625616,0.40592733370246137,1.222360344777826,-1.7582946488150717,-4.162208675221141,-6.353107222603835,-2.2577909387967168,-7.763919183238887,-1.6669348632642047
7,-0.3335724765153701,0.1771725974427521,-0.12675672543674377,0.4676902447862037,-0.32421424810243565,0.6077052982548329,-0.7099207087515652,-0.3211575607034943,-0.5971346374650577,-0.05635297618379977,-0.7620285274820374,0.0842640057740697
8,-0.4530076431528405,-0.48832702194920585,-0.8517427326488166,-0.1510286712909696,-1.0700212885029623,-0.006932251656607228,-0.815991996792935,-0.8947301932681256,-1.2037389530997438,-0.598744474507741,-1.3861319644321304,-0.46257605467222107
9,0.45335035635459303,0.33483632715934086,0.05184522825140569,0.6078978984872357,-0.12514442726659222,0.7388827119566674,-0.37048306911209816,-0.5742671898653792,-0.8624128886954493,-0.2994338659814693,-1.0372057498724787,-0.16755227761126018
10,-0.5086510289802734,0.039489612162964,-0.28661439805454764,0.34529650614810775,-0.503522540329715,0.49082625304928645,-1.626410737424327,-1.207714254292042,-1.64124858470233,-0.8109499347060244,-1.9947067256491466,-0.6428479903973565
11,0.5379672025114275,0.43458792305971355,0.14033152778281896,0.7212980885141778,-0.04638967243329771,0.8514512313474085,0.11563291659066624,0.04708143880497101,-0.2453693672230762,0.33162738856105733,-0.416383089285244,0.46834247612209107
12,-0.38148604856542573,-0.41969972063311684,-0.8226030002348694,-0.043597140122430766,-1.0947238447080925,0.118924736010029,-2.036121448764191,-4.383261905564953,-6.474033132522571,-2.585252097069448,-7.957486773387424,-2.055131845112102
13,0.5959063186795549,0.4284502519967686,0.08850130270018021,0.7494372687491041,-0.13434012266346462,0.8957104200771746,-0.9395366108317587,-1.5036335016600697,-2.5629211969512196,-0.7075647696277152,-4.84693979408776,-0.49755797023225157
14,0.5878085927737848,0.34304417123174547,-0.004004751014793448,0.668310067206565,-0.2174080629922053,0.8231810467039102,-1.1159598020813912,-2.4858982997978285,-4.565436918517517,-1.177965259217034,-6.352606357607266,-0.9031353736655892
15,0.7841927494822861,0.646760309296245,0.3070823262697394,0.9712700391748821,0.10493383985535788,1.1291291417016964,1.407000990768683,1.3213335756338929,0.9640564163318186,1.6792457329381727,0.7666205296601363,1.8664944037746738
16,-0.7597395221561966,-0.5482967514586229,-0.9924290171966762,-0.1469709272209719,-1.2772106677301418,0.022520178638545954,-2.02894979189724,-2.2003799559717185,-3.1367499759769917,-1.447539489139115,-4.654404393561089,-1.236502181915849
17,1.19566259436294,1.0364389032611085,0.7655704284322176,1.299091825086711,0.6109155286114796,1.4292836399221223,-1.0249458159375515,-3.9498779022016914,-6.228589475072731,-1.988326759536602,-7.69177392104679,-1.4036774879126448
18,-0.5922751086819037,-0.15048461405084448,-0.4915432386640213,0.16253647118548412,-0.7079375506605436,0.3052711188996742,-1.4906960523697648,-1.0413229982605103,-1.4037728995445822,-0.7019854068482888,-1.6481241904502273,-0.5429993422097621
19,0.1687899996943451,-0.032983279685369606,-0.3372584432270862,0.2564472456769739,-0.5268329673340942,0.38773303664552217,-2.823490355313395,-4.680240623879588,-6.6709917944264046,-2.9542982722700626,-8.038003507699305,-2.4157613269644513
20,0.8253141738918045,0.9496504337406305,0.6292943060050541,1.2576510134099177,0.43148691507790204,1.4010329582717773,-0.7039362881783958,-2.0008951378059683,-4.382685666394911,-0.6120548232707768,-6.220279806343327,-0.3741817724548413
21,-0.0638111408101708,0.26278239363438244,-0.006911030454718539,0.523752445744018,-0.17467625843187634,0.6510577103140645,-2.503386777385272,-4.588341473632076,-6.647476553673694,-2.814659439669282,-8.028188294200241,-2.262535517252629
22,0.2932116491212735,0.4269128468774511,0.10553415654000994,0.7345552695539109,-0.11023368240178663,0.8735090354666148,-1.4562276932044744,-3.2343857268883767,-5.551595200849753,-1.479272990643315,-7.2013384238098554,-1.1458279831247842
23,0.6508495388850243,0.8245218981432143,0.5184453361156525,1.1157538024589213,0.34112891995038347,1.2628445436343074,-0.4504418942326405,-0.17674340071091907,-0.5025129166467919,0.14331814633289952,-0.6953728096666022,0.2963927602792107
24,0.44601216353076845,0.4748847190843407,0.1615690171742586,0.7819094324998536,-0.034150154177770786,0.9204321591127003,-0.6670500918837495,-0.4674576661248983,-0.8723823906034625,-0.0695159491781818,-1.1056186880758474,0.12092014025126457
25,0.6769875003093901,0.9216940731607611,0.6606017251667566,1.1734111165021517,0.5129328543623687,1.3003673086148941,-1.3326329767931366,-4.291674799052342,-6.42444663253538,-2.413755186495674,-7.87529703017144,-1.8440596728046903
26,-0.8402591582711583,-0.5392196533282448,-0.9717300555598094,-0.14268565246349657,-1.2628982752480202,0.03729691703014522,-3.417262616820191,-4.2935349214214344,-6.332695317241115,-2.56118306167494,-7.835290894443485,-2.07105164374993
27,-0.6117082537521126,-0.3965932167224213,-0.7835225660877092,-0.034499830731995695,-1.0080228801172468,0.1252393117901077,-2.0182192422798875,-3.5804961618164994,-5.749096104190132,-1.9471777022485255,-7.351055046608284,-1.5789583959805724
28,1.0463130853294504,1.0751902875219468,0.7728340548514772,1.36373381383035,0.5902493064163328,1.5009684583203844,-2.308416603571097,-3.1714550419489096,-5.656868845682372,-1.1235241978366375,-7.251764566940857,-0.6959008285151733
29,0.38260737952063334,0.8629068209144012,0.5712819894609572,1.1467370069991192,0.40331102521120077,1.2829240235280206,-2.960651279581051,-3.598034321401385,-5.952656322288868,-1.630492865618431,-7.5046456646889395,-1.1657848020045325
30,-0.9573058152147591,-0.47227035491274116,-0.8452367100812959,-0.12640904071678555,-1.0847814786476375,0.03246845356280023,-3.7145059755300895,-4.381111819752492,-6.404004155793216,-2.6689866881387454,-7.891480161657166,-2.1425006525779797
31,0.5846284424893028,0.5911839588891478,0.3133681228773788,0.8617592155655083,0.15144745561661788,0.9947169820258052,-1.4896128068208725,-4.193166084317676,-6.331431597354264,-2.3413875751318094,-7.7533554546599035,-1.7891531634604272
32,0.9939579718366566,1.0256181572829703,0.739648608855588,1.3004011208044957,0.5700915016998952,1.4325826725908017,-0.8112400812683521,-3.4755775752225553,-5.825881275872792,-1.4644510235456931,-7.356084278470794,-0.9892800578099074
33,-0.42505741185408885,-0.23881242286936388,-0.6367724614510126,0.1274122680244958,-0.8800970036685987,0.2873087183355526,-1.901462680442647,-2.8067406740268526,-4.7030075115007985,-1.5438983805200701,-6.4449899960635895,-1.272365635209268
34,0.33995991461618513,0.609239176840164,0.3250998284695602,0.8849836643063906,0.15129413515488654,1.0135960730733458,-0.36131531599367417,-0.13796113240804375,-0.433927238022582,0.14835488051438284,-0.5987492137807519,0.29191305557221303
35,-1.3524129562433478,-0.681634794169687,-1.1157256091430716,-0.2798532356205753,-1.382663957985167,-0.09496027965718795,-2.9651513664653075,-4.6410843591063875,-6.6567014390567065,-2.918485772010973,-8.09108827922068,-2.3824587835889135
36,0.011605982806340558,0.20029957926196176,-0.08673793397723066,0.47513859026816185,-0.2669038281650035,0.6089709628311908,-2.9106125646680368,-4.518064905109527,-6.569061702839036,-2.737616164648934,-7.995821648965026,-2.1932300285292934
37,0.6516330442612128,0.47948670536370985,0.18678283370603124,0.7607026700903503,-0.0007714673621707355,0.8893806725121449,-1.543643573937359,-4.176674286812962,-6.339688200249442,-2.328691762871269,-7.810617809871113,-1.78402294419543
38,-0.006095090010010044,0.4766264727459925,0.18756978014502493,0.7569896212267798,0.016707482258635855,0.8889888980827053,-2.16648064859643,-4.251062652159133,-6.4526882641775645,-2.369415532598213,-7.889059972503789,-1.7988037752705521
39,0.14429715760317074,0.5311891668798304,0.2656683692466008,0.793218631929427,0.10706129636099435,0.9117422740461955,-0.6409226887585238,-0.2663665143829939,-0.5426150072969391,0.0002739408966808346,-0.7010316609033727,0.13256269251040187
40,-0.19372034264279608,0.4562118644547357,0.16865310720185295,0.7321332814103967,-0.004928804489500806,0.8658111170434433,-0.7751792691752897,-0.2890448910286529,-0.5812143364738407,-0.00598165968372049,-0.7493452953078079,0.13002991667168465
41,-0.37259988747231326,0.08684131477727983,-0.2409278381028748,0.39583075503554677,-0.4549843648183268,0.5369252995539047,-1.9413862554269052,-3.658722855432473,-5.9034362702679495,-1.880399193530551,-7.485333266793231,-1.4778729232477514
42,-0.12552134325436531,0.0029561123773241666,-0.28392259150860155,0.2801085663683389,-0.4593194770949709,0.4096735164332176,-3.276766346480301,-4.688353606688161,-6.710289420436449,-2.932341044562673,-8.008595340148746,-2.3569241845868416
43,-0.13307916733250139,0.03165910031777374,-0.22310455955061592,0.272751337235755,-0.3715119722574566,0.39154583129801795,-2.185029680678271,-5.137258777242257,-7.0117737827486035,-3.5045940169785696,-8.332372047582359,-2.9442297420756116
44,0.6312455794777204,0.6501208763670425,0.3299311625316189,0.954975646304439,0.12455478003718426,1.1080197786825763,-1.0292632403178206,-0.9893279311045843,-1.4698535507087866,-0.5211651942417389,-2.1524451067756587,-0.3382051978432816
45,0.3177577808247064,0.19386536274936098,-0.15149407666986892,0.5189404536187284,-0.38704927822148444,0.6670590531277152,-0.642243385946743,-0.4819855161409441,-0.789227099590039,-0.18882758842245048,-0.971657103398663,-0.03908248457973977
46,-0.1791459594893118,0.027709829065224997,-0.26778328037550003,0.31064663104214935,-0.4531494703441599,0.44322118273713285,-2.0997151358328425,-4.755694428432502,-6.753497565766046,-3.037265152381114,-8.053940862930423,-2.473758551059772
47,-1.7758892908973298,-0.38058320749678837,-0.70500247437246,-0.07449819713925716,-0.896934490697866,0.0700773800162512,-3.4334211310698812,-5.044070811046578,-6.968721203408152,-3.3980551117157,-8.251472654598706,-2.820655295332163
48,-1.274598385663805,-0.5168969927694191,-0.8855054817271544,-0.16634262475872189,-1.1162392394585332,-0.014725361354816138,-3.0629902173640393,-4.688138083924129,-6.680720272198031,-2.976247501230987,-8.002627484111478,-2.432192487876286
49,-0.3992514438950829,0.4438946616908603,0.1561054111776648,0.719886647136605,-0.01783759065042199,0.8549329153324305,-0.7883797824831625,-0.09372413719698267,-0.37841142281793994,0.1815702480664687,-0.5313249521471627,0.31730547272430143
50,0.8543147506865115,1.065709695613344,0.7741949502696631,1.3486298183794472,0.5975199180671685,1.4761044592852286,-2.3953670783364,-3.6844882444229303,-6.048887965011174,-1.6777075918585105,-7.561156641792179,-1.1310021885749524
51,0.4522321222108464,0.5094776549129273,0.22262493156222124,0.7905812135448174,0.044065992703440394,0.9203403461415907,-2.2211818371682646,-4.020326401982368,-6.20184155546289,-2.1313322175212464,-7.716366094293965,-1.5941850298504645
52,-0.5108180582238357,-0.15482244596147382,-0.45489586011030836,0.1308504364762912,-0.6351228205296848,0.2638987043657016,-2.7481878797624777,-4.572568002996321,-6.6003139711459395,-2.826039816007202,-7.967185450593293,-2.288774665270946
53,-0.6165858735990501,-0.30094217707451903,-0.63449407529769,0.010108772546327844,-0.8368437932709248,0.14635841948344114,-2.735598071170786,-4.976881420001235,-6.893941852536287,-3.2849637954289217,-8.256778672547497,-2.7369224934561416
54,-0.7959212808955604,-0.6260794083344643,-1.0066888502494753,-0.264161689683404,-1.234184076667293,-0.08504625600188274,0.01152343866346881,0.3742119180219756,0.11534839055596638,0.6390316184332224,-0.021493997031222043,0.8009717927171454
55,0.4562389293534763,0.4683334768995676,0.13458597734330843,0.786458756284912,-0.08206820486966522,0.9323669489066865,-1.0371862989383445,-1.3961715966094452,-2.053425256694619,-0.7991369919996074,-3.440406209475358,-0.6080226981552557
56,-1.2623228850783164,-0.32958454098181,-0.7304347347283473,0.042038970150129466,-1.0247706791240347,0.2044120842004617,-1.975059233513981,-1.5284231225302523,-2.052448287821823,-1.0562964425033523,-2.5667619428717114,-0.8756283284171578
57,-0.27693080000017034,-0.23686200631869617,-0.6245098834906748,0.12135084872223528,-0.8866992784658771,0.2798838598810314,-1.3225895459692398,-1.27923231260268,-1.7077459823908203,-0.8865264675207846,-2.059888181513994,-0.7166854228379084
58,0.20312238426284515,0.669170452326864,0.34154625576998204,0.9817192623693386,0.1453293846227144,1.1316903973692476,-1.2506626452527658,-0.67407359777657,-1.046216874046703,-0.32008565750802426,-1.2949750785403709,-0.16400369660053687
59,0.6535892776062783,0.48484883994855016,0.16428086595325408,0.7963225977449662,-0.04343668185633467,0.9460331538601903,0.6435407048945596,0.45616796884691063,0.14598346928618958,0.7605418249562095,-0.029916236839895232,0.9186250754778772
60,-0.2705599821644415,-0.01787018049002377,-0.3181411435450784,0.2634852253250901,-0.4941159164704711,0.3904624944226539,-2.967400570561982,-4.925271375273736,-6.847457457171638,-3.240062107524352,-8.133141271421602,-2.708947432227998
61,1.178916229058748,0.8506499056305137,0.5706079076353869,1.1225759598185334,0.39896492872371825,1.2531543336428328,-1.6127184919229791,-3.862866665651065,-6.119280204577854,-1.9255170626986025,-7.674486776538419,-1.3881324165075908
62,0.7316515842094992,0.7208813137377101,0.416131472393492,1.0144434414417156,0.23016734915757134,1.1543333771366358,-0.533295860766609,-0.6399653395781718,-0.9667161867175846,-0.3244708825592264,-1.1803134658083394,-0.1803689564308275
63,-0.10832977177791049,-0.027705356583283155,-0.35262106001937776,0.2767794900863859,-0.5575422112137833,0.4205952138962727,0.703794111770413,0.9143620567199007,0.5866937384595243,1.2386530131420121,0.3988847359198151,1.4139836165372568
64,-0.9023606407848273,-0.4472215318029369,-0.8304097197443223,-0.09152365603692506,-1.0632394055715688,0.07188619764498265,-2.1699724693436133,-3.867710250173968,-6.014537932495758,-2.178517628919327,-7.514113283830742,-1.7808570105270802
65,-1.115544817456186,-0.21362146038078192,-0.5631761969939879,0.11241465795147544,-0.7926149678508077,0.26034721818829243,-1.7203118864873443,-1.0017658608657112,-1.3553658762094953,-0.6727654803669638,-1.5903294063718465,-0.5235679716305934
66,0.2127396820527264,0.8200649316886102,0.5391723666721001,1.0946372916951352,0.37043163001902174,1.2257104592159966,-0.650650854559054,-0.09935405856695938,-0.3930106360707799,0.18285988286231175,-0.5522211657428434,0.3283823826082295
67,-1.3575301923183005,-0.3581097164658878,-0.6753819409402821,-0.05712615287574857,-0.8758336973001967,0.07507216962139705,-3.2558775341787705,-5.053647678360775,-6.9596509715247965,-3.4063706598453196,-8.282854271676435,-2.8184348560865073
68,0.840271064618932,0.9026301351619609,0.623819680124648,1.1720402137880297,0.45914074953881623,1.3033307969535,-1.3534640454332603,-3.861579928996248,-6.107751407080408,-1.9175145080080118,-7.5937830323494975,-1.340582487703601
69,3.1536397754066683,2.522503869230923,2.089541636307304,2.9772490135217637,1.8911400271600192,3.2085564358227896,0.3567465202542249,-3.2651852518872913,-5.86419439048847,-0.8818404403658231,-7.3634854247043275,-0.050492118067904164
70,-0.45409433242147274,-0.3037624673282275,-0.6497648642594701,0.023838041049749147,-0.855281910441188,0.16708165597407162,-0.7471582121054041,-0.7254894712686657,-1.0358303496975303,-0.42208743229641743,-1.2141945558677472,-0.28430357501918296
71,-0.7256383166901378,0.024944941078066076,-0.2754954146439048,0.308930554299089,-0.4746618275542516,0.44561414750485845,-4.469358602522531,-4.698330744509201,-6.6976168441866575,-2.9856636457188404,-8.133025302945502,-2.4267250173796113
72,-0.6083135734949419,0.2043008710116559,-0.05354947100486279,0.45400232273001023,-0.20395764342096134,0.572616052321802,-2.532993560643215,-5.027545699073417,-6.914290221604446,-3.3606093977805793,-8.314843048492632,-2.7914285201078144
73,-0.3125413836826048,-0.07445405771061603,-0.38543378855894533,0.22372018673317712,-0.5765023993424477,0.35593062150718946,-2.3358670685563245,-4.579335807669442,-6.62605265134948,-2.8289061377879205,-8.051613015406824,-2.2973397736561463
74,0.6932576340126811,0.7997769469957877,0.49020292137659954,1.0959551654449144,0.3158635510690263,1.2365601080755564,-0.17367789480673368,-0.0933817438520763,-0.40058413940442766,0.207692050005445,-0.5720448789003516,0.3590983027769144
75,-0.7567521962731221,0.038765138036662546,-0.2614702466446631,0.31804917198084215,-0.45123135262629244,0.4493880239098021,-1.4998686901657654,-0.7907780837381048,-1.1040622867536534,-0.4946895275753084,-1.294143366419062,-0.3475302531130546
76,-1.06462547609011,-0.26745838911369413,-0.558359890998854,0.012001625330968801,-0.7305929607561198,0.14490044385057765,-3.6645033115177066,-4.853296680857254,-6.840377258066107,-3.1318228121219325,-8.23980161754232,-2.6080658197265016
77,1.350550417775721,1.5033909390420843,1.2303608302023414,1.7666739474120492,1.0708056391906264,1.9045572030054732,-2.0835092558823436,-3.4563831798154245,-5.851545581130629,-1.3509416577795172,-7.325179087478609,-0.7711964576738649
78,0.8604777093380155,1.1640838164754286,0.8844491285992286,1.4355460101912048,0.7177838816946281,1.5716761960357923,-1.6352814439548407,-3.7030754282245733,-6.032869697608117,-1.6603972792279322,-7.543299372846927,-1.1109241493704365
79,-1.0261439349639678,-0.2204723361764865,-0.5566640248037479,0.09355630550047396,-0.7783006949967556,0.22928346822984708,-1.9158831791421544,-1.4084740185725162,-1.8492756572785338,-0.9958365108131555,-2.2674833166625494,-0.8302590769242307
80,-0.9071718379743876,-0.40822233479211234,-0.7218608935616037,-0.10976865648192247,-0.9249726854600775,0.022382693830843136,-2.6560707888827624,-5.040870141604471,-6.985192002259398,-3.356773596468962,-8.3017013241894,-2.811514675731907
81,0.4733794351431989,0.16839659698124804,-0.1770507325021788,0.4891689261720576,-0.3892443581691197,0.6365394024757913,1.4965130659594863,1.476384075783432,1.0720914434692175,1.8775111327024643,0.851339253698504,2.0875741605972435
82,-0.19158518769751084,-0.4502334446211711,-0.8754832802030139,-0.051075227308071874,-1.1655068223938507,0.1154133226442395,-0.20366176702655012,-0.333442355020429,-0.6571425763880109,-0.02202523934916915,-0.8502969603479581,0.12323268650392183
83,0.7975135146107319,0.9002672952230114,0.6060851206682869,1.1826483051585897,0.43565171911550454,1.3182815096294693,-0.411833921018048,-0.12034408952867928,-0.42120851864036574,0.1719185575789695,-0.6088086184269431,0.32774224260266804
84,-0.0254631175815069,-0.048489811298813336,-0.36891923914487956,0.2512927261279891,-0.5714967188918599,0.3836696037556899,-1.75396425357042,-4.452366027999358,-6.52418029806728,-2.6548531198549523,-7.980843346082038,-2.118705919436918
85,0.09825090953330944,0.2991006538382403,0.01689538151941061,0.5671377100604471,-0.15115366097589467,0.692800378270034,-2.544286223712863,-4.593516410112224,-6.650696454757425,-2.8147417735703817,-8.010520915639495,-2.219233432806208
86,-1.0352080393006549,-0.38388669744700044,-0.8051986031203908,0.0031968973059676676,-1.1041162305837289,0.16423944557378017,-1.846263611047122,-1.4262564719246815,-1.9761383425097063,-0.9255164852012009,-2.532637218352599,-0.7254029569041978
87,-0.3948224940098422,-0.053899391974979186,-0.35100796354052316,0.23324115506964033,-0.5286493464678956,0.35700255535406494,-3.305173554999698,-4.971816525079264,-6.935446945110187,-3.2892361357665747,-8.230907065870348,-2.7154123075232737
88,0.9361088307082485,1.1930558668001647,0.9065284178877707,1.4702508260866214,0.7503678805950589,1.6080082312440018,0.510205681444784,0.7162688411593254,0.4346972287758854,0.990990403211131,0.28489965479800106,1.1280646156528091
89,0.2321113909823776,0.2731719598083883,-0.0068061965908124975,0.5451248321667168,-0.18186035801829056,0.6725804065802835,-1.7875470202778303,-4.352418865717477,-6.44151890763162,-2.553553884951628,-7.837984160856438,-2.0271791228285205
90,0.8516067052471021,0.6160700895021383,0.3088280014441723,0.912308451933853,0.12071901829795575,1.05829358217516,0.13049532232226732,0.027603177777308138,-0.27916790161369875,0.32722309867187416,-0.4535396035670993,0.4794267179862587
91,0.6973079836806367,0.6684282266597448,0.3917165688612351,0.9361654089471348,0.22856795419798703,1.0623841561730463,-2.3892913600568906,-4.264089733596841,-6.416415996241066,-2.426667741816205,-7.78926404257228,-1.8337781059487621
92,1.4064608444994866,1.5668566884214632,1.2976350645995502,1.8303890971515853,1.1400545791310006,1.9657964582642864,-1.3797392484830624,-3.464325739457035,-5.836575749379349,-1.369383718124431,-7.380951056561489,-0.7783333971305139
93,-0.7349975807238923,-0.055882904889404915,-0.37428015177160073,0.24634300404600953,-0.5702676230874826,0.3884471003882214,-0.9949839642887216,-0.4607204115065941,-0.7425282413046228,-0.18845656571907676,-0.90443080351148,-0.05895747126850907
94,0.6481096649577148,1.0364999777348678,0.7624061752389404,1.3016141498690048,0.5975811183114934,1.4276460217659173,-3.8070839396375655,-4.104435156074554,-6.2986402908330925,-2.1895352537167194,-7.695847233067517,-1.5665517277139376
95,0.7546901632247452,0.515457235719329,0.20884317963077595,0.8102813224521968,0.021660121449997308,0.9535795988252409,0.7907315865012147,0.5631692104081352,0.26680978444888476,0.8532711761779791,0.10181061083631068,0.9949979900799604
96,0.9710409294570417,1.2189801487641645,0.9504603956455872,1.4761681386484675,0.8036441074954764,1.6042989986549452,-2.443936083122476,-4.1274511136807535,-6.3627286392029285,-2.1731288720312856,-7.838178111814007,-1.5426573812016782
97,-1.0981791268193097,-0.10272982246282016,-0.4201049067213175,0.19983654819198668,-0.6077315406224206,0.3346296556478294,-2.8017017308702643,-4.436315672464777,-6.498391888130109,-2.6665735855839574,-7.950504055023261,-2.1108130278383586
98,0.09002841096938993,0.17061739023672015,-0.11335184522800218,0.44127829597448187,-0.28618952932213126,0.5743907394844445,-0.5952536306350141,-0.4776023717351958,-0.747186383029857,-0.21862578307018982,-0.9065678165647963,-0.08919163513455071
99,-0.04444980155289639,0.25441545270536003,-0.053376298838289066,0.5449980628768648,-0.24311952020681663,0.6851644436204121,-1.5201355160860242,-4.173403954487498,-6.327112694658866,-2.307721360916823,-7.834305421645656,-1.782522067560861
100,1.2695227530821291,1.1314804981944653,0.8589490504183678,1.3953124723788721,0.6942086307695683,1.5185597642136228,-1.468298278452595,-3.9285151856922145,-6.167410447089447,-1.9438722261216574,-7.657196725919387,-1.3481565428220121
101,0.593145532934035,0.6148576477063091,0.3392318165783337,0.8867323134530336,0.17323363321366803,1.0142283305953714,-1.6008020300336696,-4.065002725486305,-6.2342677691601915,-2.2160486088001887,-7.667368957580072,-1.6735070981934432
102,-0.919524707084954,-0.3677005491263759,-0.6977153875598925,-0.059728432500030744,-0.894900695518304,0.08468475367461137,-4.278450275026416,-5.077748827109646,-7.0057091515860135,-3.430112565768119,-8.349226295183776,-2.853096229067631
103,-1.212340739383346,-0.8213562693387992,-1.1957930088295423,-0.46384397185607024,-1.42104003283562,-0.30793196745157586,-2.3660536515320265,-4.535587575365787,-6.539592571436544,-2.8409953432287227,-7.883371529235624,-2.3713056150047995
104,-0.5792689827754983,-0.1306009259709832,-0.4180890096663826,0.14514236540584513,-0.5843799560647301,0.2706938325002331,-2.640969547992608,-5.062746348919685,-6.9634663508331585,-3.416720325447506,-8.308564439486828,-2.868674344944648
105,-0.4661392545125805,-0.835308219194519,-1.335159194349707,-0.3603492742023019,-1.6203687592007057,-0.1455582577565884,0.008918079196985411,-0.08013624613239867,-0.39852045031174027,0.24030218642400536,-0.5573241958944436,0.4035764427146402
106,-0.26312479589671367,0.19274757693050965,-0.12755444565681798,0.49170807221669854,-0.3263018388321467,0.6244759104803036,-1.3896572373390386,-0.8983435516990351,-1.2799768396697702,-0.5423332049394528,-1.5523219516354871,-0.383333984927843
107,0.6603586241647407,0.6416795176251301,0.3423940630426855,0.9316966084688086,0.17295063646922448,1.070466886072191,-2.251486416702161,-3.2354732844659373,-5.600855887474583,-1.4187461035376079,-7.163887759420955,-1.0369061151381622
108,1.3121440249749987,1.1233771977058027,0.8497764711369656,1.3875536427177015,0.6932191206377157,1.5161708240866543,-1.1826298211564001,-3.795255109208278,-6.08677991030508,-1.8087360452536962,-7.576852445022719,-1.2467563299244815
109,-0.5054324147407689,0.04131013447267004,-0.27748536106079785,0.341358733299839,-0.47494269636505304,0.4754375676306947,-1.582031317989766,-0.9815134340345748,-1.3256177787663084,-0.6580060973805083,-1.5711641847371032,-0.515607886755157
110,0.1509462522004685,0.45655883625694904,0.16705482995517737,0.7332780256154434,-0.011852893974872887,0.8715514098458821,-1.9167601557857525,-4.15590633261498,-6.291720342804128,-2.3290526536766345,-7.739483000811144,-1.7836751757869458
111,-0.6352883541776689,-0.6423849906741944,-1.0333191340407528,-0.27915360070278805,-1.2778651827706804,-0.11469431892330564,-1.0400237192535557,-1.0435291224406624,-1.4044708281122558,-0.7039227756810189,-1.6398975948427001,-0.5468396409807086
112,0.28792673120478335,-0.0033944979486834888,-0.32058391541262793,0.2971041735947142,-0.5123957485220926,0.43783037046650525,-1.4936430058055932,-4.469600341470295,-6.5354887068399385,-2.6894929589144425,-8.058136927183833,-2.1652491054129452
113,2.636632933312343,2.290991850217747,1.9075383277630305,2.691017373844297,1.725083304358908,2.9208562955066717,1.3192052124572167,1.1053963049218893,0.7123650882218959,1.5142206342600888,0.5234202974087054,1.7556577313846262
114,-0.5332726142129293,-0.29310607411249034,-0.6081286480758702,0.0012130215760464218,-0.7970262936107743,0.14154985804291928,-2.619796103931982,-5.094046073491352,-6.994176368873456,-3.440080506760156,-8.357985355649648,-2.9069523089647213
115,-1.0421760028898184,-0.19788263780549545,-0.5076210103706362,0.0933460544282747,-0.693415395948387,0.23039673678908454,-3.355701734924278,-4.821558629460903,-6.804001624497239,-3.1417561810054297,-8.099190250441962,-2.5632625648264615
116,1.1112014150251415,1.1972607509802964,0.9324996846340938,1.453711351480855,0.7851358171716414,1.581762323019743,-1.4455762808160708,-3.9320811448594846,-6.168892878131658,-1.975869722260704,-7.6291177701028685,-1.3704081471167542
117,-0.7442735021708691,-0.012162425887544343,-0.30656421044838256,0.2644216257471862,-0.4884127369654697,0.39453169462432514,-2.3594766104677714,-4.697727109960978,-6.683464376918331,-2.9624524432733828,-8.125606510908149,-2.390827960973316
118,-1.048729608473816,-0.41007526623663226,-0.7408841606763567,-0.10193251342095616,-0.9433617803985549,0.035972329226966936,-4.378625807994038,-4.920256447487282,-6.890768472663232,-3.2287988559428142,-8.197434530095919,-2.6926621846211405
119,-0.8090848269881415,-0.33010144334332087,-0.6744300577350382,-0.0037802521087333804,-0.9039449311659824,0.14170836828777608,-2.836423196397522,-4.7535589654935535,-6.763240120534587,-3.0404714683119,-8.169666632560704,-2.498314796557631
120,-0.4025805945440397,-0.2103061865845631,-0.5248673008245666,0.08609931966708387,-0.7188596367091822,0.22735137462515342,-2.7011491310070497,-4.76388468020569,-6.761444778892835,-3.0466408500997337,-8.102587402911954,-2.494551580174998
121,-1.823542470600355,-0.18141828909026242,-0.4750140064091299,0.09740108213914304,-0.6566111760537423,0.23062456292685043,-3.522203440127392,-4.874065445454792,-6.846829639695057,-3.1819672081220696,-8.183689793303756,-2.616013226463299
122,0.13162586756779693,-0.16069329854500142,-0.5860788348110161,0.22982298394098208,-0.837779481040116,0.4022867090818428,1.6178241876911732,1.3281515958772332,0.8890283231571721,1.7714459853613305,0.668687313773981,2.0188059785377703
123,0.9119384403441637,1.0329142084488523,0.7626647714015579,1.2925825849221746,0.6095408312647823,1.415192245679682,-3.4929894995574937,-4.083613218734508,-6.315017220596641,-2.146928081420799,-7.7362258103334165,-1.5605349566167297
124,0.580598584315726,0.3139656545739324,-0.05265296961014872,0.6563885283227425,-0.27312466994613016,0.8126338303968584,2.623099551470391,2.1430326164872238,1.6895244222455823,2.600013829954662,1.4538215071222418,2.8496374198748002
125,0.15593486710713464,0.8655582767801102,0.5884113132365762,1.1333862719184529,0.4288139268511295,1.2628216905441363,-2.134984598417147,-3.7332239023775253,-5.9812300089571835,-1.804568528295702,-7.516500968850277,-1.2710762277159653
126,0.16438162371187875,-0.14100824626316208,-0.5063591174365587,0.2070151645989253,-0.7387322285631378,0.37482919969153594,1.0058022512321083,0.8910975083908871,0.5400487341089446,1.242612107300686,0.35072477682737063,1.4294968439450417
127,0.5335270628925876,0.5116107939946569,0.2544645401418214,0.7650492282270164,0.10257012296974723,0.8866557345647164,-2.0833704567992597,-4.350724082447895,-6.457220332329886,-2.516494614240766,-7.960191952288622,-1.957585952434617
128,0.005740012049678267,0.2423691381409212,-0.08817973213660084,0.5527006325159262,-0.30439121188308893,0.6971854177664998,-0.8782971266771705,-0.8341804062262239,-1.1984562838697752,-0.49053252171171424,-1.445075984269037,-0.3235029045785506
129,-0.9941519296487233,-0.5291523906791127,-0.9137174644149868,-0.16710479707675968,-1.1781714808677346,-0.004930279778560872,-1.3792111588797575,-0.7907839987730366,-1.095338563982035,-0.4971395248982539,-1.2697622432609468,-0.36067484087067486
130,-0.22934194320539297,0.029960905850984054,-0.33651928679192566,0.37048644977802586,-0.5835210374824772,0.5260655706247356,-1.8045284243797388,-2.2586831438750843,-3.908107422253642,-1.1957959280414963,-5.803584737759647,-0.9659000140476793
131,-0.2208240609642124,0.29406022826668227,0.0024212020936256293,0.5708701639850667,-0.17841934605741067,0.7086777719716841,-1.1023806213078158,-0.5116966810122153,-0.8008334226655989,-0.2311049012939714,-0.9790030305206324,-0.08676782444170146
132,1.0425639000564388,1.0236029828220499,0.7548569608098056,1.281344194326344,0.5933122908263906,1.4077811233740867,-1.1876697461658219,-4.1416273951380544,-6.364607016819224,-2.2072173208851043,-7.846807318816984,-1.60916726831291
133,0.40907094450668063,0.5520308163975198,0.2686935157090879,0.823599775260245,0.09916112924626637,0.9541344920702004,-1.4388742331767244,-4.115403871331818,-6.296515985416304,-2.25749102577574,-7.750565326332445,-1.7254077655623188
134,0.10293276884340567,0.18056564493182753,-0.13116702086309906,0.4785765082433391,-0.3222907385285603,0.6187261457207872,-1.484579219264339,-3.7627620602005836,-6.015060764546343,-1.9181459965684817,-7.443728723706029,-1.4786632720862731
135,-0.028193313575784845,-0.013974259052682663,-0.33873380518116464,0.29075508284375734,-0.5393488338892471,0.4279657590247204,-2.599936479452481,-4.429629990050149,-6.493060053807271,-2.661018178706383,-7.925131702570475,-2.0915490511970467
136,1.5689018796003276,1.4487138741352195,1.1821877114714385,1.7056182179947488,1.0385815632742588,1.8297299047709366,-2.2254936783664543,-3.836597648991173,-6.094216824285247,-1.8304300110826464,-7.60336663212327,-1.2052321294747685
137,1.0992187395731716,1.1839557547860728,0.8920257482006976,1.4643816896777573,0.7185264509341606,1.6019164100789096,0.44426336168761965,0.5639295796784554,0.2626799889102634,0.8593344080661508,0.08234597362145525,1.0060815771827627
138,-1.0966233745945495,-0.5136705188043497,-0.9235314792695181,-0.12316591180487776,-1.1854105426734685,0.046887834495551735,-2.2865388484843177,-3.1593607480699424,-5.090114734061294,-1.806893274470627,-6.774167320357739,-1.5144972386333095
139,0.8295642448892129,0.7432569469265445,0.45394962182529186,1.0243537850483435,0.27784579026406847,1.1589187934301748,-0.03395257234998206,-0.173280701891389,-0.48614869968109187,0.12561064718970624,-0.6546383206952738,0.2748732553005135
140,-0.9775424577853544,-0.8379139044224758,-1.3102554115823697,-0.3986958918984576,-1.6115458902840807,-0.20272301788045852,-0.4645878429779144,-0.32710351398676374,-0.6394232927907416,-0.024411980633345525,-0.800879607505067,0.12174964874182832
141,0.8465717387754246,0.6674742240675762,0.3452103085402926,0.982441072020156,0.13938492844134875,1.126587958392847,-0.43527917285583384,-0.3445036181203595,-0.7064650389939192,0.012328694359036023,-0.9259362984474566,0.18712704833375388
142,-0.7890930744622008,-0.2543087056740656,-0.6284413812144787,0.0932396142574871,-0.8722943777179173,0.24923744688258848,-2.915437742606139,-4.505110963213225,-6.609313485608409,-2.7164570899524327,-8.048631565451348,-2.1531146344698184
143,0.24015742807392745,0.16283710954364175,-0.17786408964293207,0.48413631828062126,-0.3911550035503477,0.6332782793770627,-1.2171456893709525,-2.170749057404067,-3.86404655797024,-1.087354100052282,-5.811370280629361,-0.8538808527348412
144,-0.13508636277105548,0.48776038970485414,0.22581444763214562,0.7453865048476835,0.06772603822592241,0.8671867811155614,-1.9186179068253253,-4.236676835900876,-6.392885101901356,-2.372144270148243,-7.8381803731132,-1.8188838326716643
145,0.07173536710157444,0.013464069151321065,-0.2811668108023431,0.2957130127471835,-0.47722860174709725,0.43137085409360765,-1.9310685937658145,-4.659312439076909,-6.697800474999509,-2.911954570410176,-8.079780785598588,-2.3596642860210393
146,-1.116005174398459,-0.8504366817309555,-1.378004671490483,-0.3556180085159885,-1.6931148056331584,-0.1450830808038424,1.0703260194752116,1.6538892903953608,1.0965621387785638,2.234142705709558,0.837650824754152,2.6076956779107294
147,0.0964129041081428,0.21029175825710006,-0.06726436342104715,0.47667250793335036,-0.24546634966449482,0.599333470649848,-1.917065470959612,-4.776708532558539,-6.806167695292763,-3.043649359884247,-8.134838412144115,-2.469049704430801
148,-0.05624166470902011,0.4334292150270932,0.11457479144992504,0.7373900091370322,-0.07676571336447373,0.8684485069989787,-1.0645551058945233,-0.6186877077263663,-0.9558234223248961,-0.2937100556694856,-1.1610161228303721,-0.13324594445676477
149,-0.5053260139453322,0.045532144951339226,-0.24682588337617287,0.32498292860424866,-0.4303681807428942,0.4590394925942922,-3.98412181571015,-4.445703094090139,-6.519928976176113,-2.671819774436156,-7.8689336753218,-2.1373340264354974
150,-0.23780779238605956,-0.03117269437923328,-0.4260546352316107,0.3363529936724439,-0.665789281650444,0.5047049160990456,1.145174455872586,1.047427772505271,0.6764262456717445,1.4284510123739884,0.4785364275913664,1.6419388383314815
151,0.24197080534444196,0.47746410866190986,0.2032355434070298,0.7411659746276229,0.04034380538106848,0.8691166456337812,-0.3180930570826747,-0.033175449475776136,-0.3017501285391846,0.22472740913543987,-0.4537909954307364,0.3562547757138112
152,-0.723765104922026,-0.35964716344448544,-0.7121655478921417,-0.031082111699692588,-0.9384177625918056,0.12249110525937544,-1.3655769758241698,-0.9954350070325801,-1.312193906040345,-0.695394062458003,-1.5150896435965122,-0.5442635877519993
153,0.8754158352758299,1.1753726557893307,0.9091382802442912,1.4295069213108076,0.7575348848805582,1.5561797281532705,-2.3372604010344036,-3.8791995428343706,-6.167208198548244,-1.8722942016077635,-7.669298614126519,-1.3016342582150429
154,1.6229438785567882,1.38661202394245,1.1124885648878662,1.6531555251161805,0.9502262264493792,1.781111834486966,-1.225119139221597,-3.2614438315507,-5.776334790006334,-1.1196211017452422,-7.3445428615641415,-0.6125028914555111
155,0.9525730656900837,0.7185150056150348,0.44623016653863706,0.9788022210640334,0.2915438296269646,1.1076185565283994,-0.09778281910989466,-0.2543055328344157,-0.533763040569894,0.016537601228858057,-0.6930823001263505,0.15065081883792134
156,1.2182494897884895,1.271277919035902,0.969970601011026,1.565486759832982,0.7910121907769084,1.7106221908747439,0.6581514464421565,0.5961186523325159,0.28385511300878186,0.9003084565268683,0.10938400063194212,1.0677056991074405
157,0.24861673034181753,0.5844365105666575,0.3013724373115803,0.858683265732044,0.12584999148306722,0.9953560232426162,-0.3741607978944028,-0.07274779532118653,-0.3670947592563789,0.21300109485036559,-0.5373114857138269,0.3594084728747344
158,-0.4028286916145472,-0.17786995067243716,-0.5167235272102008,0.13471545712467367,-0.7338061483002071,0.27639783951240204,-1.2867004389985452,-0.8784823290247674,-1.20159453735495,-0.5742253904614674,-1.4044643770359484,-0.4295520331788706
159,-0.32286409730516163,-0.4817480486701445,-0.8494517168524167,-0.13418504200244424,-1.0629118280884187,0.025403371179425774,0.06901241013158452,0.18027320643400907,-0.10019796220946063,0.45440608307044916,-0.25144860988472373,0.6089253203451093
160,0.304964966929524,0.37102786253536985,0.07014155122501746,0.6582036471628264,-0.12076530339703889,0.7946272249082479,-0.46239092995642955,-0.4585168074325427,-0.7557940010577412,-0.1712020895491607,-0.946800963264072,-0.0364336921067828
161,1.1785615170356527,1.0074636395132885,0.703352430206887,1.2984251877429438,0.5213658724230382,1.4378871912550302,-0.18647281815876096,-0.5263138668068633,-0.9029911478376901,-0.16679521696103944,-1.1861644163667406,-0.012271287839173963
162,1.4684310839445704,1.276166965739101,0.9581084540763467,1.5781997005938826,0.7820454276454609,1.7245434703073639,0.6852050854527569,0.5992390030471058,0.268735952215666,0.923540194350626,0.0866551718221402,1.0852899142664292
163,-0.7086282767644028,0.14334860298258537,-0.13599152783351318,0.4085210328678476,-0.3021770062904647,0.5447064932502662,-3.6357738155677444,-4.491879293709014,-6.581129002326426,-2.6840545416043664,-7.936101151646601,-2.1465153367565755
164,-0.8523004505008812,-0.30918905343894504,-0.6065742162011444,-0.027832507766673113,-0.7855148423116942,0.10604490168441216,-2.985532694898189,-5.002832497024595,-6.939240258634896,-3.316723985809238,-8.243952832293521,-2.7967072855148154
165,1.2548406853925964,1.2364960278054442,0.9536983614888351,1.5110510480023172,0.7930885157943884,1.6429737897312173,0.29641304585628697,0.24516545856043442,-0.052164037123000453,0.538374755575563,-0.21514925636548954,0.6799879058956173
166,-0.9940911008127625,-0.5928053462815996,-0.9812563407989024,-0.22444349108696404,-1.2330392514014932,-0.05871179604154192,-2.226445431183696,-4.137155861508426,-6.232191807524145,-2.4356354670248574,-7.692867125166026,-1.9996167736584995
167,-0.7997660040661111,-0.15103760931395319,-0.47924243210881157,0.15903730554993684,-0.6923564291509572,0.2984971927061084,-1.1977733680031792,-0.7937625177436761,-1.098616824250884,-0.49664214860551115,-1.2878100603905203,-0.35423400392862686
168,-0.007835592277668222,0.42004644374398775,0.12949200985120554,0.6971658011319763,-0.051102940018937205,0.8366538404307737,-2.5315067305388337,-4.329361511205674,-6.422209462642469,-2.534770417835235,-7.773455079354918,-1.9811693257357867
169,1.0667651684590425,1.3605182280279773,1.0515120746022915,1.6509115637140253,0.8782101043013324,1.7940756542718999,-0.1710600358771397,0.10436507616869349,-0.20536396620423997,0.4085938115176851,-0.3944066721918556,0.5607598097373581
170,-0.7734275787498657,-0.5326195338223759,-0.8787734770920224,-0.20870305889047602,-1.0969698894938287,-0.05825781139875215,-4.69129649114174,-4.94937154495379,-6.842710005651307,-3.283891301602452,-8.208905912715029,-2.7160868573575754
171,0.41556421784153,0.4386668530482918,0.1699428692535125,0.6943254453712008,-0.00025463857730415084,0.8231145662890665,-1.5661844577642734,-4.504130785247231,-6.56107959721351,-2.732349412036575,-7.951321950698344,-2.16599151548439
172,-0.6785587184060723,-0.5607360318474759,-1.0246119381403034,-0.12867685778242413,-1.3111763810347044,0.06136248543584418,1.1335006550007385,1.2156511138999433,0.792398912189092,1.6526527257599253,0.5635302108582035,1.9091856979300514
173,0.23444712072742696,0.8256508327622628,0.5519353260185071,1.0876536572705016,0.400118385966595,1.215489985323322,-2.4966909958164454,-4.245158316561047,-6.393747797628291,-2.402321944233727,-7.709761774864988,-1.8122646168504766
174,0.41953876635014764,0.6251181323534621,0.3495126715904144,0.89418575816038,0.18186777143310667,1.02672505888339,-4.0467118460901705,-4.365393531766407,-6.477019223535987,-2.5116797763293186,-7.930250831989854,-1.943432806195723
175,0.8722053842799883,0.9330029530747124,0.6580771346670804,1.197571053230025,0.4953846915223036,1.3253654722513526,-1.2824701210497684,-4.134578396410614,-6.303923896326265,-2.2478710841313823,-7.742902786551174,-1.6577921486258256
176,0.4075038840327977,0.19456997395713643,-0.1081781399275855,0.4841527192524597,-0.3004201381247137,0.6185640733026416,-2.5273065637398044,-4.566092862005721,-6.663971428906103,-2.786950433713185,-8.027760086497672,-2.206587302598091
177,0.7500928748578568,0.9873871228571969,0.67910828030314,1.283231211461238,0.5029220074380922,1.4256650889375426,-0.189923678595165,0.2882520805830897,-0.02934122085750914,0.6039811989368205,-0.20611294206269196,0.7656590211969632
178,0.3863493866815316,0.5673097200025572,0.26955393525284493,0.8520366203054328,0.10010162802829153,0.9841306566104775,-1.3124916249264797,-4.013790751421153,-6.189000793771921,-2.1214914385119816,-7.648154726087333,-1.6016660504350293
179,-0.43534353004757165,-0.31632174593353557,-0.6534019419279583,0.0017825932510496978,-0.8712087407568991,0.14772312597724382,-2.6693685618212077,-4.820972542636548,-6.787061050935501,-3.129777812537098,-8.1157844440192,-2.584554855026396
180,0.28784168104017605,0.10019757207047705,-0.23324976270508938,0.4182513745609633,-0.45586177011293616,0.561639070541909,-1.8579387915359646,-3.7331416034046003,-5.92084706496816,-1.9170691356079672,-7.428264486476707,-1.4984219870318685
181,-0.23013888276181943,0.20834455590510279,-0.15934560162468184,0.5571727674656006,-0.397708590107594,0.7168507211135645,0.05176660808201957,0.6180479805324182,0.2779904282452814,0.9533959725211409,0.08803475813083332,1.1280415774176524
182,1.1068378102243732,1.3482702324985807,1.0870103113316432,1.6012064799052448,0.9372025924947704,1.7227341721971676,-2.1046137323119667,-3.861398575995191,-6.135218562095862,-1.8530882703384857,-7.644207153081861,-1.2460543404061581
183,-0.8744825309791746,-0.3906627462495864,-0.7336071340043837,-0.06352514308682998,-0.9535468519194532,0.09037825315928052,-2.3354458673259235,-4.543050386656389,-6.541455642848141,-2.817260688136939,-7.8612339455714695,-2.300248368764848
184,0.7927001239569091,1.0021253004337132,0.7322730494313002,1.2647526731794059,0.5765247649298508,1.3923816348610443,-1.5034634353432612,-4.057190999455468,-6.295481776315941,-2.1249803600761443,-7.731355011219017,-1.5151466783065066
185,1.0588899718218434,0.8463622735668712,0.5449628251763292,1.1320219790688466,0.37580144910819,1.2731916399716743,-1.8832129679903509,-3.837624044881314,-6.036908846407668,-1.8948995945198641,-7.493764664356915,-1.3331548445549672
186,1.0978249307063408,0.8586325345344841,0.5420973553169173,1.1634015477619113,0.3583087315795625,1.3068328554800313,-0.6295195567395889,-1.1509766453602328,-1.7830004180478365,-0.5454174427618292,-3.4818682267629915,-0.3698558038564303
187,2.0465987025685246,2.548221554981729,2.1246437023688918,2.9907854561910856,1.9276745221341294,3.2251608783376304,-1.4168431935363817,-3.343036791282696,-5.911708650221359,-1.0120339328899957,-7.465847971366857,-0.20569268831748433
188,-1.4890919882485891,-1.3520967798181371,-1.8671576621193267,-0.8747258748828272,-2.208500006311167,-0.6772896601371028,-1.3121632841315622,-1.4658165801373546,-1.8802353044816662,-1.074496219242584,-2.1676902750171396,-0.9102037587927015
189,0.4944636946936108,0.7507816507512542,0.45129607271991473,1.041156863545795,0.29474279805966874,1.1740536641316377,0.7031935704883965,1.0082223773408399,0.717363548420872,1.2960400093457796,0.5557482542623322,1.4473494310663695
190,1.0898860408739104,1.5100179250299712,1.2388071785274948,1.7712260648696199,1.080003685993489,1.9104719281801263,-1.7495047714105547,-3.511582891611788,-5.92929457970882,-1.4129453617589136,-7.492021028767515,-0.8017364506753274
191,-1.5924906870888034,-0.09792401803280222,-0.3883485752606754,0.18006653771329073,-0.5712559655163234,0.31442992444897777,-3.3703512440073595,-4.856982547364274,-6.826354022412233,-3.155597303226143,-8.171043674953575,-2.578048167500918
192,-1.2561702230189455,0.1106962217847543,-0.17348756906661303,0.3842359222704721,-0.34123898023496707,0.5113550207327114,-3.487115243318279,-4.576603303117082,-6.5756733032188555,-2.824967726615953,-7.941672186023223,-2.300022784160545
193,0.668969599546494,0.7632220843812316,0.4279324519631285,1.0874134464785017,0.2210838655441924,1.2314080247747659,-1.1041578287661744,-1.6168330908769937,-3.0847458858487498,-0.6902072944305276,-5.2627640661628305,-0.4803366038453707
194,-0.8295836242588066,-0.9833354082981971,-1.4847549787603076,-0.5099568584430879,-1.8059721991487399,-0.2989697760227886,-0.8222458278592328,-0.7748598064145595,-1.1214926241958847,-0.43019194050697324,-1.307700714727862,-0.26415589661630784
195,-0.9657881652305209,-0.10921257951591785,-0.3998811041531194,0.16241533349914028,-0.5598244446737476,0.2854165650125662,-4.651876854001396,-5.01348382003304,-6.938676576080784,-3.325119266324272,-8.325598849163056,-2.754002924359436
196,0.19387175430506148,0.24959300093451947,-0.04218334472462992,0.5282280518389404,-0.21548101934163927,0.6618185904098706,-2.3035300412206383,-4.234188938985834,-6.361254578927689,-2.3966468736444346,-7.81687219202917,-1.862014457035316
197,0.5086932546506663,0.9611920927146713,0.64322854819081,1.2641446570572519,0.4552653887267084,1.412676177063934,-0.6545442167209002,-0.15511218687969844,-0.4747462813998612,0.15798356379216813,-0.6634489666635465,0.3087285514741882
198,0.6027654225418752,0.370911833816977,0.046258894630697725,0.6793204999198381,-0.16433595703093054,0.8203587430833459,-0.6003928595137892,-0.7118754955741315,-1.0659628600814217,-0.3788167861397584,-1.2941725843750789,-0.221223053551839
199,-0.1907225613815938,-0.20952070941444,-0.5734500595321991,0.13050440338003017,-0.8102391119895772,0.28395462536295635,-0.6663570981075745,-0.6602599491163802,-0.987194450971552,-0.3481717454799286,-1.176724546791638,-0.20524107743304085
200,0.13813818780517403,0.8719934970561319,0.5962142914742194,1.1377383397042062,0.44201053441698096,1.2653949268453872,-1.8459213957893126,-4.160468884907381,-6.32373222309298,-2.266645439482888,-7.766673728744375,-1.6965725108690684
201,0.17378460370516244,0.7816400323555555,0.46392130461616177,1.0914684166515796,0.2759390601514988,1.2301934662844525,-0.3590367157054514,0.2873143035039746,-0.03677114822753955,0.6069051361033186,-0.2246165377148064,0.7478107858587232
202,0.12725339001250335,0.22414787400564085,-0.0891835094453059,0.5215429589054129,-0.28403461661939217,0.6593437113370709,-0.7914827092762514,-0.6882544494108661,-1.0120995639076225,-0.37710705427245506,-1.208570612451854,-0.2288746804315942
203,0.6317520149781223,0.7410874265938246,0.47143491369714174,1.0023838720777367,0.3104876731896773,1.1287132005288447,-1.926399888481476,-4.154053980298133,-6.266270597166871,-2.288296699665393,-7.698823494487402,-1.7086513370914702
204,-1.808714219062798,-0.4402599576084901,-0.7191528172042069,-0.17372565997536157,-0.8873821598713162,-0.04131916691604713,-3.8802276845321124,-5.533369619406819,-7.333147548040747,-3.9705339308411474,-8.612411109408438,-3.407351973121353
205,-2.330442485244514,-0.9863987240233324,-1.4088528558298266,-0.5796550199394382,-1.664755156674311,-0.4036903395640332,-2.9309035750362016,-3.4613118391489137,-5.4994695956374935,-2.0101020891918613,-7.148164366022627,-1.6878896931369571
206,0.30993705840040536,0.4000352971364486,0.12715628059283823,0.6633468686335086,-0.03268464294835985,0.7958511480722562,-2.6539023461408258,-4.510826716744579,-6.602159092160234,-2.7035954149763617,-8.047987116114632,-2.157097728954188
207,0.0895011425818649,0.13471103255417205,-0.13076696949743988,0.39104708060846527,-0.297453404779984,0.5103638115910926,-1.9866481934990907,-4.955434704857905,-6.906813034404098,-3.284997672921264,-8.233356870171182,-2.729809303869258
208,1.5635260132657471,1.1414892964713161,0.8810746144047666,1.3969361480813987,0.7296907810387812,1.5233284448824442,-0.4447888874186715,-4.113055220041932,-6.325634020005699,-2.173193662249339,-7.792414198301275,-1.5358511613006853
209,1.0391764233927288,1.1226990735177154,0.8520593279383344,1.383310213171291,0.6967427835482238,1.5093250342647258,-1.9970646157607244,-3.954243035306186,-6.235809897971015,-1.9553968035943616,-7.7142072386389495,-1.3911907913228623
210,-0.4935847887963997,-0.5192328072455705,-0.9226264221820828,-0.1489954649317714,-1.1850454615567512,0.012207633041275607,-1.2164435779920169,-1.0469253674912316,-1.3940740201958077,-0.7180679741741923,-1.6162592378474634,-0.5723437109490422
211,-1.2877512179798019,-1.0215556219002975,-1.4930002914598992,-0.5814131382772608,-1.7819365603507067,-0.39043480446246864,-1.9664951353236981,-2.577382439918703,-4.000736774262722,-1.5881603626656429,-5.831237800847356,-1.3415277058792612
212,-0.6014912076646258,-0.1899030226343111,-0.5150117319316834,0.11183525175702975,-0.7128960430096305,0.2575607844225004,-2.6481214933640733,-4.700709033707924,-6.709566699518242,-2.981446608529073,-8.092654546671401,-2.447847700681721
213,1.718105019853957,1.6881657066309053,1.4047582979404138,1.9691869591350912,1.2407266955533325,2.1080959313572882,-0.9273542526427714,-3.3603857538369,-5.87642517231138,-1.115093669368509,-7.478702395669893,-0.5036566367609326
214,-0.2820429071116982,0.16340524684388155,-0.15641141530974026,0.46061443821897385,-0.3512789904029164,0.6086108299108188,-3.50110515880398,-3.827166824284235,-6.001375680630045,-2.0413436936819234,-7.495686057332202,-1.5809423202669872
215,-0.06168645700307699,0.3610700932527906,0.09933430915060522,0.6118173589132552,-0.05898261886470514,0.7388962155282225,-3.0663875509713634,-4.848154124568814,-6.8126904614849435,-3.119555918332733,-8.09425715270828,-2.5738809545798698
216,-1.3276265690444966,-1.065708588851933,-1.5454739326683125,-0.6013875396361373,-1.855616652555852,-0.40054171799040006,-1.2578737004019445,-0.8038824614673451,-1.1344625185062194,-0.47261049239772157,-1.3113319980932765,-0.30921520878178227
217,0.06925057816761461,-0.17716488029420577,-0.5566834759330467,0.18075246685686325,-0.8178487709906543,0.3420617192700291,-0.1607198255943864,-0.25416889908687607,-0.594252266991726,0.07524035747565666,-0.8224743021864626,0.22274024540941442
218,-0.9578140317274677,-1.058590951971889,-1.5427501872975844,-0.6005951056387316,-1.8606671976826359,-0.3997426623584701,-1.9917845043159292,-2.8792153691519777,-4.458508422012341,-1.7791480874297854,-6.220379573303612,-1.5159940007522807
219,0.08514024286132947,0.19387006946961308,-0.10584152141234521,0.48604427357881147,-0.29306671258341827,0.6146470419228414,-2.538920856405539,-4.346784966821158,-6.4276449663057695,-2.562612613789214,-7.802798463387205,-1.9918952586691465
220,0.23043736508071513,0.4189150509869796,0.15056580769689917,0.6804231150660195,-0.013246994715411546,0.7986954922616689,-1.8928115150718556,-4.553553278927445,-6.5890517089277205,-2.782429376869941,-7.983566681885492,-2.204833072364129
221,1.2172086655166232,1.0791154079835477,0.7985999619643129,1.350329763378205,0.6404627134705339,1.477978652567606,-1.413405281242185,-3.9224224351233894,-6.184146984111318,-1.9621824929359746,-7.627822693657692,-1.356561688446009
222,-1.167023204150072,-0.4636042525512958,-0.8557684102799192,-0.09679573613864045,-1.121979529102062,0.061821325685867845,-1.631716154061308,-1.3000980205985866,-1.7018388868484335,-0.9307200990245313,-1.9773349319328166,-0.7758931675225161
223,0.33520417232297456,0.40176116842824044,0.1052554222257806,0.685655964553489,-0.06604748858795216,0.820351042809455,-0.045939599708671605,-0.11704985322163886,-0.4147031534383771,0.16722002836282043,-0.5862200666387285,0.3112187661869801
224,0.8822091063199924,0.8145047201694534,0.5143825584764705,1.1031668282309737,0.33647921000264464,1.2412399410525834,-0.16722524670178918,-0.14068537921980334,-0.44136338091023886,0.15376535003488062,-0.6152377683024994,0.30068252052668826
225,0.2724598359696463,0.27700801007312964,0.0008563454280251183,0.5470057891358804,-0.1698841802528614,0.6741637641391146,-1.8204706664580248,-4.456834266225524,-6.545700892049591,-2.645972726607816,-7.992252149274308,-2.0528434462674325
226,2.517836865588808,2.275667138204237,1.9336241688457538,2.6320172129657653,1.7648116638639875,2.8257015929944416,0.5117259022327627,-3.3502133240768206,-5.878351911183643,-1.0334704684155127,-7.465257090267526,-0.30598818479382695
227,0.22807837607846754,0.1859032439551791,-0.1296468538482639,0.4905842110245109,-0.3228886691688754,0.6289926037008158,-1.5042491548035508,-3.8715686836271117,-6.1360699689711895,-2.0275457393225285,-7.733990781544295,-1.575054818324027
228,-0.038021469366842836,0.06944453383186525,-0.2649091603125493,0.3845634241624933,-0.47572213763610566,0.5364337422615449,0.09878973723879207,0.258171901048981,-0.031731091228971484,0.5409850691497522,-0.20074800278770463,0.6805185546075324
229,0.21518768431509866,0.45486149765820755,0.15680216824705262,0.7363111635346274,-0.02483971048193392,0.8709957776533993,-1.104392681596367,-0.6760311128567353,-0.9924754079241906,-0.3680432773632568,-1.2074087405884462,-0.21361354679253464
230,-0.3865932411893647,0.04041445487081344,-0.26829987777140285,0.33314615723697144,-0.47324734797836104,0.4699419508723889,-0.9215607592683701,-0.5951655176146382,-0.881931762291387,-0.3228212633725124,-1.0566110885447528,-0.1908150383189356
231,-2.1894822386462156,-0.7453498776295746,-1.1660134261871038,-0.3428623566010755,-1.4335943772685127,-0.17814700762403396,-3.141447014029135,-4.133088767987826,-6.217996871967847,-2.453483199009869,-7.6072456542858236,-1.9937220506595472
232,-0.7829219271991478,-0.24674114281200585,-0.5863315103676452,0.07150176919321817,-0.7870753028770056,0.2116183540207095,-2.9280318757947175,-4.809945592615528,-6.788131223239412,-3.101987083131876,-8.13295708212845,-2.540314015917492
233,1.362532663948934,1.7397839722700201,1.4683017711444446,2.007553834020893,1.32170323230642,2.1388190292374807,-2.4466453185678656,-3.583032994170428,-5.964439244796552,-1.4457282408067091,-7.475581010614627,-0.8062224458896723
234,-0.10953643955395445,-0.1459534450755446,-0.5030647349598402,0.19472398654271486,-0.7423136333286007,0.34651515482846673,0.16853750084736863,0.14084742495317762,-0.15252833144703704,0.422792379017781,-0.3254231000743684,0.5589319298713906
235,-0.05779712087513242,-0.06717349315063262,-0.4227776636232498,0.2611286489441017,-0.6598619428666381,0.4071014266215469,-0.9864776069990568,-1.0690590995118034,-1.4601607449939473,-0.7065364004782784,-1.750941782964858,-0.5370196642603363
236,0.08059499810236366,0.3441144879108137,0.05599685704099178,0.6204135815786511,-0.12099572180782749,0.75676845437553,-1.9827372512048402,-4.315039237886216,-6.402560303705756,-2.5014975644021424,-7.731555208756377,-1.9414782092730223
237,0.11932755644691304,0.38551795976342096,0.10853117907975106,0.6509275291518641,-0.06105681780525147,0.7793987915204694,-0.6417682875354473,-0.3515502416203982,-0.6185245833117334,-0.09132585136911026,-0.7805633759230276,0.03358679806178298
238,-0.26133063191442846,-0.44503212874807285,-0.8417714734655423,-0.07657792200504288,-1.0814566166844677,0.0950351216504573,0.15872240339840474,0.11505437278280482,-0.18478857828752362,0.4142861659842204,-0.3598523813682136,0.565317912068851
239,1.9878695190031004,1.9558414743321253,1.6628520623008525,2.2516541630678817,1.5034620013287037,2.40962313425794,-2.2174281686468675,-3.335646354277998,-5.849869347514479,-1.0924120616462154,-7.401234923245916,-0.42683001124262143
240,1.2347058050969508,1.1391045201417211,0.8726219489768196,1.3973108712722884,0.718946173165162,1.516859565843867,-1.627709534763122,-4.080461203479455,-6.273195762920341,-2.156336939923047,-7.784891346322405,-1.548199208542922
241,0.5472170769963715,0.7009548515941435,0.42606336240104326,0.9666841618745475,0.27318853966313206,1.0927351154679172,-1.5832534204293547,-4.114072610255968,-6.25359193393851,-2.2273910408459456,-7.788341377725919,-1.6642543080120704
242,-0.07379594784164277,0.0765446049786738,-0.24816532167604285,0.38218773275064327,-0.458497671922522,0.5242788371071769,-1.5872696970148146,-3.5385244059887473,-5.824660923883313,-1.7454512073567099,-7.350052127363522,-1.3213328470200307
243,0.028181560091812646,0.12379151322547875,-0.2080242988267443,0.4366352965828499,-0.41930145684608494,0.5826600622352957,-2.7065960220615572,-4.173575565184898,-6.353452637863674,-2.3496970868481815,-7.7386052592431,-1.825020365928702
244,0.16710455029856558,0.5161858287378528,0.24236164160512524,0.7762287897984322,0.07852610247731572,0.9005230051930407,-2.8634603210330454,-4.2471887294058455,-6.383333860226197,-2.391520231868479,-7.829941236009086,-1.8496440775197331
245,0.8560959989197484,1.3138861351894142,1.0219731465692334,1.5967696465651537,0.8530689989367864,1.7310487538662684,-0.2019799272488701,0.24242519882475178,-0.0678851156673042,0.5480798365072019,-0.24129755597011007,0.7007621784326288
246,0.27692013147783395,0.635355561670293,0.36376347949376947,0.899752640072578,0.2073984982383425,1.0206621091719685,-2.054582464980714,-4.2931366473323544,-6.398416349874129,-2.4211399550136496,-7.848725354905407,-1.8550417059401245
247,0.6199316264701911,0.9945413736343005,0.6992112559029671,1.27730617724505,0.5355626950430589,1.4121912762769153,-2.208789059941886,-3.3645350245343373,-5.730375749386483,-1.3957681740996144,-7.354687585461819,-0.9277471988719427
248,-1.0275116666198953,-0.34397340011409344,-0.6371807355942781,-0.05847134885991578,-0.8273182345291581,0.07421533101501776,-3.91251128876688,-5.093617036634656,-6.990909709202778,-3.4399239918236812,-8.276295236587247,-2.8809391883520132
249,-1.9534439072376684,-0.9292164254250218,-1.3015164747747572,-0.5813261177535212,-1.5335528915163186,-0.4145823139179682,-3.8259762497467316,-5.174932348025305,-7.051081431557684,-3.5452934378772256,-8.362065979797233,-2.998024652969537
250,1.3748564050758443,1.014421153193886,0.6971923045324645,1.3167532313336459,0.5105026375327659,1.4569782911107483,0.033288348894283545,-0.15518219483493373,-0.48573522319825174,0.16510752879494756,-0.6768273284649764,0.3182363219876379
251,-1.3625498225315438,-0.3413861667351507,-0.7111366296187692,0.0020187961746379796,-0.970372414021935,0.15403578329078765,-2.127719797677476,-1.58620997792768,-2.162630710911416,-1.0415274577738947,-3.047261736356733,-0.8583047964933845
252,-1.7116494138831875,-0.37657996904091806,-0.7165113411442255,-0.05730032485543605,-0.9297091028446136,0.08755994084907218,-5.370783461413895,-4.656507289440157,-6.659620838737345,-2.918105701947786,-7.984304907669722,-2.3562636471852003
253,1.5325573737606937,1.4655430107357166,1.1339219018623157,1.7881974031547954,0.941465560522476,1.9455547778321216,1.561838550937911,1.536492386989564,1.1901833998156428,1.878311649060342,0.9964105380889368,2.0597516007371337
254,0.1568684914613927,0.6008578118828947,0.3305732222108431,0.8602866219592192,0.17642022009725328,0.9879435305913774,-2.422146034188443,-4.309581468649378,-6.460389034291912,-2.4690633934723194,-7.903822229534835,-1.8871462435640585
255,-0.8725453474957277,-0.5400345145152311,-0.9335368114208659,-0.17257810947513477,-1.181597183575077,-0.012122897225473068,-3.5615336504765542,-4.8020514443106554,-6.802496972071713,-3.070982822952933,-8.152005826534385,-2.5187163121900813
256,0.06139292809145905,0.11368831885871855,-0.23000442326873094,0.43890259889447875,-0.4556743577765876,0.5792610971913947,-1.4005291804594173,-1.3758589623871909,-1.935525285675186,-0.8572628392780208,-2.766272819233166,-0.6832934760848607
257,0.701893869422065,0.6455550937001573,0.3373146871075109,0.9405322833723029,0.14646988916743134,1.0874075369700242,-0.5892568827560788,-0.43950715762742104,-0.7631962995433337,-0.12381710098691781,-0.9589419342185822,0.031046548986009996
258,-0.11390019482427402,0.16193552323332702,-0.14325373843072364,0.45073919380755273,-0.3307778967283262,0.5849924545043297,-0.4860822122329092,-0.4509281522200535,-0.7647314087211178,-0.15085157432655458,-0.9559486733660526,-0.004197942228887811
259,1.6948919477350441,1.7485938398503496,1.464304287488451,2.027935591130928,1.3033231944999328,2.1719608759321365,-0.777922718435421,-3.165988969358972,-5.666081420675091,-0.9405204102571058,-7.262639664529691,-0.370877429627836
260,-1.02880197772966,-0.536618391786552,-0.8643381550072626,-0.22214590771836068,-1.0619072011886013,-0.08263645224593069,-2.620856072992319,-5.148548645946813,-7.053563040392209,-3.492819920618235,-8.411599463905475,-2.928582726415934
261,0.5640617277002857,0.7089381003691185,0.40394456633633413,1.0001589976943575,0.23435817054480648,1.1362602112445677,0.2762338771333266,0.3722544808306482,0.07568689087668999,0.658887713918578,-0.08662881620217172,0.8030605783583235
262,0.41157609871128503,0.580304614591822,0.25934512299319173,0.8896807890087084,0.06281187956585994,1.0380231642839013,0.43184279143277565,0.7652339620758739,0.4517971357718684,1.0786500814054611,0.271924112799151,1.2428195541105351
263,0.8569951603382926,0.7324467735714509,0.45057889433271364,1.002517727895387,0.2875091147103147,1.137343163106359,0.3520484892588169,0.06636768742510722,-0.22847307683570242,0.352308822810583,-0.3891625727033099,0.48845095400712774
264,1.3477306631432575,1.625947351155317,1.3390768998738773,1.9045632866395887,1.1793142699503303,2.044335827407651,-1.61474841524472,-3.0970286067425956,-5.7019579770847715,-0.8280768528350425,-7.375388852847936,-0.3012916025794896
265,-0.782643345427857,-0.4008811717193876,-0.7784596570819815,-0.04792393035434237,-1.0356622235957669,0.10289481570699105,-1.7953087997681312,-1.5238327064012342,-2.0017008279748523,-1.0687378127624654,-2.4961047661134637,-0.9026299928560996
266,0.1995832226321739,0.26654160457318427,-0.007763558664049446,0.5314052443939946,-0.17580531104607272,0.6561014378336056,-2.2707386206056253,-4.508981249198696,-6.549530383408815,-2.738894499832237,-7.947116588025494,-2.1593419986217572
267,-0.18856226472338092,0.05236878292282285,-0.24578686331621874,0.3304930148364088,-0.43102279694607715,0.4636137138067536,-3.8091895813224825,-4.6193765440597625,-6.646462569313724,-2.8635245387430754,-8.018746341391243,-2.2877417735109242
268,0.6678215802697842,0.8551428673066868,0.5769418458291723,1.1205570838696302,0.4213098014194233,1.2499840996228597,-2.570589934387381,-4.0877911038012495,-6.338225207320755,-2.1774255584408797,-7.703985949648265,-1.591450497341404
269,-1.6225857507811423,-0.791857504403122,-1.2059815723647052,-0.400245559298883,-1.4631194081185401,-0.22148339538483483,-4.547143969635883,-4.309191935574427,-6.336708183322758,-2.604733884701595,-7.816280538365844,-2.117057550365842
270,-1.3196910326563247,-0.4385356965118504,-0.7694096815703235,-0.12261436594004069,-0.9774660784414151,0.025164375960233045,-3.592501831790228,-4.449249427533015,-6.497708215438205,-2.696444777434011,-7.924172939521474,-2.196611758861127
271,0.06254129283896866,0.09313288077706183,-0.25657063725266727,0.4165660748148484,-0.47222820554201694,0.5646950654314467,-1.1787678135367985,-1.116628128144,-1.5249221974822873,-0.7380905877255797,-1.830932251885963,-0.569543085754817
272,-0.1577760370201727,-0.21372275003685962,-0.5517674554059967,0.11050409751948265,-0.7532373904922585,0.2589890066059243,-1.8524815559212089,-3.8414860338796126,-5.981738965212479,-2.1703726093674462,-7.478218439913746,-1.7668082991925405
273,-0.5670268175252309,0.05884706553332673,-0.24508308141132484,0.34831238794159736,-0.4395000896972289,0.4840323182402404,-1.0238204517773062,-0.4910854288096954,-0.7666076655186953,-0.22451972835907746,-0.9265917918845751,-0.09584148522655932
274,0.89597136091119,0.7707647674306997,0.44596101994275955,1.079767364397093,0.26037777768077797,1.2219788603467732,-0.783354192787617,-0.6853241777212022,-1.069827079249538,-0.32747148710918067,-1.326737315157172,-0.16760299613277038
275,0.6671033874014528,0.6634267519420113,0.3619544298548966,0.9525883328015226,0.19094792285710585,1.0866414592822042,-1.1853564384268382,-3.5354805055568463,-5.883087750184589,-1.590486384588468,-7.466077254035005,-1.139728987213851
276,1.7109335751220551,1.2938595905897439,1.005263013678253,1.5711945429270524,0.8377467960845306,1.698738273324658,-1.6851812693862316,-3.1834217654796584,-5.694604383806998,-1.0719073647345199,-7.231131244112277,-0.6028414445157683
277,-0.18834821147847444,-0.347081098269745,-0.7477715805677898,0.020054588133806218,-0.9907043555057783,0.18049273722602813,-1.592440529341723,-2.895008481134004,-4.936851397215415,-1.5124760395424017,-6.594687924880645,-1.2232596750676181
278,-1.033315752483923,-0.2629287941149014,-0.6609617651254979,0.10394078050873354,-0.9492789028133864,0.26683981697165216,-2.2945081670090754,-2.100322134234521,-3.077922501718484,-1.313720484675309,-4.871056020456647,-1.1111240518590084
279,-1.158290106310112,-0.37521190388485703,-0.7334480984669618,-0.041672497935584925,-0.9598831673558978,0.10477179755288327,-2.98659946472091,-4.919843437565847,-6.875260011481066,-3.219324614527019,-8.190332726807497,-2.642984236988376
280,0.2901887740641325,0.5628372506654161,0.2941955213570606,0.8215479758911186,0.14030488210834866,0.9458379170417515,-1.736065627667395,-4.348413843022858,-6.4851541594684035,-2.4979412649999824,-7.929161720080315,-1.9339055959576767
281,-0.4600551069628513,0.014058585701816752,-0.29701645919478015,0.30860840711432735,-0.5059010044098687,0.4468030175222222,-1.2896755398175075,-0.8678400839506643,-1.2013797252755876,-0.5460196491462729,-1.424745884669502,-0.3944553286542234
282,1.0430010870309419,1.1606180179741403,0.8429191330191327,1.4640067641774956,0.6619721390584409,1.6044152664698852,-0.5451944314377231,-0.20868988490230778,-0.5399841394787199,0.11197805510698636,-0.7470582310212021,0.2756073105390774
283,-0.47625887825351254,0.35804321942664086,0.05581386396690565,0.6428829180196228,-0.12911373393337724,0.7883555176512468,-1.5999973252764568,-0.700676178349527,-1.042767571133364,-0.370815856466785,-1.27448357752881,-0.2073454420227781
284,0.47318575402922064,0.7656911193749046,0.4510852348568964,1.0665366287277265,0.25329593030858355,1.2116440417245973,-0.8722280898080134,-0.995604093137725,-1.465337876023949,-0.540213480526115,-2.046626612449496,-0.36666735177471244
285,-0.6512570132350283,0.03398340075429197,-0.23158147697448206,0.2913637882167815,-0.390504871230013,0.41463291523601997,-3.4701718607341054,-5.0059336508024295,-6.9482237026036495,-3.2947312056052187,-8.253431417878163,-2.7373938095653005
286,-0.45961568727527485,-0.4387857632156823,-0.8469283799804351,-0.06642390571070493,-1.1017447186017442,0.09638614435699004,-0.9736566956589127,-0.8631902393405478,-1.2171433197567052,-0.527703865270135,-1.4339305494896277,-0.3841013428949649
287,-0.9010005403629402,-0.7120995454489032,-1.1864235742134381,-0.2767167929324355,-1.507748169108791,-0.0859343202053912,-0.9267163636161757,-0.7199657055964394,-1.1188313548820261,-0.3519173938634756,-1.3667262141237901,-0.188761396930061
288,1.620839801943474,1.8580665943040409,1.5531797920929649,2.1559208078789918,1.373837233933278,2.314642853108659,-0.09468093826688559,0.2916647903443458,-0.046176876515973256,0.6169472410854896,-0.2462720528592535,0.7765944274680946
289,0.22629834604367008,0.15322323644355104,-0.15643217855473268,0.442686432868341,-0.3507813662727204,0.578978176776814,-1.986215710854217,-3.9907401100346407,-6.11212348549122,-2.2145635088369264,-7.549997033222324,-1.733597471866244
290,-1.9013902267393157,-0.2412933933622997,-0.5132580824019118,0.01950148284320184,-0.6688937972588803,0.14306531063731223,-4.472608526117863,-5.383163247019185,-7.225147304390229,-3.7833075703864996,-8.456721812651285,-3.2258160465202192
291,-0.8469252653581631,-0.015281195329951912,-0.3443039324505311,0.2970913054284785,-0.5771198619076914,0.43545840532419716,-1.6707766793876877,-0.889381715187752,-1.224887388536335,-0.5724466654649611,-1.4431986195411597,-0.426204617092559
292,1.879267361799921,1.7290206655996538,1.444743375052963,2.0121898521943096,1.273043326194027,2.163991888298292,-1.117723963000594,-2.752849147738361,-5.514106748511199,-0.45265074885064754,-7.2840863794737425,-0.06759363307107102
293,-1.088775274097795,-0.6399261322612523,-1.039667863225481,-0.2647236332523393,-1.2970170001378813,-0.10746452375432612,-2.9093060817729284,-4.733879437076564,-6.680389720453239,-3.035903168258325,-8.048342551043417,-2.4636154975851414
294,1.3711057725614373,1.3409738643043212,1.0582022336393366,1.612859845079543,0.8852938179324782,1.746081450106023,-1.657118696026401,-3.6337224273833955,-6.036168316588867,-1.5371760016649718,-7.4679068950542895,-0.9644018736792658
295,-0.3126379818594183,-0.1931519608799988,-0.5200054964416825,0.1100846021409786,-0.7167690183658652,0.24851810953669454,-3.2507652364012425,-4.770709419275398,-6.731564689605104,-3.0730340965134415,-8.078527378515096,-2.5008792924424217
296,-0.280287313556478,-0.18230361520853933,-0.5243482299498126,0.14456347648435613,-0.7332589278964271,0.289489865137006,1.3009568293471145,1.5259921295404033,1.1248439132370818,1.930499939786753,0.9197020431103782,2.1523316060236093
297,-0.8339595034796992,0.12088293226631162,-0.15217447738007908,0.3874454665276678,-0.3193737388756665,0.5112398333356348,-3.1554870737990575,-4.918093926576896,-6.899819517184823,-3.178402065608738,-8.225884386058773,-2.6258550329454007
298,0.43027125824132195,0.3857092384343252,0.09656400792384404,0.6633537602576247,-0.08918432147833853,0.8017622377695917,-2.4598176554670435,-4.130702562995898,-6.274156450800001,-2.3211838328261236,-7.755292076008481,-1.7875585164874648
299,-1.1117098104760426,-1.0063414420937857,-1.5215899850894603,-0.5298273767004529,-1.8534241860303295,-0.3168042290438451,-0.7749567780554082,-0.5563550943866783,-0.9155533499860892,-0.20837929486089796,-1.1287218120764084,-0.032454306448796585
300,-0.10426692779526309,-0.07927327781063935,-0.41827284054730396,0.2415517837199235,-0.642174864366852,0.38471857489500555,-0.7187209618065662,-0.8401251483366479,-1.178206216606687,-0.5170873420990013,-1.3912138025512044,-0.3708169961240552
301,0.21504206765952066,0.279181868041767,-0.03019687568180697,0.5806521175273316,-0.22269597738189753,0.7159863437697676,0.3069769684382162,0.4114262372260672,0.10932346577138455,0.7058371156651857,-0.06094141952083782,0.8475228076112554
302,0.17655861581143933,0.6736804972192101,0.4002859429423232,0.9365438806994889,0.24523235063205276,1.0695785074579673,-2.544571600461809,-4.130232903107761,-6.240077638839637,-2.2738869705174345,-7.67376666842369,-1.7155832298604983
303,0.7647620202709405,0.7463534049439948,0.43133729328176323,1.045025965372041,0.23723938971824524,1.1962364886203884,-0.653155928006537,-0.7226989336822349,-1.0960196420827848,-0.3779043867084936,-1.3397517165640913,-0.2147222396991109
304,-0.3177727013282488,0.2597448041846948,-0.005534731087927713,0.5139385990449581,-0.15170172353958356,0.6415822445392749,-3.943427117919712,-4.865517602529924,-6.853372669742487,-3.162921702092669,-8.177866066259062,-2.5791792552200516
305,-0.23452090937629308,0.18663645090714412,-0.0937704948256327,0.4531037641710095,-0.25937084610819583,0.5833084155616297,-2.9962776012416557,-4.8354908982372535,-6.794956633735863,-3.1211321595940698,-8.144962964715665,-2.547374688771448
306,-0.2622640083162055,0.3283846250573288,0.06291959858399299,0.5832684680740688,-0.09541048286080067,0.7037502647045943,-3.570354973590926,-4.708574534491338,-6.733189057616295,-2.9601508252701096,-8.127850585939402,-2.3609135804562844
307,-1.2420092593867105,-0.6927270317341054,-1.1260163081752452,-0.2922190744193322,-1.3879027605277496,-0.11872354966235787,-2.3007055033868573,-2.6006565792750207,-4.074426338004891,-1.596427668391687,-5.839452536079735,-1.3616963043476964
308,0.5901680996469026,0.7648650136471659,0.4675830303669924,1.05245371521702,0.2902738022541752,1.1918262230460894,-0.6653968720248821,-0.26735573824976705,-0.5772331321392755,0.038435453155222246,-0.7658494682991589,0.18796517346335034
309,0.8552460500406365,0.5994109766848422,0.3164929485942266,0.8747772783049669,0.14734476661956455,1.0101757782052128,-2.7492287785381997,-4.290478159226391,-6.444552695904198,-2.3921368094912685,-7.88258320615261,-1.8340544866251451
310,-0.10519475889476017,-0.0021213969163502164,-0.3206938424625997,0.3032790591414693,-0.5226934973185325,0.44334548645868377,-2.1517305539696125,-4.458475557592489,-6.49316542259659,-2.6794125314843797,-7.9325540767362535,-2.155368779318173
311,-0.2508195770006133,-0.23935550559577531,-0.5718796022751826,0.07381212616418784,-0.7895772708093807,0.21721954121540016,-1.0367493165034123,-1.029776209539931,-1.3588328469358744,-0.7162514535440407,-1.5734259072347818,-0.5735681958020558
312,-0.09267102809383465,0.015343145322405187,-0.30590132346098275,0.3211339809399638,-0.5007579927434258,0.4576779543540203,-0.7891736159844206,-0.6330522676281382,-0.9429221183333601,-0.331796461029132,-1.1284673843431212,-0.19006324962414622
313,0.8851645403378999,0.6197318155379825,0.3369116169391283,0.8915698249000479,0.17209079042282907,1.0237732039904472,-2.456399616110716,-4.095369982026138,-6.290747746511407,-2.211177030880839,-7.717368790403109,-1.6740771447537868
314,-2.1814112289323973,-0.7428734841889009,-1.1632480931950913,-0.35337039455153846,-1.4357629513436552,-0.18356923798762695,-2.32124778384516,-1.4208228290532348,-1.8890835398565893,-0.9957034653111018,-2.2628708539344,-0.8245504814825187
315,2.7050653627517525,2.221809194962871,1.8745790598894758,2.585310421954956,1.6888091270891454,2.7918490400015075,-0.06393904292973616,-3.0654763322944354,-5.697872698053161,-0.614539166764872,-7.294685123189394,0.03737657967512802
316,-1.5340055858019108,-0.8242469210454977,-1.2250343157286088,-0.44628890108382296,-1.4806259670075708,-0.2804300580374362,-1.596376235889659,-1.0633336886474147,-1.389420701103298,-0.7496206421835875,-1.5926542690667898,-0.5983996219475566
317,-0.27782257342561084,0.027320169313535085,-0.3073047435553454,0.3447326551955374,-0.5210841944806375,0.47918357728390115,-1.895892729898908,-3.5799081132549606,-5.804134026241212,-1.8201006095229852,-7.347143309245854,-1.4350741045053232
318,-0.8284942303355751,-0.2525068320668651,-0.5585608313070951,0.033027401452502395,-0.7453718940846387,0.16787656454532887,-1.5215559996835268,-0.8132309498762842,-1.0858379476227153,-0.5519274048309964,-1.2471074902193822,-0.42783460581676036
319,0.7348401285594997,0.9869741265154726,0.6851288275213719,1.2744970969514116,0.498653350039967,1.4198140030983508,-0.9175392373577522,-0.8384724617551248,-1.3688369732018937,-0.31387593135204517,-2.637304509156767,-0.14405186922720403
320,-0.10977860804599707,0.03751043630875757,-0.2826123152180627,0.3398193394614738,-0.4742130319748116,0.48126057124182375,-3.729912910798358,-4.5761726909297415,-6.608645745307283,-2.8118418379340895,-8.023461266730461,-2.2208185048244973
321,1.1670489785881049,1.4342578610697172,1.0830769297195662,1.7699696194289452,0.8868402778393782,1.9383811170395935,1.1390320632251358,1.4393063872275342,1.0754928422233192,1.7996472282465756,0.8908939217689473,1.9859746657428752
322,-0.18454116761228997,-0.3801747358663538,-0.7331026140406492,-0.048691749871914054,-0.9568621256743005,0.10451070759647707,-1.9689268945252218,-4.524267405989987,-6.5555032081217,-2.7932314609931415,-7.962135817447646,-2.304799898639159
323,-0.903948743597309,-0.3809221724566594,-0.8026546784722169,0.014240286553665335,-1.0598725403597455,0.1927659582485643,-0.28789732963379006,0.22785223041901884,-0.12058549348141943,0.5870413032533813,-0.31272107475988065,0.7739374549102377
324,-0.13159142439051216,0.097175028239012,-0.24650441801537884,0.42075844262361417,-0.47287829356277794,0.5668465666129913,-1.2353659394268728,-0.9264532884707081,-1.3102559383261392,-0.5666160938716363,-1.581127409248319,-0.4041205635507752
325,0.8168558091206227,0.8694979007989574,0.5381687882662406,1.1861506499263568,0.3497344858515434,1.3362691210385975,0.9550172938288207,1.04824810896406,0.7365833403900371,1.3526603851396335,0.5675870406647042,1.5126337251069661
326,0.05005220224257174,-0.2301198405627837,-0.5758937055305766,0.09544000869060168,-0.7884596067817874,0.2418785612887539,0.9548286877427612,0.7106502463399685,0.36338366703506775,1.0457190646346404,0.18370925699431714,1.2109090733481496
327,0.5878814387739733,1.0523692756976566,0.7427921469852528,1.3496914839455572,0.5500809658060366,1.494056167284826,-0.8543340333885333,-0.2839721803146798,-0.609609622520365,0.025691411972361734,-0.8137668710327995,0.18373220001724344
328,-0.1994900481512463,0.160917398020066,-0.13685990347684532,0.444604934690469,-0.33177834536820583,0.5827427484364714,-2.760832824512391,-4.529205310817437,-6.568655771330725,-2.7720097313184437,-8.047298536685297,-2.230398391377435
329,0.4090099789172935,0.4450244927588068,0.153965070116927,0.7239725794890778,-0.011510710017108967,0.8573714004008698,0.14594285782965039,0.14935460598282585,-0.12158117690624469,0.41370410986593514,-0.27294863461341834,0.5414939122539091
330,-0.7286240208771584,-0.419571185714649,-0.7691971601925145,-0.089902967967759,-0.9867445585576159,0.05595756943848089,-3.8085326368368113,-4.498828219474674,-6.536466741776064,-2.763824721193535,-7.915815419790836,-2.2369927860504153
331,-0.5966864107494643,-0.2003178707830572,-0.5535265967514893,0.13151188503890746,-0.7832204472264406,0.2849042993190656,-2.6712331763938675,-4.343563387721574,-6.40736829122968,-2.563500539591901,-7.804352134627162,-2.035044197402666
332,-1.2124585628970022,0.09505989309184779,-0.2461162600655808,0.416477550567386,-0.466726001160123,0.5750086103332527,-1.2241527018721097,-0.2678586416710518,-0.568356342198729,0.019452551402396417,-0.7477807610626003,0.16879912922794885
333,-0.3260516170541173,-0.20172839154160213,-0.5304147266007152,0.10608164909980977,-0.7315326487389161,0.2501197607636881,-3.8356636283295495,-4.631126553245058,-6.678064173002951,-2.8708178713554675,-8.085687712255092,-2.311015483562921
334,-2.050046618618575,-0.8916783099975083,-1.3284397174627747,-0.4745076921256813,-1.604506820954922,-0.30290804159485424,-1.5910396568876295,-0.9471558981962486,-1.2669734284166194,-0.6343107134748284,-1.4480380978979284,-0.48801879678184323
335,0.646039548260439,0.8135970471477608,0.5199119549592327,1.0963724627699099,0.34899675683960807,1.2294240623141899,-0.5785593340166714,-0.20344835264651456,-0.5208717695749,0.10627090032698794,-0.7030279119395132,0.26184130921106685
336,-1.223617197320761,-0.059786714113703184,-0.39322397902381956,0.25412277313301074,-0.6074254034226395,0.39707193157801407,-2.168158790382222,-1.0087995722811938,-1.394964779098064,-0.6470790277650265,-1.6634603535999852,-0.486417678671439
337,0.7264575968354806,0.5073003673306681,0.1863318675042439,0.8147737142590634,-0.002248632654731322,0.9550210178364311,-0.5304254580975561,-0.4158767942354317,-0.7517781644303398,-0.08907683914818082,-0.9326262898233487,0.06911579761596384
338,1.504032002657454,1.029493018206109,0.699795108638048,1.3503823745584205,0.5009479417970671,1.5068834794486656,1.515177732058523,1.0233599949705512,0.7035619284787369,1.3388560319721572,0.5276903799599992,1.5052701786410732
339,0.13725862503011602,-0.20147438029284478,-0.5994721655639378,0.16307063545258088,-0.8683503279410216,0.31775956304530134,-0.995090406666468,-1.1602247800206105,-1.5405817555709171,-0.8159642452038508,-1.7991379824996858,-0.6535174411721463
340,0.9199475343983207,0.880587009039005,0.5671291419903136,1.183855221020883,0.3784615529693075,1.3270820253985878,-0.6269810378231735,-1.2714122765079976,-2.319201884604997,-0.5014130014262216,-4.572145388727593,-0.3134819657453218
341,0.2823926531228496,0.15759747188609347,-0.20703740095337447,0.5013668392377171,-0.4410319788937164,0.6627694482376932,0.24923414940808747,0.2304622489297678,-0.09323318761831638,0.5514997516416833,-0.28632124672929504,0.7076445148065684
342,-0.47801572240092616,-0.16237153390965223,-0.49486073121669666,0.14832378978046845,-0.699581092595745,0.2909015208275579,-2.0127996796335075,-4.548058721286232,-6.596010900848961,-2.7651257879928957,-8.031906623396956,-2.2281585713842675
343,1.5488475553490317,1.538478674512224,1.2492552769603935,1.8217090911870295,1.0773221502723092,1.9562940992652915,-0.8870155063570777,-3.098305385219219,-5.698420723627531,-0.8671287299435703,-7.231055458555219,-0.3739664608255936
344,-0.44912431816604187,-0.1405757463397108,-0.451535206837109,0.15182732818225686,-0.6376627364523278,0.2817440632580195,-2.0580875795054734,-4.751451512361851,-6.720898441102009,-3.011457711044738,-8.156079417059367,-2.464046209575639
345,0.04485015885474028,0.013064667857007613,-0.2873810162094066,0.299597711883537,-0.4844046430233515,0.4327671865152645,-1.0729840823735697,-0.9675249431307456,-1.3040096622298862,-0.6461714713379666,-1.5373097161731009,-0.4906439326617042
346,-1.1285087794372313,-0.6115362195947576,-1.0732450211812579,-0.1788243591563322,-1.3344885823048316,0.018556461233355026,0.29597634113935084,0.7464919665386472,0.402085431763151,1.1057804616782043,0.23193951477797006,1.313298970242078
347,-0.88422904660789,-0.9256086368280928,-1.3572244928166937,-0.5255334255576336,-1.626554860952477,-0.33900330570490045,-2.4566287062361924,-4.3265092911805985,-6.371016978797926,-2.620701874378208,-7.782203257044165,-2.136675083940371
348,-1.717908169427549,-0.6726301651794735,-1.0187812975914936,-0.3482032283127449,-1.2347913435778262,-0.20108916064663726,-4.402834949728575,-5.3037061245465695,-7.180260163029176,-3.6779077628145713,-8.610374906802283,-3.0760922322517428
349,-0.49897729076797137,-0.23918539309761355,-0.5411682857086085,0.05051013726725687,-0.7210983684620178,0.18533668746881252,-2.724672877467922,-5.122499745788857,-7.064023140855483,-3.4638421307637293,-8.30371944129052,-2.900344745883889
350,0.42010825107872435,0.6623496849669503,0.3852549412387156,0.9335217105524316,0.22550798703317906,1.0665750122568665,-0.007209252123379354,0.1949605395104529,-0.07808159196666939,0.46250520103290643,-0.23327743436074702,0.5946760080346641
351,-0.44740910052144117,-0.07392787135202143,-0.3776174092053266,0.21465133572574654,-0.5607025710995003,0.3527182381611969,-2.9161966607283665,-4.70747521515381,-6.723381958077883,-2.9453189847743353,-8.085179231599183,-2.3851076552995276
352,-0.14636982731529405,-0.3745736659946951,-0.7772957542414829,0.004136626492078285,-1.0210560148583132,0.17140007698413942,0.09630196897404829,0.06750820966729731,-0.2537907089360534,0.3851778878710466,-0.43723846046445036,0.5573951490529292
353,0.06083546013838037,-0.11126371106888923,-0.39816350812185586,0.16553655458754163,-0.5696429461093862,0.29049763352475777,-2.9146104441356506,-5.084407121395175,-6.982404749430168,-3.4088798725673137,-8.328792027394078,-2.8456184759067553
354,0.4493385045940332,1.1100481660071757,0.8412160619631814,1.3763542214609112,0.6836149070752504,1.5015479451673788,-2.018179665959344,-3.878428070528646,-6.203907030826731,-1.8578139846022665,-7.762568740201878,-1.2842577736339065
355,0.5866283828927676,0.9572445708909818,0.6905313992283216,1.2188553152511228,0.5342440750243522,1.339906906974933,-1.7547757433524425,-4.095110722449652,-6.286701509777726,-2.194923801756035,-7.784246222999045,-1.5993757225081728
356,-0.41647033871049965,-0.09678654256389865,-0.39719915648084353,0.1916743913066511,-0.5822863359509622,0.31995084663391626,-2.9334665894663656,-4.797034845108024,-6.791248332283799,-3.1064926163128757,-8.175372659101418,-2.51886214817082
357,-0.9134828946014792,-0.6270985377557149,-1.0288051725367557,-0.25206975474812504,-1.2993441601064386,-0.08907000920994251,-1.5228104729493472,-1.1508992648927352,-1.5413833626517548,-0.7853410351751807,-1.801676092409295,-0.6261016534957107
358,-0.15205112405325172,0.46921031272665625,0.19004437553323567,0.7415602147330559,0.02285841748025557,0.8695811162175063,-3.8186054312981508,-4.383748303833676,-6.5233170686841015,-2.5501491734179265,-7.875681856605272,-1.9803757868777154
359,-0.8371472257228472,-0.4439641579342733,-0.8548164797436182,-0.058889751461582505,-1.153324762046234,0.10527063127206934,-1.7599290487344366,-1.5211588630756783,-1.9944466427122356,-1.0763410923284997,-2.4426462076420776,-0.9041119644461305
360,0.8609026284867488,0.4844552884827229,0.20058460958294913,0.760578892345544,0.022525860222685455,0.892111742056041,-1.9749313655560103,-4.135541653365189,-6.303365689714605,-2.2680019242940843,-7.752755446068683,-1.7444438503804187
361,-2.0906009630979385,-0.6815051879778306,-1.0007084618164228,-0.3749379126153991,-1.193579299505527,-0.2327861563766131,-4.212416575551455,-5.2148604781969174,-7.079915393878034,-3.6069138680088795,-8.309567565304722,-3.0546294628521435
362,0.7176834076719882,0.5092393163558553,0.19396370521234013,0.8095765108281118,0.000571262488908333,0.9466600899734012,-3.163987143037139,-3.729646842772538,-5.977932485960902,-1.8088952661018676,-7.4774682364193,-1.3295521003518955
363,0.7737825365075628,0.8530230731129725,0.5718924328175565,1.1282654668519725,0.3989843838902188,1.2613908114424301,-1.3764553369352484,-3.827607115166546,-6.094236911078344,-1.8975047623529773,-7.639028835762443,-1.332363249586318
364,-1.278745651683643,-0.7040497073691234,-1.0871978392457913,-0.3541364318888967,-1.323559593455643,-0.18651053713153862,-2.787868990216726,-4.590807094193181,-6.587010706279261,-2.8751035834477414,-7.986914673044486,-2.3443585492941965
365,0.3307769531440846,0.552043793928983,0.22255650470789173,0.8680675055367322,0.013129249670517647,1.0077668988142057,-0.9730048454737108,-0.8229921403160463,-1.2240800703969381,-0.44265000733439175,-1.529537203655298,-0.2831098213748668
366,0.19756988498485248,0.46658762270434573,0.16564669842432272,0.7551473768203502,-0.016810200193910274,0.8852868619297379,-0.7748674544783007,-0.48808686534540263,-0.7934939064290505,-0.19189939003847836,-0.9712362052554416,-0.04471694118824218
367,0.32448426788639245,0.1486373596277369,-0.20262036561032112,0.4754890620808735,-0.43977308321831454,0.632076184625506,-1.2251629949735627,-2.899324468218904,-5.226591922622182,-1.3245498003204572,-6.919878815553167,-1.0230600294808552
368,1.0351996212230639,0.5242271158243839,0.24095066147187572,0.7948719139407774,0.08379207350043738,0.9254481066658125,-0.7259804228074485,-3.7698657643655364,-6.03996725194632,-1.8813964040586024,-7.54160535671156,-1.412733988644646
369,-2.331640687745208,-0.49197219698694244,-0.8578168279629734,-0.15103439418082393,-1.0935476065804888,-0.0013974156798657485,-3.1369030057254705,-4.490372115531696,-6.550584394961199,-2.732937588070248,-7.99368588301801,-2.20383434732175
370,1.419748723460675,1.2587319122308473,0.9547349188104125,1.5522521424753584,0.7743674970556251,1.6932376572791528,-0.5253818102506602,-1.8388405867314133,-5.221593079787718,1.9892542097037942,-7.0095003072989055,2.288656122453113
371,-1.7661285758469933,-0.9083607029118689,-1.3538778176516906,-0.49745149129504723,-1.6616095412054706,-0.325939970235403,-2.4373143642368373,-1.8368343903014,-2.373764141994831,-1.3303069856566492,-2.9795456368772224,-1.1423457135707018
372,0.8077228813474552,0.8246243818045653,0.5383872762801207,1.1010902763721213,0.3729089168496661,1.234974102960347,-1.6635699119631673,-3.3331322616503356,-5.7103479620643185,-1.421304623141644,-7.342701866821775,-0.9876610606680146
373,1.3001697611957037,1.3753798867167606,1.0764692666034081,1.6643483966442836,0.8965086513416813,1.8133645138130936,0.7097992721971452,0.6964910923409952,0.3818712003702429,1.003192652487924,0.2103623857264652,1.160408054020781
374,-0.7520782574382681,-0.5525182262510687,-1.0211192773075368,-0.126881565244449,-1.356218683835203,0.04026749279046234,-1.820965591643588,-1.793360925799127,-2.398373558650039,-1.2377752264038315,-3.2013271233812177,-1.042772344079187
375,-0.1363828019977706,0.13832087381702302,-0.20724853727093615,0.4624077778222408,-0.42112316032354413,0.6067028681818376,-1.4629692874930478,-1.6866522848270797,-2.4891304781376267,-0.9943533322445408,-4.273130621227432,-0.7947153954241769
376,1.1057845360428518,1.4009418525236395,1.138614711267144,1.6537559150099763,0.9788258181259073,1.7870408415511632,-3.4386256625207343,-3.8804092470371865,-6.149172461559815,-1.8915090088913413,-7.612336049070228,-1.2699098671967162
377,1.7493018771027207,1.5086177536865617,1.1982912167499993,1.8057278702233606,1.0148813381212578,1.9460398909668932,0.5332746597921558,0.201584670306858,-0.11744595175210126,0.5077360380026403,-0.29939569097927937,0.6659105324987349
378,0.27365511081526134,0.4244123988947174,0.12988991528450253,0.705620553584484,-0.042794646114359715,0.837914546583923,-3.004833682914514,-4.283662554618095,-6.438591959735851,-2.4345578119820264,-7.853900538875864,-1.847908676138406
379,0.7028472676332171,0.7557696178170014,0.4528209528072229,1.0508153612830033,0.2707420832852122,1.1864568732056284,-0.8162416911074024,-0.7352284068319695,-1.1483675850906196,-0.35141613476680045,-1.4694383397519726,-0.19193165296965536
380,1.130558719928966,1.059678898666027,0.7507242004593135,1.3582944668575814,0.5726619397154308,1.5062213915851301,-0.05203207548537313,0.03471944706461657,-0.29091239076192005,0.3620164644853214,-0.47211497356048726,0.5329794844618521
381,0.8926179905117534,0.9259586047437852,0.6012766575218432,1.2369154114422662,0.397440919027863,1.3803700097762637,-0.732454710696049,-1.659114001447809,-3.605301449716403,-0.5623249891375763,-5.703704423186505,-0.3365364596639942
382,-1.071558312227358,-1.2133013300117956,-1.7391667119837475,-0.7187170210813942,-2.064754659797874,-0.49343952976051464,-0.64045340645517,-0.6444048309821387,-0.9784142153782919,-0.311659615048057,-1.1595125841776557,-0.1415793083939655
383,-0.2911403133230899,0.09924157976063382,-0.2234597267055524,0.40067532299293934,-0.4275575041504944,0.5422585237462566,-1.3003658618862888,-0.790129812763129,-1.124255940457104,-0.4781224333804466,-1.326021157431059,-0.33114610542553835
384,0.7122135544134789,0.8413673570614794,0.5439449783876751,1.1284841180883898,0.3738849360033919,1.26629965850001,-3.69721277691069,-3.493932605263767,-5.900512074463518,-1.5230463030568961,-7.481317796992549,-1.0545934353771285
385,1.8867832645355171,1.963687648271117,1.639599916164406,2.2896742435999986,1.4578696407194778,2.4598767608980046,0.4007271632519143,0.4096598703113044,0.06238324162058283,0.7527864135006189,-0.13704889809075518,0.9332352747783419
386,1.1891500128818038,0.9708686868740163,0.6945262002767032,1.235306714692468,0.5409414491687279,1.3634323245160804,-1.5635190832326633,-4.0660191132882755,-6.258558911851239,-2.155025755537639,-7.723261202121189,-1.5695604553286446
387,0.23246459667470912,0.0318315499700944,-0.29158426772809926,0.3430739781338897,-0.49655493144557245,0.4912095367338781,-1.5917376115569004,-3.9872452270694105,-6.15637802680862,-2.198217320598964,-7.627626141399608,-1.7173517901956017
388,-0.1435577432604257,-0.0860300567920588,-0.43681936855386355,0.24191783133603414,-0.6556995028794969,0.38630376555459556,-3.116954331483555,-4.327947360680933,-6.469474698052837,-2.5272605217494557,-7.891122263950252,-1.9869075832143281
389,-0.8500179129326907,-0.6834373282701004,-1.1137769988705868,-0.28630384282160665,-1.3882340365225494,-0.11151826473600834,-1.1387231308326795,-1.1574619357454532,-1.5301199404318586,-0.8092162393206505,-1.7734247902826998,-0.6563331697010975
390,-0.00460864309704995,0.2775276828542271,-0.04692613579098039,0.5832988211240051,-0.2385775127758166,0.7295809775653498,-1.6032182475249095,-3.3319711616212446,-5.643928947897035,-1.5199026318365512,-7.255471843647612,-1.146305687155278
391,1.577583098006681,1.5429325155064613,1.2486763315708274,1.8289743642665985,1.0762519690722094,1.9675292254206957,0.6122228186790195,0.577535144693809,0.2646312411989985,0.8811152716287691,0.0955991210347252,1.0363829710611252
392,0.26594092468697056,0.6790343124664531,0.4073692145174906,0.944378376071608,0.2451710023161278,1.0750510753572866,-1.604417560536395,-4.083393592699618,-6.334167482372088,-2.150516901925823,-7.72128003083324,-1.6140249758068663
393,-0.050283870010100616,0.04692636270409733,-0.3114801595449789,0.38223068697532175,-0.5411278391979252,0.5275725738944665,-1.4441222821122828,-2.094674870386834,-3.458240561450867,-1.1759205618582613,-5.3827493358145935,-0.9496959828680321
394,-0.540697118832321,0.059350249742941244,-0.22808978449570902,0.3328745273800841,-0.4088483485403037,0.4651279457091185,-2.9607799266134665,-4.876435841633027,-6.864946835605677,-3.139869123387538,-8.143530435584251,-2.5755955990901
395,-1.1899039999307748,-0.734398451288736,-1.1984549228337216,-0.30934575213435583,-1.491231142184308,-0.13224752333793857,-2.228320467755883,-2.4678339739522697,-3.695866237547461,-1.5700718132939997,-5.460782187430295,-1.336008636700671
396,0.6049696002562003,0.7163633414329112,0.39956640880793837,1.0225431894823205,0.20861975918122208,1.1651074045347853,-0.9743371934453041,-1.6604384435452841,-3.1758449440151164,-0.7313325916060348,-5.339949103313552,-0.5217203983616947
397,-0.850237254710942,-0.3682119358405494,-0.6473724404268454,-0.09928260004816156,-0.8092331990553121,0.025665251974218296,-3.9078208514898884,-5.455547385082785,-7.281772882452257,-3.8601521517436623,-8.574013475457097,-3.2890614494731434
398,1.322580398301276,0.9332521027555262,0.64584093899822,1.211247279011016,0.4771405080757598,1.3487620525708535,-0.5002828821760656,-3.23315800390474,-5.66610210282321,-1.2268273710173725,-7.2442842602778885,-0.815942168371203
399,0.5877036392578803,0.5030858806517245,0.2140123292833899,0.782436063226673,0.041876201955609496,0.9134092511713848,-0.19675294320559983,-0.2785277705289696,-0.5751376943405603,0.007866236216687849,-0.7424519743578942,0.1473560073874146
400,-1.1140044231565156,-0.18247619686268657,-0.5878507547551001,0.18447603006050942,-0.843861960755787,0.3459099334678718,-2.4033455638128025,-2.187181841749844,-3.4502281540767856,-1.2932639717925911,-5.340323606998756,-1.0600823950166895
401,0.5180148061279172,0.22324399612600587,-0.12109095934552905,0.5469237303990416,-0.3485088707441204,0.6967000777065919,-1.1935608601094954,-2.6097481534462617,-4.774381940040786,-1.2294196824914323,-6.55883750176329,-0.9662869299981839
402,1.4892974242129575,1.9529292693488078,1.6340066274629743,2.2648650319427865,1.4595806018237698,2.4327863597685884,-0.12168009286185583,0.30008645576228693,-0.058092538032279775,0.654185722480137,-0.2812432238353519,0.825909985256402
403,-0.8974642375921179,-0.3389850580291922,-0.6986195685625133,-0.0005148564232575004,-0.9301110771646828,0.1408383295254626,-1.4108121429204308,-1.1283359670744124,-1.4839425781644304,-0.8000164881840724,-1.7180196253078968,-0.6457259675773079
404,0.08771977309000856,0.31086320306384974,0.02528553386716444,0.5847078156635265,-0.1477553872701103,0.7135806094385455,-2.0373285882500403,-4.458939389077607,-6.5446190421522275,-2.6661230817408064,-7.884288474185111,-2.1113348581031652
405,-0.44109042595506526,-0.36448980108145546,-0.7423452718115569,-0.004180875623293202,-0.9795540980049962,0.15704823231790507,-1.6759797639719887,-3.1296131439671746,-5.239358315282563,-1.6675939628863998,-6.857146952846971,-1.3556728054925276
406,-0.17339660751400157,-0.0875538219501554,-0.42835316658232064,0.22677771260439997,-0.6389916307852967,0.36130755237617707,-1.0879980936634528,-1.0986113539261484,-1.482947974663528,-0.7393324899927776,-1.7506732816794737,-0.5800523457638393
407,0.011961070148999317,0.3725307140523313,0.10176804990333124,0.6376679978266871,-0.06172275613245665,0.7609508434490616,-2.4738892557133028,-4.462427431834347,-6.596096405222182,-2.626310429212112,-7.946850805509495,-2.0835109612817138
408,0.06856720749682407,0.12169214016734306,-0.19629481330196147,0.4248162878407461,-0.4016770179405961,0.5599573697962269,-2.154858600325693,-4.157471001712758,-6.347566683282377,-2.328360174948676,-7.7420830872295365,-1.7994570369240634
409,-0.6303664285429165,-0.31861287890282386,-0.6711344154880607,0.011524371008311189,-0.9069044632124699,0.15971837650209605,-0.8968847159435034,-0.8102171930274131,-1.1534052097131469,-0.485812355197371,-1.36114352133522,-0.33797657675692216
410,0.9076714734625277,0.7931675999483927,0.5040304098178191,1.0729778181697418,0.3320366425297569,1.212654054456821,-2.5686610589788605,-3.4836525670930585,-5.855787611164363,-1.4833818353314558,-7.465576566076796,-1.0054763464910685
411,-2.02101470389638,-0.33284929689505793,-0.7069209798894248,0.012568015354103425,-0.9546953051440481,0.1723530260437782,-2.559780023544672,-1.3967874520188206,-1.8309137574048997,-1.00820786831676,-2.181440954276609,-0.8395740460541649
412,-0.7740500879806943,-0.6323286448726336,-1.0233094370839098,-0.26269729684523213,-1.2756275330968703,-0.09823034150825326,-4.0472517958773375,-4.659930051618023,-6.655933776600162,-2.941660883648622,-8.080714476879862,-2.423320905280408
413,0.006100908450408721,0.22076525193501018,-0.10938597656655917,0.5294429560348112,-0.311911535618664,0.6765517637664459,-1.4838768172385761,-2.920175069585173,-5.103383393717981,-1.4010634080228246,-6.797147123385209,-1.098095360201608
414,-1.3146448385759284,-0.980147164796101,-1.5357092729899449,-0.45195451274753845,-1.851196497838125,-0.23126368818190585,0.754409979218089,1.1479893803598338,0.6790916760653205,1.6384063650582654,0.43447850496744206,1.92804168540017
415,1.4099177791346185,1.4297769717704327,1.1513902755724148,1.6993751072435919,0.9854704438606583,1.8292234574777055,-1.430162363526168,-3.555067777405029,-5.946829246467365,-1.4222842446159643,-7.492180913455551,-0.8712664169138483
416,-0.7299010197833627,-0.08881370275114715,-0.39659383830158196,0.2030055586919347,-0.5842855563946384,0.3330172357323476,-2.9622584475074083,-4.657920650565845,-6.679769754991196,-2.9178389209386415,-8.05989177986952,-2.340283202732638
417,-0.9317726062132882,-0.4548556334849407,-0.8960842749982142,-0.051607979115807105,-1.1833459788213037,0.11763741495508706,-2.3292533240450366,-3.5690317165304997,-5.685823609817653,-1.9553652411119231,-7.20405981980918,-1.5911365254905576
418,0.9728141205032447,0.8846728947401096,0.6168859395915404,1.1433276498976839,0.46509872637161137,1.2753466003515603,-2.3592166454329018,-4.202923564202568,-6.386269412848616,-2.3030814072784422,-7.798849684335696,-1.7266643686309324
419,0.6932061613583914,0.45541906161367257,0.15682533458002432,0.7393355093448578,-0.018398719963407563,0.874574538476382,0.9828378990301411,0.7805761259484331,0.5050706312457262,1.050375499786775,0.35096207319749256,1.1885466424451836
420,0.9976812272211771,1.058467498312587,0.7528669763261819,1.3521942817962438,0.5778210274915856,1.5092699579169246,0.9772543488848099,0.9693231141041057,0.6471778930632608,1.2817325901946144,0.47314155745918063,1.448584273930949
421,0.8320692175609373,0.8413063343651678,0.5155630059939366,1.1560664955781113,0.3313437372195061,1.3048464117808976,0.8085426206276949,0.9485545928288611,0.628507019655082,1.255688314543628,0.4532718914057036,1.4162088898666345
422,0.4077092012678502,0.37916150354500494,0.0860061587331134,0.661176176552199,-0.09621748778253728,0.7984851319689029,-1.4749334217069832,-4.047981815213311,-6.259318075210301,-2.1698542498291573,-7.739883193055926,-1.6521098853942195
423,2.1940079669879475,2.178136918145501,1.8006271374355276,2.548489141828835,1.5859116249844818,2.7378653895686087,2.4663576517558212,2.4567298565408775,2.057962963114841,2.8547369475896747,1.8348816753475563,3.0701023611177396
424,0.4575161707955409,0.6653541364471075,0.3900640182826245,0.9314237037032066,0.23571113063226404,1.0548439702992265,-2.749261862621044,-4.262196076173743,-6.3790491125856486,-2.4276369645187454,-7.812904363703823,-1.859873113214181
425,-0.45131910894058264,-0.11279699497489402,-0.45199126122714767,0.20670556067267717,-0.649787015441386,0.35345806863242035,-1.9118810104908983,-3.508988165783319,-5.657406152579056,-1.8856209438775278,-7.314293500437751,-1.5326526832592131
426,0.5269644102210241,0.9882545665248605,0.6948968815119246,1.272545485062128,0.5324218360355848,1.4097962634219705,-0.35115989556858734,0.11274972327599576,-0.1725255769773047,0.39604563084591127,-0.33189138476862684,0.5349357192974414
427,0.21887793875342587,0.06288109469788172,-0.28346757003219125,0.3841568408276916,-0.5191639916278884,0.5234356644000493,-1.187388470181998,-1.2161213331066998,-1.6569367409477147,-0.8057738113133316,-2.0371595949207397,-0.6402795567120234
428,0.547790057574599,0.35625262114894535,0.04467191313278218,0.6468435004851508,-0.15052178219288662,0.7918777556485301,-1.2160548450524733,-3.487970591387575,-5.772749069696203,-1.656876121083341,-7.3743886668791125,-1.2512090379571867
429,-0.3413251811078107,0.36208147620536674,0.09638218449737594,0.6193078288414501,-0.06517192545608315,0.7397875240332639,-4.312002099420624,-4.663927159659125,-6.672177530298857,-2.9187830870008185,-8.037199044856948,-2.3481104706254867
430,-1.4415058450144203,-0.5802263846160002,-0.9999827728526585,-0.18777648525794546,-1.2526095040677756,-0.0032676158306482023,-2.49356280254547,-3.204835704656923,-5.1842923767485605,-1.8321171279318673,-6.825859210769775,-1.5339053767646431
431,0.11218771578603813,0.21929504419097498,-0.05392351596217865,0.47994135530953247,-0.21652514222536332,0.6101179636239669,-1.655094235142713,-4.736780844877761,-6.725512555192987,-2.991421378964967,-8.059406500907583,-2.4125701030038886
432,0.3626887357057292,0.8379354624362642,0.5702844847029827,1.1009918813118174,0.4065996136916463,1.2328579312204344,-2.6952980333741317,-4.040486873047582,-6.240746474882807,-2.1289537573851773,-7.71854951121588,-1.5476674692236072
433,-0.8503909067900838,-0.038572827148049306,-0.31575310244076193,0.22598389514491662,-0.4760638581726673,0.3496501037332904,-3.2413209710536064,-5.116456138022268,-7.042602175336137,-3.432889164394023,-8.432583989746982,-2.8910894724914247
434,-0.23061661523045518,-0.20302282860833362,-0.530561597666325,0.10747447964577966,-0.739269076204913,0.24578925293544204,-2.3238558488283787,-4.783298027483066,-6.736269284722319,-3.0903316039245086,-8.070409457000778,-2.5113491745720706
435,-0.5311503338592799,-0.06288374145203356,-0.3779817722786528,0.23641331369681082,-0.5640494397804041,0.3637484493502871,-0.9232788710906983,-0.6335236371612015,-0.9351433329745273,-0.3381233205331084,-1.110317144188722,-0.20435888317269835
436,0.463934190119448,0.7687704599422333,0.4676168114121726,1.0586251093952022,0.28627435851913224,1.1980642686175014,-0.6053330162753099,-0.5363218450711664,-0.9044832980249918,-0.18800071710147842,-1.1540063982762576,-0.024413960016197295
437,-2.2473469336738883,-0.6875223458745154,-1.0206124805938646,-0.37443484872401106,-1.2142960892520436,-0.22640947441470397,-3.574432565814754,-5.393300589200141,-7.253244415863418,-3.77832375514209,-8.5742997984176,-3.224795170468546
438,-0.09005481079973897,0.06643140822759237,-0.3014119415860084,0.4060664860019349,-0.5469364061969756,0.5526040052041168,-1.5148932106756408,-1.7092453275996302,-2.4597373151409174,-1.0637090993303358,-3.9414447597120885,-0.8728917547711896
439,0.008882224404432783,0.49667450735894164,0.20250053785463265,0.7783519687836863,0.02879874909657529,0.9135257333714629,-1.6862541222502536,-3.8070366117423973,-6.024966642759849,-1.9103727292087729,-7.526635523021486,-1.4023775604895745
440,0.8794146620035165,0.8554392832911031,0.5726816819756902,1.1278811541334701,0.4053447125959541,1.265383016104664,-1.499086465972157,-4.132177400238202,-6.330821096498459,-2.2335004690956457,-7.745822291499355,-1.6383139444666317
441,-1.3036092246485649,-0.7215307621415236,-1.1021689588224293,-0.3614513532327256,-1.3344694540998556,-0.19963519078907224,-2.7355670641912946,-4.759406212983143,-6.731753446281144,-3.0751800833984846,-8.070522550869937,-2.531904677879691
442,-0.2228264327421656,0.24001986587787535,-0.0353208283769826,0.5043899223076468,-0.2021499411187788,0.634735573845037,-3.0888657610258385,-4.569886937397232,-6.582730154128869,-2.8372263199513683,-7.938087882945505,-2.2586946212213532
443,0.34527051223566313,0.050050625212154476,-0.2769659235136638,0.3603229174108926,-0.4792275673316731,0.5075974580498303,0.21696796475347516,0.031481742004322986,-0.25223527239060395,0.3099405104606861,-0.4353708752263968,0.44772088155596296
444,-2.346469328127354,-0.32912057106891973,-0.6363473878039592,-0.03904562408745948,-0.8119987189374749,0.0933978885390417,-4.453732108512492,-5.147906567157335,-7.06969806183624,-3.5093667324665203,-8.408473901913094,-2.9381652459383165
445,-0.7222554514598472,-0.20916237287308698,-0.5301661266184584,0.09931293799289019,-0.7369571735107852,0.2387384347025342,-2.5230640582211317,-4.665387117447505,-6.722794688896704,-2.921397289154361,-8.05589386533481,-2.368569455903645
446,-0.08530824537013526,0.32687279019465115,0.03061839368596905,0.6094126668432657,-0.15369811305577774,0.7470844508484241,-2.1103516898525765,-4.076356039077193,-6.240738705440698,-2.2405868783745433,-7.661267333429798,-1.7227357775720982
447,0.7020253834488526,0.8162382194504794,0.5367846681431462,1.0867027738184372,0.37977155817210245,1.219082402629827,-2.242257124082772,-4.021167873282493,-6.234750551733688,-2.1184552303644346,-7.638482280404469,-1.5614257264973848
448,-0.8722002713584818,-0.2179058814629499,-0.6000612272205179,0.1343015522362262,-0.8439360541099281,0.29275015576590224,-2.2349454307729166,-3.4876840838689067,-5.690376732611284,-1.851132732155249,-7.220817978666693,-1.4761303711858837
449,-0.8247508921720414,-0.9238017801663765,-1.3654637172249924,-0.49761613192679166,-1.6415260513614232,-0.3156582834603571,-0.5202034939962628,-0.3887978530579725,-0.6622260052852335,-0.11861733536984882,-0.8183778371152867,0.02697687540420451
450,0.3360182406070191,0.6103818959612513,0.3007772951937365,0.9000052232077955,0.10390624014798136,1.0458174351472702,-1.0619843618643074,-0.9899311216667658,-1.4326368761476234,-0.5650424503230409,-1.9269694550279846,-0.39864355779320776
451,1.174731960595168,0.8887916916291038,0.6108642917834713,1.1552763841949842,0.46003944148317616,1.2803037320159134,-2.162114750990944,-4.110871115228919,-6.3107834230175825,-2.2002773545143213,-7.787762620576657,-1.6300255979368232
452,1.2985413588929087,1.3653006637803107,1.1045093316826993,1.6217017822516968,0.9533977323086512,1.7363548111268452,-2.9174115374551866,-3.9480836308079517,-6.1904051147523615,-1.9774821874619553,-7.619508380091833,-1.3678840857587147
453,-0.9652702344059757,-0.17485248145896357,-0.5104691322194135,0.13533029740208768,-0.7183706593888297,0.27382640191602126,-1.526704757594426,-0.8385290858244372,-1.1391895597194177,-0.5468554099255293,-1.3268872735699762,-0.41529557914879744
454,-0.6793399239898797,0.13789818037332346,-0.15447008563590078,0.4213258380534685,-0.3330939980992291,0.550169713515262,-1.1844331620880986,-0.4615271997881873,-0.7517030701699575,-0.18242168492895655,-0.9224578473351822,-0.04725939808545963
455,0.016765388481481402,0.3093723305025899,0.02706445289319997,0.5810770813973856,-0.14492424659029285,0.7107490336955153,-2.6610147658980585,-4.509898989953659,-6.592008305284682,-2.7309830786022133,-8.00611865407881,-2.144497106584681
456,-0.11818528092419196,0.03308967106417103,-0.27012412862804924,0.3233516160820683,-0.46256639772994795,0.4565231790042962,-0.6536022152702944,-0.47422572426781434,-0.7449518897516456,-0.20820001681420044,-0.9083882039631336,-0.07715347865686638
457,1.3908393537120194,1.323079528137925,1.042668673502682,1.5920620483216177,0.8796356772012951,1.7266400798758432,-0.5367175375761387,-3.203156733571502,-5.758150714562125,-1.0787278224186805,-7.425347275328847,-0.6122725112181601
458,1.1403225132686337,1.3023147743777321,1.0111889277433066,1.5858693849436687,0.8490578897064293,1.714675356718282,0.22434207268817835,0.28099750381032673,-0.030404223245335336,0.5883685469871947,-0.19318562744341683,0.7421751772976845
459,-0.6632039120521059,-0.31145593544444333,-0.7453438684748586,0.09525490895813969,-1.0060047861931798,0.2765511984736416,0.7491316546106822,1.0080812586306078,0.6096499789497972,1.4128642710402954,0.40201754740398665,1.6357318730371224
460,-0.7076582309449517,-0.23170352785964268,-0.6233297337294655,0.12520769745248536,-0.877832363769426,0.2675714667273703,-1.755909204707278,-1.468653180467008,-1.9877257745489687,-0.9994390723061315,-2.5437818580445226,-0.8193474781229911
461,-0.28563917749263773,-0.3704148669272294,-0.7533735148958527,-0.015377238971167904,-1.014231562949728,0.13613633760669006,-1.2489208918931767,-1.173563564746263,-1.641257076315827,-0.7337853557524797,-2.092591171437564,-0.5574418069711942
462,1.381704829828265,1.460992421713591,1.1897089801555425,1.7250936087785314,1.0284342426112927,1.8537490007001813,-2.2629355778354148,-3.5336582055985164,-5.953810250381409,-1.416639628110583,-7.468315842632196,-0.8185701492176805
463,0.30209035586878513,0.5272228332388454,0.2380570016652286,0.8050407031464151,0.06817960441333017,0.9342986171742427,-1.8887302580894092,-3.9669428350248883,-6.20355222154553,-2.091827081993573,-7.627220095993975,-1.564103073107301
464,0.024564816410260298,0.31057841462946434,0.025057125529652464,0.5829522677801511,-0.15043552556693526,0.7136088319664422,-1.884939044966229,-4.333226248065531,-6.409461950694837,-2.5037919048195096,-7.798459211045953,-1.9697792036445996
465,0.40987487119827065,0.5709838774126048,0.29183093267584465,0.8399660852400123,0.12947497888318008,0.9726495298875124,-1.663157298252603,-4.064155191597786,-6.248977453000469,-2.164931795410834,-7.690773540996899,-1.618389785855547
466,1.833916826913159,1.832680448633353,1.5447184931144522,2.115466078607517,1.3925962925357092,2.263015130424329,-0.4257718255996635,-3.401813566072962,-5.881130117994071,-1.1408542910536053,-7.394020637693638,-0.47509968235324984
467,0.6559615529737857,0.9368405278409759,0.6608435188293097,1.2082644477988524,0.4986925187970722,1.3390825414097138,-1.2945064081922044,-3.786690675625961,-6.044051920009211,-1.8341743656692464,-7.60149585999724,-1.3084786811299494
468,-0.5264227318695504,0.1253126693530269,-0.1293936146394636,0.37242613330140356,-0.2812244640979934,0.48832827068418594,-3.0683998546486575,-5.04132276847792,-6.9510055148125005,-3.392612660061613,-8.281060571942408,-2.821329652381552
469,1.1547186176672333,0.7208424666727231,0.3810377605268977,1.0376851343190088,0.18777889805519515,1.1954836097286798,-0.5243439138235725,-1.672606573653043,-3.2975226638223942,-0.6735262514200558,-5.65552220446389,-0.4652060137533433
470,0.8279029909434258,0.9177798005128522,0.6114496319336732,1.2140288691566348,0.4350656092120329,1.3495560848277184,-1.5018912992890658,-2.9351537219678527,-5.4398154821485925,-1.0572691608605287,-7.119220912239446,-0.7039447127492694
471,1.189294131351765,1.1667950268757472,0.8764465540292168,1.4453185615107764,0.7062063636898948,1.5792254332810933,-1.2104266789007587,-3.0854126387305696,-5.635337958600195,-1.0381366228834958,-7.2125138917702145,-0.6450180893748877
472,-0.047449534789737347,0.13497631276136682,-0.20641763099978946,0.45282423052396126,-0.42291466401110434,0.5957004459763008,-1.077593021405679,-0.974582801005536,-1.418293637032379,-0.5603937508194692,-1.793432084921107,-0.3766955326664097
473,-1.915883851419949,-1.6249932910601432,-2.127135541056143,-1.1388901934149125,-2.447215624641042,-0.9058194253496364,-0.35104662162251743,0.11620242390683659,-0.14585777321204715,0.3907252728363092,-0.26381295804452026,0.5716041599436438
474,-2.4207686475619203,-1.5714668649652064,-2.0893520082202652,-1.0758217207590146,-2.38692253332838,-0.8356591280940829,-0.10302171984209348,0.42646854528684885,0.14417744585299974,0.7130742255237571,0.00042643775359167175,0.8852225605140024
475,-0.39886295627691765,-0.23036474167880436,-0.5558390954266325,0.07422812858218958,-0.7488830774370507,0.20737396786139783,-3.971688411492723,-4.849486508892316,-6.830082644187644,-3.1485366036100744,-8.195211684635932,-2.5597341813349272
476,-0.5514054799159503,-0.6586371847078397,-1.0705244694266676,-0.27423778992633535,-1.3573502614284285,-0.10866331818916627,-0.6183180691173423,-0.6139263424144816,-0.9404124315570407,-0.30150072534412825,-1.1510441840145045,-0.166190779970638
477,0.7500208792010684,0.5760764649943478,0.2931516468977574,0.8481068258362021,0.12293274787003079,0.9819011844055395,-2.8593462080715666,-4.1408987417345635,-6.2953168095105365,-2.2711947351608566,-7.777686067604381,-1.718573593059965
478,1.49742113947982,1.368983543050947,1.0873207639399884,1.6440551442947922,0.9234701587956886,1.7768505705287687,-2.7801726535984357,-2.848904490523655,-5.4990354046070475,-0.7001078501289483,-7.140458300755866,-0.3198492001872276
479,0.3765765442376883,0.38639851841017253,0.11120941603348893,0.6523248651616491,-0.05200384553652856,0.777242501027778,-1.6633495610674551,-4.339211878590687,-6.455775664950347,-2.5349150298302567,-7.844831701710074,-1.9619477101222158
480,0.932569273399161,1.0167775325633108,0.7262616679057754,1.3004961336175125,0.5646765987244865,1.4343166387963808,0.5680947748035481,0.6823031599417047,0.3997163657057541,0.9605524632852006,0.2301235596919944,1.1012188315758173
481,-0.4727952199140099,0.08432528071134918,-0.19560856047489922,0.3524294488569574,-0.3579718535601701,0.48122703208624995,-2.8645899829773467,-4.848866826799243,-6.7686420311564,-3.1258076964632298,-8.181189875870764,-2.584177085385572
482,-0.9406282332041445,-0.7676166132498372,-1.1815303975648799,-0.3823529237505237,-1.4516988445900287,-0.2115973550804852,-1.2507873300911072,-1.1181853740187748,-1.4601276007743467,-0.7937228154601914,-1.6685898743889904,-0.6476156510658997
483,-0.5869145836211198,-0.4677765970144485,-0.8664065454249941,-0.10133999645255024,-1.1365724476637302,0.05753354052134701,-1.7052949407531763,-1.494263305280381,-1.946466343342881,-1.081434468609677,-2.321548331739117,-0.9124543302098733
484,0.5369440952685967,0.485787629150381,0.19525530344716094,0.7647662501951424,0.022753571770696958,0.8978661802190434,-0.3310462220118919,-0.39725755207074126,-0.689000199779788,-0.11490441368145195,-0.856458435783172,0.018275994067090965
485,-0.1326659473718078,-0.11301002679024262,-0.4246284717282211,0.18502973518817778,-0.6280422986807742,0.3220234601677615,-1.9054131021529082,-4.61717621321536,-6.631598179718682,-2.8746117473723385,-8.069505505446664,-2.3243231458350406
486,0.6354039528259265,0.3756784081850861,0.07582512274986725,0.6640256192360594,-0.10951064547755913,0.804591252877295,-1.4169577263730444,-3.78681035112627,-6.019956084612915,-1.926325072872622,-7.463509841149683,-1.4608002426649642
487,-1.1556418049055064,-0.11719893584735887,-0.40817689411888514,0.15798189537278357,-0.5872998666576721,0.29118772749705296,-2.6205853253217457,-4.942019556746977,-6.91515465468672,-3.267910821572996,-8.294964533942922,-2.6834836428069244
488,0.29342319938598227,0.3489467757749609,0.027470299353042824,0.6598233998523143,-0.16967523901136775,0.7994937313942726,0.024904253760627527,0.24907300447871708,-0.05181316237958504,0.5427351681705024,-0.2248152935323588,0.6857327333748822
489,-0.2608731257520738,-0.23802847489084797,-0.574698215397043,0.07739622424415467,-0.7788915021437262,0.22145408825074425,-3.560510900919329,-4.40133995869349,-6.440506734782163,-2.6381708546607374,-7.851298266404584,-2.122361322955333
490,-0.8284075520891336,-1.0166016757548813,-1.4555467811180733,-0.6082803527949566,-1.714688871627473,-0.41858035796203946,-0.542164269430131,-0.43510861921267313,-0.7060083751803448,-0.1689784679545525,-0.8606117098705623,-0.03028358199778454
491,0.7255757334861683,0.8867261525349438,0.6031706535036943,1.1640820526540752,0.43906060707355116,1.2962514721962985,-1.4391236966203012,-3.5148206961851267,-5.8672479867912175,-1.5942542810689313,-7.515720704591816,-1.1043569897316696
492,0.7174935882189366,0.8920686539907529,0.5870730357774298,1.1827903730252574,0.40931979394304496,1.3260733353205894,-1.2190402171895656,-2.75837701785356,-5.256216826758852,-0.9789643063624002,-7.034266691692498,-0.6861369626248934
493,-0.3377620098302414,0.18070995362628967,-0.11888253591292583,0.4654787281785936,-0.3063699493906197,0.5978554619811149,-3.51463060081866,-4.535450561698563,-6.5873930220481425,-2.754346143375037,-7.999478307029908,-2.213838057749142
494,-0.41843413978799404,-0.03906775453130253,-0.3689150734202847,0.27682989702254,-0.5860750499162846,0.4192355068445938,-1.8346697413162152,-3.8407034129414503,-6.0561067713182215,-2.0590801310290607,-7.565768208933615,-1.604544081339512
495,1.5722372889635965,1.6058313106541822,1.345785651825734,1.8581698234625308,1.1968361336153817,1.9868481210294184,-0.7756707555816628,-3.857003698045441,-6.132150896427003,-1.851776083226212,-7.635821903013101,-1.1918496013391051
496,1.8848458041175422,1.7687821642297634,1.469527606646447,2.0617214989140162,1.2905497003174138,2.2071552653266964,0.49941849774007857,0.29802498625651325,-0.02557363386634916,0.611543504671296,-0.21582072110786668,0.7715408519982231
497,0.28539524142783707,0.13747268434063195,-0.16155358368865902,0.4226711627408406,-0.3567122870372372,0.555904114992955,-1.7929301483569893,-4.571213892282726,-6.621605725557149,-2.7991456702450406,-8.029600162604675,-2.2425291016743434
498,0.5265958444667264,0.14875747104010356,-0.19804398924605449,0.47412088772692856,-0.41652160065701743,0.6246601595549395,-0.5635855809798358,-0.6262581011904473,-0.9756183961940067,-0.28778553437822785,-1.1829981715416733,-0.12705800051096594
499,0.7439950698083052,0.9892716576802885,0.7059318399309149,1.2686261872926357,0.5428115502990803,1.3915314639531227,-1.593597110179189,-3.726939725852622,-6.064908965005492,-1.7319333078428585,-7.5455949754396725,-1.1912347822240859
