dataset,subj,log_omega_true,log_omega_rec,log_omega_lo80,log_omega_hi80,log_omega_lo95,log_omega_hi95,log_kappa_true,log_kappa_rec,log_kappa_lo80,log_kappa_hi80,log_kappa_lo95,log_kappa_hi95
0,0,-0.7733063714990105,-0.6793134078586316,-0.8046361746856545,-0.5601187109691086,-0.8651648406272962,-0.5043342640426902,-1.5409628308519283,-0.4858486458049077,-0.5682108520247522,-0.4090417011190957,-0.6166005727478642,-0.35861729229338024
0,1,0.0676947701629272,0.1688628556755906,0.08540976899170787,0.2546334935047191,0.042083087634107695,0.2983279125499241,-1.3083556918112276,-0.014816485197279444,-0.09450198790903043,0.06460445671676254,-0.14272776612096905,0.11370448124686174
0,2,1.3851326269698816,1.4997551448111333,1.4344713907551012,1.5647202439125711,1.403354270785636,1.6036742826461823,0.5303918150719904,1.1342211182248674,1.0732775183515346,1.1988154100366188,1.0373979861891016,1.2274526176629716
0,3,-0.22775371484731055,0.18159880393210426,0.06324160157271144,0.30137988970965973,-0.009979688771111885,0.3747575436516325,-1.4071386754735729,1.5672594021940822,1.4541446319619984,1.6742566954048836,1.40081327555547,1.7351109059376362
0,4,0.24367912031398498,0.4524295170822101,0.3679236500933589,0.5383813939637151,0.32116476423239687,0.5851575009279866,0.08325545281945466,0.8156087341675022,0.7423634281580891,0.8861098000051217,0.7070938498021402,0.920549904009914
0,5,0.6053116537035356,0.6874970355251994,0.5865960797652099,0.7924844241068798,0.5285707241427321,0.8449149914539216,-1.4437307280360419,1.8886828914614966,1.7898937150956364,1.9959548901620965,1.7331700461314208,2.045393270564949
0,6,-0.35831438164436696,0.06140420907613125,-0.07496952622670877,0.20244096953518648,-0.144475957896153,0.2682327052045799,-1.5557450390527914,1.7416252797298737,1.6246063377075095,1.8656353588713797,1.5580894362459934,1.9344447781905305
0,7,0.6190328745955846,0.5175297293230543,0.4355199611156402,0.5987228623948107,0.39501153802389344,0.6433297617526534,-1.742153729555944,0.33871167497132426,0.2701593706766732,0.4078921603561365,0.23647727210660877,0.4469854708288255
0,8,0.9075942980474377,0.5585620536299077,0.4764902338152743,0.6490020021744038,0.4315136852676289,0.6937350318567604,0.586421692434788,0.8197150285270074,0.7438381435458815,0.8976251589080979,0.7024938710558118,0.9357826864136299
0,9,-0.1766158351657328,0.01286101917829231,-0.0753485263487397,0.10030132488101663,-0.11642359073657962,0.15038506528084816,0.007914288031482726,0.42106110335464547,0.34539973742456476,0.4975792772293615,0.30663797719196484,0.5280726159628308
0,10,0.2915176975561847,0.710888765857724,0.5956788361326725,0.8198763694835776,0.52753766603223,0.8851945341020129,-3.649229180019045,1.8093980552982343,1.7097153375272924,1.9110379825750532,1.6537703979345442,1.9641081943686325
0,11,0.15171037846226537,0.13089560613332724,0.046461428413010354,0.21411434332732895,-0.005688961182626805,0.25586132591229127,-1.476391729644814,0.2819840086476093,0.20380198071066027,0.3572798989406195,0.16937437361433494,0.394062277856236
0,12,-1.0056925057996944,-0.15669941035872742,-0.2992742837472377,-0.016510359007624764,-0.3818729028126427,0.041646252054087514,-1.897569095491054,1.2808694906857576,1.1788625829789,1.3848794802268545,1.128999440543665,1.4440407254525502
0,13,1.1736058885571916,0.7580462804230563,0.6890092985575733,0.8261920245388084,0.6476922896893303,0.8671432312904165,-0.302571311641425,0.583032883143101,0.5123238981002379,0.6505055859774881,0.4803994709690869,0.6855049474359272
0,14,1.2818342176437703,1.4894743695235142,1.3796881664762275,1.6005809091388643,1.3271081998297276,1.659808073961985,-2.384494588909234,2.656920267640016,2.551250895998467,2.7606166872247675,2.504780041297798,2.814320296584126
0,15,-1.845669004410214,-2.8932318696642363,-3.2858876429817943,-2.4911245037392518,-3.4989708651852047,-2.2380184640639946,-1.2473502665077247,-0.6236011603509811,-0.722006959589347,-0.5305081916675262,-0.7698478333698819,-0.4694910385674423
0,16,-0.30330198398406827,-0.7697547693681521,-0.9070834902089957,-0.6390318518541652,-0.9706064635007822,-0.5707640515053702,-0.3924070452711317,0.015555578683678916,-0.07084937635328357,0.1043047389921303,-0.10881495839646704,0.15017762853886804
0,17,-2.177400177725012,-0.6361478062598501,-0.8279067285194137,-0.43391997322374026,-0.9463208810848822,-0.31836511841110215,-2.896843174132579,1.2491073860033743,1.121679383209038,1.3777817510896777,1.0544886452342148,1.4415758744473495
0,18,0.7066107463108906,0.7737692945578214,0.6740582088818742,0.8774723760074179,0.6140014806568992,0.9336780546170346,-2.8825411244216093,2.0032331397969716,1.900525178056728,2.1014822508590894,1.8569392128783442,2.152026700020604
0,19,0.81882638064533,1.0362528011404484,0.9658409413411916,1.1026891209710485,0.9271470901152845,1.1429089124371024,-1.2750620872436031,0.582499396697439,0.5161720303012863,0.6492187514877098,0.4771737453863418,0.6816663866720203
0,20,0.2508557307567771,0.5437052118054556,0.4244433960046728,0.6573884188644749,0.35481934565669715,0.7227805852858054,-3.042714048455871,2.03796057577661,1.9265995567959293,2.1422876165219407,1.8574350780383555,2.213085391886858
0,21,-0.23540903965585544,0.4579974804616503,0.3812295895686388,0.5376402990031359,0.3323400195834952,0.5771222711644967,-1.0202278455202465,0.36683853897030827,0.29761451278982476,0.43490576173179124,0.26105673494630827,0.46440610607712757
0,22,0.4236323688275908,0.6876634842038265,0.6112781740698926,0.7704976843875173,0.5675385086413616,0.8121169180260285,-1.6486236528951257,0.3220399017388492,0.24414944006990308,0.3975971872378648,0.2053723399594794,0.437781150506954
0,23,-1.1724815084016567,-0.2535736159544757,-0.4290091006984558,-0.06922397001302587,-0.5196900858243015,0.01178758083344412,-2.828588682565826,1.639007499180773,1.498746801064321,1.7693320680841196,1.4272504295870418,1.8407559059253444
0,24,0.09602292375427027,0.36877345282896073,0.28003301329693225,0.45921876803489586,0.24086700837086839,0.5049020068027087,-2.6922432302111137,0.09478020386088445,0.010289853314853123,0.17850892814385574,-0.03333105758606269,0.22029033505546938
0,25,0.7529519530005849,0.6653979479127899,0.579410894766955,0.7465743660977442,0.5317723053709175,0.7914606089502733,0.642419690298295,0.9189045791319478,0.8488448962493702,0.9918108973655937,0.8127603260029526,1.0267256016324533
0,26,-0.4376425515600934,0.27721269996792025,0.13301739838879945,0.41966185366095354,0.06935421730126425,0.4783125270790667,-3.2837976544821426,1.8822461456767554,1.7539862424070232,2.0070595769876314,1.6824352671233658,2.0670386664426954
0,27,-0.1346921310960319,0.41512511869033486,0.3324308352279789,0.4989873035899938,0.2847980678353493,0.5363864669683583,-2.3159175768144964,0.2741599399551115,0.20334901451879622,0.34198581977025255,0.16918919487103423,0.3876655226365592
0,28,-0.4737588475797301,-2.1718582461620053,-2.4462527386488295,-1.876189297973287,-2.623380531359998,-1.7394969384922616,-0.2697117254570964,-0.3616062111438631,-0.44505827504911943,-0.2765338535234164,-0.48996763536531474,-0.22895318753326588
0,29,0.2366292585542038,0.23642321157297896,0.15540453801932713,0.31725177677934047,0.11154094086242743,0.36508460222598027,-2.578046358718037,0.04905830321788169,-0.02654726680263013,0.1237801428438699,-0.06433948018831341,0.1587131850006436
0,30,1.2826736445848528,1.074024949879143,1.0049777867908187,1.1432915716986265,0.9653685737314808,1.179309403134345,-2.2495113598626126,0.9549102005927516,0.8869677765812605,1.0220051648950506,0.8509589717998484,1.0590616957342802
0,31,0.30023809278898844,-2.535374749036922,-2.8911369448178044,-2.1774967522580635,-3.1002464750562075,-1.9958459558255266,0.9907210810370193,-0.033106190327069095,-0.12291931773142788,0.05688660263027363,-0.16855242948790375,0.10596035541197536
0,32,1.650194544400192,1.8285027982288673,1.7426008285605734,1.9155389346218734,1.7008045400358247,1.9526494294852224,-0.23573286826711584,2.4052805857376276,2.324072256082572,2.4914490223877026,2.2779054751042094,2.5244942878491776
0,33,0.36497766695872547,0.7055005967457565,0.6310213738989869,0.7827492683136198,0.5910132174256505,0.8261775121181609,-0.5004117727252599,0.5733820358518358,0.5000005017163237,0.6486515306504805,0.46009108667936394,0.6762003945348264
0,34,0.32501626940530354,1.0205950710909004,0.9495920572662375,1.092266271977338,0.9132632172521299,1.124724860301805,-1.6428089617509911,0.6463988011636081,0.5777082945104196,0.7182802124573044,0.5423121372072208,0.7486091741694604
0,35,0.9494612225227342,0.9419943184650267,0.8454750925690269,1.042838942462531,0.7975298482159788,1.0948673370972846,-2.6309275376393906,1.8722770077190778,1.776207221997363,1.9610296958173807,1.735783468369794,2.019909324466351
0,36,-0.8735592322597466,-0.0945378097575845,-0.20255433130335762,0.018705845200705493,-0.26645892481452355,0.07485633966327629,-2.3621816796484802,-0.23467656252950464,-0.3268924949148157,-0.14684940885454295,-0.3771957734889698,-0.0929105518650925
0,37,0.5453978087426025,0.8365021965046824,0.7629574914908916,0.9090553743655867,0.729571020575693,0.9562560956480327,-2.2840626747342396,0.49062807827547406,0.4198954918827333,0.5602361606492494,0.3855818193605694,0.5997678456995964
0,38,-1.336456580697832,-0.42721196734119576,-0.5397442250765332,-0.3151354361561231,-0.6117002381001325,-0.24764567203355847,-2.3601926014494783,-0.5139429738758193,-0.607443013060639,-0.4230069533479705,-0.6557544805828149,-0.3752578540361482
0,39,-1.2262223573777187,-0.06299309686719694,-0.19756650375739285,0.07902942958280056,-0.27479949908179135,0.16076728880806077,-3.284455407530892,1.5948108675659949,1.4787090962404996,1.7057668996196533,1.422239876561192,1.7590804536321407
0,40,-0.500153171971894,0.15195998152249665,0.05012236760341434,0.2581267228414342,0.001173597635257837,0.30825877085859277,-0.639123569648891,0.5242433193654024,0.4492925648088691,0.6014962930120981,0.3964302220468237,0.6457226905192691
0,41,-0.6752406585830449,0.15045529687099352,-0.004131425847275411,0.3013766049311833,-0.07797554102580424,0.38639038052670666,-2.4614133179651003,1.9232795246741499,1.7916485083843108,2.0529950157229817,1.7146634336784408,2.1195417006670554
0,42,-0.6748204626119949,0.1680426483914392,0.025993616776676297,0.3131448346634478,-0.04061855717891433,0.3896834747944548,-3.7529552760161815,1.8727398592201532,1.7365017852375475,2.0075982664921614,1.6834827774128625,2.067311633457643
0,43,1.2124633445810455,1.7189611356984513,1.650890333957736,1.7838385350558674,1.620085784846434,1.8250225378161784,0.11624954843475784,1.603888212519462,1.5417375587864492,1.6671300608707047,1.506953064395245,1.6986605595025355
0,44,-0.3613618250354767,-0.460580506176259,-0.5722917200916775,-0.34588318799741663,-0.6340711666317937,-0.28921356870696713,-0.7504835625582449,-0.08368560062718469,-0.16783498904781088,0.0021797680808588547,-0.21277878412845513,0.04001352958210746
0,45,-1.09984076461171,-0.08197392657750671,-0.2085932757910906,0.0397168907744122,-0.27722849440881475,0.1030449120513818,-1.707802323361305,1.0547480911563343,0.9636080720966456,1.1418189793254265,0.930844295618302,1.1864762963536877
0,46,-0.14372385851200042,0.321004882174938,0.2391303849974722,0.4058356526025534,0.1929882269248217,0.4440616966124377,-1.370471821491144,0.04004541075391147,-0.040168273718364435,0.11654968996507258,-0.07307517851736364,0.16371606999452887
0,47,1.297022161615521,1.368577551313699,1.2983598571375545,1.4407403702900514,1.263501465305502,1.4715242193867308,-3.3528094669569684,1.0285170857878692,0.9628880204586537,1.0956902650131222,0.9289410230117683,1.129608020907757
0,48,1.3735479136414501,1.1436503911604377,1.072713287231255,1.2126036625485483,1.025285294047333,1.2594409717950221,0.057161256142320954,1.0532811983027877,0.9832457721157619,1.1224178793747106,0.9477340503696184,1.1586819609741115
0,49,-0.8556306971202257,0.14242665119620018,0.006160115733015908,0.2634993749018058,-0.05836616697221109,0.34382085643773863,-2.658203889340298,1.5641090680787648,1.4632880967806159,1.657551879786818,1.4196028386178232,1.7195682188148416
0,50,0.7631802144719577,0.9477522711589064,0.8690286426140499,1.0247455216601549,0.8321886021019033,1.0663279878210277,0.9535217174671138,1.3132132630140168,1.242328825568606,1.3804774562762012,1.2068110011111999,1.4155761410624523
0,51,0.15285207637934944,0.4283272320548889,0.33839686052889995,0.512947268208145,0.29421259084102536,0.562642235246562,-2.5538978551848643,0.0439671088969902,-0.038591829983781085,0.1263507816680406,-0.08094214596556708,0.16917460287561892
0,52,0.5877188209500491,0.7345338513343738,0.6618300026355315,0.8059422581719551,0.6281405479482167,0.8428861118967823,-3.3865990446342566,0.5672411798991099,0.5017179349632203,0.6338881519266623,0.4655087357158773,0.6622554887255124
0,53,0.9094221664147759,0.8773032706510394,0.8009765362159926,0.9504347493943983,0.7714198730725952,0.9880852566185034,-2.9649164976066222,0.7073229613269808,0.6340249391821322,0.7814849253234737,0.5913378233794688,0.8166513590980081
0,54,-1.1169352987425272,-2.0191464194186337,-2.265444255576504,-1.7974841170447635,-2.383207267669609,-1.6534675705806234,-1.0273199655522791,-0.5361632379188028,-0.6279473344176628,-0.4442618823124358,-0.6753231667520698,-0.38985332947402135
0,55,-0.4023955234721365,-0.1665761645512338,-0.2717157393841223,-0.06699211011331525,-0.3222188517612496,-0.020858296154464245,-2.177159807049975,-0.21544897991050235,-0.2941736059521475,-0.13323878872154063,-0.34327236872417594,-0.09381993644059801
0,56,-0.4965670641219034,-0.37194246462366254,-0.4795141220663253,-0.26333242379477767,-0.5358654898442607,-0.20342292911614654,-1.500099854525715,-0.45473409483273325,-0.552225936358204,-0.36404171455057577,-0.5994980581534718,-0.3199010802568749
0,57,1.08112966793477,1.0667843394304903,0.9954890838079643,1.1389821050385596,0.9617032440944495,1.1749712070281984,-0.5331066548680443,0.6910193242960515,0.6209693355023483,0.7618965357260139,0.5922750144511479,0.794053004914105
0,58,0.6676285023319966,0.6558264874959282,0.5409456134495126,0.7710870679106657,0.4932689328070815,0.8232769099371816,-1.8844599558204638,1.9765425606662306,1.866851468024277,2.0849647374124998,1.8137531419385209,2.1449655494817197
0,59,-0.7752140724246184,0.05795923885225084,-0.04144714415323947,0.1597088851245017,-0.08131447672555675,0.21086287856019773,-1.8004135962775096,-0.0773842774325053,-0.16187683746945347,0.008150780009829175,-0.21105403681457888,0.05495745694552194
0,60,1.1718866368322636,1.026512409422683,0.9403063635744507,1.1152997634852415,0.8949956721980501,1.1588836002810388,-0.3862587962047323,1.776521543177152,1.695039360643339,1.8528738520057098,1.653073068194119,1.891138116728933
0,61,1.1285739003254698,1.0649965057240538,0.9751901617340718,1.1481936106442086,0.9283123757231295,1.205004906167496,-1.927379895205799,1.7802417515183575,1.7036596152721943,1.8575450152679955,1.6651263662151008,1.8954554496182618
0,62,-1.3727788265335643,-0.05577249098132107,-0.2196170674757393,0.11016132651308157,-0.31899665977080605,0.192591065433567,-2.8472932910328947,1.9144579259087002,1.7721918406235009,2.054525474993907,1.695258906399931,2.1272305189775405
0,63,-1.3979614219659333,-0.34567268865293965,-0.4792830809962922,-0.214236871557537,-0.5489203659884997,-0.13955507352351307,-2.059208117529646,0.9167893742320091,0.8180064542247422,1.01501131137182,0.7645641056690496,1.0562457289035612
0,64,0.2617039189152866,0.03377885811663421,-0.06662110697507963,0.12809812060454076,-0.10926192996893759,0.17846134670969574,-2.7023922481771065,-0.1633099144372453,-0.24663775512532035,-0.07725618451092155,-0.2855342120862354,-0.03540610679669729
0,65,-0.7316668092955924,-0.6714966210280475,-0.7967271477956658,-0.5492835421983812,-0.8678503917239623,-0.49068024500280877,-1.4044150677980916,-0.5738423448318121,-0.6675160874562476,-0.4790705021562549,-0.7204411330345871,-0.4202512229383097
0,66,0.20442735218284305,0.4534096638888909,0.36629178286933334,0.5389274084990655,0.3185886058954313,0.5928899622276681,0.0800813443631128,0.734105847709288,0.6606219266676753,0.8092684648517603,0.6235012645730194,0.8512368184866818
0,67,0.44902418855538323,0.30055330000293307,0.2169640600303647,0.3822696479878438,0.17248300633769328,0.4229180140143912,0.24799017122319503,0.6734826376646014,0.5972232220290229,0.7508352965782515,0.5565278536926281,0.7975928622250045
0,68,1.017617349014544,0.8925271395670736,0.8155743023212403,0.9719506375065052,0.7692822398477441,1.0111530913206837,0.7400785505174755,1.0877568599539928,1.018286835419365,1.1527754812761368,0.9862537782598997,1.191770580784555
0,69,0.6843409272493094,1.0596232163385897,0.9740652096760486,1.1495103925151466,0.9271808669420782,1.193766884579039,-0.817370252890624,1.4775858092278893,1.396359794366931,1.5607027812388374,1.3572908941038866,1.6069731723800074
0,70,-0.4092226786436806,-0.3292437750345344,-0.430315219384199,-0.23283942006356326,-0.4867712428809754,-0.17000796826841222,-0.8706266654832108,-0.03991382537163719,-0.12401218213968428,0.04469613763544253,-0.16116424633778287,0.07943279830643347
0,71,-0.01760173343087144,0.5035245553633825,0.42077215051018185,0.5901025716592052,0.3791738008806277,0.6340964333519593,-1.3771446816032245,0.4691072592890166,0.3890662656500879,0.5499747124627937,0.35542168682566844,0.5891480746681728
0,72,-1.698805282598206,-3.3905532640955136,-3.8848131777286428,-2.873478379033796,-4.14405328472637,-2.5938334355286323,-0.32450516309161626,-0.227122429103413,-0.31665803856034896,-0.1390995807142836,-0.3533578643555848,-0.09539380108562702
0,73,1.0122946295486281,0.5419998500326442,0.4623977510116942,0.6236068797294912,0.40847779102745574,0.6729657255508151,0.2030019461710162,0.5376036013112367,0.4642313465259687,0.613756658164697,0.4281733309355679,0.6560650684966732
0,74,-0.8065701397273867,-1.1472558373109827,-1.302971900575485,-1.000272402164446,-1.3862921088899403,-0.9176774571008204,-1.0620086931719643,-0.46851966304581333,-0.5548586942230617,-0.38233694420149933,-0.6026780600010201,-0.33482995090062007
0,75,-0.576082570695258,-0.49684549281234375,-0.6474490634901445,-0.3460043540112649,-0.7180394545104376,-0.2702391121599042,-2.6839019945174103,-0.9443478568863952,-1.0728119044351645,-0.8163273299408038,-1.1463259545654108,-0.7498896715108633
0,76,-0.2149794004912994,0.20009787216837163,0.11103772331324235,0.29370027312608565,0.057936556669201764,0.3362923332903436,-1.1850335091385686,0.21546145492575836,0.13218473476077683,0.2969756509573401,0.08666313355065774,0.3361860998556194
0,77,1.4167701625772382,1.3408284378190196,1.249054373318893,1.4309058124365155,1.1934286314152762,1.4870580663264739,-2.769965969221328,2.2327770848844555,2.147656512569556,2.318820822983236,2.0937028235738624,2.3661554800296
0,78,-0.010515595414523375,0.0768102056154538,-0.06422517215025207,0.22338529756070355,-0.13855513182535906,0.28855954968065217,-1.9704656360100548,1.6884546162556102,1.5671843996938113,1.8107962463673477,1.5103219867502766,1.8734074935361322
0,79,-1.2754550268258074,-3.110635910372333,-3.5779103509653476,-2.645137231417432,-3.874145190032817,-2.3919147385289152,-0.39517861019945566,-0.48283862344056366,-0.5799920877230565,-0.38502130673554136,-0.6230583425019941,-0.34178007592255566
0,80,-0.7706203950899029,-0.8110770907780833,-0.9415865733169506,-0.6724430250568441,-1.0327786661887153,-0.5974586005065846,-1.0210523752050187,-0.29574757087579917,-0.3745626915425933,-0.21423020061857057,-0.42433151052567725,-0.17245965172319463
0,81,-2.2344365678525993,-1.3884057548272735,-1.5945302887998374,-1.1951134970084072,-1.6887942731999857,-1.0814121627726097,-5.917855739849814,-1.2168313683779537,-1.3463840650113492,-1.08318252240393,-1.4077204258543912,-1.015929764499121
0,82,-0.47536725475800595,-0.9920048054902469,-1.1217152311487557,-0.8545584237498195,-1.195470412396107,-0.7777946441203426,-0.41592816102137925,-0.09649374744697305,-0.1758837323866175,-0.0219918910405323,-0.2111309205010761,0.013925163680807538
0,83,0.6960565496750111,0.41193078176736875,0.3253795759756159,0.5018670671725728,0.2786554825842098,0.544792319189472,-2.518577125093115,0.1002027990590138,0.022863846352435328,0.17537810010837285,-0.02439779630812885,0.22395548006738877
0,84,-0.5308969448651086,-0.3166935084876068,-0.42630273440454414,-0.20227700473535315,-0.49663497461209555,-0.14472072330344582,-2.1038919718050884,-0.3077244586953862,-0.40487554827015826,-0.20684527132078387,-0.45292770201661614,-0.16115514125058591
0,85,0.7972255454814947,0.8008437656058719,0.7011815512604851,0.8961697242691072,0.6520442968080733,0.9567111746683934,-1.3448952448141378,1.8316475804569847,1.742290646877691,1.9261739568052028,1.696236305178514,1.9773548753504548
0,86,-0.4911109774704037,0.21154619194915728,0.07044424973380636,0.3510201824040395,-0.010820584947535095,0.43262526750701025,-2.9726694005436824,1.93249921722261,1.8087117517790472,2.0530203058735514,1.7465516041177276,2.1291698619497224
0,87,2.0289617007125256,1.7024639336001068,1.6410614465837994,1.7699694526424874,1.6047544689959723,1.8035066756675098,0.16239531610200125,1.2993902853358943,1.2337125699676634,1.361497100266805,1.1937404382532628,1.3966016775814063
0,88,0.5468730434902074,0.9610293716619787,0.8865560758632763,1.0347823878603035,0.8532417799006515,1.0798200340019335,-2.792936816622532,0.6569333476122311,0.5864715662359572,0.7273355339770495,0.5480901246279747,0.770276041875986
0,89,1.3460939948952122,1.4129030632677855,1.3229929701490655,1.5072440098822526,1.2743578829423003,1.5514504919214986,-1.4747910011566405,2.2667285342432244,2.1764629578040164,2.351043381003731,2.130550192144909,2.393364192792705
0,90,-0.073550349770315,-2.170247730803164,-2.4534732358767046,-1.870901068237038,-2.604756210281861,-1.7311073154910996,0.42244838388848516,-0.03882680934492888,-0.12763540550711902,0.044726542703541525,-0.17539974792600593,0.09385561409623168
0,91,0.7266022699366814,0.8969228185563476,0.799483076749936,0.9918421729767072,0.7573577025268843,1.0443708429139094,-1.5723301164082493,1.8880898046075705,1.7910433491858413,1.9812827003545452,1.7445410076297105,2.026335504210452
0,92,1.067565641335601,0.9049785896571305,0.8260913257159077,0.9798406459302518,0.7976846935980972,1.0160865230889786,-0.25078873785184636,0.7410774530752129,0.6731668158826908,0.8093185403585351,0.6401479801098339,0.8416527103944913
0,93,1.3587720646401278,1.4331678607139609,1.348581454866124,1.5221629633146438,1.30805793293877,1.5689381226839785,-3.8641750262873247,2.120455126331085,2.0336159646937904,2.2026762650544645,1.9918810663458673,2.24046004651679
0,94,0.5533747184323378,0.9431592709522276,0.8707004252162573,1.0177180140938298,0.8277269805514905,1.0545252917729302,-0.03892935998190051,0.8072773575614492,0.7396937454330169,0.8774984036658708,0.7059205321119999,0.9150552865099203
0,95,-0.29497414906521097,0.3384408188707029,0.2529166343188824,0.42142841512701723,0.21151797253968788,0.464502765016174,-0.854964449467771,0.37661177955458097,0.3045436743067214,0.4494427124086462,0.26536520679444286,0.49115619312524594
0,96,-0.2736990218056066,0.055270294281816124,-0.13967889097422753,0.25243141879208975,-0.2473245199628011,0.3524507896419286,-3.4746332331543694,2.4377517108092412,2.2717638008371694,2.619051977953025,2.1731082569408886,2.7036592211508284
0,97,1.1856203687498381,1.1572014227389775,1.088720558450092,1.2261352498503555,1.0529389585431173,1.251894871538126,-1.6231500642926793,0.734431456816697,0.6687321823734901,0.8003785292060949,0.6293737480450321,0.8374786468392441
0,98,0.19401500476732775,0.1572849238188446,0.06255816403310299,0.24968362603111294,0.018097318080007804,0.2961834082301021,-0.1922886046433594,0.2556635426375406,0.18493757886063342,0.32746359510881556,0.1429753941493522,0.3662482842967866
0,99,1.0463920995060156,0.912219644879148,0.8175659814453297,1.0038810856626748,0.7584510409570336,1.058546795628192,-1.8035262834556063,1.7662732739491678,1.6803162725370098,1.8546699883756201,1.638903568174649,1.904778751907164
0,100,1.9139697612552606,2.047898351132156,1.9819659560982494,2.111853566009877,1.9537075820557637,2.148666362155846,0.47204219121749497,1.689777864935482,1.6314238278994768,1.7487436307645212,1.5951325734978388,1.7789995122865125
0,101,0.8126747869584241,0.9427070310572059,0.8726839942671041,1.0107348879936038,0.8440407874615097,1.0474933993920852,-2.4399709232517948,0.7209661591354639,0.6590028593357051,0.7827888233248061,0.6281568588449109,0.8213618839208673
0,102,1.1213441936527924,1.0721310190730544,0.9952436494294503,1.1508387868420058,0.9578113294329947,1.1942264818382398,-1.132089965741781,0.8548423173632962,0.7822897047336419,0.9275904104345607,0.7478802535863742,0.9662230652192836
0,103,1.3833378252660067,1.2563684560583388,1.1884236117011908,1.3236949539870893,1.1502445521850801,1.3554101405003445,0.30261160942387866,0.8896842619930357,0.8288366802949941,0.9533847804057289,0.7944828864130031,0.9912264444021758
0,104,0.7772454941760645,0.8061846328984195,0.7336705913815539,0.8827145349687339,0.6947366020952661,0.9205459723080553,-1.0752591738085464,0.7207244430942057,0.6476499086174347,0.7920331099982428,0.6027013787401333,0.8348657817198935
0,105,-0.08482110204778172,0.19478341989928602,0.10476662762091463,0.2816489561158189,0.07177433868971668,0.3235006553238292,-1.4555132011586367,0.04972280940921437,-0.03093041991171431,0.13015423604998733,-0.07397008399872311,0.17200230240802009
0,106,-0.24794442447340098,-2.764727409013145,-3.1659653444341926,-2.361817087479336,-3.3767499191755515,-2.1898664247328212,0.5120398104004364,-0.32452601086812666,-0.40674089458375384,-0.24181010882680395,-0.4517782019650199,-0.1904266259085831
0,107,-2.3663100139953026,-2.7812425894498025,-3.1833123496593534,-2.3693033947165603,-3.3866209874190427,-2.134636409399849,-1.5445381139194099,-0.5997926481537061,-0.7015846809843549,-0.5006037016083033,-0.7451559354450527,-0.45014786065576523
0,108,0.44744112085437154,0.7726255199726393,0.6545275767050914,0.8949485933797877,0.59257293177256,0.9460654126375888,-1.7763621991958596,2.188450939691958,2.0653680103155523,2.300842748890471,2.0060754336976485,2.3663931710516404
0,109,-0.2977488208993976,-0.9307911800055708,-1.051196202975836,-0.7987239367536688,-1.109271178245192,-0.7412285020378296,-0.43446252064968127,-0.2232601664305429,-0.2953128466785281,-0.14858831337709297,-0.3268267715299344,-0.11582342068212767
0,110,0.5857845670849053,0.8216262626252249,0.748546708935624,0.8926550091293309,0.7145813733254954,0.9269217195110423,-2.1957409764354603,0.5906617214958875,0.525211196529111,0.6574822611340884,0.49110420871414784,0.6915812023269994
0,111,-1.0296269880582922,-0.6374654483693529,-0.7740364194688899,-0.5008024723369511,-0.8371440880152722,-0.44128911227342166,-2.5029731700207307,-0.8241587969324414,-0.9344730838550152,-0.7127033090243601,-0.9944297804484632,-0.6619114335817515
0,112,0.7483997951183977,0.7332187638581859,0.6604081964870533,0.8047371020741182,0.6184443147025527,0.8407168174612928,-0.21539927199257775,0.46942771617996093,0.4007564755039289,0.5386922879874078,0.3694372892252501,0.571975016387002
0,113,-0.8725659541027581,0.4880709538147359,0.3800561816921465,0.5932338079484243,0.3217298423712516,0.6489258866878636,-1.6294534251037227,1.5333362132825912,1.440443804542802,1.6246934217051814,1.391492024985916,1.6839405436456099
0,114,-0.7303182422597211,0.15437140202710656,0.040892945762817705,0.27570625576343427,-0.01971622946220108,0.3338861410273387,-1.948131889052049,1.3129082027900218,1.2187959639296004,1.4036467110946955,1.1649605057292196,1.4641626810256225
0,115,-1.7325832171964886,-0.5325567832899281,-0.6710372292577179,-0.39397632549815254,-0.7362365783605413,-0.32546661767200274,-3.332136464207988,-0.8375826967159387,-0.9624467905466697,-0.7105999700350046,-1.0268918120268542,-0.6497146435327921
0,116,-1.2838802818024317,-0.9027810479651689,-1.047854194237274,-0.7596550243993563,-1.1407153480967829,-0.6625871473677454,-3.4915395469240824,-1.0738591396386108,-1.1857144963802535,-0.9566032333066667,-1.2409086073086495,-0.8807152381717173
0,117,0.14167493155531316,0.29902613977504294,0.21512522967453587,0.38760321970898987,0.17196508424633225,0.42617971993589004,-0.3591463932598716,0.3851712263568345,0.3150629660979197,0.45426312045530376,0.27726461494986904,0.49106933046120865
0,118,1.1012600809333912,1.0277313089000717,0.9551624268467286,1.1012174265150478,0.9121670168332546,1.145398821144225,-1.9010227917150613,0.8723973536169248,0.8036876304937713,0.9430794747935906,0.7670977773707456,0.9782756895238877
0,119,0.1566563239149457,0.6447247112743911,0.5670201849925979,0.7240729645379292,0.5221213847847547,0.7683870149172394,-1.4352758111884232,0.5159173587696129,0.4461768653111662,0.5871061398373943,0.40216981787249295,0.6292277753953006
0,120,0.7625680350933176,0.9444897167117458,0.8730077842943917,1.018026441856166,0.8357847364938392,1.0521016627927842,-1.6038685361630356,0.662635124283417,0.5938775471834272,0.7304356811468449,0.5556887313122659,0.7644098009733533
0,121,-0.26113174584281235,0.274400110070557,0.18840085456468414,0.36000539587500935,0.13601697056892945,0.4023071099098345,-1.068918982328683,0.23664019857135296,0.16314400989031244,0.31080092124187303,0.12746070023446052,0.34559538116195576
0,122,0.9519128197157687,1.1970019096737006,1.1063957837814231,1.291401962934675,1.0600681104004572,1.3362293601816795,-3.538605967148586,2.1225737151688024,2.0293586068373344,2.2188501168416166,1.9764317806338123,2.2742846426402368
0,123,-0.16094584635021628,-0.06432041768813615,-0.18144677442507592,0.06591863711413344,-0.2616745949700998,0.13317686712130808,-1.1946336518879037,1.2222550463715403,1.122326933495149,1.322948714518732,1.0733512058300594,1.3789057333097838
0,124,1.3170654754629165,1.44822055311817,1.3788580114804425,1.5174749303208697,1.3399142209263006,1.552510730338751,-2.236167156992753,1.0234904946231778,0.9566414627787305,1.0925520029155635,0.9178851773398005,1.131412914173152
0,125,-0.37350219178259947,-0.437787779303202,-0.5524704184148872,-0.32062007970174,-0.6094540518129964,-0.26077359173241604,-2.7763271092967927,-0.5116361172685256,-0.6069240834623768,-0.4176740382460823,-0.661761025771057,-0.3694139428645571
0,126,-0.5957628732221715,-0.45178362502853464,-0.557889830300061,-0.3439481493399198,-0.6214913643308045,-0.2895087861933248,-1.1781264301007326,-0.3173335067198941,-0.39457304709038526,-0.24096648325285008,-0.4359997410904853,-0.19860540393075565
0,127,0.341418288085806,0.3941516644985662,0.25400929837647596,0.5192121440008812,0.20242381565588974,0.5847896017423284,-4.046252691394289,1.9121512477770901,1.7929945405454129,2.0306343467285406,1.7271372918903687,2.090533873930903
0,128,0.4066364151997054,0.3991676244383826,0.2643830651762289,0.542660050692539,0.1962229647123453,0.6082368556239646,-1.376135168681859,1.9048734231607307,1.7835146019376749,2.0179465106314822,1.7188066512597018,2.0911593153198678
0,129,-0.018555724761420273,0.22856722898725354,0.13353076277318426,0.3228062245996987,0.07401294626687707,0.37299403295359973,-0.2078629419378572,0.5394774258856648,0.4609500074062223,0.6168152435258331,0.418301055527363,0.6538845439543244
0,130,0.3365281292056347,0.23363403145520598,0.1469648505132611,0.3201608398946745,0.09618943300932266,0.3754432206707078,-1.1436277574223603,0.053443205758799885,-0.024337722781198803,0.12771116563643292,-0.06482903721200237,0.1711777665584208
0,131,-0.029572642593080834,0.1299826095903312,0.03916672989443112,0.22361633726818944,-0.008759947822970937,0.28094555933807286,-1.3314213536876038,0.05284454296177256,-0.02203241367614649,0.12618967838930759,-0.059864466973983566,0.16368580082393402
0,132,-0.08501213742709597,0.37718268834383556,0.2557841945273923,0.5002470875306163,0.19423236043066885,0.5637445899911543,-3.0903423063942297,1.7217858192913433,1.6171115436611738,1.8206414748282218,1.5584519697457684,1.8924647833093804
0,133,-0.7630121685865884,-0.45804423150948226,-0.58164469251172,-0.3433243198907767,-0.6313039881445046,-0.2759741119784042,-3.6656642065333145,-0.5059216563682313,-0.6112422917344142,-0.4031328436671976,-0.6673931942173614,-0.35700698372382006
0,134,0.23866091014117294,0.6117518194723309,0.5038055054986101,0.7187233608786853,0.44445613592528016,0.7823377051482194,-1.7379436838446913,1.7690431227525136,1.6722285850974845,1.870919118048133,1.623923224637413,1.9064783303908988
0,135,-2.0818170228474955,-3.60780425205491,-4.160816468983844,-3.0283257447501493,-4.501653460817412,-2.7420432098494456,0.02282730187968308,-0.18987200186319989,-0.28216058426866836,-0.0948094479599921,-0.33379447284335095,-0.03568155151489789
0,136,-0.7321329372054566,-0.6053398815412113,-0.7246266956908756,-0.4896765620302772,-0.7881230041258194,-0.42383537380172254,-4.021552496176547,-0.6098388273781105,-0.7074225720905598,-0.5115786324146803,-0.7575745074629653,-0.4537929683360244
0,137,0.7251755646569988,0.8068833028495881,0.7342575635435137,0.8767290218707817,0.7005852413796975,0.9200134659192157,-0.3763446505395542,0.6148889130821926,0.5444641276041368,0.6879360369752996,0.5161692151785352,0.7249727623779785
0,138,0.06656682346748888,-1.3739747413743029,-1.536411271672328,-1.2080529422057547,-1.6382771707259824,-1.126842789961493,0.29734053878784783,-0.11820791373022821,-0.19536753694985964,-0.038252832122107554,-0.2332388826257966,0.0014887274165613796
0,139,-0.19809983515804147,0.5603065667872005,0.44244431699259984,0.6854352008153187,0.3803847394425301,0.7448943454252163,-1.6015764963882764,1.9526966494451963,1.8348388290233337,2.0633243832984225,1.7780809200456829,2.113535591042683
0,140,0.7582910429130563,0.582838049916321,0.5035988243999792,0.6614400955496794,0.4620221030893183,0.7087525184460165,-1.603097674458473,0.47176353672584537,0.3984947589601342,0.5467867871357875,0.3598358159324081,0.591122150253643
0,141,0.2677128474789807,0.5827281981093808,0.5110861984786494,0.6560297429375388,0.47723822054355897,0.6873632979167138,-0.5713001327177722,0.37030579601724234,0.30491140765468083,0.4397590491362122,0.26774272071495525,0.47280462275642493
0,142,-1.2556648236495276,-1.1202789353880427,-1.2805418355683849,-0.965025166405102,-1.3586642983457924,-0.8738529064328735,-4.793820914058089,-1.2154179724703649,-1.3505798368891206,-1.0814065649194955,-1.421318064447094,-1.0058112373932708
0,143,-0.24880840097815268,0.5986058155773109,0.5181169383355497,0.6775243253531603,0.47699253581915696,0.7237029441507206,-3.186991435814744,0.5935585267559116,0.5201411917328456,0.6654241306981817,0.4874248175993667,0.7004213516823733
0,144,-0.6251165962542085,0.05297294835956795,-0.04553510996267821,0.15566374636739813,-0.09807414698430411,0.20366176470714004,-2.75921798691901,-0.33401787059561827,-0.4236681309872947,-0.2449326825965975,-0.4711711644545114,-0.2068035855331839
0,145,-0.24368126870130494,0.4460468455203632,0.36403012140437635,0.525723715304088,0.3238964109431409,0.566782154853904,-2.078334471653305,0.19693719023406775,0.12142071488383568,0.27369120171393374,0.08723877377795801,0.3095357476227939
0,146,-0.14928791309084646,0.09397589610288871,-0.007834844297318818,0.19335245079425478,-0.05818074341934244,0.24039386944772417,0.022560113996502793,0.7217311506014905,0.6435411341117503,0.7961543073266072,0.6009417362541289,0.8438364394368778
0,147,0.8636173328688744,1.2376045907592932,1.1694877520060631,1.305938579607114,1.1327320848470672,1.3434164400216833,-0.007843556526330429,1.0027406742522476,0.94380165786843,1.0666570507310897,0.9114053762689581,1.0905924846633177
0,148,0.2292542275451456,0.2717987403376794,0.18795291580780557,0.3549538188172936,0.13655270645979153,0.3966621528570378,-0.3354017859941667,0.27892671373522165,0.20822220862948143,0.3513981233591649,0.17515983097054375,0.3895438910618809
0,149,0.8114157096162868,0.7234582781382614,0.6431070454295126,0.8046182167727298,0.6053095510931844,0.8400246605706683,0.5880180272040196,0.8828455702705151,0.8124236662674054,0.9545379008939717,0.7724575531266832,0.9952696097844805
0,150,0.724076851929689,0.6191018775509998,0.5342770732808714,0.7079302556854937,0.4921425910783743,0.7487119207128816,1.1764246416935562,1.1663180458929303,1.0934253146322686,1.2350955255139653,1.050793530441285,1.2744449370352613
0,151,0.7489925956133104,0.7120034480987396,0.620889598612749,0.8004467223160038,0.57411196737318,0.843713470717545,0.9004218035828553,1.2949438643621705,1.2128104854571193,1.3740602938418978,1.1746665875540767,1.4116506235440343
0,152,1.0101704456118643,0.7945475660821072,0.7232899253483412,0.8704744303434702,0.6810571530773732,0.9085677337065375,0.1596123855751011,0.7099032939100263,0.6401171731272529,0.7827054876086129,0.6010447876156318,0.8156929567908972
0,153,0.5447527346836329,0.6912150651934086,0.6129560275928424,0.7675609040385001,0.5679131861070018,0.8027694702500978,-0.7940580015442394,0.5522660997834292,0.47791136436855836,0.6290189829542986,0.43393653513495145,0.6742485383315959
0,154,0.5243873166267748,0.6344181704806896,0.5435507705497697,0.7244198562260606,0.49514171461665873,0.7742103871297447,-0.8165323498219976,1.1695837740705113,1.07970319052035,1.2528401940303087,1.0424000141732364,1.3007366724088012
0,155,0.5724845568011515,0.5991718786054531,0.5157192389689392,0.6804566531838315,0.47720216702695567,0.7182314661386155,-2.8537971775058533,0.3394961904979011,0.2647910797591222,0.4178184138852701,0.21752905289228117,0.4549405968157661
0,156,-0.2593971208786923,0.20811427804793436,0.0530625309635605,0.36424134401801533,-0.017359895767543376,0.4453170548355261,-3.3039988160519336,2.0374564535329083,1.8971142246527821,2.1744020049177823,1.8323064586929994,2.254167723137771
0,157,-0.18742404313434805,0.10785841136884249,-0.03177929301123414,0.24803755971975647,-0.1171171909977679,0.3194816282599273,-3.2235547199522765,1.8307440071967531,1.7082045331825675,1.955159658079544,1.637732065113792,2.0183100116358808
0,158,-1.8857375590903365,-3.5287089074941176,-4.050831155978121,-3.0014789953332177,-4.333066354520695,-2.750046446270947,-0.08117112444414597,-0.21664935083010678,-0.30679353385664176,-0.12889919438590083,-0.35959681643147534,-0.08537990402141095
0,159,0.9952340253585558,1.0475578901147864,0.9514679037623368,1.1420196829908078,0.9007765356798865,1.2000548337912609,-2.2598262957129887,2.0695669759749493,1.968310242183806,2.1674059805683505,1.9306995487636054,2.2220992687708043
0,160,-1.0441879745732583,-0.7950771909956422,-0.9291781116205844,-0.6557691490978196,-1.0119827878518506,-0.6014094853691291,-4.281478711405573,-0.8627934835787929,-0.9727638955129885,-0.7540219607126076,-1.0296190982050606,-0.6967264631358353
0,161,-1.0832587279248442,-0.6723453117915901,-0.8010715390644415,-0.5466384377326661,-0.8793391117740779,-0.47758554523193886,-1.4013048227297573,-0.376719994852722,-0.46782254656076655,-0.28581395679002114,-0.5157357084092647,-0.24073856834654872
0,162,1.2674748440866732,1.072346087831449,0.9722014721933053,1.1636714053077741,0.9217552257530391,1.2281366018545694,-1.6437835735653321,2.1644059185095634,2.066730390771309,2.262959033626042,2.017549480622766,2.3172215748282587
0,163,-1.931932274997645,-1.5532252680884124,-1.855717618969729,-1.2404708872188026,-1.9947054569581764,-1.0834999583123937,-4.1850626430779405,-2.0017680971365497,-2.275712968982922,-1.7313877594243101,-2.432482462638421,-1.6013644720271119
0,164,-0.26234979987214135,-0.023812830694878218,-0.12571331952773823,0.07470879297248699,-0.18603536267261397,0.13159766038833226,-0.9345801118569375,-0.017779625642764748,-0.09945308989521146,0.06547967556044659,-0.14954259748817994,0.10436291084759355
0,165,1.370291599236092,1.7162532851401573,1.652738350929092,1.783263867579196,1.6203671860023077,1.8161327209317004,-0.07412289818963096,1.2022147943049346,1.1382286885233288,1.266984448074579,1.1008293431194833,1.2975667393756518
0,166,0.7986620085428264,0.6451461466459102,0.5642022122852474,0.7226141575909779,0.5220392310220672,0.7576122118570038,-4.236076170479377,0.5097370790840624,0.4335104196486449,0.5851718852148435,0.3939161559905934,0.6259723695149255
0,167,-0.06792941274299508,-2.147420313504559,-2.473467630156624,-1.8298940329681674,-2.636883698908088,-1.6368698762069236,0.3085911836043886,-0.11105915468873953,-0.20885796687063796,-0.016987708991402745,-0.2586564309005409,0.029353660243457855
0,168,-0.10066372604631266,0.30756582234257157,0.20245779356437038,0.4137691432276916,0.1433695668658608,0.47200544286556884,-2.871821808245081,1.4311696390898003,1.3372814481238817,1.5234589728758676,1.281341905268137,1.5839497604950956
0,169,0.004495561173043847,-2.3710806192184535,-2.687765189146637,-2.0544583492662447,-2.8883658289988214,-1.9234849137082175,0.5287426579384432,-0.09423367486650555,-0.18067755970590285,-0.007625183918572067,-0.2266517210250599,0.047000462265192736
0,170,-0.7182267027177404,-0.5759065998816142,-0.6980676848673215,-0.45493090378647466,-0.7617205208444531,-0.3825245808158519,-0.8995397776734666,-0.07703225966144282,-0.15614242751485216,0.0018664625297235738,-0.19826528400280166,0.04264055529606671
0,171,0.8565791882228704,0.9421334636913765,0.8692965408738336,1.0111795043214198,0.8340589034366565,1.0452438389542782,-0.188198372164524,0.7565061098691754,0.6871446857577954,0.8216346242460428,0.6550365089974911,0.8573400187807622
0,172,0.5786089818076163,0.8139085877690597,0.7354804019285592,0.8960606344361032,0.6901952507476602,0.932244724769648,-1.2433048311065744,0.4632675558267901,0.3885126500164254,0.5388785942628471,0.3528279324105048,0.580567888069412
0,173,0.6213018687340031,1.0971441090901983,1.0246738516386333,1.1731181352158269,0.9879906899408495,1.2167405592509442,-2.270105794521822,0.832884752126336,0.7649699796342873,0.9026678502624762,0.7308227211784737,0.9297518358520214
0,174,1.2028022602081905,1.2175346868075096,1.146602345352426,1.2869375138435666,1.1121271107951027,1.326728876800519,-1.5248608199834848,0.7603618691344315,0.6951029286695193,0.8255726621311682,0.6601656444250771,0.8561737288085816
0,175,0.06582787272158394,0.3687390905506668,0.2204654065654636,0.5202573550814521,0.11712191597564559,0.5971576074524448,-2.796661482729002,2.263549613686746,2.117835101052656,2.4135942951319262,2.032947192256598,2.4977140877108597
0,176,0.540463495391982,0.37052185331936227,0.28572272471343524,0.45513150959782706,0.24046352110165287,0.5033224963591839,-0.14357248058245825,0.3256686618066867,0.25400789664974516,0.39729321222718544,0.223195924583588,0.43082313204095496
0,177,1.2106294099631527,1.1357587850462756,1.0576811918220759,1.2098302077876786,1.0185024881942042,1.25285249378995,-1.0760324222154471,1.0455204127768933,0.9706879606098747,1.1195805644394188,0.9332651215869614,1.1577361864265217
0,178,0.5722295136603649,0.7309269881984538,0.6290578435723082,0.83803952059997,0.56128644019445,0.9037373344487851,-2.0955249079785645,1.8834772297865492,1.7835503400553525,1.9852803016214369,1.7346476978240122,2.036046331329803
0,179,0.5133466312523702,0.6800229896672421,0.5948631812467893,0.7566233606995936,0.5531855844971239,0.7948750788078112,-1.9268489092504446,0.4592155190736762,0.39017579103805977,0.535296341220801,0.34452323740491875,0.5690495837377358
0,180,-0.6908681943739676,-0.011723829669287948,-0.1647069939664612,0.1337862359594593,-0.2390172250855743,0.20581642295061664,-2.7094615434883305,1.7138419743550442,1.5957789784682195,1.8383333082709232,1.538800191373959,1.9062489245558987
0,181,1.1773894719984472,1.0333943118760667,0.9620609457207435,1.1004087209766271,0.9243818374356797,1.1405892732574285,0.11916118265978608,0.7904421257354823,0.7224754060055487,0.8606058654653096,0.6842713973989453,0.894340889036102
0,182,2.06352459985647,2.06427388366511,1.9966633082270107,2.129158675241076,1.9634625560852672,2.1676271873999258,1.5516006000643399,1.978749326770066,1.9093846598993938,2.0441698104422383,1.8783616131051077,2.0847426653975516
0,183,-1.3479400503330565,-2.477105958440583,-2.8361956049926773,-2.1309982252590993,-3.0290910284187054,-1.9713277985454103,-0.7959970056354798,-0.4067780021184079,-0.501234382655458,-0.31482794039961665,-0.5518075449510914,-0.2663178857177747
0,184,0.7319912169812882,0.6383033894520289,0.5620107024073255,0.7131580065731449,0.521243072716765,0.759931339810153,-2.0467510831092697,0.3300721777995253,0.2602939754754011,0.397665254142691,0.22826203648353113,0.435947660513292
0,185,-1.0671629213639882,-0.4497447212610693,-0.5679784791101298,-0.32942809322917277,-0.635511414309434,-0.2644591276923774,-3.917306231350066,-0.5213341591625626,-0.6260437065595988,-0.41606272395997124,-0.6663213237220793,-0.368717691217317
0,186,-1.1194903574023427,-3.2896612620514376,-3.8108920332840728,-2.784371362542425,-4.076426136753502,-2.525513338801562,-0.0666200800746639,-0.2739899869233884,-0.3647884632852992,-0.18163955036454585,-0.40978688844889405,-0.13654470150057882
0,187,-0.37103535123392717,-0.3225737552278945,-0.42992321549634865,-0.21487644193402444,-0.49800449048457285,-0.15083612410056846,-2.115113779244665,-0.37069535712540974,-0.46376537275680385,-0.2777512850831291,-0.5088047139012327,-0.2319277099090523
0,188,0.4716895784595852,0.5090716156148379,0.42730610328918917,0.5877250739608155,0.382973951657504,0.6321545807475422,-3.2037849640064753,0.3847263952303389,0.312044713102609,0.4559146620796488,0.27589529844728633,0.493529519730522
0,189,0.8817731851620185,1.029526950825058,0.9591952763528708,1.1028366755060497,0.9167569319599285,1.13373088169025,-2.446079304865677,0.7679671419517939,0.702248376425754,0.8346485484657611,0.6661304331168011,0.866083236652147
0,190,-0.10933606773889007,0.2981664289455651,0.21027117121677427,0.3849669069891293,0.16947717068269233,0.4303850691683984,-0.8023750324041111,0.26255127892884456,0.19579454919440245,0.3289205535226608,0.15946052650837164,0.3694848332969013
0,191,-0.15604545893489627,0.43582498037746625,0.30464806082145657,0.559335608211166,0.2450774710197099,0.6372370913907979,-2.161697689936555,1.906163322207786,1.7856037703810455,2.022102683418151,1.7296060605389862,2.0922321641553716
0,192,0.4804138720578803,0.6541615499309476,0.5755686262275568,0.7328585142773945,0.532405630171788,0.768278237456946,-0.19059373161108084,0.5601261019577687,0.49051502644708905,0.634256821944011,0.44635187548141436,0.6677373578684909
0,193,1.8533995402499193,2.573224072645197,2.4916350101548805,2.6550504024782304,2.442416211238897,2.709036806092146,-1.3516628741175958,3.1239848245998805,3.043759398424549,3.203591083181282,3.006600445417646,3.245452416712306
0,194,-1.0548398858130732,-0.5590841752574209,-0.6702752165370499,-0.44669136000724813,-0.7210604129348949,-0.38512173307493136,-1.924092832376368,-0.3647203126300272,-0.4535090118282575,-0.2743933996572172,-0.49802681210874955,-0.21723526855949735
0,195,-1.2948434939757612,-0.24440177331609372,-0.3616087526589241,-0.13058378111719643,-0.4165293220689738,-0.07915397754329362,-2.609460558126373,-0.40506839573001563,-0.4917786935269443,-0.3163199249394596,-0.5428130061642724,-0.2668611579830838
0,196,-0.03130180419150184,0.447442141303068,0.33640825820132636,0.5642547190114678,0.26526835082094163,0.6190913664097536,-2.2454780244080723,1.6545903036796712,1.5556356089544219,1.7521341358713358,1.513848296822916,1.7992690208130062
0,197,-0.6977195267920301,-0.5084383743010923,-0.6296223090675083,-0.393699942200953,-0.6848616643693343,-0.32862775070817,-3.10300172817857,-0.3197248422588644,-0.40747954430248445,-0.23353671407537271,-0.4548849275847744,-0.18428062658317
0,198,-1.007476572759885,-1.167085339566419,-1.3237149074936039,-1.0191401175836254,-1.404895847298508,-0.9244425226341407,-0.9695036401008345,-0.2323291023431725,-0.3170644961425395,-0.14037634479216263,-0.3698504533301042,-0.09082850440306264
0,199,-0.08184253810811233,-2.4818689052200624,-2.8288731477349986,-2.139075188668462,-3.027640066836601,-1.9537466685141396,0.5206816282576796,-0.0168590847111939,-0.10792768103969505,0.07360055986203831,-0.1550822666989743,0.11587542776400785
0,200,0.3542525787732877,0.23460346327650744,0.14779380785760138,0.3233541833494235,0.10126303683162123,0.36442127773647265,-1.5097216066057921,0.35742838294311907,0.28439972166051125,0.42995347848524357,0.24584983605910948,0.47018693080469154
0,201,1.047418918551028,1.260669258404468,1.1873145845191198,1.332587306101941,1.1452088559671605,1.3740222169234786,-0.8738726707055195,1.1155650553074024,1.0444221803231115,1.189944466275689,1.004708740915008,1.2211479437812383
0,202,0.2520245483530759,0.7606708870462319,0.6722453205289127,0.85026058837164,0.6181783118551754,0.8982753946053671,-4.4246241523766034,1.537269257261589,1.4494493954740666,1.6241045632251954,1.4164998240473787,1.6751840973153114
0,203,-1.744635015129789,-0.4381366695151286,-0.5482435770007161,-0.3261292003710011,-0.6137457512386802,-0.26982690442836343,-2.0970471005301974,-0.43405581729587733,-0.5166301258354566,-0.3494129235288134,-0.5672284727833373,-0.30568130307204333
0,204,0.6979655634862094,0.7799771046587287,0.7036480708609233,0.8559426414172143,0.671235977303294,0.898825052523838,-0.5365396370734052,0.6961183084454816,0.6284343153185225,0.7642706078446676,0.592193454305643,0.8012258768066847
0,205,-0.5304530542546255,-3.023305675729727,-3.4803441147373197,-2.5660056252941073,-3.7487706256934428,-2.3033166155212363,0.24767297246525216,-0.15748032924270214,-0.2478811813583502,-0.07263875249283938,-0.2978463569921964,-0.027068855288721484
0,206,0.620968846344978,0.6454464043427355,0.560230295741668,0.7272475717785657,0.5208267994235504,0.7719118252417932,-2.431857836575635,0.5768720556972382,0.502790171496554,0.6490038557875368,0.4579015795217751,0.6905954925240355
0,207,0.9203299417125824,1.036520595522568,0.9461204928510917,1.1298884609972206,0.8975623324093625,1.1872295518277887,-2.1664738643816044,1.881075671663515,1.7894016853259644,1.976579534641352,1.7501575530916362,2.023594338147194
0,208,-0.24564973601939097,-2.7665359193911354,-3.1717408038346653,-2.3665245790267977,-3.3665000546625214,-2.18257357228858,0.9193542363049165,-0.1887308564052366,-0.2845145927065037,-0.09469398759963189,-0.3328834036168455,-0.044888208453293776
0,209,0.5553861892914869,0.7378300681144292,0.6654377442817079,0.8115162695674065,0.6202109942177134,0.8495387065999225,-0.6581202093955346,0.45180775577660887,0.38234867636971964,0.5243130288145007,0.3472815179360372,0.5622223690805305
0,210,-0.17222391203086182,0.15285410425229604,0.06334222606117836,0.24126328160431068,0.014516004543376445,0.29489959396140786,-1.824266691953181,0.05975738580399492,-0.018187513017495247,0.13863378297301077,-0.0620493510072702,0.1743685449035576
0,211,-0.5041516824168888,0.2989508517270889,0.17820583271458068,0.418831299227844,0.11221811743303706,0.4908400600110361,-4.300965718922116,1.4652748096043573,1.3675262054652395,1.5618912914643308,1.3117028595899851,1.6107503821203981
0,212,0.27163503278999995,0.3836302795138438,0.2902858844737441,0.47728049654241056,0.23617623260183002,0.5220440039544827,-0.294072527870866,0.5702242460127817,0.49058273334522207,0.6464915459472557,0.45231803053466396,0.6920374051634697
0,213,0.1709838216815666,0.5726467241839204,0.4922817675408401,0.6510306985194826,0.45550294027769556,0.6900115795457404,-1.1323278151643543,0.343898243337326,0.27371602394327693,0.41360689727778777,0.23689968936545913,0.4522974998164099
0,214,-0.5681952660483369,0.0943840012869984,-0.022369112313740603,0.20816300875565996,-0.08875393167737473,0.27837729090140484,-1.8074781778275149,1.2354790759836178,1.133212056428666,1.3288392962588016,1.0894892466854014,1.384741708026645
0,215,-1.2765669516182176,-0.47288838382928267,-0.583487946530788,-0.3626057541974124,-0.6409571747151118,-0.29111355165345615,-2.972996621324524,-0.5815162062811476,-0.673872408915419,-0.4879169663843928,-0.7119373656116197,-0.44123285309439586
0,216,0.15359902297587402,0.23513425024118792,0.1503069720759466,0.31636720238038896,0.10591391736294209,0.35450663408438166,-0.833999183807499,0.09262660899922616,0.02085283242880322,0.16378634598915537,-0.01441808832501836,0.1984647051184116
0,217,0.22857207762636061,0.7319841794392586,0.6131739666022038,0.8557223363948285,0.5513951231086205,0.9094267567771483,-2.321669405706407,2.357495622091177,2.2355181718996078,2.4752237678204385,2.1774794587923765,2.5393011876091833
0,218,1.0600669806355332,1.0188528303627093,0.945682571235386,1.0903384415127146,0.9083229496358559,1.1386841275212622,0.22105081624888628,0.8996839456440766,0.8345984245386207,0.9672029710895156,0.7989941859197296,0.9941491374413558
0,219,-0.0080241679470718,0.21303675808969819,0.12296365644520453,0.30177085290780375,0.08110960876028415,0.352059028470216,-0.08467981511686952,0.6531958226655303,0.578304878265496,0.732606799604455,0.5379547425337879,0.7766608956566573
0,220,-2.1792572413686897,-1.0202970643866203,-1.1790763355116918,-0.8626786114351818,-1.260913438172348,-0.7820624173637056,-2.319731144938877,-0.4691241401962549,-0.5646654945750886,-0.37091323478738764,-0.6186990157030507,-0.32565753716415907
0,221,-0.29840681423759313,0.22567781012678462,0.13370173056384047,0.31931778350772316,0.08373953664642968,0.3732515625499978,-1.7079164735582948,0.5214054201644165,0.43694661208684743,0.60787477320088,0.3968045603411368,0.6532122257186939
0,222,-1.2100905360138487,-0.29384842316515464,-0.49587612373300455,-0.09799512391837423,-0.5961300379811332,0.008975755456406638,-2.8259992650488455,1.9552655572187276,1.800762266108487,2.099122426284277,1.7278243524402546,2.1814616994883007
0,223,0.3210135149034943,0.5283946183460781,0.418162670756128,0.6380568048021539,0.3626437967934166,0.7087878040146544,-2.8313677273801603,1.8040478726766138,1.7012606192603699,1.9151706242888513,1.6434595131141798,1.9668833391823448
0,224,-0.5755566262662994,0.2290870769717191,0.11770893973137429,0.34546820740619794,0.04355193298482305,0.3930345637786515,-1.9885008397746635,1.3235491601478442,1.2265357415054163,1.4153779939607694,1.1811973710610375,1.469962388082957
0,225,0.9104948950516693,1.2159183284563186,1.1385935749105263,1.2950049273842956,1.1041305241445425,1.3353191947314342,0.2019454618569976,1.0857100819927856,1.020950038036178,1.1544949177978792,0.9809418086622855,1.1842583089884662
0,226,0.7337558356536829,0.7490692093671271,0.6695797649050013,0.8242925747040172,0.6313319781050847,0.8659700621500199,-0.019391683156569004,0.6908389596795879,0.6165900895766434,0.7615599995784669,0.589034021344317,0.7997719135664904
0,227,0.11484494407298866,0.3954507840910267,0.3077626341652498,0.48096854816530804,0.2633254189669352,0.5292918546643938,-1.501752829292542,0.2902709456693827,0.20840174469308134,0.3726645578750962,0.17057381610026992,0.41487397301594614
0,228,-0.22484926280170814,-0.42959054530659696,-0.5557707954748201,-0.3026246533608553,-0.6307962361188656,-0.24037105124841315,-2.237481482406901,-0.6352865197905171,-0.7436976869484816,-0.525472364619314,-0.7969649754688147,-0.4773926495945008
0,229,-0.6597916368625237,-0.1286394242452201,-0.2957019619432724,0.03628681366372128,-0.3637231399118471,0.11823264738292509,-3.9278848075423864,1.8156581808661596,1.6749160282129878,1.9471643974200843,1.6162791084518904,2.019877615429043
0,230,0.047410020376762736,0.27665190625867736,0.18943997357104714,0.3670831877885415,0.15034949054280022,0.41093323648410723,-1.4947738586669495,0.12436443439846259,0.047240736746804846,0.19715137002087885,0.0016329571463943307,0.2376486729294741
0,231,-0.8061552244132563,-0.23896062525001274,-0.34572477201917345,-0.13528536527370713,-0.4004474388504635,-0.07808577171995458,-2.450656042932063,-0.2701953149084479,-0.3581312127298023,-0.17937080465814306,-0.40634035268709445,-0.14316513119955804
0,232,-1.7842609807405234,-1.944660231556068,-2.1990301242283175,-1.6831209382170278,-2.319416506880182,-1.5754551845717233,-1.443768345749928,-0.491566311479635,-0.5873589158420355,-0.3987906613819767,-0.6367124390387,-0.34823523836779285
0,233,-0.06886992758433856,0.5315580780842,0.41358094421558966,0.6514181625688603,0.3637263632121192,0.7165147298249264,-2.1598615765850315,1.9106262051255294,1.7996836822535325,2.0199611736530407,1.7541133566095726,2.0776842170577803
0,234,1.4319905141221798,1.4204524457328735,1.3227767951914757,1.5183472427024793,1.2665266837028468,1.5560281501197557,-0.7771748363013259,2.2733743162836095,2.18077734026855,2.362712276470325,2.13535384558265,2.4051450888404156
0,235,-1.1602457837081417,-0.6689663450088758,-0.7970561900096855,-0.544919977896963,-0.8587497954376888,-0.4803872607317875,-1.7430192446975714,-0.4894288411090554,-0.5874266432799757,-0.3928335323519312,-0.632187351600602,-0.3428022218510607
0,236,-0.29716534488597846,0.022295692921941928,-0.07071207561813161,0.11647241379498299,-0.12635382875663867,0.1765549556060975,-3.0944412366446317,-0.10484198996487878,-0.18811953981794324,-0.02324746325227649,-0.23873105599921288,0.024545771092019764
0,237,-0.15846996036915495,-0.07144138515180129,-0.17713969396713167,0.030788131336563402,-0.22786161072639313,0.09477473256270369,-2.0116502643859935,-0.401954331127147,-0.49321972450069695,-0.31032264103652907,-0.5419979735410155,-0.2637744474798468
0,238,-0.6134694927932037,0.16296715273694165,0.03210669837777336,0.29472108647046336,-0.04257983158476072,0.36915040498043633,-2.25508216395933,1.6941825997224222,1.586891396064471,1.7953218809469025,1.528617297251461,1.850946982481787
0,239,1.1924046501940841,1.1220800203569754,1.0482142735212638,1.1962139160146095,1.0123784112662615,1.2382031963856275,0.7507884202322904,1.1006482493737497,1.0360461369537888,1.1664375005720893,1.0003542203369864,1.1930301111436146
0,240,-1.3756456039529692,0.5270232733025267,0.4530005407531293,0.6037785129791565,0.4101502911774458,0.6422764745498104,-2.9191042613028895,0.37106243116906606,0.29797047082009154,0.44029127034187365,0.2573838479992272,0.4828006216455824
0,241,-0.11207141439002888,-0.26858109253115336,-0.364584388928468,-0.1698187269221549,-0.4264441818998275,-0.12074507473693308,-0.6447540544870033,0.07993248326808254,0.006279764465155654,0.15990401722486053,-0.03145226649060143,0.19600299119235454
0,242,-0.7573912223058508,-0.2771739026832652,-0.382701649093006,-0.1747622094215871,-0.43241540141254026,-0.11731967317064304,-1.5999307698206662,-0.13828848796653354,-0.2192596806227245,-0.057630888409236504,-0.2679340366199839,-0.014992223418084826
0,243,0.9203883981738507,1.0370929729619343,0.9477005747612771,1.1269351476341658,0.8950847072297172,1.1769657206032347,-1.5252091339036093,1.8145121917413636,1.7304959128872974,1.8960515708283086,1.6935984792729908,1.9351955221001407
0,244,-1.6005174452840014,-0.6738264996925016,-0.7984207358170211,-0.5442074743007376,-0.8635038061881605,-0.47564321265917664,-2.255374294148086,-0.4578160435890714,-0.5536518933667528,-0.3676367563292451,-0.5896881142556315,-0.32288984761483425
0,245,1.0904253611075754,1.0338144223933892,0.933628734057974,1.1293367874672657,0.8864096377099928,1.1840848233098487,-1.7860442411809134,1.9419308103978326,1.8488809096185332,2.033924687601492,1.8100481765985814,2.086153034095928
0,246,1.1517774004868142,1.8865745154907072,1.8158031592201154,1.95371693148792,1.7822684154169912,1.9874721317194801,-1.4612988386841124,1.580975274986554,1.5146886024640502,1.6461277956339873,1.4802589115755718,1.6818279270100902
0,247,0.07539301461420024,0.15747274057220803,0.06996429029594553,0.24980814781975197,0.015207684085584624,0.3038498548132396,-3.1643175645486847,-0.040528040582177516,-0.12434554964308873,0.04266363136191904,-0.17051178062369057,0.08502020355077637
0,248,-0.25414382556323123,0.014505732819455996,-0.0821403843068217,0.11515231814746964,-0.12998343024551812,0.16132976083613754,-2.9215512383230147,-0.16834735550262053,-0.2514422731184413,-0.0857564376202188,-0.298031201837041,-0.03988738150151112
0,249,0.28509454668225837,0.6632221200476592,0.5692259864615878,0.7518787700950421,0.5219032857181362,0.8050898281558491,-0.8286237943177425,1.1509492468611249,1.0684694430856496,1.2327435158241937,1.0282281563090485,1.2764715615936542
0,250,0.33266713894218064,0.17840332054803268,0.08839684850450324,0.2677502152491746,0.03938721887350043,0.3174265950645849,-0.4288176793153908,0.11446034136915,0.03727195601556637,0.18828356414961672,0.0030383273370094685,0.23292373918256115
0,251,0.07068284489645985,0.6851937345680604,0.5918932332757011,0.7818405666332259,0.5350967747246695,0.8316848170827897,-3.171591418702972,1.6468259780905552,1.55921449440768,1.7397188492399038,1.5080907471372444,1.788040415436345
0,252,1.1324302435333131,1.1301032888383018,1.0596230700259532,1.2020507710653159,1.0207890602451177,1.2377040854085353,-1.2708564517960714,0.7352912159258059,0.6666447006166516,0.8027071314482227,0.6291151134352038,0.8415404034044425
0,253,-0.560632276319079,-0.3428164200369302,-0.4538490951980259,-0.23858138311861088,-0.4996541434069465,-0.17778108837614592,-2.8454912181298213,-0.5154467293337136,-0.6077127566604783,-0.4185614857333163,-0.6574574418579764,-0.368270581954486
0,254,0.7918211891155125,0.8178640895360061,0.7384252709382352,0.8949457892590984,0.7001079016191433,0.9310672427242899,0.16534796483915337,0.7312543661299146,0.6614437906543058,0.8009250683174056,0.6227064572958622,0.8369734652316916
0,255,0.48150693786485677,0.9622074959430381,0.8835615736830372,1.0421987656613652,0.8465771678323265,1.0811005412570176,-1.1111712060057797,0.7372667204925115,0.6765510189686231,0.8014484085179482,0.6331852266705084,0.8350443092346369
0,256,0.25224424065077805,0.3457541577482367,0.2590700668452809,0.4317946018640407,0.21428893656772602,0.4789430926005589,-2.520709315920003,0.004115858474513598,-0.07413424796416951,0.07974774558758088,-0.12315057501843057,0.13087915805351413
0,257,-1.2806836042329113,-0.9411988866796019,-1.0726108599252553,-0.8129707274079632,-1.1317756396943466,-0.7559061295880516,-1.3108124123383713,-0.31560437425082544,-0.39589170821644265,-0.2317011630101972,-0.437202495446218,-0.1963932328929724
0,258,1.0347349801157506,1.1458095361779765,1.0440766094668612,1.2482837325517158,0.9889341416366033,1.2964589119658874,-2.439065368651791,2.308808261396382,2.209917240434026,2.4119002303579724,2.1526252527638565,2.456282750480501
0,259,-0.12319932516743493,0.26276715138313916,0.16871352650883056,0.3574393536231349,0.1175779007870893,0.4121636858826574,-1.078253636129384,0.0735312258183657,-0.0042044490420730385,0.1543726255508925,-0.04899628654281379,0.2000957877541169
0,260,0.005950683682660403,-0.41128124073959416,-0.5226288615153507,-0.3044882677934556,-0.5771945126507743,-0.22912070795101783,-1.7197082979601543,-0.3086252171703874,-0.3969377758277506,-0.2237324052897022,-0.44796243076934755,-0.17150079507433358
0,261,-0.40148461640608585,-0.5462477950079712,-0.6706595671990426,-0.4192031967663496,-0.7509151468971104,-0.36486901185517734,-1.2864460445537347,-0.20000901203853397,-0.2809392490486488,-0.11631435535716637,-0.32944974230246904,-0.06842923506806975
0,262,-0.06244637883328944,0.4824936778058125,0.40017657112807264,0.5676760315135532,0.3566754924239292,0.6137276094767328,-3.459678546472597,0.12686380689578805,0.04574456570772903,0.20599421493701908,-0.0008692665945865528,0.24927265606074803
0,263,0.2876393832255598,0.4447587522555494,0.34231263960202074,0.5426774970537388,0.28617231807902815,0.5939707814780518,-1.198246969043404,1.3993887102744087,1.3071329765401267,1.4935772913636673,1.2602800264206842,1.5488476715138506
0,264,-0.15943704072041615,0.5634333870428222,0.4827472476281103,0.6437318175260236,0.439066842175443,0.6783875118308291,-0.6815030131927786,0.34584042182294356,0.27362359487256044,0.41886581680058754,0.23569704808972472,0.4568462394768635
0,265,0.8961879648801462,0.8225515398139011,0.7518834121453762,0.8958658493873703,0.7169510298316409,0.9355927751422809,-1.4504437818301197,0.641390178432048,0.5767110964913951,0.7070753832505726,0.5444245557913392,0.7452863184179674
0,266,0.40695078252105,0.6888147728095034,0.6103456407968061,0.7670821459085296,0.564591507504306,0.8035172160168277,-1.9623959946520415,0.36750754014007636,0.29114279408090543,0.4419174017568541,0.259146228663813,0.4791225601738686
0,267,-0.14228670399573834,-0.9862221155022962,-1.1252294453290022,-0.845248193067923,-1.1882275835618268,-0.7765296686188371,-0.1359107007828431,-0.1303560162698429,-0.21210676549611304,-0.05122402120851579,-0.2506089510488032,-0.012780903717662002
0,268,-0.19471553436273117,0.3568600083486526,0.21449763921475057,0.49533862224002534,0.13831876736217058,0.5682036439047337,-1.8699565271525256,2.17276369830364,2.0290157097726493,2.3061683293927775,1.9513377562279848,2.365209733553588
0,269,2.370514689736872,2.990095503380482,2.919783458610097,3.057752926866267,2.8856712818341834,3.094321278303233,-3.441512798214471,2.7399609809260226,2.6752950095225607,2.8035470962858606,2.6334283738349917,2.848451171918379
0,270,0.3155541834464406,0.7471124597606441,0.6729068647059095,0.8176549598544595,0.6448809021130238,0.849321317752807,-1.6046589161322948,0.48852409604317903,0.4218647234369905,0.5544760802102213,0.38819844298623524,0.590106838690226
0,271,1.7618779954947692,1.6216071932827334,1.5514656043208341,1.694068600302552,1.514472617377507,1.72363637473332,0.9007060975883581,1.5294345285498978,1.4613592751217224,1.598643029716841,1.4173461165733094,1.6294442051090299
0,272,0.7952963370098359,1.1166690882160086,1.0276368255050146,1.2129810728206838,0.9727269351152394,1.2638200601784666,-1.475611852938593,1.8505769078265064,1.76622117882976,1.934122417925094,1.7228655591137232,1.9856037057722054
0,273,-0.392650767897396,0.13125790731958192,-0.034168537080374525,0.28910959712791184,-0.11632635198778196,0.3828174273814597,-1.9762481508503758,1.953103494061021,1.8221349170478192,2.0903278493070685,1.7519445367595061,2.1524373686921385
0,274,-2.675148553825736,-0.13247626028183673,-0.2857241137607286,0.019548721911697164,-0.3754302771419497,0.0918228202973594,-3.0476451465504337,1.5775861238441742,1.4472256279765365,1.7083821900969471,1.3823377348160562,1.7788126011715963
0,275,0.34697069115994017,0.5679770203726215,0.4853671598767801,0.6537945248450827,0.4379053932581942,0.6906913585260241,-1.5055417684191847,0.4024741689845228,0.3287590818600633,0.4748143629172032,0.2822342595025878,0.5136549457972212
0,276,0.9561640067657858,1.066221041240795,0.993579868394845,1.1393146166052721,0.962285781292953,1.1745078601754566,-2.122818774702357,0.9396791094748944,0.8710068977034304,1.0077269221666347,0.8398471483112145,1.0398448386471264
0,277,0.3314471020870127,0.7505929965201462,0.6782797542426131,0.827086772267845,0.640827813613449,0.8706962054369961,-1.9816647612925797,0.6392499811286013,0.5616348229559824,0.7138443684016379,0.5314892266651879,0.7509005524580089
0,278,-0.6372641336542457,0.02398540766034789,-0.089437504721371,0.132304173591633,-0.14801084369667575,0.1963839052493248,-1.581483446483211,0.8245253218208862,0.7318548692170203,0.9146698514510399,0.6730817765477413,0.9697104618449197
0,279,-0.5955062749643641,0.0975277850859976,-0.04643537373068422,0.24358637982289513,-0.1077638568521564,0.3230493845372301,-3.0179878820847614,1.9047841973777737,1.778655661307214,2.036255315079235,1.7118293889872314,2.097463966023158
0,280,-0.09032320723455838,0.23022843309830454,0.14397323492918057,0.3230501089422205,0.0987582271993099,0.3649643531013667,-1.910310066679292,0.1947271898736788,0.1185620690879006,0.26877725726433094,0.0776723033155784,0.31422126179897947
0,281,0.943770889003363,0.9390561110115607,0.8661827342591061,1.0101847320555446,0.8318349852712696,1.0555704323705264,-0.48953654864030155,0.6734789790411532,0.6057051446232481,0.7366398240094828,0.5724737337802738,0.7741236909077337
0,282,0.5831593657020331,0.7046773434816116,0.6216212037802399,0.7851838647302343,0.5706958196635518,0.826932683998077,-1.2861054373370449,0.5610131558310711,0.49031049369556245,0.6312116465435808,0.45366479390918857,0.6721925710677552
0,283,-0.7953400874843998,-0.1463995537229245,-0.29826942171588233,0.012677981180442893,-0.39393325124423634,0.08223237187497404,-2.296233178038732,1.5795970521333191,1.4424118894938116,1.7190946414584682,1.3853200420526552,1.7873235212092995
0,284,-0.6260962507404684,-2.2467580957327624,-2.5502965741619583,-1.9552102518596197,-2.6996724886268098,-1.8005416353575803,-0.21937485798600576,-0.2515206725067213,-0.3470829373415568,-0.15817705228180073,-0.39196016591980093,-0.1174532121523353
0,285,0.015504710564542034,-2.826836584393678,-3.249639737772723,-2.396408707935226,-3.482709634532644,-2.2002114449370405,0.7028251125737619,-0.032333728298187175,-0.12345446559038822,0.05733019129891443,-0.17448169048484677,0.11042428046134398
0,286,0.1445423900205956,0.3735574690972202,0.2891392262834605,0.4513565195657287,0.2528734950360122,0.5032053203904898,-3.2544041349407884,0.13231414132298816,0.05432521304182001,0.20823711360425776,0.013024378679549168,0.24493089700500018
0,287,0.10961396453620202,0.4155504123374436,0.3299288549779439,0.4995741288381903,0.2823302462947824,0.5356324258488453,-2.4818497225208564,0.22674700540431572,0.15636954424488497,0.296802366512045,0.11439204723455285,0.33834352162359776
0,288,1.5277561942771871,1.3688873868941676,1.2966772560117819,1.4416052739155774,1.2550332779276314,1.4774611306441667,1.2983462286259246,1.5382526309109543,1.4708534605234092,1.6042742090210917,1.4322109896586823,1.6422915218985388
0,289,1.492510073234428,1.3621754863059452,1.2461795943719172,1.470719497493151,1.1962639853132335,1.5280472041550013,-2.173487968363663,2.497617003643244,2.3896820589731735,2.597295430568092,2.3389352870707913,2.6550676127241473
0,290,-0.28110006345892896,0.35392860013026034,0.23413327902836978,0.47564835427063784,0.167982335123321,0.5412450629983674,-2.3421105343673507,1.7427065108030406,1.6313086889403363,1.8492890146770018,1.5777408950352787,1.9039711946119025
0,291,-0.6030163503433585,-0.35667682436906795,-0.4646061252269294,-0.2488007551928641,-0.5169907903476143,-0.18503192516099135,-2.4291621497952463,-0.38305015469726567,-0.4767546595377579,-0.28945668986281403,-0.5304305119128974,-0.24922572617579888
0,292,0.38457795222939944,0.647330800183425,0.568390203805695,0.7269081408930448,0.5284836504832192,0.7724858520864651,-1.3787422274820598,0.4676801845837212,0.3945394641646334,0.5384252284644362,0.3520109339502686,0.5763505312632037
0,293,-1.0487401690545024,-0.0996736345382919,-0.24009956024577173,0.039147650849921944,-0.30662066906983476,0.12484186609276329,-2.4206011943599797,1.3022975639494225,1.2046470693639326,1.3987329586123907,1.1502108935404416,1.4635575241875762
0,294,-0.26027013738711186,0.12543337531018753,-0.01403615774186187,0.26136900561218623,-0.0725373003955637,0.3276213587895574,-4.572846311269397,1.770729119223985,1.6502198648593718,1.8937736989864242,1.5754958055572215,1.9455740465182478
0,295,1.3392445713045016,1.76278291003381,1.696536358106932,1.824784194010532,1.6690394161045023,1.858809261800779,-2.4262396109387243,1.411886974506948,1.3482157675633002,1.4767527906389297,1.3180903678970435,1.510081387879689
0,296,-0.5737014335398041,0.042109965842215415,-0.05554304996089529,0.1295714392287474,-0.09732202701325635,0.19099875606345917,-1.1794225215316074,0.07681550011270308,0.0021027474456963135,0.154534681843917,-0.04202230146409462,0.1897943098292311
0,297,0.39522532670248345,0.5752146478311526,0.49025451798743547,0.6626786137599495,0.4299919219287173,0.7117848638144604,-1.4286861178566872,0.5707943622033563,0.49680142560811685,0.6426131815450663,0.4603803156427243,0.6862079045766054
0,298,1.983741762828995,2.795795410316788,2.717619035134473,2.873273734372732,2.676152268986559,2.9129953257478527,-2.6752975985867122,3.255151086593494,3.1751304389433175,3.3337799784703943,3.137153090273054,3.3792400093008617
0,299,-1.2485169128531353,-0.041518745349509376,-0.17253792735189918,0.09008894609403714,-0.2558673092024307,0.15255948258285565,-4.040337870447649,1.5006780592303732,1.3943521920501083,1.6020376865967747,1.3358023592839423,1.6649516805929216
0,300,1.5711705897068642,1.8021075689426935,1.7346028541529943,1.8707402268203261,1.701794529396498,1.901772685621375,-0.2449235244318353,1.5717845072060592,1.505080714941839,1.6415523155896121,1.4616380225712875,1.6720469758438217
0,301,1.428419208085624,0.9739745829563812,0.8831212297817508,1.0774450088190963,0.8253439840977835,1.1279537901921992,-0.45204495532327765,1.9841107207790196,1.889327442583348,2.0800239997903596,1.8401705519253782,2.1285579666000825
0,302,0.34737626690339507,0.5637902421814327,0.48547708445469856,0.6436191020012898,0.44314975993968553,0.6823463434574502,-2.020563279075735,0.43222157524538984,0.3597067208210911,0.5045695277100423,0.3181707052809835,0.5391345632698766
0,303,0.852469497967554,1.143525205997161,1.0680691228385775,1.2150818575875801,1.0279645922089942,1.2571674985844108,-1.4143151142708008,0.7364961540579212,0.6675650692249855,0.8015496409739605,0.6337078824151554,0.8424467801729807
0,304,0.09038311169514596,0.43996010183149015,0.31133944536476904,0.5637250753258705,0.23640749646404072,0.6434942013155289,-1.753004786236406,1.997285596960674,1.8804290980382878,2.1161728854967885,1.8199867682489344,2.176564228557863
0,305,-1.7220863038223782,-0.10237959363552526,-0.22252806254665122,0.017576429835799143,-0.2967951231142495,0.07195970168199842,-3.99246673228314,-0.26963082761769536,-0.36784478147436367,-0.17305927663375237,-0.4181334894018314,-0.12307332227290854
0,306,1.8995468635814843,1.3799824621456844,1.2816646789818622,1.4834984174070267,1.2258354869868893,1.5357197022692473,-0.5396475571205486,2.4711675514738674,2.371095203606437,2.565837426956453,2.3223348385128,2.6190063170520927
0,307,-0.8444613994456402,0.06551735355194056,-0.02622957373130821,0.16354500297651922,-0.09145818289650605,0.2087200104343743,-2.753870989610083,-0.13010617950556824,-0.21380124976036452,-0.04803222862980647,-0.2701436800334383,-0.005148382617526859
0,308,-0.8442791237953496,-0.07686177816089629,-0.2371339627127468,0.0788254068799753,-0.3309018671957816,0.16606875661965056,-3.2211639352945696,1.625450308082699,1.5066434652759895,1.7424973319468,1.4568827214135553,1.8127720107692367
0,309,0.31881273166893515,0.975731898515061,0.9040562316055801,1.049301750316895,0.8609462151689491,1.0840629049242423,-2.193169561685832,0.42423353359838084,0.3430794282173116,0.5036412955466556,0.2961010742846072,0.5389914823246378
0,310,-0.320480693002013,-1.355800854898941,-1.533450360184347,-1.1753280626742877,-1.6233737764435991,-1.081372150317999,-0.346383504931202,-0.055943609025438934,-0.14643923535825368,0.03083806215894725,-0.203481841885831,0.07432969181794927
0,311,-1.0774775980258438,-0.3907384621710027,-0.503220851877285,-0.2833595076366463,-0.5555909454226475,-0.23646888687583367,-2.6319910027004596,-0.5895827136733369,-0.6858513157317118,-0.497089437436978,-0.7381145973022625,-0.45665404401275667
0,312,0.5086879934000116,0.4319706016882874,0.3501436445001479,0.5180406387741532,0.3110540665776316,0.5672256093400362,-0.5415673494235488,0.22720610496358848,0.15355245426559597,0.30322834248765407,0.11662492210388632,0.33862696756660193
0,313,0.6328707835662826,1.3111401739063768,1.1884085397687205,1.430009093126572,1.118266178441619,1.4926942182512006,-3.0356057107737557,2.7096086384967033,2.5911543394867955,2.8249075669508086,2.5364178898800316,2.8899452910331784
0,314,0.14092231808791617,-0.01166578626557211,-0.1143058402896418,0.09238152698884379,-0.16459820351550322,0.14474244211845325,-2.1428273493490333,-0.25342559823199945,-0.346278822012668,-0.16853194893572784,-0.3880303679144663,-0.11237917457329201
0,315,0.5218286153839307,0.8581423021721847,0.7768251052198283,0.9343887685087462,0.7343194130634942,0.9770307397236426,-1.7815288712133635,1.030640108311633,0.9578666437313689,1.1061381570624425,0.9158038974807704,1.1446149492866369
0,316,0.5933187510229447,0.6951116382598317,0.6175514967966447,0.7747608178201819,0.5732505830014026,0.8171913402588916,0.5238451192708122,0.9467168191329114,0.8802892933708732,1.0149117308781734,0.8468138251107185,1.0521767494105454
0,317,-1.4652618581295698,-0.2227911180713099,-0.3461909714184207,-0.09773870639324873,-0.4152083647503588,-0.01957087550782369,-2.3198498910208656,1.0041197910388886,0.9084326778084185,1.0961927733327783,0.8509798225077657,1.1510698039814653
0,318,0.7020649736380148,1.1061843864188676,1.037973843436889,1.172173296938394,0.9998706967718196,1.2063524795540104,-2.7452731951575178,0.6923925110134368,0.6244037852516348,0.7583545130971086,0.5866896897443665,0.7885092890589217
0,319,0.6749440947800632,0.489219837739655,0.37781391971248585,0.5952950226457654,0.32096572949918184,0.6596079171812924,-0.9962092954586331,1.5853394191174648,1.4916095353032492,1.6753820197199143,1.4379716450380318,1.730451209945046
0,320,0.42267724369984855,0.5537597518801783,0.4743125159116169,0.6373134980658535,0.4369360084326494,0.6806190295114105,-3.2451238924736154,0.4064208973706048,0.3307647555153999,0.48026137664617924,0.28755218420312245,0.5161938466727539
0,321,1.6384025178242427,1.6258097603219714,1.5629977274593079,1.6885523082616214,1.5340857771381977,1.724546035058979,0.005960679553398333,1.2052049272561363,1.1400059720073212,1.27001600521286,1.101420126049834,1.3055817374155525
0,322,1.477345360451898,2.4304561628695045,2.3669791915871707,2.492525448417085,2.327558040566735,2.523235585179253,-2.4163534962029365,2.1101874395476896,2.0505437008562257,2.168113699828397,2.018449994954404,2.2010213675815944
0,323,1.1590204629929621,1.220620979194071,1.154620425961187,1.2891529404529467,1.1183811686257101,1.3246333186272843,-0.6703104857715795,1.0080501597481424,0.9389115217236977,1.0776486198572717,0.90511662015496,1.1171062932204532
0,324,1.751257195110432,1.7388611421679874,1.6391695206414707,1.8357186637161078,1.5999712224539546,1.8831819132379197,-1.6089637091338755,2.582444570103806,2.4876884799114802,2.6780823065553325,2.443419001957353,2.7275609913984447
0,325,-1.0465955511769374,-0.21781842772156657,-0.38335625921318717,-0.05863924514976899,-0.4590958996625297,0.044268386844391786,-4.296113057888704,1.5795930404029794,1.453623141466838,1.7028061992455283,1.367282254480371,1.7761193453106978
0,326,-0.286883087956599,0.0619644691629616,-0.02650712770040806,0.1558323943075309,-0.06160312406053654,0.2013553375460239,-0.8703248974773277,0.03021508551829258,-0.053535888640082234,0.11046413731491211,-0.09238448830109351,0.15716831059083808
0,327,0.6130515308126995,0.10454878131592617,0.01696767420218126,0.19157934093605636,-0.027647455391658207,0.23999878162797877,0.10304148225520258,0.37424047561740137,0.30569272566549055,0.44633045603464483,0.25943518348022293,0.4818898117778772
0,328,-0.4529190703058304,0.08171317158484083,-0.10210991912030135,0.2678043914352701,-0.196703593096797,0.3551818923075557,-2.367695454982457,2.339689513489253,2.166789754772286,2.5166177161129806,2.0581665345624724,2.5997771204738185
0,329,-0.3258256947661812,0.09759388866524327,-0.0336024810556406,0.22626097463038417,-0.0994227804049633,0.31239716407413615,-4.0205057995476,1.6473685300983951,1.537016119053485,1.7603381807929508,1.4746712751824953,1.818395806919572
0,330,0.8023079075167392,0.7806643070010666,0.6860790221330666,0.8770958138900976,0.6137178208299141,0.9237909097696265,-2.6860946682393276,1.6534373423915143,1.559848711909458,1.7410608561930183,1.5097232720712948,1.7893225155127275
0,331,-1.7153806984244886,-0.1393479665264223,-0.24699529447453503,-0.034473768277241655,-0.30725433598998925,0.023521024765428406,-1.9218781873066906,0.04049083674995225,-0.0334047159593959,0.1141978697330576,-0.08385236349762994,0.15512436254148781
0,332,0.4674230051132897,0.7203049372379684,0.6423815637858228,0.794757196200083,0.5972711966676748,0.841694978578878,-2.456027218954667,0.5073434197908464,0.4334835240205912,0.5827386440158907,0.3977095653957951,0.6257041567282625
0,333,1.8506932641309526,2.6834649471554557,2.6204547626604344,2.746724788725816,2.5816875370088725,2.770647866404386,0.4619968914564281,2.2990331463723934,2.2396061558198785,2.357222658924854,2.2022619356765762,2.3877324826700566
0,334,0.950586460523811,0.9538449273299064,0.8670462953873909,1.042254711550892,0.8210790414187586,1.0836459405261127,-0.4553396224193511,1.1352204214370767,1.0464461094244109,1.225198099304298,0.9977633885756491,1.2685825307786691
0,335,-0.04399956180421308,0.26751753766137204,0.14082966737953959,0.4010851776719067,0.07951879739362443,0.47776156790108404,-2.314707087120567,1.8987878586273197,1.7708140115119397,2.025115611645591,1.7034637415728224,2.0882824902207084
0,336,-0.2174880960394538,0.0568884467562735,-0.08435410499452879,0.20333459103590373,-0.16661899410623138,0.274651434997702,-1.8903038470811109,1.5087313512188003,1.4075809612871046,1.6131798101734902,1.3501894866766004,1.6691082659050063
0,337,1.781729478284804,1.923874195209307,1.8617242718198865,1.9887513244432646,1.8309484057961902,2.0233232890750505,0.46514931477775673,1.624619090323377,1.5639608328443464,1.6854698008082816,1.533786613059234,1.714640124571044
0,338,2.1311295303746824,2.924813674356523,2.8491095175675754,3.0015789102732127,2.806521840062548,3.0378222970601296,-1.5737851457404117,3.442611288798557,3.366866409505338,3.519574146466066,3.328426932663364,3.554318056106429
0,339,0.1828451827074695,-0.5762890357437752,-0.7007266323864858,-0.4606313390162924,-0.7480011951022231,-0.40089712327347243,0.39228589823783855,0.27600756799330545,0.20167246133507666,0.3562442610408783,0.1539484844123809,0.39596318590658536
0,340,0.16582176321338213,0.3796961338753178,0.29335409055920886,0.46244011526839457,0.2539551520804263,0.51476764695242,-1.6640108763492565,0.32000347333033796,0.24984975153474062,0.39406787902258217,0.20706693631106637,0.42600900231126043
0,341,0.12096773958192392,0.2431540967837412,0.1461359687799298,0.33301277355638775,0.10523669842230737,0.3941692619574114,-1.16257313380829,0.7708418373356689,0.685786287423586,0.8529669684462343,0.6472696830196153,0.8974580029947377
0,342,-0.1693451667420536,0.2207264776743034,0.10183036032783417,0.33849340899509917,0.04560750363187239,0.39626879223930084,-1.8701166639860292,1.5185634529330523,1.4100771281883924,1.6312129349062316,1.3529022234036288,1.6831131092378906
0,343,0.484524076293179,0.7420864230101755,0.6345209882334123,0.8525599979595561,0.5773385020425598,0.9118183446578391,-2.799473675844357,1.993461116277625,1.883241949242708,2.1007416420942557,1.8113639389632794,2.1575948374139005
0,344,0.31822584681087723,0.34160541083796664,0.20759922510884696,0.4787304137983814,0.13158335313856823,0.560106247977771,-1.8494577372230363,2.0531854954626763,1.9224531452667253,2.1828794860951986,1.8573423471405097,2.254823490698541
0,345,-1.7493544529531262,-0.9133670567999442,-1.0654413181589215,-0.759012835269257,-1.1363009634817318,-0.6753061528869381,-4.039226647355985,-0.9672482300340004,-1.0949105848043297,-0.841051224538994,-1.1538944771594812,-0.7788425498333861
0,346,-1.0031509186810936,-0.38262267648414816,-0.5113806392620351,-0.2607182418833451,-0.5624981470029794,-0.19052551423616002,-3.439954403577845,-0.4376339021183735,-0.5337450134935178,-0.34107079896025627,-0.5838547595727812,-0.27920414028141105
0,347,0.06497135760178382,0.6306632899242154,0.5183057448189653,0.7393542476596398,0.46568091827732866,0.8027952531274061,-1.726521390584484,1.7632154349648586,1.6631675637342362,1.8593756271779338,1.6109892786459394,1.9139108520591104
0,348,-0.055589153009439736,0.10576061666242761,0.01610769805683932,0.19723589946717413,-0.034596539275167384,0.2601046053980363,-0.891645191215477,-0.016286460248103412,-0.0957276525554626,0.06407494543980119,-0.1411088696069201,0.10438489938248048
0,349,-0.18438847801112535,0.09430565733772754,-0.04883020328756775,0.2531671548920212,-0.1415467396663659,0.3259190216596629,-1.8606359602073803,1.8540617264078636,1.7382054087288108,1.974302813551822,1.6735333781371327,2.0429547325168183
0,350,0.2249369284823123,0.32238518326661575,0.23817515014497082,0.40372861800483256,0.19806532565579327,0.4423760440319608,-1.6965304836184527,0.16907862924498895,0.09341130627285796,0.24293909604260758,0.05224958726364856,0.27692565110200945
0,351,-0.42194381856457247,0.07228832030360607,-0.05750857343363373,0.20113423560727645,-0.13253696178836832,0.2755319327360458,-3.7355019798895057,1.5548313887585905,1.439389649722145,1.6661759392802657,1.3822228027420262,1.7285977539691293
0,352,1.141414597846869,1.0107232818606884,0.9401351214356212,1.0843851868776049,0.9043933479402151,1.1164728082642343,-1.456570932413767,0.7133630357780041,0.6433831653890766,0.7817822605908609,0.6060300865942505,0.8188571071778235
0,353,0.7543321006759192,0.5348629101801246,0.4454853437127107,0.619387405220644,0.39776272421959374,0.6604159717818068,0.2809238572640593,0.567387584906675,0.4940807070615031,0.6410050068586065,0.45918967518334275,0.6772847509378007
0,354,1.9644957282675823,2.915880350681072,2.821665785328262,3.0029284554127136,2.7783612466450487,3.053646381664832,-0.026952608084023274,3.8538310584170854,3.766292780280617,3.9388647745456513,3.7166529543549194,3.98627160364414
0,355,-0.761060153751304,0.19114045908979252,0.06984440782557537,0.31307032910371074,0.006687983637725003,0.38885686013311116,-2.812267187854559,1.5644553761135316,1.4604141882231543,1.673796883766806,1.4051610808293258,1.7225547131235732
0,356,-1.4519577345411474,-0.5177172484823349,-0.6201422914185794,-0.4057489351188406,-0.6784003359127114,-0.35011127497271494,-1.6885685360043925,-0.33892069177666,-0.42051698746166194,-0.25736960039859563,-0.4594620643420681,-0.2209953968971885
0,357,1.288231450444472,1.4164730494555589,1.3433675061986725,1.4890261637206161,1.3110584401074046,1.525927299529816,-3.175495700148499,1.0759171236053844,1.0149546429898828,1.139047648741363,0.97598920388466,1.1739914119074844
0,358,0.5640712214755874,0.7590004509303739,0.6828799356834431,0.8380035322548136,0.6407415725235949,0.8787126461621193,-0.8755054917170585,0.7163004539293262,0.6459503570437336,0.791846321609194,0.610276328454534,0.8269141402258681
0,359,-0.020855394064999755,0.43093946487754725,0.34863677988290226,0.5154789583134844,0.3068494323078439,0.5539229133561656,-1.1073628748502908,0.3487019897367736,0.272874849827825,0.42569168725909595,0.23389176508635826,0.46072394219040197
0,360,2.1890883835357955,2.883632551778857,2.821843323586449,2.943978623057144,2.7876139825911315,2.9816438807912826,-0.18440899777485636,2.4862022019497036,2.4314343057849532,2.5401292162350066,2.3963903657084336,2.570773476918818
0,361,0.398479547335998,0.5746543103663699,0.46798238890869454,0.6864275093448907,0.401229033421246,0.7438362461444173,-2.4834594482333854,1.8472878362645417,1.7397601923481218,1.9585855428184384,1.681097695768241,2.0084852183007267
0,362,-0.7013303049728933,0.3723394627143726,0.28744877517394063,0.45879102954255546,0.2488002398968074,0.5072059538327498,-4.547769371400139,0.7777699466460705,0.7031041665246819,0.8520139287625116,0.6631408258551135,0.8885557462156002
0,363,1.5307665360477247,1.4990358686957586,1.4293238069184069,1.5648391717988377,1.4040595674674279,1.5943080585801337,-0.8647277093406387,1.154529563992886,1.0890553282821338,1.2187221635190078,1.0556447647488956,1.2481009083396595
0,364,0.57108260356466,0.81637698806614,0.7391412780168573,0.8932642817924252,0.6991176214679677,0.9326537911801225,-1.8180942222984853,0.5334462097209339,0.4617326393000807,0.6035513589188389,0.42914221896897636,0.6411704906413767
0,365,0.6449256874442626,0.6992029496585117,0.5691792602216331,0.8290794394110722,0.4950003268102999,0.9004759983892712,-1.520665106622493,2.3462561193195337,2.2253808163071946,2.4654816800939274,2.1575074348040553,2.543992652250733
0,366,-0.46700097773421173,-2.538631856118345,-2.938650088195618,-2.163596920824118,-3.1045229225906956,-1.97041460878189,-0.21922228824952472,-0.24386762761752423,-0.33759840163645893,-0.14851664047892704,-0.38685552678214286,-0.10752064298788412
0,367,-0.12820627940095433,0.2582562753549344,0.10127855901810608,0.41083666295175175,0.015346748590404097,0.48701832096643116,-1.8859591820708983,2.169955655146302,2.0318079205731236,2.307494511704212,1.9511660494314473,2.380343672208872
0,368,0.46852874103520714,0.4514700624721254,0.3733224831986193,0.5345537612273032,0.3319203291885881,0.5731906705912574,-2.2913126756545648,0.12469678605134599,0.05480338288484219,0.19995369715086922,0.009502004513275023,0.23459972881314398
0,369,-0.12731132184789234,0.32676102641196286,0.24200627940133573,0.4128000364440989,0.202408498091443,0.4591357030631762,-1.2139694825080445,0.25008936319462055,0.16965426111647106,0.32784896814765263,0.13280521380530255,0.37100885237803327
0,370,-0.4308706814929926,0.15862549265641696,0.06879453321986737,0.2501340292513329,0.01630224710723691,0.2954911454261777,-1.3741744355037369,0.28410001959086567,0.2063943498042118,0.36413000292166203,0.16982900752944777,0.3989985187006282
0,371,-0.41659762954461377,-0.2954602791998221,-0.4066806211914277,-0.18657092194849256,-0.4651562424546535,-0.11742373954438654,-2.3649725522116407,-0.44923670594749754,-0.5456087012078108,-0.3473291047094196,-0.6004893671584093,-0.3041546854899376
0,372,2.2191210079840493,2.789052425087102,2.7291798579432682,2.8474571874028687,2.695062646616158,2.8820698496341235,-0.2912279182230883,2.431123029321792,2.3707718603906773,2.4918928825087416,2.3387840334997767,2.528272975676337
0,373,-0.16375306190443084,0.2843065727368838,0.19424447582867138,0.38065483099880487,0.1560586466767685,0.42646644295919506,-1.6320326245712606,0.2618758075537885,0.1837442133846477,0.3418347145837031,0.13827571099005165,0.38624003525258815
0,374,-0.39143210949973944,-0.15262144344581707,-0.25580223443045813,-0.053826958808497805,-0.3135724246477975,0.011090424119974381,-1.9645981944331397,-0.2541007518110943,-0.34254017639647516,-0.17012712484106554,-0.3849726812630446,-0.11803463626225673
0,375,-2.3315557912025646,-1.400842533001648,-1.6500139644410148,-1.1491680900121068,-1.7838826479477519,-1.0118907572251148,-5.069631876523143,-1.382873664202855,-1.5555388911998609,-1.2062028841497034,-1.6731166099593358,-1.128251639045266
0,376,1.3901775699417482,1.3101747762022145,1.2418071344160215,1.3777963640883855,1.2028994611719854,1.4144076257674436,-1.3430248038720014,1.2132430911913348,1.1437022852876026,1.2870705632409858,1.1013784929633805,1.3173982619401179
0,377,0.6948284476474805,0.5254162597361782,0.44642314663970833,0.605722022283717,0.4041671736498197,0.645027568314319,0.2216723187555771,0.6274517157465329,0.5575518114966701,0.6972994370633503,0.5197203252387277,0.72764174119528
0,378,0.08493286814288398,0.5307549872754679,0.45031158188262344,0.608852174665255,0.41244447104806387,0.6433059891218863,-1.2603516027835533,0.4802712631629079,0.40555898504463533,0.5544668913712502,0.37200433600321803,0.5858006822771763
0,379,0.33053336361931124,0.33530059618608926,0.2512449167061495,0.41973612494951573,0.20347012670257095,0.4621589692273254,-0.9901273517671189,0.25143233842901896,0.17643746021858542,0.3271119787694714,0.1438868842780156,0.3643668426498309
0,380,0.3365043947883836,0.7604945854253176,0.6925836459393278,0.830566451389994,0.6542661994723487,0.863841943087509,-2.3609450048503486,0.5495622579486923,0.48033582851202283,0.6230420563349339,0.4422569064462421,0.656877297121835
0,381,-0.652650400250113,-0.4361464397300696,-0.5474447572490382,-0.3233748087581706,-0.6022764677567723,-0.2652902707231837,-1.3578055700293619,-0.2361229101698289,-0.3193915588535184,-0.15208446825254757,-0.379243537102635,-0.09465471579955266
0,382,0.619189156383031,1.0342232515824015,0.9614265450018625,1.1033361119796106,0.9193574722943882,1.139074792950748,-2.7580259154110505,0.6384254532493979,0.5743175126968246,0.7008113037440501,0.5459341373243418,0.7350154076765936
0,383,1.2980050632070905,1.4989927996559134,1.4177828993215689,1.5821555759638604,1.3745400243596495,1.6300311088660706,-0.9468084883686662,2.186412911880546,2.1009651315679214,2.271831593304213,2.055121884290426,2.3235789253148234
0,384,-0.23623583337301504,-0.09742993765008395,-0.1869009138405234,-0.012539311685603577,-0.23599206190864486,0.03814928286191192,-0.7302020290239002,-0.014776417757345811,-0.08663469288137551,0.06313306134851697,-0.1271152993303539,0.10415556255225607
0,385,0.055000045865388744,0.4448408659558767,0.32698081275790425,0.5635702369750771,0.2687382737553825,0.6269467237338299,-2.0296298938394335,1.70738532384815,1.5996466494271984,1.8131459669875842,1.5404055151222946,1.8779316838443074
0,386,0.6545201310353114,0.7002316078497037,0.5817456167970105,0.8207006968274263,0.518432001960848,0.8859184668691171,-2.016493132811922,2.1967552077865253,2.0803802156720783,2.3162174578854415,2.0199119853916567,2.3674610430815375
0,387,1.1584416385448324,1.0909055455031778,1.0144647439536425,1.1690695702776617,0.9659229505118195,1.2018590578421404,-1.4272291655670089,0.6616923245047603,0.5884202628513804,0.734907431523385,0.553878744487944,0.7775133459873793
0,388,1.8277486833336993,2.5608873373024785,2.5021945613915295,2.6178196227155066,2.4727418888308463,2.6446772103979765,-2.447277903972384,1.9845283936311149,1.9228072469579505,2.0453490171706745,1.8961942017110234,2.0771919174756803
0,389,-0.3513368067622479,-3.314806548822435,-3.81271273929709,-2.8074285532923797,-4.077262536883527,-2.580398994676569,0.732286496628175,-0.208028961365064,-0.3064402844397435,-0.11380258548199224,-0.35659418016697636,-0.060280799337233924
0,390,0.8310929315361282,0.8104412374586607,0.7373978172099942,0.8861886500746412,0.6991584558746267,0.9189401652763267,0.40158729296942147,0.8056684185401969,0.7405662411156284,0.873873617540353,0.704325191532945,0.9120363747139213
0,391,-1.160582829453727,-0.9256054210005931,-1.0730522989901008,-0.7829832621382535,-1.150854545205754,-0.6912549243026768,-2.8335262970454966,-0.8473168821040064,-0.958405149763647,-0.7353229879362586,-1.0073805733162136,-0.681691553325796
0,392,-0.0016277987370603086,0.25902531100730253,0.17298561887789551,0.34312104688789585,0.12890566511902368,0.38674808712238956,-0.9936259029954734,0.17936555135180277,0.10502156833926378,0.25181726976367536,0.06781239544856066,0.28585878999309816
0,393,-0.2807090334799069,0.5156856242011025,0.3817131884419961,0.651633065046745,0.3252914675218514,0.7181816389027814,-2.612184441060105,2.168154068868056,2.041163493547935,2.289992110447434,1.9925765172453245,2.356390001936598
0,394,0.5335257795017206,0.5574033597034905,0.47374418939746266,0.6381591011487914,0.442775209822089,0.6809328290994587,0.8710459778671675,1.0933694878853017,1.0237058635430765,1.1622384370257912,0.9916383868500217,1.2036668608442298
0,395,-1.1465070289134658,-0.14281254218128708,-0.3079279589989336,0.021262692027306043,-0.410775151291634,0.11595196269456315,-4.458066088730809,1.7042382701567145,1.5716192390481074,1.8387936136748946,1.5043394047498888,1.9090812258675736
0,396,-0.2563668878707797,0.4451523171830965,0.3613962823041569,0.5339245636659422,0.3239011141443753,0.5704179171653536,-1.3314148966273416,0.22836527246484756,0.15145263296702746,0.30869467829317027,0.11553645535712004,0.35411220645990066
0,397,-0.5898590156373478,-3.1208950055471503,-3.58936793147552,-2.6887636621292192,-3.8201042033707755,-2.400843089416469,0.11759214036284292,-0.24157737501867732,-0.3405981619997766,-0.14813967153380386,-0.38588626431983897,-0.09500791287240118
0,398,-0.6245119035424601,-0.012010142947720428,-0.11212210818621182,0.08343290841905443,-0.16028441025088963,0.14631029992013164,-1.6061154319752822,-0.01645454993318813,-0.09795645987840526,0.06917402922623694,-0.13808938316188382,0.1080962745855916
0,399,-0.07970301389190551,-0.6137701941856409,-0.7271683260213573,-0.4953393173375021,-0.7824820855369167,-0.4372335146635387,-0.10905263110944799,0.028687353399854457,-0.051107961852825,0.10802490409102324,-0.09512496435397434,0.1509129976491561
0,400,0.35568885665358047,0.23479550002057684,0.1388079477897021,0.32647983081996446,0.09373875662787447,0.3661463987545464,0.4556328272016803,0.8063085355705722,0.7310643137129027,0.8808468796038895,0.6881927880951265,0.9211088920970039
0,401,-0.4346219508003318,0.23810176029227267,0.1590678322905747,0.3279806792701486,0.11028762384802672,0.3667557221332646,-1.6169548032057928,0.17105046856002215,0.10049557342767754,0.24051964990632144,0.06421000329299766,0.2862307042596886
0,402,1.2459840458605522,0.9643324258757278,0.8952676220772628,1.0326874614277681,0.8516109807748901,1.0660376255561141,-0.1542889037536754,0.7226719559486361,0.653332223307242,0.7889997360831773,0.6164029529798517,0.8213350092856049
0,403,1.4420035207010438,1.1653032345287766,1.0871149617501608,1.2436270080695162,1.048217647275734,1.282406894556026,1.2862594903074804,1.3576208705067867,1.2816076982420366,1.4330723639854035,1.243174984945833,1.4672518998278363
0,404,1.3487494123386015,1.2857780794067781,1.1921926648790304,1.3857290929117387,1.1342186946615573,1.4286266995999057,-1.82210957135548,2.2898223308456878,2.1881591972271863,2.3929576516271234,2.1348756499511996,2.448864326125386
0,405,-0.28299699354356994,0.052296140001984286,-0.04913284236219826,0.1494309223958987,-0.10006173607401302,0.19588286645230915,-0.9382226682786861,0.05505372713130175,-0.025382134054947554,0.1361574692852746,-0.06564848824717784,0.18078108700848705
0,406,-0.8315895158408261,-0.03301993165088019,-0.14187017258304818,0.07507584259926073,-0.19263689992647287,0.13363401411001974,-2.5699296126137092,-0.2828094229661446,-0.3760140358035171,-0.18698255321845023,-0.4345421565310201,-0.14686739728544182
0,407,-0.34020500501177925,0.6134840882993865,0.5373058397097433,0.6901824599049179,0.4989731592763837,0.7296809158600674,-3.8824295712359325,0.30466240173419673,0.2312209587755525,0.37647750052984774,0.19044107368387586,0.4073024471165543
0,408,-1.2349205244851114,-0.7673893401053389,-0.8923911713559978,-0.6438624946543348,-0.9549030188582618,-0.5794895581065719,-2.209195630422605,-0.4739904791262285,-0.559158301184886,-0.38700455377980075,-0.6029539539456376,-0.3404471798713609
0,409,-0.7866040234098439,-3.238051601188725,-3.744724072679346,-2.7507426320796133,-4.069145653880723,-2.47064263054553,0.6793070744308547,-0.09392677075199987,-0.18724992548324298,-0.0026392805509995875,-0.2358493347571913,0.03832853026143441
0,410,0.4486326841437035,0.701756491306178,0.6245373452950973,0.7793567553593931,0.5808296586617183,0.8181045865509934,-0.7160075079452731,0.5392464338765314,0.4714043527542836,0.6104725654458878,0.43793380381573516,0.6460803455825447
0,411,0.9117118629846271,0.8410564652137129,0.7714645235617335,0.9120300335411411,0.7308334399036504,0.9501529489672659,-2.4230027108234267,0.6291655645636193,0.5623737246851376,0.6963049685660118,0.529665734771863,0.731693570293984
0,412,-0.10338406974372405,0.21032339712433448,0.07809459455861611,0.3498249371736147,0.011804157122028237,0.41883661965010127,-2.2300820596241793,1.8081094924210137,1.6919146914006702,1.927563919454618,1.6142077098735597,1.9932398203061978
0,413,-0.8040363290546991,0.3556085347405989,0.26385595284009045,0.4490222505415356,0.22001755534317413,0.4882325910081757,-2.302775138305308,0.04742664222845214,-0.030288687380643754,0.12403779471173888,-0.07675448569934865,0.16105136690835015
0,414,2.3079760937968605,2.020972061511323,1.9484533777981556,2.091336156768664,1.914292991104532,2.127117964115607,-0.45882880789735814,1.745449205600737,1.6795543900816046,1.8114493293133136,1.645752878910147,1.84429656278039
0,415,0.8421454960725906,1.0752599003859793,1.0024132776172525,1.1487832944298981,0.9628790737744684,1.1873257521555982,-0.753071475052958,0.7639071792678023,0.6948996793445815,0.8358953273761515,0.6532804501754618,0.8735461527249692
0,416,-0.14128101348395666,-0.5567675698735993,-0.6705465037348709,-0.44722127655713606,-0.7306237207162238,-0.3831816594481589,-0.30962667477863093,0.03723604199735668,-0.04144365510494113,0.11277898169911921,-0.08917956302586758,0.15763435406772708
0,417,1.3753230113203174,2.6428889257173274,2.579591890887532,2.703528042617772,2.547210263556596,2.736745174825065,-0.5022028479990044,2.2221138365153354,2.160680389628944,2.2831682324528813,2.1284051341401695,2.3191871995756923
0,418,-0.33180467567860855,-0.29803289566487584,-0.39864085816112305,-0.19513496493091242,-0.4577927295182429,-0.14874067369793106,-1.0540129362217336,-0.310264770255462,-0.3900934018499178,-0.2272677649554441,-0.43111360164790374,-0.18829675758337042
0,419,0.7323713542803729,1.2053322622628746,1.137280651845377,1.274615527390929,1.0932976064883189,1.317290185721446,-1.1672567358560157,0.6914981851284108,0.6259738008354139,0.7574267865534168,0.5951428721499763,0.7936704992256823
0,420,0.5322959149974279,0.8952677011777593,0.818850260681383,0.969865736558052,0.78314314233817,1.0069603368271047,-1.7003357900843834,0.7938877576150154,0.7175679462118297,0.8688224261520193,0.6811764311730233,0.9038069189182878
0,421,-0.08332959458789738,-0.13435629451041223,-0.23045963847800333,-0.036268090896881315,-0.2932741605865518,0.01677230204557267,-1.757368497307453,-0.03114681460142486,-0.11731994639604891,0.0497419867193948,-0.152140888960163,0.09369365734220465
0,422,-1.2853191612184944,-0.2986641559922543,-0.4138943695551505,-0.18982712152914444,-0.46988021535774116,-0.1420920226379953,-1.931480925396707,-0.1390887590462064,-0.22264560375870662,-0.05964939664832272,-0.27867794685955216,-0.005031215833738065
0,423,2.569362124327383,3.261238927620643,3.1837354992173306,3.347195630817897,3.1382668942261587,3.387744786391594,-0.6155645420460322,3.9814479656658324,3.90435775274096,4.057537931817717,3.851227485617395,4.104342006390127
0,424,-0.86771665301209,-0.10422574013638751,-0.24461594218986432,0.03259299076638853,-0.31356029911578565,0.10317350188324041,-1.81768593005315,1.3747303159811377,1.2757669337003634,1.48135525852204,1.2087436346608378,1.5307655142066208
0,425,-0.5103761205136661,-0.2753941303048566,-0.3808515210787272,-0.17419336986268108,-0.43638558728500604,-0.10364450583413415,-1.3105061874102069,0.03009002615387915,-0.05446845229595802,0.11156620076610435,-0.09285085863666577,0.15586473829128655
0,426,-0.5621346499631877,0.045805198597424754,-0.052344954292925475,0.14310494262949625,-0.10164283659636356,0.183572247635884,-3.7219654833845253,-0.21706299928426148,-0.30040485747700607,-0.12895647886449035,-0.34148124097356947,-0.08743966169482523
0,427,0.7684840131926368,0.7927021584543753,0.7127258241660795,0.8752901749613073,0.6687476547868366,0.914707019591134,-0.34473300059597484,0.7032484020844167,0.6339721098970987,0.7725892260295061,0.6003860293009418,0.8102198711993827
0,428,0.975537695287249,1.0566401443174178,0.9850337633078724,1.1315467767566187,0.946103890021986,1.1692655486963734,-0.36017454725055204,0.925954779256655,0.8578989833685282,0.9927979239582053,0.8196587278688587,1.030832164965655
0,429,0.933750538167881,0.9349898938855364,0.8315509042595625,1.0409382105157399,0.773863087021495,1.0943668456172522,-1.066932061232246,2.0771921872952452,1.9754363216355577,2.178258899903886,1.9258870100400916,2.235689919694625
0,430,0.4656828038732089,0.7455323636131909,0.6715959204671729,0.8175353446194183,0.6351930205148137,0.8627326965242107,-0.7454033690669578,0.6222880544301427,0.553512585584638,0.690094512937495,0.5147108431679698,0.7246364125151238
0,431,0.24560357133478897,0.4856840501053024,0.40179959247389063,0.5703350955033257,0.34865501026676354,0.6119655159324549,-1.4358462563488212,0.2289868490188668,0.14922698960365563,0.3075288057123305,0.11580999626563092,0.34233807404526145
0,432,0.5213818956787547,0.2935427059226,0.20106646166200803,0.38769261232831054,0.15005964377906628,0.4346187520996634,0.7027452361474723,0.9604183750297931,0.8826081198823673,1.0428278335549357,0.8436144377693823,1.0800774371847903
0,433,-0.4931828573315982,0.057096172901563214,-0.08370001243451133,0.19798859909613048,-0.16053197413844236,0.25892649314224336,-1.57002133179302,1.5253605674150548,1.4164884410269232,1.6327377952628763,1.3580096674764497,1.681039103757511
0,434,-0.038855679593622544,0.07595902735158101,-0.014809945801899193,0.1624936523205403,-0.061165811672325106,0.21906454394965802,-0.6278679725640425,0.2225000264318984,0.15240677114044204,0.29367045489479193,0.1129072870567628,0.32509304316843507
0,435,0.43395987189681035,0.9298242650901376,0.8516045909476319,1.0113920769729923,0.8107734333690095,1.0567902059450323,-1.7833406594716208,0.6266758250336759,0.5513016449550981,0.7067451151353076,0.5053490918160456,0.7438292897369787
0,436,-0.7928015886745364,-0.3714883531562402,-0.5554829038591287,-0.19320251314462253,-0.6413630358512555,-0.11008756132316475,-3.068178526752585,1.496364275573979,1.3724346190101946,1.627187674187298,1.3106809370264998,1.6898814155528203
0,437,0.2503679031605052,0.6387485684062006,0.5625524657594324,0.7183936168578027,0.5222834567815149,0.7595317004018073,-1.5845274879531848,0.27624163210736663,0.20070072724653193,0.35735729858109755,0.15862370689735542,0.39477701182763403
0,438,-0.16980991544648114,-0.01951123941794212,-0.10960375036784113,0.06913212057991781,-0.14715275081823806,0.10982624392112268,-1.4014429223786558,0.003931230245180607,-0.07116471848497678,0.0778050299139332,-0.10647669116660752,0.11165042565273904
0,439,-1.3469351016487425,-2.324040056987731,-2.614132925674742,-2.021396392545273,-2.787936681247026,-1.889241419046855,-0.8633602323972795,-0.39918838984791255,-0.4929754289996779,-0.30020887116709866,-0.5356057704478704,-0.2559170062615275
0,440,0.06495797823747543,0.469209799483729,0.33859513380956624,0.5912905339303831,0.276200091158248,0.6544492399300018,-1.9928486469240976,1.8781953817007113,1.7688362903557222,1.990475431415935,1.7104314149803266,2.046917248956468
0,441,-0.7928805381844616,-0.01700200514294008,-0.10487347309030075,0.07297650483153041,-0.16821517983829182,0.13102950846819503,-2.902431071245604,-0.07429513232165828,-0.16246384859920082,0.012939188175873997,-0.20359532554318804,0.05981787629755864
0,442,0.2875845049993664,0.7469887222849287,0.6375397994671169,0.8669525845036069,0.5798021634190864,0.9170939256317351,-1.6411250192754518,2.134499453125045,2.0303095929242803,2.2413104515784354,1.9693827561276491,2.2890984444728617
0,443,0.8849433227491711,0.9623410434283504,0.8747193786784704,1.052753344439095,0.8226404788488713,1.1029270164343081,-2.0134217607511147,1.7789352600435602,1.691399338698534,1.8681074990056723,1.6490652800889638,1.9041515749001459
0,444,0.32180051858346403,0.8999887793614412,0.8243466239171618,0.9762059887997899,0.7901559160155691,1.0157514796714096,-1.8915578062033873,0.6152205041953294,0.5444329757712302,0.6840941056022191,0.5079547765991148,0.724849656947549
0,445,-0.20461181834444161,-0.015104733436462714,-0.11660335977373178,0.08850965390128762,-0.16924902048596685,0.14627281702819736,-2.101398292314323,-0.14632154540849643,-0.22878514051652193,-0.06638794886409906,-0.2704783565996998,-0.02204553224431031
0,446,-0.12466106747518539,-0.7903767969489335,-0.9242768741401348,-0.6520742162649211,-1.0114415870369093,-0.5796348871255489,-0.02650502608270507,0.36720746087185624,0.2851906006003168,0.4475530128684002,0.2471589667565819,0.4925642525842981
0,447,0.8515154183946205,0.7430847100405185,0.6596311637333435,0.8270842880628887,0.6143940883514667,0.8717817719108698,-2.5447902571261527,0.4433522061081661,0.3680925411673229,0.5153635434194125,0.32623725173448154,0.5609608599160494
0,448,-0.2840395879817608,0.4068126024553343,0.3107226921604313,0.49697535741954557,0.2598365456742599,0.5536632083602868,-1.2774703644856151,0.9710710003103015,0.8909584219815467,1.0532130095972163,0.8399910364214934,1.0892196298733203
0,449,1.397123372507243,1.5281898761692578,1.4556482440895457,1.598777421111,1.424198243692172,1.641160093942427,-0.11872270814755839,1.2974883372851433,1.2294168753569035,1.3635698965281597,1.1924260172644796,1.4034031659173403
0,450,-1.0589466238976295,0.18485008346831908,0.05729276436336226,0.30624892402325815,-0.005243489735440812,0.3714151890468757,-4.114293954802434,1.5327186894719693,1.431012009651444,1.6299850810126768,1.3855803099852393,1.681953255615355
0,451,-0.6716116002353093,-1.0666508795206204,-1.270163168119272,-0.8647362500934626,-1.400831069334857,-0.7480776965171363,-0.9586976929365478,0.8813605166533185,0.7637055338149001,0.9975277259269056,0.7083799404706707,1.0593786646732402
0,452,0.3995872611409452,0.16849024585887828,0.07333536822461448,0.25861769789910904,0.025291119420588867,0.3020180286706042,-1.7561559346997937,0.045230998854187146,-0.038712642189942276,0.1278838022445053,-0.08061865920044144,0.17690806115622043
0,453,1.75656708020938,1.5820154775283364,1.516666922719738,1.6484877598262457,1.4814044683686411,1.6846949159082292,0.873890444052922,1.2737127894130265,1.2135054675594896,1.3307060434165148,1.1835428292146217,1.3656023729475246
0,454,0.7724485417135541,1.1175981456805457,1.0272978173365221,1.2123576897122161,0.970666626430459,1.2624169530990177,-2.2794790798609075,2.055366638591926,1.97106974839154,2.142252074062936,1.9200841130553228,2.1843752224499253
0,455,-0.1255793710787104,0.33752121423793097,0.2550801523601948,0.4202181634012399,0.20947511894177437,0.45725642547185896,-1.2183719519999774,0.25946147685056625,0.1860371643852674,0.33830739089754297,0.13994795088524078,0.37178310642346574
0,456,-0.9197357353044597,0.24496745049933585,0.11727911249745754,0.3706868918924551,0.054030880037155136,0.44552438876445133,-3.27594676194448,1.6882581094055484,1.5788052409199291,1.7985421879195234,1.5188314274659738,1.844043826539423
0,457,-0.3394305704737811,-0.13254259728966872,-0.2258118400648683,-0.03896361006224958,-0.2852562250367029,0.004233888318360849,-1.1819882722842627,-0.010571569548720508,-0.08956744356742423,0.07206487273613611,-0.12774494309755835,0.11162883486698506
0,458,0.32355901219122396,0.44731711332566326,0.31553292134162697,0.5752744316850129,0.2638674665748059,0.6484868763426774,-3.462403892438561,1.823413253035853,1.7105444670287047,1.933998376366338,1.652243530244347,1.9866819230073018
0,459,-0.4404849802377384,0.3065855012628453,0.21758468203306763,0.39123705426264704,0.17543109891164863,0.4422244035944849,-1.5614553289807929,0.21817856061643842,0.1382571059448326,0.2938243816434843,0.10012500046512324,0.3393203773619369
0,460,-0.3582641748239096,-0.24041395638000826,-0.3496386063383599,-0.13507996448852938,-0.40488557575688683,-0.08243586723717133,-0.42416628881764784,0.2911922206548152,0.20644374262049553,0.37207918321365985,0.16086746343416092,0.40812321090311326
0,461,-0.7734738103620972,-0.21012483925973002,-0.31657397870676246,-0.09884743243320711,-0.37184460255869944,-0.036686829371737985,-3.2622438502696376,-0.3483203783619207,-0.43554151648520956,-0.2574426698086628,-0.49060908936975123,-0.2044335426232192
0,462,-0.9378163332659815,-0.42325706312663464,-0.5335450459645443,-0.3175433333652601,-0.5854411964455065,-0.2608951660403846,-4.373958823666099,-0.3859237629461182,-0.47179903247383603,-0.29748303224573636,-0.5248969641755918,-0.2543474280114958
0,463,0.04780488056619562,0.054962019590287445,-0.039192576991966134,0.14171486346285692,-0.08803209983491615,0.19355120751418428,-0.5857766905134639,0.1040953929458481,0.027275906345718207,0.18203859420784083,-0.012573703388726045,0.22059546008458072
0,464,1.2826715985928216,1.43389230118347,1.365384821363622,1.5109964975230876,1.3289154261935578,1.5420371333625282,-0.75869576362369,1.0778612706573345,1.007120799993062,1.1485321019283348,0.9728817474904184,1.186173135643663
0,465,-0.2452178270600279,-0.19520933105358534,-0.29618817238812345,-0.09590775250227064,-0.3457323687158219,-0.04117898079950654,-1.1425154550089631,-0.13650892167825124,-0.21585608785768343,-0.06029433971041541,-0.25467619395445046,-0.012046534677834323
0,466,-0.04516115853454501,-2.315062980149329,-2.6327637489062625,-1.9931052168392287,-2.782734568205793,-1.8470609683439925,0.4893713470224286,-0.173601483242112,-0.260444222200562,-0.07840712306167384,-0.3216841736983857,-0.02234009886581903
0,467,-1.2119098821095393,-1.109157025166923,-1.264375462119909,-0.9501323082716645,-1.3544236266549592,-0.8794862039395603,-1.818570049763552,-0.9262473880086057,-1.0299603063364224,-0.8245454533879927,-1.0961210870049112,-0.7695289249872179
0,468,0.525172917696297,0.3236583006088372,0.23476201373290081,0.4131504020380807,0.1888863999831882,0.45789456805044915,0.33924163030378646,0.8117599551639778,0.7323672345259498,0.8918944164498857,0.6870061895981966,0.9273506309270463
0,469,1.3385563964012444,1.2690964506055646,1.163669725137106,1.3737517784943833,1.1115584836584227,1.4362287257651,-0.9965382246013484,2.5515606882492787,2.4422990896598367,2.6634291672196992,2.381107097688315,2.7264253327569588
0,470,0.7428097453440862,0.7484726083799963,0.6545912729455347,0.8448204584098459,0.601862355454511,0.9025038431817761,-1.9338380865731886,1.6768072816507,1.5871577254455016,1.7618406997296163,1.5461673532262385,1.8115752333866828
0,471,0.23252760394889224,0.6297586694084232,0.5499207449877557,0.7067375715425596,0.51194438012015,0.7427667209196895,-1.5472927588740109,0.35818953054178815,0.2835227511698175,0.43085950388169275,0.2457752859261548,0.47312738536810117
0,472,0.4071884563289251,0.45286423003097714,0.37121980227668294,0.5288193937542619,0.3243893954925156,0.5675003092330377,0.07152643264559963,0.5558192534582423,0.4867721720985636,0.6245848849899516,0.4496436095063498,0.6594339872328434
0,473,-0.2665049401256636,0.5203612701361111,0.3899127106926142,0.6491448254685412,0.3302274360846288,0.7145315019767444,-1.681511060953615,2.045369963752016,1.9320196260855587,2.160124347615378,1.8700800892959948,2.211569937833738
0,474,1.2987389815470598,1.1092990921739883,1.0394225787765041,1.1786876061734044,0.9974152689254485,1.2183553955751005,0.3254897596993836,1.0278243965035774,0.9587440227776642,1.0916228797534087,0.9287414585253894,1.1231492668487644
0,475,0.8597069566730985,1.1617396886376625,1.0638555583870097,1.2574049050279514,1.0105222829954332,1.313780619049237,-1.6600474026235983,2.1039056640866693,2.009242451434249,2.1982069555990176,1.9620426007970804,2.2416278605214806
0,476,0.1175918587440895,0.41840632244013465,0.31499116941159405,0.5163640071259967,0.2611107130237782,0.5657137651525771,-2.8902625521524175,1.2199746345131952,1.1359922060677905,1.3038387039736552,1.0897753581987335,1.344009702050334
0,477,-0.7054923132754337,-0.6116673593847015,-0.7297608574992362,-0.4953827299931275,-0.7906344706651105,-0.42734223617450784,-1.1521422615940418,-0.44583212027745805,-0.531850970272586,-0.3630847260232237,-0.5748470366154216,-0.32143639413479036
0,478,0.3033569201664019,0.6531647974537289,0.5313137276479524,0.7702889665869542,0.46786874525439875,0.8346762412540174,-1.518262599560623,1.9824746261140338,1.8634381404056048,2.0870671901118003,1.8043156673798448,2.146134412023455
0,479,-0.2084753527704725,-0.06674118464200655,-0.19820638171720573,0.06647530545791594,-0.2590910642736484,0.1281703900468377,-3.937716376606674,1.1975598231258893,1.1002660939969533,1.2929435023520721,1.053438096592121,1.351729817895385
0,480,-0.018806443757374995,0.10600030597733828,-0.008622936099286096,0.22642191083932156,-0.06298530958896559,0.29123998337315926,-0.9578660612343489,1.3302269295379436,1.2393318632600037,1.4245030888903594,1.1809886229335929,1.4853997463225905
0,481,1.026903723464704,1.4552286755778687,1.3865808079537227,1.5221249787826294,1.3498528193367672,1.5641649744466601,-1.3865665931170572,1.160026234153595,1.0929409540810344,1.2244862830921155,1.0614459856429013,1.260108314881393
0,482,0.17426400666319342,-3.0993538938379084,-3.5675407105006447,-2.591923013164901,-3.801647351611465,-2.317407126135612,0.7299051693078705,-0.1397814058777066,-0.22986692244039045,-0.0414634871210984,-0.28103029002969343,-0.00020136293253330637
0,483,0.27939055177446265,1.0281840975012129,0.9551164391037734,1.0980276793839665,0.9178276119704933,1.1393031782246612,-1.9141282484876376,0.6832638924733688,0.610359830165429,0.7514074602595624,0.5737822010501629,0.7896639118698913
0,484,0.5943294055658637,0.6398351254939327,0.5569996344306087,0.7262470320585482,0.5116607493337858,0.765449903369532,0.4097497647607413,1.0732922188249399,0.9994638198870329,1.1479825984558665,0.9632800766450361,1.1878098313838643
0,485,-1.5651323907656662,-1.4718021269513621,-1.6871998677442994,-1.261613752442033,-1.7938931461625254,-1.144640608122177,-3.026735291050219,-1.5007710079029224,-1.6513591178533742,-1.3550119179063334,-1.7470803695895962,-1.273840165366162
0,486,-0.6057739598509084,0.30969725308962404,0.2249871721468253,0.3977120232110202,0.18071323250245988,0.44602067794207306,-1.9726131031347562,0.13620378837133942,0.061364722640404906,0.21806824301623626,0.012801420202234109,0.25893606409182196
0,487,0.22893030551204788,0.6629567498121336,0.5776440751128725,0.7466611464559361,0.5423586802951618,0.7944913047838015,-2.0201135648178776,0.3703656515748036,0.29189629317346677,0.44438947610325225,0.25246483348806176,0.48217341909763617
0,488,0.41831515513092143,0.6327493096432849,0.5237481909015237,0.7401915690418651,0.46451994353998605,0.7953284325722465,-1.8581284395791196,1.771535118977797,1.6689825451465372,1.8744504852998363,1.599398226181487,1.9257437615617838
0,489,0.6176032256915293,0.7915486067616445,0.7177359855673181,0.8711314251112786,0.6787877757063652,0.9001647591611147,-0.5551334638867681,0.6386517377728861,0.5709751429532526,0.7071781771006775,0.5364252053251451,0.7437598904549211
0,490,1.3131995117140995,1.0821438958350338,0.9815837235084952,1.1804405971197558,0.9249921802039659,1.230887242522588,-1.9258510566356197,2.0966950672637674,2.002002050451111,2.1941318723000878,1.9461947917493692,2.2417062502877383
0,491,-0.7894261827807548,-0.09606725160253436,-0.19220401704751566,0.00489668948114221,-0.24884230859737796,0.06234986001273852,-1.671767770363546,0.006411937805625789,-0.07191723409768414,0.08703561093029162,-0.1269111149771467,0.12234012136873884
0,492,-0.06914595796165397,-0.15156037940121314,-0.24289173687440713,-0.061054520625598845,-0.28981821025069143,-0.008821504472273967,-0.8624482174527761,-0.042267560322512776,-0.12121831333591147,0.03535339949504334,-0.15251361302672986,0.07725998812721441
0,493,-1.69811113877935,-0.8575137295663139,-0.9885116668557675,-0.7192927687089421,-1.0677337101291793,-0.6509106738257849,-3.4541900772055607,-0.7849128084732776,-0.8908892151841571,-0.6811671643039025,-0.954817491600165,-0.6303031691435536
0,494,0.36753509277519836,0.6214394598618397,0.5484790586883014,0.6955805027966675,0.5036434247823942,0.7363284850982023,-1.6928974850836698,0.28310882307877405,0.21875620419057157,0.34930627285557864,0.18425410527331954,0.38913345726672194
0,495,1.8253070419616395,1.8751934131651697,1.8058464917356079,1.9458813378124016,1.7686470464068114,1.9870882784816977,0.04275216867132025,1.5503781890718427,1.4830408955592007,1.6171586025644462,1.4430842843567062,1.6530910406335526
0,496,-0.41623641636050634,-0.947422449401702,-1.0966343132173333,-0.8060034416416963,-1.175208419926601,-0.717755706832837,-0.6249833230274849,-0.1356695009442304,-0.22160010708166583,-0.04969731360347138,-0.26022522103412515,-0.0013820087636107498
0,497,-0.44092006453653654,-0.4659832428955892,-0.5904152214584524,-0.3462635671428321,-0.651029617327487,-0.28861593562263776,-2.195721125424195,-0.6860070391269757,-0.7807421557238393,-0.5904764798712039,-0.8300620855941153,-0.531122044067908
0,498,-0.7732949672489149,-0.31327325229098213,-0.410353219551902,-0.21086672704623957,-0.46744660959943973,-0.1544779585506059,-1.665830018054066,-0.2899737017634615,-0.3742593533395438,-0.20940056760466558,-0.41979709275541305,-0.16411897302556036
0,499,-1.0397750268741375,-1.1774411940881224,-1.3172668567941392,-1.0322220775837094,-1.3944616831069427,-0.960442469902724,-1.4204872596546985,-0.6784878412883525,-0.7702743146877825,-0.586870890340027,-0.8308995885937783,-0.5366175684485548
