subj,T_round,actual_dist,is_heavy,mean_rate,n_trials,sd_rate,sem,actual_R,actual_req,subj_cookie_mean,rel_rate,rel_rate_cc
1,0.1,1,1,1.0553729555837381,5,0.11287431166742488,0.05047892676037193,5.0,0.9,1.0894255691827468,0.9687425974180559,0.9687425974180559
1,0.1,2,0,0.9557706790300349,2,0.12672385987325757,0.08960730065451425,1.0,0.4,1.0662310764866647,0.8964010711255879,0.8964010711255879
1,0.1,2,1,1.0154345033400254,3,0.09026859564393643,0.05211659799439618,5.0,0.9,1.0894255691827468,0.9320824956419673,0.9320824956419673
1,0.1,3,0,0.9787452657737846,1,,,1.0,0.4,1.0662310764866647,0.9179485454493088,0.9179485454493088
1,0.1,3,1,1.1154441980230188,4,0.08981937289054874,0.04490968644527437,5.0,0.9,1.0894255691827468,1.0238828879881994,1.0238828879881994
1,0.5,1,0,1.181800978260193,2,0.04399602747635678,0.031109889373801543,1.0,0.4,1.0662310764866647,1.1083910461082624,1.1083910461082624
1,0.5,1,1,1.1714506197842052,3,0.09605861906143932,0.05545946957310571,5.0,0.9,1.0894255691827468,1.0752920189517776,1.0752920189517776
1,0.5,2,0,1.0696596718355873,5,0.14611503011515575,0.06534462797438344,1.0,0.4,1.0662310764866647,1.0032156212893553,1.0032156212893553
1,0.5,3,0,1.0208117677818098,5,0.09741452903507967,0.04356510178371303,1.0,0.4,1.0662310764866647,0.9574020025241471,0.9574020025241471
1,0.9,1,0,1.105480777194106,5,0.12776365479239207,0.05713764343392109,1.0,0.4,1.0662310764866647,1.0368116270225145,1.0368116270225145
1,0.9,2,0,1.107623721026515,5,0.11997368041621087,0.05365386098429655,1.0,0.4,1.0662310764866647,1.0388214576114618,1.0388214576114618
1,0.9,3,0,1.1099557509912867,5,0.13354484169618322,0.059723068815422796,1.0,0.4,1.0662310764866647,1.041008628869362,1.041008628869362
2,0.1,1,0,0.7089233263965975,2,0.42369061464364854,0.2995945067396202,1.0,0.4,0.5483743122660808,1.292772674684688,1.292772674684688
2,0.1,1,1,0.5762823958425541,3,0.24222868509933312,0.1398507965475491,5.0,0.9,0.5872910344831234,0.9812552244216397,0.9812552244216397
2,0.1,2,0,0.5904715947183564,5,0.09588501215278414,0.04288108103940375,1.0,0.4,0.5483743122660808,1.076767422380371,1.076767422380371
2,0.1,3,0,0.5092192872956226,5,0.13854784597436257,0.061960480346969056,1.0,0.4,0.5483743122660808,0.9285979957583069,0.9285979957583069
2,0.5,1,0,0.5469202407431198,3,0.15219288380387466,0.08786860243291247,1.0,0.4,0.5483743122660808,0.9973483959944217,0.9973483959944217
2,0.5,1,1,0.7145424642625573,2,0.01273444473348945,0.009004612225695707,5.0,0.9,0.5872910344831234,1.2166752466967732,1.2166752466967732
2,0.5,2,0,0.4218116519212446,5,0.18601845962072494,0.08318998415634814,1.0,0.4,0.5483743122660808,0.7692038858971465,0.7692038858971465
2,0.5,3,0,0.47382784483520324,5,0.13638195750826992,0.06099186557859587,1.0,0.4,0.5483743122660808,0.8640591549176974,0.8640591549176974
2,0.9,1,0,0.4444464493032058,4,0.15444704740341933,0.07722352370170966,1.0,0.4,0.5483743122660808,0.8104800669210643,0.8104800669210643
2,0.9,1,1,0.47104824334425854,1,,,5.0,0.9,0.5872910344831234,0.8020695288815869,0.8020695288815869
2,0.9,2,0,0.6699444157349599,5,0.2760613073072837,0.12345836981930913,1.0,0.4,0.5483743122660808,1.2216918275520738,1.2216918275520738
2,0.9,3,0,0.569803999446417,5,0.1066801074094389,0.04770879440289687,1.0,0.4,0.5483743122660808,1.03907857589423,1.03907857589423
3,0.1,1,1,0.8232777731051965,5,0.11981730536921091,0.05358392793728122,5.0,0.9,0.8652270508916323,0.9515164513832451,0.9515164513832451
3,0.1,2,0,0.8478396436556012,3,0.09228786403369622,0.0532824231427901,1.0,0.4,0.9210980764163822,0.9204661972090966,0.9204661972090966
3,0.1,2,1,0.8688549206462142,2,0.133422353019128,0.09434385058169083,5.0,0.9,0.8652270508916323,1.0041929684824848,1.0041929684824848
3,0.1,3,0,0.9356438706491877,4,0.013967629003369224,0.006983814501684612,1.0,0.4,0.9210980764163822,1.0157917974266077,1.0157917974266077
3,0.1,3,1,0.7805809619142953,1,,,5.0,0.9,0.8652270508916323,0.9021689290803984,0.9021689290803984
3,0.5,1,0,0.9308771378349132,1,,,1.0,0.4,0.9210980764163822,1.0106167428517248,1.0106167428517248
3,0.5,1,1,0.8943513403119094,4,0.08080089581825742,0.04040044790912871,5.0,0.9,0.8652270508916323,1.0336608632268998,1.0336608632268998
3,0.5,2,0,0.9377443097282785,4,0.03605790187430588,0.01802895093715294,1.0,0.4,0.9210980764163822,1.0180721616276305,1.0180721616276305
3,0.5,2,1,0.9050933598497404,1,,,5.0,0.9,0.8652270508916323,1.046076124084453,1.046076124084453
3,0.5,3,0,0.9192452320129345,4,0.03973550115114925,0.019867750575574626,1.0,0.4,0.9210980764163822,0.9979884396125803,0.9979884396125803
3,0.5,3,1,0.7701822463896346,1,,,5.0,0.9,0.8652270508916323,0.8901504473258756,0.8901504473258756
3,0.9,1,0,0.9685791552974066,1,,,1.0,0.4,0.9210980764163822,1.051548342241419,1.051548342241419
3,0.9,1,1,0.9864687737938136,4,0.13046894195654868,0.06523447097827434,5.0,0.9,0.8652270508916323,1.1401270600326694,1.1401270600326694
3,0.9,2,0,0.8955753688591974,5,0.07125747376175078,0.031867311047236474,1.0,0.4,0.9210980764163822,0.9722909989601941,0.9722909989601941
3,0.9,3,0,0.9332798932935381,4,0.12109950045306103,0.060549750226530516,1.0,0.4,0.9210980764163822,1.0132253200707468,1.0132253200707468
3,0.9,3,1,0.8930070311222543,1,,,5.0,0.9,0.8652270508916323,1.0321071563839737,1.0321071563839737
4,0.1,1,1,0.9750350133584469,5,0.031085925553810696,0.013902048536363702,5.0,0.9,0.9881955552323702,0.9866822494755821,0.9866822494755821
4,0.1,2,1,0.9918072322523054,5,0.05418019439177991,0.024230119538834548,5.0,0.9,0.9881955552323702,1.0036548201424422,1.0036548201424422
4,0.1,3,1,1.0012784344873586,5,0.009015984204048678,0.004032070712863435,5.0,0.9,0.9881955552323702,1.0132391601902238,1.0132391601902238
4,0.5,1,1,1.0157008062133475,5,0.025599449986487104,0.011448422071278247,5.0,0.9,0.9881955552323702,1.0278338136974412,1.0278338136974412
4,0.5,2,0,0.9150617753526572,3,0.07190840797010382,0.041516338698536874,1.0,0.4,0.9620383348740121,0.9511697633883717,0.9511697633883717
4,0.5,2,1,0.9571562898503934,2,0.03291689673173199,0.02327576089462499,5.0,0.9,0.9881955552323702,0.9685899564943113,0.9685899564943113
4,0.5,3,0,0.9437435176805085,5,0.07774674600368177,0.03476940181872851,1.0,0.4,0.9620383348740121,0.9809832763099824,0.9809832763099824
4,0.9,1,0,0.9702234345807514,5,0.033730470395964135,0.01508472494368401,1.0,0.4,0.9620383348740121,1.0085080806138678,1.0085080806138678
4,0.9,2,0,1.014858897236471,5,0.0724504790619041,0.03240083923696855,1.0,0.4,0.9620383348740121,1.0549048415720108,1.0549048415720108
4,0.9,3,0,0.9663040495196732,5,0.038117065224669566,0.017046469789030887,1.0,0.4,0.9620383348740121,1.0044340381157677,1.0044340381157677
5,0.1,1,1,0.8773566029732622,5,0.11247621476592659,0.05030089241369549,5.0,0.9,0.9412972932679771,0.932071736791331,0.932071736791331
5,0.1,2,1,0.892690222046413,5,0.12210660082407675,0.05460773198881349,5.0,0.9,0.9412972932679771,0.9483616158580346,0.9483616158580346
5,0.1,3,0,0.8499561663392614,1,,,1.0,0.4,0.969158026167078,0.8770047230592023,0.8770047230592023
5,0.1,3,1,0.9245666522175076,4,0.01573689548879441,0.007868447744397204,5.0,0.9,0.9412972932679771,0.9822259756082115,0.9822259756082115
5,0.5,1,0,0.8591234675364173,1,,,1.0,0.4,0.969158026167078,0.8864637596142744,0.8864637596142744
5,0.5,1,1,0.9901856094289241,4,0.08491192674112141,0.042455963370560706,5.0,0.9,0.9412972932679771,1.0519371685338832,1.0519371685338832
5,0.5,2,0,1.0213843972570245,1,,,1.0,0.4,0.969158026167078,1.053888395576206,1.053888395576206
5,0.5,2,1,0.967646363173242,4,0.09854648014881913,0.049273240074409565,5.0,0.9,0.9412972932679771,1.0279922932889638,1.0279922932889638
5,0.5,3,0,0.8746466368390061,2,0.10954911849271885,0.07746292455921011,1.0,0.4,0.969158026167078,0.9024809300689023,0.9024809300689023
5,0.5,3,1,0.944071398606304,3,0.010097750605388253,0.005829939030230614,5.0,0.9,0.9412972932679771,1.0029471085895678,1.0029471085895678
5,0.9,1,1,0.9691424163418597,4,0.04882826278218649,0.024414131391093247,5.0,0.9,0.9412972932679771,1.0295816457489328,1.0295816457489328
5,0.9,2,0,1.1495220866875575,4,0.15763463825178514,0.07881731912589257,1.0,0.4,0.969158026167078,1.1861038712477068,1.1861038712477068
5,0.9,2,1,0.9380609913177299,1,,,5.0,0.9,0.9412972932679771,0.9965618705446274,0.9965618705446274
5,0.9,3,0,1.0603154023432013,4,0.009117575750946313,0.0045587878754731566,1.0,0.4,0.969158026167078,1.0940583204337082,1.0940583204337082
5,0.9,3,1,0.9679553833065507,1,,,5.0,0.9,0.9412972932679771,1.0283205850364476,1.0283205850364476
6,0.1,1,1,1.0083155458648858,5,0.12360328518677885,0.05527706958398606,5.0,0.9,1.2248393601651162,0.8232226842620067,0.8232226842620067
6,0.1,2,0,1.1845466518105603,2,0.4187364272774533,0.29609136725771484,1.0,0.4,1.0702581938000661,1.1067858752893083,1.1067858752893083
6,0.1,2,1,1.1454623866035358,3,0.22903964270152002,0.1322360993688183,5.0,0.9,1.2248393601651162,0.9351939722521002,0.9351939722521002
6,0.1,3,0,1.025602503912363,1,,,1.0,0.4,1.0702581938000661,0.9582757785491478,0.9582757785491478
6,0.1,3,1,1.1715154076476593,4,0.2089058729023213,0.10445293645116065,5.0,0.9,1.2248393601651162,0.9564645338387325,0.9564645338387325
6,0.5,1,0,1.1794891236991456,3,0.2660386436963813,0.1535974825529487,1.0,0.4,1.0702581938000661,1.1020603537836449,1.1020603537836449
6,0.5,1,1,1.1356376366396563,2,0.03621876787219935,0.025610536368653625,5.0,0.9,1.2248393601651162,0.9271727163360958,0.9271727163360958
6,0.5,2,0,1.1394523010602664,5,0.43898942419933007,0.19632203878263862,1.0,0.4,1.0702581938000661,1.0646517893168557,1.0646517893168557
6,0.5,3,0,1.003712871218786,5,0.10145401981861459,0.04537161698100662,1.0,0.4,1.0702581938000661,0.93782311318262,0.93782311318262
6,0.9,1,0,0.9761809663732804,4,0.09334686273732871,0.04667343136866436,1.0,0.4,1.0702581938000661,0.9120985683905354,0.9120985683905354
6,0.9,1,1,1.6632658240698441,1,,,5.0,0.9,1.2248393601651162,1.3579460933110652,1.3579460933110652
6,0.9,2,0,1.0437443119360583,5,0.16520234163428102,0.07388073318727921,1.0,0.4,1.0702581938000661,0.975226649029551,0.975226649029551
6,0.9,3,0,1.0093368203900692,5,0.16289034063396568,0.07284677490712868,1.0,0.4,1.0702581938000661,0.9430778724583373,0.9430778724583373
7,0.1,1,1,1.0447887635567052,5,0.03437876632806697,0.015374651698427715,5.0,0.9,1.0275572490237692,1.0167693961083986,1.0167693961083986
7,0.1,2,0,0.7325175631869517,2,0.06595049776701373,0.046634044193683666,1.0,0.4,0.7959267270949546,0.920332912880763,0.920332912880763
7,0.1,2,1,1.079341236386912,3,0.12319502015423937,0.07112667804887148,5.0,0.9,1.0275572490237692,1.0503952333676203,1.0503952333676203
7,0.1,3,0,0.6589446589446589,1,,,1.0,0.4,0.7959267270949546,0.8278961322856122,0.8278961322856122
7,0.1,3,1,0.9953131349243374,4,0.02771131126181096,0.01385565563090548,5.0,0.9,1.0275572490237692,0.9686206154157685,0.9686206154157685
7,0.5,1,0,0.8749858528122109,4,0.08980985221203544,0.04490492610601772,1.0,0.4,0.7959267270949546,1.09932965312751,1.09932965312751
7,0.5,1,1,1.1428571428571428,1,,,5.0,0.9,1.0275572490237692,1.1122077567385313,1.1122077567385313
7,0.5,2,0,0.8214895129961932,4,0.12626899581872347,0.06313449790936174,1.0,0.4,0.7959267270949546,1.032117009055017,1.032117009055017
7,0.5,2,1,1.0084325131638683,1,,,5.0,0.9,1.0275572490237692,0.9813881553771623,0.9813881553771623
7,0.5,3,0,0.8595316861877402,4,0.11610176809605072,0.05805088404802536,1.0,0.4,0.7959267270949546,1.0799130836137854,1.0799130836137854
7,0.5,3,1,0.9507755238427223,1,,,5.0,0.9,1.0275572490237692,0.9252774234681392,0.9252774234681392
7,0.9,1,0,0.8889171068526114,3,0.28930763511186,0.16703184101044638,1.0,0.4,0.7959267270949546,1.116832839747776,1.116832839747776
7,0.9,1,1,0.9713924284346971,2,0.05422806142667367,0.038345029965401595,5.0,0.9,1.0275572490237692,0.9453414195243802,0.9453414195243802
7,0.9,2,0,0.8258753976127726,5,0.15682817991114317,0.0701356942137766,1.0,0.4,0.7959267270949546,1.0376274215933512,1.0376274215933512
7,0.9,3,0,0.7051520381664982,5,0.10262213315079806,0.04589401314424382,1.0,0.4,0.7959267270949546,0.8859509476961854,0.8859509476961854
8,0.1,1,0,0.974595504795373,2,0.2069953604728507,0.14636782306450655,1.0,0.4,0.9416446144978003,1.0349929153634527,1.0349929153634527
8,0.1,1,1,0.8634314078971776,3,0.26549536740827,0.15328382184176328,5.0,0.9,0.8980130346515948,0.9614909523358601,0.9614909523358601
8,0.1,2,0,0.8774611378064137,5,0.1128340121383284,0.05046090426306774,1.0,0.4,0.9416446144978003,0.9318389595148727,0.9318389595148727
8,0.1,3,0,0.8450566404303977,3,0.053205815986225494,0.030718392182100984,1.0,0.4,0.9416446144978003,0.8974262980106193,0.8974262980106193
8,0.1,3,1,0.931251850367788,2,0.1502396636808112,0.10623548499188785,5.0,0.9,0.8980130346515948,1.037013734137043,1.037013734137043
8,0.5,1,0,0.9306433380256637,5,0.16456148737779777,0.07359413445104589,1.0,0.4,0.9416446144978003,0.9883169549288997,0.9883169549288997
8,0.5,2,0,0.8679436074146143,5,0.14320772920865482,0.06404444348278687,1.0,0.4,0.9416446144978003,0.9217316108981387,0.9217316108981387
8,0.5,3,0,0.9449690580076918,5,0.12374179613203981,0.05533901356183231,1.0,0.4,0.9416446144978003,1.003530465165634,1.003530465165634
8,0.9,1,0,1.0102146314687295,4,0.12635167365430156,0.06317583682715078,1.0,0.4,0.9416446144978003,1.0728194224394296,1.0728194224394296
8,0.9,1,1,0.8993558456898189,1,,,5.0,0.9,0.8980130346515948,1.0014953135270972,1.0014953135270972
8,0.9,2,0,0.9655898361539682,5,0.12863721654513732,0.05752831212625754,1.0,0.4,0.9416446144978003,1.0254291494768846,1.0254291494768846
8,0.9,3,0,1.0583277763773515,5,0.16085954312348918,0.07193857465073612,1.0,0.4,0.9416446144978003,1.123914224202069,1.123914224202069
9,0.1,1,0,1.01388675169902,3,0.06347785882640859,0.03664895888100807,1.0,0.4,1.0324060905855246,0.9820619627728063,0.9820619627728063
9,0.1,1,1,1.082909455825996,2,0.0943048285232112,0.06668358374739719,5.0,0.9,1.0472599761675996,1.034040716221061,1.034040716221061
9,0.1,2,0,0.9728063052825157,3,0.032768886725769664,0.01891912557216747,1.0,0.4,1.0324060905855246,0.9422709863429737,0.9422709863429737
9,0.1,2,1,1.066058264234226,2,0.049710561075709085,0.03515067483322193,5.0,0.9,1.0472599761675996,1.0179499727807968,1.0179499727807968
9,0.1,3,0,1.0496672700233871,2,0.2210681865885845,0.15631881384140106,1.0,0.4,1.0324060905855246,1.0167193700185098,1.0167193700185098
9,0.1,3,1,0.9783915479220338,3,0.03316965428707744,0.019150508831570986,5.0,0.9,1.0472599761675996,0.9342394154147028,0.9342394154147028
9,0.5,1,0,1.0617984459360192,2,0.041113884709910696,0.029071906679299764,1.0,0.4,1.0324060905855246,1.0284697616747156,1.0284697616747156
9,0.5,1,1,0.9733221570852092,3,0.189781194432967,0.10957022369300222,5.0,0.9,1.0472599761675996,0.9293987923104228,0.9293987923104228
9,0.5,2,0,1.0379185832564204,2,0.00258557769719898,0.0018282795229740965,1.0,0.4,1.0324060905855246,1.0053394615947775,1.0053394615947775
9,0.5,2,1,1.005855131390204,3,0.06879367966337811,0.03971804947219624,5.0,0.9,1.0472599761675996,0.9604636425341921,0.9604636425341921
9,0.5,3,0,1.0399848211498843,4,0.11253046356410139,0.056265231782050694,1.0,0.4,1.0324060905855246,1.0073408425555312,1.0073408425555312
9,0.5,3,1,1.060425620048672,1,,,5.0,0.9,1.0472599761675996,1.0125715144096803,1.0125715144096803
9,0.9,1,0,1.0259609348116554,4,0.05050630225284009,0.025253151126420046,1.0,0.4,1.0324060905855246,0.9937571505702627,0.9937571505702627
9,0.9,1,1,1.0768192317457566,1,,,5.0,0.9,1.0472599761675996,1.0282253272834199,1.0282253272834199
9,0.9,2,0,1.038204360264836,4,0.022964640756744342,0.011482320378372171,1.0,0.4,1.0324060905855246,1.0056162683775172,1.0056162683775172
9,0.9,2,1,1.073656618610747,1,,,5.0,0.9,1.0472599761675996,1.025205434222498,1.025205434222498
9,0.9,3,0,1.0514273428459837,3,0.027274520188925382,0.015746951573093953,1.0,0.4,1.0324060905855246,1.018424196092907,1.018424196092907
9,0.9,3,1,1.1079017586455506,2,0.12614645382643266,0.08919901292330623,5.0,0.9,1.0472599761675996,1.057905184823225,1.057905184823225
10,0.1,1,1,1.234983969315294,5,0.009220896139081157,0.0041237101160901644,5.0,0.9,1.1945029259128475,1.0338894468353945,1.0338894468353945
10,0.1,2,1,1.1292485449685348,5,0.13574308186532136,0.0607061517052355,5.0,0.9,1.1945029259128475,0.9453710999540291,0.9453710999540291
10,0.1,3,1,1.2192762634547134,5,0.003915843075924134,0.0017512182613976465,5.0,0.9,1.1945029259128475,1.0207394532105762,1.0207394532105762
10,0.5,1,0,1.1736409915549866,5,0.12015328147771258,0.05373418102076634,1.0,0.4,1.1541304923807325,1.0169049334568814,1.0169049334568814
10,0.5,2,0,1.0418154906804895,5,0.2598556009311682,0.11621095760322996,1.0,0.4,1.1541304923807325,0.9026843130463,0.9026843130463
10,0.5,3,0,1.1215728923732078,5,0.14846876420130858,0.06639724985790264,1.0,0.4,1.1541304923807325,0.9717903649349345,0.9717903649349345
10,0.9,1,0,1.2216611398130937,5,0.014563332223089658,0.006512920165948321,1.0,0.4,1.1541304923807325,1.0585121421521924,1.0585121421521924
10,0.9,2,0,1.2063609374449382,5,0.03762554155911285,0.01682665372328395,1.0,0.4,1.1541304923807325,1.045255233623076,1.045255233623076
10,0.9,3,0,1.1597315024176793,5,0.11475690086207153,0.05132084624295923,1.0,0.4,1.1541304923807325,1.0048530127866158,1.0048530127866158
11,0.1,1,1,0.9678712297820736,5,0.1674974875507072,0.0749071536447612,5.0,0.9,1.0244198187829692,0.9447993996562108,0.9447993996562108
11,0.1,2,0,1.0464883193462342,3,0.11438701951750672,0.06604137651023148,1.0,0.4,1.0688376599560883,0.9790900513266231,0.9790900513266231
11,0.1,2,1,0.9387717679394906,2,0.004380177764003549,0.0030972533997294383,5.0,0.9,1.0244198187829692,0.9163936022389433,0.9163936022389433
11,0.1,3,0,1.1610037021801727,1,,,1.0,0.4,1.0688376599560883,1.0862301598054385,1.0862301598054385
11,0.1,3,1,1.0722094997982852,4,0.06462008968403202,0.03231004484201601,5.0,0.9,1.0244198187829692,1.046650484634406,1.046650484634406
11,0.5,1,0,1.105237899406629,2,0.0810932313551372,0.05734157379954707,1.0,0.4,1.0688376599560883,1.034055910279243,1.034055910279243
11,0.5,1,1,1.0835288481056307,3,0.07520790374458568,0.04342130347212401,5.0,0.9,1.0244198187829692,1.0577000056411288,1.0577000056411288
11,0.5,2,0,1.0257454670665291,4,0.12886453746192505,0.06443226873096253,1.0,0.4,1.0688376599560883,0.9596831263493003,0.9596831263493003
11,0.5,2,1,0.9425625920471281,1,,,5.0,0.9,1.0244198187829692,0.9200940617948128,0.9200940617948128
11,0.5,3,0,1.0192416493483363,4,0.05439117940721068,0.02719558970360534,1.0,0.4,1.0688376599560883,0.9535981819635831,0.9535981819635831
11,0.5,3,1,1.0398050365556457,1,,,5.0,0.9,1.0244198187829692,1.0150184694698259,1.0150184694698259
11,0.9,1,0,1.0500438437989792,2,0.002436400730085097,0.0017227954779310273,1.0,0.4,1.0688376599560883,0.9824165849864598,0.9824165849864598
11,0.9,1,1,1.1261897572525303,3,0.07037121325997331,0.04062883891884615,5.0,0.9,1.0244198187829692,1.0993439765646724,1.0993439765646724
11,0.9,2,0,1.0496873023619138,5,0.0718484468615883,0.03213160225205857,1.0,0.4,1.0688376599560883,0.982083006323934,0.982083006323934
11,0.9,3,0,1.093253096139912,5,0.06105016145390664,0.027302462209654526,1.0,0.4,1.0688376599560883,1.0228429789654183,1.0228429789654183
12,0.1,1,1,0.9261520847086002,5,0.0001730655065451161,7.739724743906287e-05,5.0,0.9,0.9653705298107728,0.9593747230818617,0.9593747230818617
12,0.1,2,0,0.8681144121813301,3,0.052068453170991215,0.030061735454559202,1.0,0.4,0.9082872257328654,0.9557708041978448,0.9557708041978448
12,0.1,2,1,0.9261520372631483,2,0.0,0.0,5.0,0.9,0.9653705298107728,0.9593746739344614,0.9593746739344614
12,0.1,3,0,0.9056465935410267,5,0.04927562062485929,0.022036727470135204,1.0,0.4,0.9082872257328654,0.9970927344159134,0.9970927344159134
12,0.5,1,0,0.8549095728582907,1,,,1.0,0.4,0.9082872257328654,0.9412326284436004,0.9412326284436004
12,0.5,1,1,0.9991666543705189,4,0.020797822680596198,0.010398911340298099,5.0,0.9,0.9653705298107728,1.0350084485864415,1.0350084485864415
12,0.5,2,0,0.9283473299794889,5,0.054690719841466645,0.024458433460783188,1.0,0.4,0.9082872257328654,1.0220856395183118,1.0220856395183118
12,0.5,3,0,0.9427755556266236,5,0.037212853368018925,0.01664209395352446,1.0,0.4,0.9082872257328654,1.0379707309721666,1.0379707309721666
12,0.9,1,0,0.9290601048785876,4,0.062398138558482995,0.031199069279241497,1.0,0.4,0.9082872257328654,1.0228703856634793,1.0228703856634793
12,0.9,1,1,1.0100113429008235,1,,,5.0,0.9,0.9653705298107728,1.0462421543972356,1.0462421543972356
12,0.9,2,0,0.9257425047703274,5,0.0004951713548760057,0.00022144736200268415,1.0,0.4,0.9082872257328654,1.0192177964667266,1.0192177964667266
12,0.9,3,0,0.9117017320272479,5,0.019660507168363917,0.008792446100116725,1.0,0.4,0.9082872257328654,1.003759280321957,1.003759280321957
13,0.1,1,1,1.01399576588093,5,0.15500015661035507,0.06931817734077346,5.0,0.9,1.0040312408135919,1.0099245169495559,1.0099245169495559
13,0.1,2,1,0.9808938708129267,5,0.050938438627905945,0.02278036228793976,5.0,0.9,1.0040312408135919,0.9769555278161302,0.9769555278161302
13,0.1,3,1,0.9484018103342476,5,0.04540355143760226,0.02030508548687739,5.0,0.9,1.0040312408135919,0.9445939247525144,0.9445939247525144
13,0.5,1,0,1.0034833918454198,4,0.05809202418570342,0.02904601209285171,1.0,0.4,0.969285671674544,1.0352813635548699,1.0352813635548699
13,0.5,1,1,1.2093612131251243,1,,,5.0,0.9,1.0040312408135919,1.204505561146831,1.204505561146831
13,0.5,2,0,0.9462568877640706,3,0.11334038838309815,0.06543710374303846,1.0,0.4,0.969285671674544,0.9762414893942579,0.9762414893942579
13,0.5,2,1,1.0206584908152851,2,0.04879353157312624,0.03450223705339747,5.0,0.9,1.0040312408135919,1.016560490675788,1.016560490675788
13,0.5,3,0,0.9469411408669994,4,0.09853462743913301,0.049267313719566504,1.0,0.4,0.969285671674544,0.9769474248299348,0.9769474248299348
13,0.5,3,1,1.0050547185552339,1,,,5.0,0.9,1.0040312408135919,1.001019368422055,1.001019368422055
13,0.9,1,0,0.9419799883685206,3,0.06602622894802448,0.0381202610567178,1.0,0.4,0.969285671674544,0.9718290653581518,0.9718290653581518
13,0.9,1,1,1.0470713047484717,2,0.02190894482518894,0.015491963454533018,5.0,0.9,1.0040312408135919,1.0428672557041188,1.0428672557041188
13,0.9,2,0,0.9653835234513717,3,0.06484531718995036,0.03743846133530451,1.0,0.4,0.969285671674544,0.995974202098303,0.995974202098303
13,0.9,2,1,0.9104049722807,2,0.05879953498029413,0.04157754991518159,5.0,0.9,1.0040312408135919,0.9067496460996333,0.9067496460996333
13,0.9,3,0,1.0116690977508824,4,0.09096148726598899,0.045480743632994494,1.0,0.4,0.969285671674544,1.043726454764483,1.043726454764483
13,0.9,3,1,0.9004390207694086,1,,,5.0,0.9,1.0040312408135919,0.8968237084333752,0.8968237084333752
14,0.1,1,1,1.4425095601211595,5,0.05023924937995497,0.022467675350428692,5.0,0.9,1.4588747343998048,0.9887823307287736,0.9887823307287736
14,0.1,2,1,1.4457525253520607,5,0.08742999859096767,0.03909988402442291,5.0,0.9,1.4588747343998048,0.9910052530636616,0.9910052530636616
14,0.1,3,1,1.4626664781047558,5,0.08232601667836417,0.036817313921920745,5.0,0.9,1.4588747343998048,1.0025990879240987,1.0025990879240987
14,0.5,1,0,1.4800361336946701,1,,,1.0,0.4,1.4482398115189,1.0219551499156916,1.0219551499156916
14,0.5,1,1,1.4103314918518028,4,0.04623230701719564,0.02311615350859782,5.0,0.9,1.4588747343998048,0.9667255581282151,0.9667255581282151
14,0.5,2,0,1.432555457593965,1,,,1.0,0.4,1.4482398115189,0.989170057472398,0.989170057472398
14,0.5,2,1,1.459603305560068,4,0.07898910000298752,0.03949455000149376,5.0,0.9,1.4588747343998048,1.0004994062499566,1.0004994062499566
14,0.5,3,0,1.3927884037123155,4,0.10074971010059117,0.05037485505029558,1.0,0.4,1.4482398115189,0.9617111700938344,0.9617111700938344
14,0.5,3,1,1.5323850454089822,1,,,5.0,0.9,1.4588747343998048,1.0503883639052947,1.0503883639052947
14,0.9,1,0,1.4619095239792532,5,0.041348586433657936,0.018491650007836948,1.0,0.4,1.4482398115189,1.0094388459367214,1.0094388459367214
14,0.9,2,0,1.4425091507884897,5,0.05023505264267565,0.022465798512460642,1.0,0.4,1.4482398115189,0.996043016712543,0.996043016712543
14,0.9,3,0,1.4796401993447061,5,0.0012913118333573903,0.000577492207907401,1.0,0.4,1.4482398115189,1.021681759868812,1.021681759868812
15,0.1,1,0,1.0582992889076572,3,0.03075951622725073,0.017759014973945872,1.0,0.4,1.1196942880640466,0.945168069703614,0.945168069703614
15,0.1,1,1,1.1159321740389618,2,0.13019272405573823,0.09206015804096145,5.0,0.9,1.125989825357538,0.9910677245104035,0.9910677245104035
15,0.1,2,0,1.1114177302256723,4,0.08066245213822264,0.04033122606911132,1.0,0.4,1.1196942880640466,0.9926081985711613,0.9926081985711613
15,0.1,2,1,1.024160025003907,1,,,5.0,0.9,1.125989825357538,0.9095641913804178,0.9095641913804178
15,0.1,3,0,1.0842789354406257,4,0.17538358335394483,0.08769179167697241,1.0,0.4,1.1196942880640466,0.9683705159515871,0.9683705159515871
15,0.1,3,1,1.2079923320799233,1,,,5.0,0.9,1.125989825357538,1.0728270405963454,1.0728270405963454
15,0.5,1,0,1.0699168016333913,2,0.058161649514079525,0.04112649677640089,1.0,0.4,1.1196942880640466,0.9555436810196464,0.9555436810196464
15,0.5,1,1,1.1799739366700395,3,0.059695683832449484,0.0344653191301235,5.0,0.9,1.125989825357538,1.0479436937144258,1.0479436937144258
15,0.5,2,0,1.1380685136157185,4,0.09745616217049034,0.04872808108524517,1.0,0.4,1.1196942880640466,1.0164100377643623,1.0164100377643623
15,0.5,2,1,1.1110434018711424,1,,,5.0,0.9,1.125989825357538,0.9867259693206822,0.9867259693206822
15,0.5,3,0,1.101366303566786,5,0.10080041336212545,0.045079315287558125,1.0,0.4,1.1196942880640466,0.9836312601639241,0.9836312601639241
15,0.9,1,0,1.1802740062663948,4,0.0426203277445941,0.02131016387229705,1.0,0.4,1.1196942880640466,1.0541038021253915,1.0541038021253915
15,0.9,1,1,1.1168370824812544,1,,,5.0,0.9,1.125989825357538,0.9918713804777256,0.9918713804777256
15,0.9,2,0,1.1810083644420488,5,0.04128780354398625,0.018464467073201995,1.0,0.4,1.1196942880640466,1.054759658088472,1.054759658088472
15,0.9,3,0,1.1526186484781245,5,0.08202556033658495,0.03668294576102289,1.0,0.4,1.1196942880640466,1.0294047766118413,1.0294047766118413
16,0.1,1,0,0.6466130182935153,5,0.24726277582742845,0.11057927501108436,1.0,0.4,0.7742803887476833,0.8351148081373253,0.8351148081373253
16,0.1,2,0,0.6752838720844394,4,0.23138273430856582,0.11569136715428291,1.0,0.4,0.7742803887476833,0.8721438407818125,0.8721438407818125
16,0.1,2,1,0.9076782769455471,1,,,5.0,0.9,1.0763722350309346,0.8432754463603019,0.8432754463603019
16,0.1,3,0,0.7642828767588745,5,0.14592151434099496,0.06525808508923503,1.0,0.4,0.7742803887476833,0.987087995338512,0.987087995338512
16,0.5,1,0,0.7911441194487343,5,0.317570812715322,0.14202198498026292,1.0,0.4,0.7742803887476833,1.021779875799678,1.021779875799678
16,0.5,2,0,0.7083769631792048,5,0.2833328774686769,0.12671031485611603,1.0,0.4,0.7742803887476833,0.9148842893011014,0.9148842893011014
16,0.5,3,0,0.8637240034995377,5,0.31482292930476974,0.14079309416021515,1.0,0.4,0.7742803887476833,1.1155183781633937,1.1155183781633937
16,0.9,1,0,0.8659240522412384,5,0.2724274490216581,0.12183325898985721,1.0,0.4,0.7742803887476833,1.1183597890704413,1.1183597890704413
16,0.9,2,0,0.8709078246355936,4,0.327129786194731,0.1635648930973655,1.0,0.4,0.7742803887476833,1.1247964397551058,1.1247964397551058
16,0.9,2,1,1.245066193116322,1,,,5.0,0.9,1.0763722350309346,1.1567245536396982,1.1567245536396982
16,0.9,3,0,0.7822667685880114,5,0.3494572435698546,0.15628203037037922,1.0,0.4,0.7742803887476833,1.0103145836526288,1.0103145836526288
17,0.1,1,1,0.8054299905005085,5,0.0536938503655821,0.0240126198782287,5.0,0.9,0.8743620510073461,0.9211630234553049,0.9211630234553049
17,0.1,2,1,0.8875904722293244,5,0.02472068709351756,0.011055427358321393,5.0,0.9,0.8743620510073461,1.0151292261675102,1.0151292261675102
17,0.1,3,0,0.619046169839327,4,0.142412997421423,0.0712064987107115,1.0,0.4,0.8294054664359979,0.7463733902061236,0.7463733902061236
17,0.1,3,1,0.9258066338927502,1,,,5.0,0.9,0.8743620510073461,1.0588367059459354,1.0588367059459354
17,0.5,1,1,0.87800153650998,5,0.06263856677684176,0.028012818665235615,5.0,0.9,0.8743620510073461,1.004162446778701,1.004162446778701
17,0.5,2,0,0.7858550653089772,3,0.04867277844814791,0.028101241739245213,1.0,0.4,0.8294054664359979,0.9474920254454565,0.9474920254454565
17,0.5,2,1,0.8749816219041675,2,0.00617408515049948,0.004365737477541348,5.0,0.9,0.8743620510073461,1.0007085976525487,1.0007085976525487
17,0.5,3,0,0.8045981726452641,5,0.12041907126412744,0.0538530458267961,1.0,0.4,0.8294054664359979,0.9700902697237672,0.9700902697237672
17,0.9,1,0,0.9058060120840503,5,0.027501269182291864,0.012298941471824932,1.0,0.4,0.8294054664359979,1.0921148325394452,1.0921148325394452
17,0.9,2,0,0.9395673669667455,5,0.04251068911546426,0.0190113581265077,1.0,0.4,0.8294054664359979,1.1328203212888377,1.1328203212888377
17,0.9,3,0,0.9215600117716232,5,0.0531497172269509,0.023769276140870765,1.0,0.4,0.8294054664359979,1.1111091607963697,1.1111091607963697
18,0.1,1,1,1.0507358364552222,5,0.07132263984406086,0.03189645420521101,5.0,0.9,1.0419147414023398,1.0084662350021172,1.0084662350021172
18,0.1,2,1,0.9947397174887713,5,0.006355074651927389,0.0028420757847590914,5.0,0.9,1.0419147414023398,0.9547227598967701,0.9547227598967701
18,0.1,3,0,0.9915274751876059,1,,,1.0,0.4,0.971354724580077,1.020767645533664,1.020767645533664
18,0.1,3,1,0.9926111099134757,4,0.0017180244876776139,0.0008590122438388069,5.0,0.9,1.0419147414023398,0.952679783162963,0.952679783162963
18,0.5,1,0,0.9953105818419775,2,0.16864106590404,0.11924724128727414,1.0,0.4,0.971354724580077,1.0246623160990511,1.0246623160990511
18,0.5,1,1,1.1259022083796142,3,0.0038711917494554933,0.0022350335986327874,5.0,0.9,1.0419147414023398,1.0806087711785646,1.0806087711785646
18,0.5,2,0,0.9535290313541877,3,0.06495195376051739,0.037500027988026846,1.0,0.4,0.971354724580077,0.9816486266295812,0.9816486266295812
18,0.5,2,1,1.0565125876749524,2,0.09899503929620322,0.07000006359017404,5.0,0.9,1.0419147414023398,1.0140105957738585,1.0140105957738585
18,0.5,3,0,0.8986854939775193,4,0.08311116989545687,0.04155558494772844,1.0,0.4,0.971354724580077,0.9251877519471858,0.9251877519471858
18,0.5,3,1,0.9915274751876059,1,,,5.0,0.9,1.0419147414023398,0.9516397415138629,0.9516397415138629
18,0.9,1,0,1.0211397990380977,4,0.11054952300064771,0.05527476150032386,1.0,0.4,0.971354724580077,1.0512532375642103,1.0512532375642103
18,0.9,1,1,1.1358846367165836,1,,,5.0,0.9,1.0419147414023398,1.0901896206860144,1.0901896206860144
18,0.9,2,0,0.9955888586397064,5,0.082322292543035,0.036815648437970055,1.0,0.4,0.971354724580077,1.0249487992865902,1.0249487992865902
18,0.9,3,0,0.9437018320214449,4,0.10930348968563226,0.05465174484281613,1.0,0.4,0.971354724580077,0.9715316229397178,0.9715316229397178
18,0.9,3,1,0.9874043594024923,1,,,5.0,0.9,1.0419147414023398,0.9476824927858487,0.9476824927858487
19,0.1,1,1,0.8202999075348713,5,0.007145683224637525,0.0031956466871938807,5.0,0.9,0.8620817647208225,0.9515337652461748,0.9515337652461748
19,0.1,2,1,0.818248012404983,5,0.00988586048786968,0.004421091213391168,5.0,0.9,0.8620817647208225,0.9491536022339659,0.9491536022339659
19,0.1,3,0,0.8211708099438653,1,,,1.0,0.4,0.8398225553840649,0.9777908496019496,0.9777908496019496
19,0.1,3,1,0.8174871879836516,4,0.0020199409486674315,0.0010099704743337158,5.0,0.9,0.8620817647208225,0.948271059008408,0.948271059008408
19,0.5,1,0,0.8226830606383322,2,0.00677646851070313,0.004791686836415288,1.0,0.4,0.8398225553840649,0.9795915284296043,0.9795915284296043
19,0.5,1,1,0.9922919509597845,3,0.14145717595064183,0.08167033861390732,5.0,0.9,0.8620817647208225,1.1510415735114514,1.1510415735114514
19,0.5,2,0,0.820203429771906,5,0.007300904129597232,0.003265063586197669,1.0,0.4,0.8398225553840649,0.9766389632114765,0.9766389632114765
19,0.5,3,0,0.8697226830114207,5,0.1106235337882264,0.04947234829234381,1.0,0.4,0.8398225553840649,1.0356029109192977,1.0356029109192977
19,0.9,1,0,0.8713220255645062,5,0.10460795439559273,0.046782099403148654,1.0,0.4,0.8398225553840649,1.0375072924375508,1.0375072924375508
19,0.9,2,0,0.8490273933352862,5,0.052524369664682616,0.02348961220911163,1.0,0.4,0.8398225553840649,1.0109604557441443,1.0109604557441443
19,0.9,3,0,0.8246284854231378,5,0.016114466258980338,0.007206608395241353,1.0,0.4,0.8398225553840649,0.9819079996559766,0.9819079996559766
20,0.1,1,1,0.8794321153628715,5,0.1847244025878124,0.0826112642578773,5.0,0.9,0.966480592392416,0.9099325142017951,0.9099325142017951
20,0.1,2,1,0.909613392625824,5,0.26413539333645614,0.11812493895279218,5.0,0.9,0.966480592392416,0.941160536265065,0.941160536265065
20,0.1,3,1,0.9143845106328186,5,0.2594510717365007,0.116030046647598,5.0,0.9,0.966480592392416,0.9460971258298738,0.9460971258298738
20,0.5,1,0,0.804684703310419,1,,,1.0,0.4,0.9037288550470692,0.8904050134246386,0.8904050134246386
20,0.5,1,1,1.16249235094815,4,0.2741454461290879,0.13707272306454396,5.0,0.9,0.966480592392416,1.202809823703266,1.202809823703266
20,0.5,2,0,0.7692706800207995,5,0.03344968971559227,0.014959156006067984,1.0,0.4,0.9037288550470692,0.8512184553194699,0.8512184553194699
20,0.5,3,0,0.9365894968448781,5,0.2674010482274688,0.11958538421826397,1.0,0.4,0.9037288550470692,1.0363611736134035,1.0363611736134035
20,0.9,1,0,0.9014176796531576,5,0.2662295011424335,0.11906145243406784,1.0,0.4,0.9037288550470692,0.9974426229936065,0.9974426229936065
20,0.9,2,0,1.0097884303642695,5,0.3355104275749593,0.15004482464352578,1.0,0.4,0.9037288550470692,1.117357739243234,1.117357739243234
20,0.9,3,0,1.000622140088892,5,0.3098336895943502,0.13856183833050725,1.0,0.4,0.9037288550470692,1.1072149954056476,1.1072149954056476
21,0.1,1,1,0.9418512372187866,5,0.19708039882486672,0.08813703376103432,5.0,0.9,1.0184099236205388,0.9248252745519415,0.9248252745519415
21,0.1,2,0,0.8819223150460771,1,,,1.0,0.4,0.8649473641943487,1.0196254148569373,1.0196254148569373
21,0.1,2,1,1.1624686265665356,4,0.06203341177872942,0.03101670588936471,5.0,0.9,1.0184099236205388,1.1414545357471135,1.1414545357471135
21,0.1,3,0,0.8822452452236844,1,,,1.0,0.4,0.8649473641943487,1.019998767260766,1.019998767260766
21,0.1,3,1,1.1479885084238128,4,0.07889415584254802,0.03944707792127401,5.0,0.9,1.0184099236205388,1.12723617651192,1.12723617651192
21,0.5,1,0,0.8465958414286305,1,,,1.0,0.4,0.8649473641943487,0.9787830756813606,0.9787830756813606
21,0.5,1,1,0.9086644358450411,4,0.2459915296424281,0.12299576482121405,5.0,0.9,1.0184099236205388,0.892238395139216,0.892238395139216
21,0.5,2,0,0.8288944525335357,3,0.12722585487334467,0.07345388155900581,1.0,0.4,0.8649473641943487,0.9583177969512696,0.9583177969512696
21,0.5,2,1,1.0036650896570896,2,0.11711399210919907,0.08281209799224247,5.0,0.9,1.0184099236205388,0.9855217102450946,0.9855217102450946
21,0.5,3,0,0.8831713865699109,5,0.029609381534741012,0.01324171797668159,1.0,0.4,0.8649473641943487,1.021069516053774,1.021069516053774
21,0.9,1,0,0.9004502229738313,2,0.02711413395080195,0.01917258798261245,1.0,0.4,0.8649473641943487,1.0410462650667207,1.0410462650667207
21,0.9,1,1,0.9556875053864268,3,0.2508666833439279,0.1448379471593254,5.0,0.9,1.0184099236205388,0.9384114227686153,0.9384114227686153
21,0.9,2,0,0.8121278326790702,4,0.07092444420524668,0.03546222210262334,1.0,0.4,0.8649473641943487,0.9389332418343432,0.9389332418343432
21,0.9,2,1,1.0085440622460788,1,,,5.0,0.9,1.0184099236205388,0.9903124850360983,0.9903124850360983
21,0.9,3,0,0.8841716171000498,5,0.1305273406975625,0.05837360134440491,1.0,0.4,0.8649473641943487,1.0222259222948293,1.0222259222948293
22,0.1,1,1,0.9643853061430981,5,0.11730724512479869,0.05246139487045613,5.0,0.9,1.0032000281400781,0.9613090900037732,0.9613090900037732
22,0.1,2,1,0.9640455307594644,5,0.08410619766980132,0.03761343506374203,5.0,0.9,1.0032000281400781,0.9609703984426657,0.9609703984426657
22,0.1,3,1,0.9399811434430957,5,0.03661715819013106,0.016375690971199244,5.0,0.9,1.0032000281400781,0.9369827722052704,0.9369827722052704
22,0.5,1,1,0.9906259693975134,5,0.05834131253350994,0.02609102814429774,5.0,0.9,1.0032000281400781,0.9874660502493436,0.9874660502493436
22,0.5,2,0,0.9188533179264641,3,0.015362827320486631,0.008869732488996694,1.0,0.4,0.9665196506091966,0.950682500192636,0.950682500192636
22,0.5,2,1,1.0502576289827366,2,0.021009199372301456,0.014855747343454516,5.0,0.9,1.0032000281400781,1.0469074955369595,1.0469074955369595
22,0.5,3,0,0.9597176285872789,4,0.063724811441354,0.031862405720677,1.0,0.4,0.9665196506091966,0.9929623551702954,0.9929623551702954
22,0.5,3,1,1.0451112471933048,1,,,5.0,0.9,1.0032000281400781,1.0417775297823004,1.0417775297823004
22,0.9,1,0,1.0091963344199333,3,0.019634602399498373,0.011336042980781658,1.0,0.4,0.9665196506091966,1.044155008937312,1.044155008937312
22,0.9,1,1,1.0679933710613345,2,0.04427737156982759,0.03130882969014154,5.0,0.9,1.0032000281400781,1.0645866637796877,1.0645866637796877
22,0.9,2,0,0.9679403866224074,5,0.03691050367706683,0.016506879061135474,1.0,0.4,0.9665196506091966,1.0014699504684828,1.0014699504684828
22,0.9,3,0,0.9768905854898993,5,0.1139421347142147,0.050956471744484526,1.0,0.4,0.9665196506091966,1.0107301852312738,1.0107301852312738
23,0.1,1,1,1.2881436891062539,5,0.12013341419451237,0.05372529610161356,5.0,0.9,1.2765980354082969,1.0090440791680086,1.0090440791680086
23,0.1,2,1,1.2365524551128448,5,0.1981369036990913,0.08860951710449953,5.0,0.9,1.2765980354082969,0.9686310183904958,0.9686310183904958
23,0.1,3,1,1.2931021008727814,5,0.10108295756358536,0.045205672895780674,5.0,0.9,1.2765980354082969,1.0129281614155126,1.0129281614155126
23,0.5,1,0,1.3637370678692105,2,0.0069027038543003905,0.004880948703898324,1.0,0.4,1.2918074797633847,1.0556813528584001,1.0556813528584001
23,0.5,1,1,1.2675247901290976,3,0.09328452105976608,0.05385784334508126,5.0,0.9,1.2765980354082969,0.9928926372847681,0.9928926372847681
23,0.5,2,0,1.3083595296043307,4,0.10971829900727734,0.05485914950363867,1.0,0.4,1.2918074797633847,1.0128130933596837,1.0128130933596837
23,0.5,2,1,1.3569204266878687,1,,,5.0,0.9,1.2765980354082969,1.0629190936001105,1.0629190936001105
23,0.5,3,0,1.3118393404441768,4,0.08223474727570196,0.04111737363785098,1.0,0.4,1.2918074797633847,1.0155068467976833,1.0155068467976833
23,0.5,3,1,1.372562160713089,1,,,5.0,0.9,1.2765980354082969,1.0751717632669704,1.0751717632669704
23,0.9,1,0,1.273821963477136,2,0.1424407304445001,0.10072080641447112,1.0,0.4,1.2918074797633847,0.9860772471378296,0.9860772471378296
23,0.9,1,1,1.2234149440590791,3,0.12979942857626103,0.07493973502916391,5.0,0.9,1.2765980354082969,0.9583399865313061,0.9583399865313061
23,0.9,2,0,1.2145473347724762,4,0.10302527359837942,0.05151263679918971,1.0,0.4,1.2918074797633847,0.9401922142415061,0.9401922142415061
23,0.9,2,1,1.1745637165853606,1,,,5.0,0.9,1.2765980354082969,0.920073260342828,0.920073260342828
23,0.9,3,0,1.2785396424129776,5,0.10027542309730458,0.044844532503625106,1.0,0.4,1.2918074797633847,0.9897292456048966,0.9897292456048966
24,0.1,1,1,1.0250521461003568,5,0.04913763895976612,0.021975020193575816,5.0,0.9,1.038973935267388,0.9866004442513293,0.9866004442513293
24,0.1,2,1,1.0427131474384117,5,0.02754868034699373,0.012320144389258094,5.0,0.9,1.038973935267388,1.003598947041979,1.003598947041979
24,0.1,3,1,0.9955769180002708,5,0.02633982880100197,0.011779529542949436,5.0,0.9,1.038973935267388,0.9582308893476249,0.9582308893476249
24,0.5,1,1,1.0445585683506065,5,0.044049588823480194,0.01969957499804334,5.0,0.9,1.038973935267388,1.0053751426225928,1.0053751426225928
24,0.5,2,0,0.8264187679379378,1,,,1.0,0.4,0.9541576682703046,0.8661239074209489,0.8661239074209489
24,0.5,2,1,1.052111804863626,4,0.03321168014555674,0.01660584007277837,5.0,0.9,1.038973935267388,1.0126450425273248,1.0126450425273248
24,0.5,3,0,0.9333485245528085,1,,,1.0,0.4,0.9541576682703046,0.9781910847551863,0.9781910847551863
24,0.5,3,1,0.9660303358083298,4,0.02066028751923135,0.010330143759615674,5.0,0.9,1.038973935267388,0.9297926569829824,0.9297926569829824
24,0.9,1,0,1.0117466137009368,3,0.13108040018540218,0.07567930433252583,1.0,0.4,0.9541576682703046,1.0603557958455958,1.0603557958455958
24,0.9,1,1,1.1287217204724533,2,0.0011046746887580742,0.000781122963425973,5.0,0.9,1.038973935267388,1.0863811710367577,1.0863811710367577
24,0.9,2,0,1.0295175481525771,4,0.0414465425383057,0.02072327126915285,1.0,0.4,0.9541576682703046,1.0789805316126473,1.0789805316126473
24,0.9,2,1,1.0734737200739062,1,,,5.0,0.9,1.038973935267388,1.0332056307049122,1.0332056307049122
24,0.9,3,0,0.9697568870072626,3,0.1388077196447276,0.08014067430248159,1.0,0.4,0.9541576682703046,1.0163486803656216,1.0163486803656216
24,0.9,3,1,1.02252705629853,2,0.00030246216919269385,0.00021387305088854666,5.0,0.9,1.038973935267388,0.984170075484497,0.984170075484497
25,0.1,1,1,1.0765155318418362,5,0.10628782382191831,0.04753335984926617,5.0,0.9,1.0836503637238877,0.9934159281250706,0.9934159281250706
25,0.1,2,1,1.0277928190281314,5,0.06559700528437992,0.029335872587257283,5.0,0.9,1.0836503637238877,0.9484542740300425,0.9484542740300425
25,0.1,3,1,1.1466427403016952,5,0.1779467445484076,0.07958020343700589,5.0,0.9,1.0836503637238877,1.0581297978448867,1.0581297978448867
25,0.5,1,0,1.0190476025104473,5,0.02215247807226765,0.009906889367932792,1.0,0.4,1.0583804806362194,0.9628367313594748,0.9628367313594748
25,0.5,2,0,1.0399649388803751,5,0.06830894580084013,0.030548689256405467,1.0,0.4,1.0583804806362194,0.9826002632391952,0.9826002632391952
25,0.5,3,0,1.0738229455788073,5,0.08237136067896872,0.03683759237546545,1.0,0.4,1.0583804806362194,1.014590655463813,1.014590655463813
25,0.9,1,0,1.0525488301814974,5,0.06128172862896966,0.027406022198614228,1.0,0.4,1.0583804806362194,0.9944900245597722,0.9944900245597722
25,0.9,2,0,1.0901371718216208,5,0.06629991384369566,0.02965022285137657,1.0,0.4,1.0583804806362194,1.0300049856988214,1.0300049856988214
25,0.9,3,0,1.0747613948445682,5,0.07123674391994951,0.03185804038015039,1.0,0.4,1.0583804806362194,1.0154773396789234,1.0154773396789234
26,0.1,1,0,1.5494003835675327,2,0.29786100576005453,0.21061953702397984,1.0,0.4,1.3680230345760493,1.1325835489661125,1.1325835489661125
26,0.1,1,1,1.3348049336979513,3,0.1122455487618561,0.0648049977929949,5.0,0.9,1.3836816420047724,0.9646763339029307,0.9646763339029307
26,0.1,2,0,1.319228929424093,2,0.07659902231798855,0.0541636881133094,1.0,0.4,1.3680230345760493,0.9643323950557035,0.9643323950557035
26,0.1,2,1,1.3412767711045828,3,0.1682458190123746,0.09713676889682353,5.0,0.9,1.3836816420047724,0.9693535928981825,0.9693535928981825
26,0.1,3,0,1.3013292325257357,3,0.18590456996566002,0.10733205351325543,1.0,0.4,1.3680230345760493,0.9512480416157744,0.9512480416157744
26,0.1,3,1,1.4261274227350635,2,0.04458709583821474,0.031527837820616134,5.0,0.9,1.3836816420047724,1.0306759730285884,1.0306759730285884
26,0.5,1,0,1.530620447600487,3,0.11993206456646145,0.0692428097619141,1.0,0.4,1.3680230345760493,1.1188557567488815,1.1188557567488815
26,0.5,1,1,1.2267389719815085,2,0.006968865811715456,0.004927732272643092,5.0,0.9,1.3836816420047724,0.8865760264074367,0.8865760264074367
26,0.5,2,0,1.0890197276179372,4,0.27371834403377493,0.13685917201688746,1.0,0.4,1.3680230345760493,0.7960536482892079,0.7960536482892079
26,0.5,2,1,1.4244424179662747,1,,,5.0,0.9,1.3836816420047724,1.0294582039134705,1.0294582039134705
26,0.5,3,0,1.4617070563400278,5,0.10673337718373274,0.04773261737019029,1.0,0.4,1.3680230345760493,1.0684813189516296,1.0684813189516296
26,0.9,1,0,1.2627558862840984,4,0.22526426204967817,0.11263213102483909,1.0,0.4,1.3680230345760493,0.9230516258634686,0.9230516258634686
26,0.9,1,1,1.5486993345432547,1,,,5.0,0.9,1.3836816420047724,1.119259869849392,1.119259869849392
26,0.9,2,0,1.4191106613056432,5,0.36707619129030167,0.16416146332936615,1.0,0.4,1.3680230345760493,1.0373441275756192,1.0373441275756192
26,0.9,3,0,1.3790349865188893,5,0.2582205507430727,0.11547974092978888,1.0,0.4,1.3680230345760493,1.0080495369336033,1.0080495369336033
27,0.1,1,0,0.9073985312708589,2,0.054632349945625755,0.03863090511870848,1.0,0.4,0.9418730337415613,0.9633979302563176,0.9633979302563176
27,0.1,1,1,0.9539015872452908,3,0.0031418548956237244,0.001813950769743101,5.0,0.9,0.9867156556525826,0.9667441494220648,0.9667441494220648
27,0.1,2,0,0.9046215468909743,1,,,1.0,0.4,0.9418730337415613,0.960449566431893,0.960449566431893
27,0.1,2,1,0.9417595478709099,4,0.02312123812144012,0.01156061906072006,5.0,0.9,0.9867156556525826,0.9544386394153844,0.9544386394153844
27,0.1,3,0,0.8661573978032938,3,0.0010089558617378484,0.0005825209383747976,1.0,0.4,0.9418730337415613,0.9196116321140553,0.9196116321140553
27,0.1,3,1,0.9573493151754138,2,0.0017444826765094501,0.0012335355302222903,5.0,0.9,0.9867156556525826,0.9702382947823537,0.9702382947823537
27,0.5,1,0,0.9651299311582939,4,0.027022962888843496,0.013511481444421748,1.0,0.4,0.9418730337415613,1.024692178864433,1.024692178864433
27,0.5,1,1,1.0571686669247644,1,,,5.0,0.9,0.9867156556525826,1.0714015338345741,1.0714015338345741
27,0.5,2,0,0.953500339384974,3,0.004303954284651898,0.0024848891648236167,1.0,0.4,0.9418730337415613,1.0123448758238929,1.0123448758238929
27,0.5,2,1,0.9512243767011839,2,0.002952233535605086,0.002087544352672693,5.0,0.9,0.9867156556525826,0.9640308950728811,0.9640308950728811
27,0.5,3,0,0.9624370054195792,5,0.024548267570367804,0.010978319003439202,1.0,0.4,0.9418730337415613,1.021833061295245,1.021833061295245
27,0.9,1,0,0.9666741806805259,4,0.02506509696912151,0.012532548484560755,1.0,0.4,0.9418730337415613,1.0263317305523048,1.0263317305523048
27,0.9,1,1,1.058890439997932,1,,,5.0,0.9,0.9867156556525826,1.0731464874727414,1.0731464874727414
27,0.9,2,0,0.9540161463611947,5,0.002308810520320315,0.0010325314541205768,1.0,0.4,0.9418730337415613,1.012892515428959,1.012892515428959
27,0.9,3,0,0.9969222247043577,5,0.05540277713713306,0.024776875164180142,1.0,0.4,0.9418730337415613,1.0584465092329007,1.0584465092329007
28,0.1,1,1,1.0406733699773447,5,0.09475725872865962,0.042376734375763635,5.0,0.9,1.051531706499129,0.9896737906668217,0.9896737906668217
28,0.1,2,1,1.0194891934737544,5,0.10912509128705179,0.04880222443374356,5.0,0.9,1.051531706499129,0.9695277728409599,0.9695277728409599
28,0.1,3,1,1.0103478443777885,5,0.0004112119838738636,0.00018389958982090125,5.0,0.9,1.051531706499129,0.9608344076866173,0.9608344076866173
28,0.5,1,0,1.0526857778001373,3,0.06786039478898716,0.039179217198736016,1.0,0.4,1.0321219151005485,1.0199238698439859,1.0199238698439859
28,0.5,1,1,1.1356164181676285,2,0.005877416798631967,0.004155961274172393,5.0,0.9,1.051531706499129,1.0799640288056014,1.0799640288056014
28,0.5,2,0,0.9942200890359443,5,0.0912115964534917,0.04079106600125723,1.0,0.4,1.0321219151005485,0.9632777625297183,0.9632777625297183
28,0.5,3,0,1.0102437368751,5,0.004947430721981274,0.0022125582816641984,1.0,0.4,1.0321219151005485,0.9788027190341007,0.9788027190341007
28,0.9,1,0,1.0370971435692649,5,0.05345913919224532,0.023907653850496747,1.0,0.4,1.0321219151005485,1.0048203883629694,1.0048203883629694
28,0.9,2,0,1.0126659553292496,5,0.002919194775666028,0.0013055035915902973,1.0,0.4,1.0321219151005485,0.9811495526965887,0.9811495526965887
28,0.9,3,0,1.0858187879935952,5,0.06896851353171696,0.03084365691280664,1.0,0.4,1.0321219151005485,1.0520257075326374,1.0520257075326374
29,0.1,1,0,0.9966875537853394,1,,,1.0,0.4,1.0624571365004378,0.9380967189587216,0.9380967189587216
29,0.1,1,1,1.1680589430452888,4,0.06072531086063453,0.030362655430317263,5.0,0.9,1.1874309904999767,0.9836857488058897,0.9836857488058897
29,0.1,2,1,1.0968770219479704,5,0.06184113991170841,0.02765619852973107,5.0,0.9,1.1874309904999767,0.9237395947415202,0.9237395947415202
29,0.1,3,0,1.005416190960883,3,0.17590771513624828,0.10156036668644496,1.0,0.4,1.0624571365004378,0.9463122383200903,0.9463122383200903
29,0.1,3,1,1.1583710407239818,2,0.0,0.0,5.0,0.9,1.1874309904999767,0.9755270411430318,0.9755270411430318
29,0.5,1,1,1.1731994865845288,5,0.05686943714549473,0.025432785459895562,5.0,0.9,1.1874309904999767,0.9880148791556673,0.9880148791556673
29,0.5,2,0,1.141364658072421,2,0.014470633390100048,0.010232282998204223,1.0,0.4,1.0624571365004378,1.0742688988206073,1.0742688988206073
29,0.5,2,1,1.2782736660324232,3,0.011421540708856892,0.006594229602818797,5.0,0.9,1.1874309904999767,1.0765035410556334,1.0765035410556334
29,0.5,3,0,1.0411643536784483,4,0.17833325294230737,0.08916662647115368,1.0,0.4,1.0624571365004378,0.9799589253152137,0.9799589253152137
29,0.5,3,1,1.2448808105819942,1,,,5.0,0.9,1.1874309904999767,1.048381607471629,1.048381607471629
29,0.9,1,1,1.1764291382183132,5,0.08302659110896947,0.03713062033194708,5.0,0.9,1.1874309904999767,0.9907347438548567,0.9907347438548567
29,0.9,2,0,0.9975150727571616,3,0.24390128252437468,0.1408164711211427,1.0,0.4,1.0624571365004378,0.9388755917653441,0.9388755917653441
29,0.9,2,1,1.203357816865314,2,0.11099431377344,0.07848483194234683,5.0,0.9,1.1874309904999767,1.0134128437717727,1.0134128437717727
29,0.9,3,0,1.1925949897483736,5,0.13111682706319994,0.05863722766147983,1.0,0.4,1.0624571365004378,1.122487626820023,1.122487626820023
30,0.1,1,1,0.9344799204414855,5,0.010152261044914367,0.0045402291643503135,5.0,0.9,0.9372183776252169,0.9970781012738246,0.9970781012738246
30,0.1,2,1,0.9385145627507135,5,0.00801644712704198,0.003585064142819752,5.0,0.9,0.9372183776252169,1.0013830129204049,1.0013830129204049
30,0.1,3,0,0.9446494464944649,1,,,1.0,0.4,0.9406213734233638,1.0042823533303746,1.0042823533303746
30,0.1,3,1,0.9346562365220918,4,0.013026412383995248,0.006513206191997624,5.0,0.9,0.9372183776252169,0.9972662282726282,0.9972662282726282
30,0.5,1,0,0.9351598173515981,1,,,1.0,0.4,0.9406213734233638,0.9941936721553662,0.9941936721553662
30,0.5,1,1,0.9420353728537777,4,0.011345872698778367,0.005672936349389183,5.0,0.9,0.9372183776252169,1.0051396721869308,1.0051396721869308
30,0.5,2,0,0.9382084859694537,4,0.007922429499671048,0.003961214749835524,1.0,0.4,0.9406213734233638,0.9974347941455673,0.9974347941455673
30,0.5,2,1,0.9343065693430657,1,,,5.0,0.9,0.9372183776252169,0.9968931378730224,0.9968931378730224
30,0.5,3,0,0.9292630017784504,4,0.04515728892785311,0.022578644463926555,1.0,0.4,0.9406213734233638,0.9879246081730262,0.9879246081730262
30,0.5,3,1,0.9437796035418917,1,,,5.0,0.9,0.9372183776252169,1.0070007439816748,1.0070007439816748
30,0.9,1,0,0.9418180229750638,3,0.009550238469388645,0.005513832751126654,1.0,0.4,0.9406213734233638,1.0012721904748398,1.0012721904748398
30,0.9,1,1,0.9327563779234915,2,0.016819338871303886,0.01189306857097347,5.0,0.9,0.9372183776252169,0.9952391034915135,0.9952391034915135
30,0.9,2,0,0.9501746125135396,5,0.0017507139673063506,0.0007829430880110688,1.0,0.4,0.9406213734233638,1.0101563066288906,1.0101563066288906
30,0.9,3,0,0.9450762268809768,5,0.006196183377219827,0.002771017446503551,1.0,0.4,0.9406213734233638,1.0047360750919359,1.0047360750919359
31,0.1,1,1,0.8940710715323494,5,0.17220602003531849,0.07701287338673257,5.0,0.9,1.0294407330652513,0.8685017435342521,0.8685017435342521
31,0.1,2,1,1.1365343231353888,5,0.09452670003000134,0.04227362539116288,5.0,0.9,1.0294407330652513,1.1040308457110075,1.1040308457110075
31,0.1,3,0,0.8992350636196531,2,0.16709204907098135,0.11815192098044626,1.0,0.4,0.9448650016896105,0.9517074523996953,0.9517074523996953
31,0.1,3,1,0.993757989120204,3,0.027918607607090695,0.016118815617353347,5.0,0.9,1.0294407330652513,0.9653377384448362,0.9653377384448362
31,0.5,1,0,0.7744656472906081,2,0.10890164801895966,0.07700509379659692,1.0,0.4,0.9448650016896105,0.8196574599606359,0.8196574599606359
31,0.5,1,1,1.12246598629321,3,0.22835989262646159,0.13184364548000163,5.0,0.9,1.0294407330652513,1.0903648459207242,1.0903648459207242
31,0.5,2,0,0.8205172804275943,2,0.28271715834216204,0.19991121982153368,1.0,0.4,0.9448650016896105,0.8683963094837281,0.8683963094837281
31,0.5,2,1,1.0918649348714098,3,0.20228970285085168,0.11679201439522863,5.0,0.9,1.0294407330652513,1.0606389467612038,1.0606389467612038
31,0.5,3,0,0.9953631200123713,3,0.04359712563654689,0.025170812222154285,1.0,0.4,0.9448650016896105,1.0534447971217686,1.0534447971217686
31,0.5,3,1,1.0107181098767608,2,0.13029991830370155,0.09213595582060051,5.0,0.9,1.0294407330652513,0.9818128207024195,0.9818128207024195
31,0.9,1,0,1.1749891377335389,1,,,1.0,0.4,0.9448650016896105,1.243552397043408,1.243552397043408
31,0.9,1,1,1.0141333043830516,4,0.23804105302131445,0.11902052651065723,5.0,0.9,1.0294407330652513,0.9851303448653906,0.9851303448653906
31,0.9,2,0,1.0092715400682046,3,0.0768217234614425,0.04435304272007482,1.0,0.4,0.9448650016896105,1.0681648047746737,1.0681648047746737
31,0.9,2,1,1.0358386058619207,2,0.03831911000542262,0.027095702533867613,5.0,0.9,1.0294407330652513,1.0062149015394204,1.0062149015394204
31,0.9,3,0,0.9402132226753036,4,0.07385260639152942,0.03692630319576471,1.0,0.4,0.9448650016896105,0.9950767792160906,0.9950767792160906
31,0.9,3,1,0.9655822725129656,1,,,5.0,0.9,1.0294407330652513,0.9379678125207447,0.9379678125207447
32,0.1,1,0,0.6038565182121026,3,0.012109716027942592,0.006991547808542582,1.0,0.4,0.62155860828242,0.9715198376558015,0.9715198376558015
32,0.1,1,1,0.6643736728739084,2,0.03449418732386992,0.024391073768227467,5.0,0.9,0.6777888861512901,0.980207386766759,0.980207386766759
32,0.1,2,0,0.6225160305590767,3,0.03580420305842371,0.020671566273900953,1.0,0.4,0.62155860828242,1.0015403571986596,1.0015403571986596
32,0.1,2,1,0.6234523958457062,2,0.008226379894439612,0.005816929007974924,5.0,0.9,0.6777888861512901,0.9198327216397358,0.9198327216397358
32,0.1,3,0,0.5992827488647252,5,0.05467616905271879,0.0244519261502299,1.0,0.4,0.62155860828242,0.9641612888618006,0.9641612888618006
32,0.5,1,0,0.6320676547060651,4,0.027566197420107408,0.013783098710053704,1.0,0.4,0.62155860828242,1.0169075711986117,1.0169075711986117
32,0.5,1,1,0.7455405897342555,1,,,5.0,0.9,0.6777888861512901,1.099959891593505,1.099959891593505
32,0.5,2,0,0.5983136978718248,5,0.03186029387141207,0.014248356575919467,1.0,0.4,0.62155860828242,0.9626022227013653,0.9626022227013653
32,0.5,3,0,0.644418984686969,5,0.019245179015153095,0.008606705703406955,1.0,0.4,0.62155860828242,1.0367791164017823,1.0367791164017823
32,0.9,1,0,0.620021560597352,5,0.028204549117402406,0.012613457820248695,1.0,0.4,0.62155860828242,0.9975271073964925,0.9975271073964925
32,0.9,2,0,0.6587826299059811,5,0.020203266674746707,0.009035175530457953,1.0,0.4,0.62155860828242,1.0598881925654988,1.0598881925654988
32,0.9,3,0,0.6147676491376843,5,0.02743813482971901,0.012270706931011266,1.0,0.4,0.62155860828242,0.9890743060199882,0.9890743060199882
33,0.1,1,1,0.9064975610807444,5,0.08220938433800343,0.03676515435363644,5.0,0.9,0.9492343559491468,0.9549776147475514,0.9549776147475514
33,0.1,2,1,0.9132443206608271,5,0.0579509692166543,0.025916461306087348,5.0,0.9,0.9492343559491468,0.9620851952283869,0.9620851952283869
33,0.1,3,1,0.9304894336915218,5,0.06492641006849531,0.029035973289636457,5.0,0.9,0.9492343559491468,0.9802525876353455,0.9802525876353455
33,0.5,1,1,0.9733117603418204,5,0.0497278895251349,0.022238988271160273,5.0,0.9,0.9492343559491468,1.0253650789626112,1.0253650789626112
33,0.5,2,1,0.9789304863345265,5,0.024193121888286453,0.010819493026029315,5.0,0.9,0.9492343559491468,1.0312842979178585,1.0312842979178585
33,0.5,3,0,0.9338257132773127,5,0.11209126928687194,0.050128739561936,1.0,0.4,0.909009780513905,1.0272999623275538,1.0272999623275538
33,0.9,1,0,0.8275079968306228,2,0.1218608023804571,0.08616859972405498,1.0,0.4,0.909009780513905,0.910340036564617,0.910340036564617
33,0.9,1,1,0.9929325735854411,3,0.00930662957853272,0.005373185092414,5.0,0.9,0.9492343559491468,1.0460352255082466,1.0460352255082466
33,0.9,2,0,0.9040867002163653,5,0.18886164116218718,0.08446149359616457,1.0,0.4,0.909009780513905,0.9945841283525503,0.9945841283525503
33,0.9,3,0,0.9706187117313192,5,0.0320314790916754,0.014324912933769881,1.0,0.4,0.909009780513905,1.0677758727552786,1.0677758727552786
34,0.1,1,1,0.7116575897040216,5,0.012517996058616825,0.005598218025828332,5.0,0.9,0.8328910280104088,0.8544426170660201,0.8544426170660201
34,0.1,2,0,0.6958137635869196,2,0.018278933914038346,0.012925158123477274,1.0,0.4,0.7289792886120322,0.9545041600725593,0.9545041600725593
34,0.1,2,1,0.6815485102066186,3,0.029693545653694434,0.017143576576354923,5.0,0.9,0.8328910280104088,0.8182925344203625,0.8182925344203625
34,0.1,3,0,0.6908208559926027,5,0.012000159551122182,0.005366634499430512,1.0,0.4,0.7289792886120322,0.9476549838719249,0.9476549838719249
34,0.5,1,0,0.7014959787771988,2,0.019088096569976926,0.013497322524574362,1.0,0.4,0.7289792886120322,0.9622989153955783,0.9622989153955783
34,0.5,1,1,1.09379861157075,3,0.33568617046958177,0.19380850088384766,5.0,0.9,0.8328910280104088,1.3132553656912254,1.3132553656912254
34,0.5,2,0,0.6940124284855855,3,0.016846995256060596,0.009726617246122934,1.0,0.4,0.7289792886120322,0.9520331226515047,0.9520331226515047
34,0.5,2,1,0.6848764481163235,2,0.013771017461744433,0.009737579831037844,5.0,0.9,0.8328910280104088,0.8222881806667324,0.8222881806667324
34,0.5,3,0,0.7584718378342696,5,0.14112257259018848,0.063111933094262,1.0,0.4,0.7289792886120322,1.0404573211927473,1.0404573211927473
34,0.9,1,0,0.8319319667590106,3,0.14621007170549705,0.08441442425740321,1.0,0.4,0.7289792886120322,1.1412285366062993,1.1412285366062993
34,0.9,1,1,0.9925739804543305,2,0.4346897454314014,0.30737206670679795,5.0,0.9,0.8328910280104088,1.1917213021556599,1.1917213021556599
34,0.9,2,0,0.6915001270953093,5,0.0232048754618019,0.010377535788401173,1.0,0.4,0.7289792886120322,0.9485867951226944,0.9485867951226944
34,0.9,3,0,0.7677873503653612,5,0.14857818735925077,0.06644618538179693,1.0,0.4,0.7289792886120322,1.0532361650866913,1.0532361650866913
35,0.1,1,0,1.1190620741899924,5,0.0009155243118425876,0.0004094349192667483,1.0,0.4,1.0785469449639837,1.0375645486876435,1.0375645486876435
35,0.1,2,0,1.0450098802669152,5,0.06792799579831045,0.03037832323606845,1.0,0.4,1.0785469449639837,0.9689053268810767,0.9689053268810767
35,0.1,3,0,1.0132354854321477,5,0.026711265990569638,0.011945641303998392,1.0,0.4,1.0785469449639837,0.9394449543093212,0.9394449543093212
35,0.5,1,0,1.0881633294739792,4,0.06166204378227525,0.030831021891137626,1.0,0.4,1.0785469449639837,1.0089160555828347,1.0089160555828347
35,0.5,1,1,1.1194201247140214,1,,,5.0,0.9,1.1194201247140214,1.0,1.0
35,0.5,2,0,1.0944043762569915,5,0.05508548908156429,0.024634979632040043,1.0,0.4,1.0785469449639837,1.0147025879281846,1.0147025879281846
35,0.5,3,0,1.0693499439742,5,0.0676317883556799,0.030245855240635795,1.0,0.4,1.0785469449639837,0.9914727856467195,0.9914727856467195
35,0.9,1,0,1.0945683729441449,5,0.05528576932304879,0.024724547678941923,1.0,0.4,1.0785469449639837,1.0148546412884198,1.0148546412884198
35,0.9,2,0,1.088786502701375,5,0.05360085113763122,0.023971029359118066,1.0,0.4,1.0785469449639837,1.0094938452008997,1.0094938452008997
35,0.9,3,0,1.094342539436108,5,0.054937728789937766,0.02456889922074962,1.0,0.4,1.0785469449639837,1.0146452544749007,1.0146452544749007
36,0.1,1,1,0.9722110212012021,5,0.08016359574197476,0.03585024987997365,5.0,0.9,1.017442395186548,0.9555440443612998,0.9555440443612998
36,0.1,2,1,0.9442272929675681,5,0.03018354813533614,0.013498493086549726,5.0,0.9,1.017442395186548,0.9280400516379544,0.9280400516379544
36,0.1,3,0,0.8712547064853785,3,0.051777744796175654,0.02989389489610376,1.0,0.4,0.9512533584910016,0.9159018454005492,0.9159018454005492
36,0.1,3,1,1.0462519936204147,2,0.10826515310033256,0.07655502392344492,5.0,0.9,1.017442395186548,1.0283157047221179,1.0283157047221179
36,0.5,1,0,1.0790305584826132,1,,,1.0,0.4,0.9512533584910016,1.1343250973581929,1.1343250973581929
36,0.5,1,1,0.9881750976772194,4,0.04277740978498971,0.021388704892494854,5.0,0.9,1.017442395186548,0.9712344427087074,0.9712344427087074
36,0.5,2,0,0.8950681022481636,5,0.0551971244963667,0.024684904507278956,1.0,0.4,0.9512533584910016,0.940935550196673,0.940935550196673
36,0.5,3,0,0.9173192747962057,3,0.04394112612234439,0.025369420995230832,1.0,0.4,0.9512533584910016,0.9643269762026108,0.9643269762026108
36,0.5,3,1,1.1174493486783437,2,0.0006447594644569722,0.0004559137895517318,5.0,0.9,1.017442395186548,1.0982924969167018,1.0982924969167018
36,0.9,1,0,0.9096870371943276,2,0.05191826907016147,0.036711760126978965,1.0,0.4,0.9512533584910016,0.9563036272874645,0.9563036272874645
36,0.9,1,1,1.0363396169745414,3,0.0525829880242876,0.030358802290617312,5.0,0.9,1.017442395186548,1.0185732596532193,1.0185732596532193
36,0.9,2,0,1.0435587260704096,4,0.06822480326666445,0.03411240163333223,1.0,0.4,0.9512533584910016,1.097035523454902,1.097035523454902
36,0.9,3,0,0.9428551041599127,5,0.06441859579336555,0.028808871841809473,1.0,0.4,0.9512533584910016,0.9911713800996075,0.9911713800996075
37,0.1,1,0,0.8262267239559627,3,0.000615861508423148,0.0003555678076716335,1.0,0.4,0.8579358921627955,0.9630401659418908,0.9630401659418908
37,0.1,1,1,0.9214757723000653,2,0.00013006922193680755,9.197282885517466e-05,5.0,0.9,0.8993704107032139,1.0245787067639542,1.0245787067639542
37,0.1,2,0,0.8523694700089661,5,0.055673421882764695,0.024897911173977237,1.0,0.4,0.8579358921627955,0.9935118437115426,0.9935118437115426
37,0.1,3,0,0.8127405199969437,5,0.026121637341973546,0.011681951356049953,1.0,0.4,0.8579358921627955,0.9473208049940451,0.9473208049940451
37,0.5,1,0,0.8977884188420906,4,0.050795138733455814,0.025397569366727907,1.0,0.4,0.8579358921627955,1.0464516370551065,1.0464516370551065
37,0.5,1,1,0.8556194415286678,1,,,5.0,0.9,0.8993704107032139,0.9513537818746589,0.9513537818746589
37,0.5,2,0,0.8135244769215524,4,0.03972656495956264,0.01986328247978132,1.0,0.4,0.8579358921627955,0.9482345759782994,0.9482345759782994
37,0.5,2,1,0.9210160182809088,1,,,5.0,0.9,0.8993704107032139,1.024067511361387,1.024067511361387
37,0.5,3,0,0.8629193777561002,5,0.04124870334664337,0.01844698093336353,1.0,0.4,0.8579358921627955,1.0058086922797245,1.0058086922797245
37,0.9,1,0,0.8744676628135863,5,0.017283485403744813,0.0077294096501797594,1.0,0.4,0.8579358921627955,1.019269237715554,1.019269237715554
37,0.9,2,0,0.8829451944605211,5,0.07445965319094633,0.03329936922320302,1.0,0.4,0.8579358921627955,1.0291505490400674,1.0291505490400674
37,0.9,3,0,0.8984411847094365,5,0.032691816317200216,0.014620224718639302,1.0,0.4,0.8579358921627955,1.0472124932837696,1.0472124932837696
38,0.1,1,1,0.9769537686581543,5,0.002710486339573853,0.0012121663414743427,5.0,0.9,0.9761379324246926,1.000835779664289,1.000835779664289
38,0.1,2,1,0.9742648100376605,5,0.0006297183287807744,0.0002816185979662748,5.0,0.9,0.9761379324246926,0.9980810884150569,0.9980810884150569
38,0.1,3,0,0.9760533891107621,3,0.0015521727236789285,0.0008961473398448241,1.0,0.4,0.9771082908214422,0.9989203840346158,0.9989203840346158
38,0.1,3,1,0.9749334797106239,2,0.00031586807546816293,0.00022335245812388216,5.0,0.9,0.9761379324246926,0.9987661039756166,0.9987661039756166
38,0.5,1,0,0.9807797141219826,2,0.0028771444459691417,0.002034448348197992,1.0,0.4,0.9771082908214422,1.003757437466275,1.003757437466275
38,0.5,1,1,0.9785963703877355,3,0.0011324437579222826,0.0006538167084785412,5.0,0.9,0.9761379324246926,1.0025185354255584,1.0025185354255584
38,0.5,2,0,0.9482139963423385,1,,,1.0,0.4,0.9771082908214422,0.9704287695125249,0.9704287695125249
38,0.5,2,1,0.9759412333292887,4,0.0014794732436158372,0.0007397366218079186,5.0,0.9,0.9761379324246926,0.999798492519479,0.999798492519479
38,0.5,3,0,0.9644703577435821,5,0.023169189024547576,0.010361576328486085,1.0,0.4,0.9771082908214422,0.9870659852172213,0.9870659852172213
38,0.9,1,0,1.0323470771294236,5,0.13901835595817136,0.06217089880854681,1.0,0.4,0.9771082908214422,1.0565329215061137,1.0565329215061137
38,0.9,2,0,0.9711285451338206,5,0.01356734313105083,0.006067500303018899,1.0,0.4,0.9771082908214422,0.9938801607316273,0.9938801607316273
38,0.9,3,0,0.9667649561681863,5,0.018563958610965436,0.008302054677122257,1.0,0.4,0.9771082908214422,0.9894143415316223,0.9894143415316223
39,0.1,1,1,0.969628486100914,5,0.012050232062976611,0.005389027607492646,5.0,0.9,0.9714107942731105,0.9981652374230305,0.9981652374230305
39,0.1,2,0,0.7605952258740051,2,0.23475490975414956,0.16599678860399514,1.0,0.4,0.95259847662986,0.7984426225043615,0.7984426225043615
39,0.1,2,1,0.9136418476847439,3,0.191937279792115,0.11081504015550211,5.0,0.9,0.9714107942731105,0.9405308784615739,0.9405308784615739
39,0.1,3,0,0.9776829833445932,1,,,1.0,0.4,0.95259847662986,1.026332717645611,1.026332717645611
39,0.1,3,1,0.9582871834879778,4,0.01219939609932054,0.00609969804966027,5.0,0.9,0.9714107942731105,0.986490153431996,0.986490153431996
39,0.5,1,1,0.976239111793053,5,0.11051596815665612,0.04942424347949704,5.0,0.9,0.9714107942731105,1.004970417817475,1.004970417817475
39,0.5,2,0,0.9739780595415783,2,0.0005128739411054813,0.0003626566416495558,1.0,0.4,0.95259847662986,1.0224434359661754,1.0224434359661754
39,0.5,2,1,0.971474395653748,3,0.0044567344459873984,0.0025730968320975024,5.0,0.9,0.9714107942731105,1.0000654732076404,1.0000654732076404
39,0.5,3,0,0.9600375014649011,1,,,1.0,0.4,0.95259847662986,1.0078091924536339,1.0078091924536339
39,0.5,3,1,0.9535456674936083,4,0.00761497462154783,0.003807487310773915,5.0,0.9,0.9714107942731105,0.9816090917613589,0.9816090917613589
39,0.9,1,1,1.0586818238792581,5,0.07678211753154458,0.034338006851382406,5.0,0.9,0.9714107942731105,1.0898394686580057,1.0898394686580057
39,0.9,2,0,1.0548801011370932,2,0.11188930176955827,0.07911768402348263,1.0,0.4,0.95259847662986,1.107371182105066,1.107371182105066
39,0.9,2,1,0.9667881187144548,3,0.030983295947405315,0.017888214255616302,5.0,0.9,0.9714107942731105,0.9952412763107963,0.9952412763107963
39,0.9,3,0,0.9884169884169884,1,,,1.0,0.4,0.95259847662986,1.0376008493251518,1.0376008493251518
39,0.9,3,1,0.9744105136502355,4,0.006704240337219383,0.0033521201686096914,5.0,0.9,0.9714107942731105,1.0030880029281222,1.0030880029281222
40,0.1,1,1,0.9468194477268519,5,0.16996619743806193,0.07601119426973141,5.0,0.9,0.9710551723807774,0.9750418664734509,0.9750418664734509
40,0.1,2,1,0.8789361544253641,5,0.15169618572098179,0.06784059663990964,5.0,0.9,0.9710551723807774,0.9051351348764651,0.9051351348764651
40,0.1,3,0,0.6882414221863763,1,,,1.0,0.4,0.8238081054366955,0.8354390028992782,0.8354390028992782
40,0.1,3,1,0.9883633714757682,4,0.043512059577020874,0.021756029788510437,5.0,0.9,0.9710551723807774,1.017824115032059,1.017824115032059
40,0.5,1,0,0.7780120424715558,1,,,1.0,0.4,0.8238081054366955,0.9444093076252709,0.9444093076252709
40,0.5,1,1,0.8332058520895331,4,0.1792428964900581,0.08962144824502905,5.0,0.9,0.9710551723807774,0.8580417218176458,0.8580417218176458
40,0.5,2,0,0.8444875634642601,2,0.19264897491845512,0.1362233965534767,1.0,0.4,0.8238081054366955,1.0251022755069916,1.0251022755069916
40,0.5,2,1,1.0506393208445426,3,0.04367998790857209,0.025218652777213697,5.0,0.9,0.9710551723807774,1.0819563612113257,1.0819563612113257
40,0.5,3,0,0.9581004687787031,4,0.14159140785897534,0.07079570392948767,1.0,0.4,0.8238081054366955,1.1630141321209995,1.1630141321209995
40,0.5,3,1,1.1453177865391606,1,,,5.0,0.9,0.9710551723807774,1.1794569650776239,1.1794569650776239
40,0.9,1,0,0.8767767589101103,2,0.23176614734597362,0.16388341443781848,1.0,0.4,0.8238081054366955,1.0642973201208508,1.0642973201208508
40,0.9,1,1,0.9776803193175612,3,0.15683710469455925,0.0905499446143253,5.0,0.9,0.9710551723807774,1.0068226266902431,1.0068226266902431
40,0.9,2,0,0.7454873445094274,3,0.23135381326521398,0.13357218636671772,1.0,0.4,0.8238081054366955,0.9049283924127565,0.9049283924127565
40,0.9,2,1,0.9474791266274379,2,0.17899932856094594,0.12657163905328372,5.0,0.9,0.9710551723807774,0.9757212088211866,0.9757212088211866
40,0.9,3,0,0.8755511377364348,5,0.16449707286441284,0.07356532740491263,1.0,0.4,0.8238081054366955,1.0628095693138522,1.0628095693138522
41,0.1,1,0,0.6208910818906763,3,0.24757531775644412,0.14293767635139015,1.0,0.4,0.5790654866997966,1.0722294734387499,1.0722294734387499
41,0.1,1,1,0.9547974038043925,2,0.013194991248652753,0.00933026778961951,5.0,0.9,1.0082687637084422,0.9469671561505283,0.9469671561505283
41,0.1,2,0,0.5552403477490393,4,0.1725315219899374,0.0862657609949687,1.0,0.4,0.5790654866997966,0.9588558815920091,0.9588558815920091
41,0.1,2,1,0.9410319507071803,1,,,5.0,0.9,1.0082687637084422,0.933314592873072,0.933314592873072
41,0.1,3,0,0.4961804776437567,4,0.04594746010720255,0.022973730053601274,1.0,0.4,0.5790654866997966,0.8568641872814469,0.8568641872814469
41,0.1,3,1,1.1044156053975063,1,,,5.0,0.9,1.0082687637084422,1.0953583460578835,1.0953583460578835
41,0.5,1,0,0.4777028321750963,3,0.02238312703238387,0.012922904417452417,1.0,0.4,0.5790654866997966,0.8249547644388457,0.8249547644388457
41,0.5,1,1,1.0415718941417809,2,0.5346663890595804,0.3780662293765542,5.0,0.9,1.0082687637084422,1.0330300130600583,1.0330300130600583
41,0.5,2,0,0.6393654264761951,5,0.2032304117627939,0.090887403159376,1.0,0.4,0.5790654866997966,1.1041331959189264,1.1041331959189264
41,0.5,3,0,0.6997610584475428,5,0.22578638389824454,0.10097474055806775,1.0,0.4,0.5790654866997966,1.2084316446411147,1.2084316446411147
41,0.9,1,0,0.4563509560285188,3,0.02455686616888546,0.014177913293059636,1.0,0.4,0.5790654866997966,0.7880817740137629,0.7880817740137629
41,0.9,1,1,0.9995269644913511,2,0.027261450598325538,0.01927675658305805,5.0,0.9,1.0082687637084422,0.991329891858458,0.991329891858458
41,0.9,2,0,0.5940276234302371,5,0.11237972249352506,0.05025773975761683,1.0,0.4,0.5790654866997966,1.0258384190978338,1.0258384190978338
41,0.9,3,0,0.6720695764571072,5,0.29412583641626955,0.13153707283315236,1.0,0.4,0.5790654866997966,1.1606106595773102,1.1606106595773102
42,0.1,1,1,1.2444627811597428,5,0.09931345488522894,0.04441432724074609,5.0,0.9,1.1427669704069923,1.088990855866732,1.088990855866732
42,0.1,2,0,1.3139195843768852,1,,,1.0,0.4,1.1947028973977976,1.0997877273410448,1.0997877273410448
42,0.1,2,1,1.1437509247908948,4,0.16000689931923823,0.08000344965961911,5.0,0.9,1.1427669704069923,1.0008610280217953,1.0008610280217953
42,0.1,3,0,1.1526891944133095,4,0.12973169011334681,0.06486584505667341,1.0,0.4,1.1947028973977976,0.9648333463692113,0.9648333463692113
42,0.1,3,1,1.0149667955198731,1,,,5.0,0.9,1.1427669704069923,0.8881660231730327,0.8881660231730327
42,0.5,1,1,1.1056854605849018,5,0.1771656755171809,0.07923089874721734,5.0,0.9,1.1427669704069923,0.9675511186599276,0.9675511186599276
42,0.5,2,1,1.2864400430055003,5,0.10466760886371582,0.046808777692325616,5.0,0.9,1.1427669704069923,1.1257238582484925,1.1257238582484925
42,0.5,3,0,1.2268681108804214,5,0.1411467138182504,0.06312272937966334,1.0,0.4,1.1947028973977976,1.0269231903201066,1.0269231903201066
42,0.9,1,0,1.299645381720911,2,0.1739086871620943,0.12297201199956674,1.0,0.4,1.1947028973977976,1.0878398173735835,1.0878398173735835
42,0.9,1,1,1.1370133999656553,3,0.1057774298855461,0.06107062761860681,5.0,0.9,1.1427669704069923,0.9949652286158674,0.9949652286158674
42,0.9,2,0,0.9937881375881985,3,0.1733210889097401,0.10006697733827752,1.0,0.4,1.1947028973977976,0.8318286828907715,0.8318286828907715
42,0.9,2,1,1.0488844382701843,2,0.26674215138822355,0.18861518407490152,5.0,0.9,1.1427669704069923,0.9178463023801151,0.9178463023801151
42,0.9,3,0,1.1813069754070602,4,0.18039103882622198,0.09019551941311099,1.0,0.4,1.1947028973977976,0.9887872357052827,0.9887872357052827
42,0.9,3,1,1.1609319199591859,1,,,5.0,0.9,1.1427669704069923,1.0158955850340374,1.0158955850340374
43,0.1,1,0,0.8319635291042478,5,0.08478505427158667,0.03791702896545534,1.0,0.4,0.8584615914257692,0.9691330834294959,0.9691330834294959
43,0.1,2,0,0.8346015376207111,5,0.05875807356335272,0.026277409342917994,1.0,0.4,0.8584615914257692,0.9722060322286169,0.9722060322286169
43,0.1,3,0,0.8311342193857401,5,0.03500490900336097,0.01565467121554191,1.0,0.4,0.8584615914257692,0.9681670417023054,0.9681670417023054
43,0.5,1,0,0.8304948389254969,2,0.00042864856375526643,0.000303100306177223,1.0,0.4,0.8584615914257692,0.967422243721092,0.967422243721092
43,0.5,1,1,1.0385198892372118,3,0.0032192443153449862,0.0018586315720516004,5.0,0.9,0.9951184882312273,1.0436143047478983,1.0436143047478983
43,0.5,2,0,0.8246542179106727,5,0.08330284651857318,0.037254165506952264,1.0,0.4,0.8584615914257692,0.9606186533529733,0.9606186533529733
43,0.5,3,0,0.8580631520381224,5,0.06820921709002241,0.030504089221066098,1.0,0.4,0.8584615914257692,0.9995358681254627,0.9995358681254627
43,0.9,1,0,0.8553250399823933,5,0.04337935128066377,0.01939983565668135,1.0,0.4,0.8584615914257692,0.996346311268083,0.996346311268083
43,0.9,2,0,0.9064044759240089,4,0.10247303857547796,0.05123651928773898,1.0,0.4,0.8584615914257692,1.055847442654498,1.055847442654498
43,0.9,2,1,0.9517170872252427,1,,,5.0,0.9,0.9951184882312273,0.9563856952521017,0.9563856952521017
43,0.9,3,0,0.9535133119405291,5,0.09057013116559758,0.04050419400346968,1.0,0.4,0.8584615914257692,1.1107233235174727,1.1107233235174727
44,0.1,1,1,0.963865060571355,5,0.19337624599217826,0.08648048625444636,5.0,0.9,1.0239092812292534,0.9413578705080079,0.9413578705080079
44,0.1,2,0,0.7159180151616381,3,0.12539412733690786,0.07239633317276196,1.0,0.4,0.7351904348139081,0.9737858128456904,0.9737858128456904
44,0.1,2,1,1.0037140761927437,2,0.2767123107307295,0.19566515135549786,5.0,0.9,1.0239092812292534,0.9802763727151058,0.9802763727151058
44,0.1,3,0,0.7957222045681028,2,0.004240652518795168,0.0029985941526958766,1.0,0.4,0.7351904348139081,1.082334816787322,1.082334816787322
44,0.1,3,1,1.0640188491506548,3,0.2222462126805312,0.12831391071747952,5.0,0.9,1.0239092812292534,1.039172970356561,1.039172970356561
44,0.5,1,0,0.6016451233842538,1,,,1.0,0.4,0.7351904348139081,0.8183527626233911,0.8183527626233911
44,0.5,1,1,0.8991696369353124,4,0.19201191463992626,0.09600595731996313,5.0,0.9,1.0239092812292534,0.8781731481677899,0.8781731481677899
44,0.5,2,0,0.6727286975756746,5,0.11757847844575703,0.052582694099141306,1.0,0.4,0.7351904348139081,0.9150400572689117,0.9150400572689117
44,0.5,3,0,0.6731521081664648,5,0.11017793328680843,0.049273069689948094,1.0,0.4,0.7351904348139081,0.9156159768820353,0.9156159768820353
44,0.9,1,0,0.7416441749233815,3,0.1049123205573376,0.060571156515087175,1.0,0.4,0.7351904348139081,1.0087783243685795,1.0087783243685795
44,0.9,1,1,1.1887787832962018,2,0.007672291510497204,0.005425129354312552,5.0,0.9,1.0239092812292534,1.161019638252536,1.161019638252536
44,0.9,2,0,0.8778284602688519,5,0.17128505886542766,0.07660100703062984,1.0,0.4,0.7351904348139081,1.194015072422764,1.194015072422764
44,0.9,3,0,0.8028846944628973,5,0.018648175255026624,0.008339717505313801,1.0,0.4,0.7351904348139081,1.092077176801306,1.092077176801306
45,0.1,1,1,0.8445020455262915,5,0.12204760631320882,0.05458134884149348,5.0,0.9,0.8927072051834429,0.9460011531471333,0.9460011531471333
45,0.1,2,0,0.9075078652204824,2,0.07487709177369674,0.05294609934870841,1.0,0.4,0.8828864217646096,1.027887441520125,1.027887441520125
45,0.1,2,1,0.9247079015901033,3,0.06137836726622176,0.03543681686357285,5.0,0.9,0.8927072051834429,1.035846799735513,1.035846799735513
45,0.1,3,0,0.8409290352858655,5,0.11745187088180759,0.052526073475249985,1.0,0.4,0.8828864217646096,0.9524770282513977,0.9524770282513977
45,0.5,1,0,0.9346839127598423,4,0.05329985083070753,0.026649925415353767,1.0,0.4,0.8828864217646096,1.058668351577665,1.058668351577665
45,0.5,1,1,0.963096203811472,1,,,5.0,0.9,0.8927072051834429,1.0788489195777968,1.0788489195777968
45,0.5,2,0,0.858387833350519,5,0.21744570403186042,0.09724467512610799,1.0,0.4,0.8828864217646096,0.9722517100612719,0.9722517100612719
45,0.5,3,0,0.8014067768288768,4,0.21250683501975745,0.10625341750987873,1.0,0.4,0.8828864217646096,0.9077122006555715,0.9077122006555715
45,0.5,3,1,0.7703357401393693,1,,,5.0,0.9,0.8927072051834429,0.8629209394373294,0.8629209394373294
45,0.9,1,0,0.8611361868240754,4,0.07958752947962808,0.03979376473981404,1.0,0.4,0.8828864217646096,0.9753646285588328,0.9753646285588328
45,0.9,1,1,0.960894134849978,1,,,5.0,0.9,0.8927072051834429,1.0763821881022269,1.0763821881022269
45,0.9,2,0,0.9085863531811569,5,0.11696717115737143,0.05230930916874705,1.0,0.4,0.8828864217646096,1.0291089893139156,1.0291089893139156
45,0.9,3,0,0.9504534106660586,5,0.116450454904865,0.05207822663561038,1.0,0.4,0.8828864217646096,1.0765296500612207,1.0765296500612207
46,0.1,1,1,0.9913079602451722,5,0.12718478199862035,0.05687876365048133,5.0,0.9,0.9605903733409389,1.0319778208867505,1.0319778208867505
46,0.1,2,1,0.9969724797776027,5,0.06701954623144178,0.029972052238938732,5.0,0.9,0.9605903733409389,1.0378747356275564,1.0378747356275564
46,0.1,3,0,0.9612992712947351,2,0.011185763423432912,0.007909529169457863,1.0,0.4,0.9068979994749327,1.0599860975008206,1.0599860975008206
46,0.1,3,1,0.8934906800000416,3,0.053578105272797515,0.030933333501919756,5.0,0.9,0.9605903733409389,0.9301474434856929,0.9301474434856929
46,0.5,1,0,0.8949329465980638,5,0.14472682645892723,0.06472380442599529,1.0,0.4,0.9068979994749327,0.9868066167487454,0.9868066167487454
46,0.5,2,0,0.8418004319646819,5,0.20877093999811153,0.09336520271246143,1.0,0.4,0.9068979994749327,0.9282195268399088,0.9282195268399088
46,0.5,3,0,0.9064858956653156,5,0.22287854364223736,0.09967431486203926,1.0,0.4,0.9068979994749327,0.9995455896805863,0.9995455896805863
46,0.9,1,0,0.8461435685576413,5,0.16183897871147768,0.07237659156160108,1.0,0.4,0.9068979994749327,0.9330085291262453,0.9330085291262453
46,0.9,2,0,1.0231978432058249,5,0.06376095382708452,0.02851476541351727,1.0,0.4,0.9068979994749327,1.128239166695953,1.128239166695953
46,0.9,3,0,0.8744260390382659,5,0.18236775841913472,0.08155734094588896,1.0,0.4,0.9068979994749327,0.9641944734077403,0.9641944734077403
47,0.1,1,0,0.9247890395802809,2,0.004933023622079919,0.003488174454926135,1.0,0.4,0.8056151699795138,1.1479290286996429,1.1479290286996429
47,0.1,1,1,0.8312947134785182,3,0.09594786182940913,0.05539552385537839,5.0,0.9,0.8837498419450622,0.9406448228029162,0.9406448228029162
47,0.1,2,1,0.8429674615530471,5,0.047496823355833835,0.021241225147788825,5.0,0.9,0.8837498419450622,0.9538530266639071,0.9538530266639071
47,0.1,3,0,0.7038429315198084,3,0.195699426172413,0.11298711638089795,1.0,0.4,0.8056151699795138,0.8736713976447422,0.8736713976447422
47,0.1,3,1,0.8968180166283188,2,0.035514757733575084,0.025112726025608323,5.0,0.9,0.8837498419450622,1.014787187576175,1.014787187576175
47,0.5,1,0,0.9213008651253547,1,,,1.0,0.4,0.8056151699795138,1.1435992015254415,1.1435992015254415
47,0.5,1,1,0.9147757251792172,4,0.02671985488910576,0.01335992744455288,5.0,0.9,0.8837498419450622,1.0351070877318287,1.0351070877318287
47,0.5,2,0,0.928277214035207,1,,,1.0,0.4,0.8056151699795138,1.1522588558738442,1.1522588558738442
47,0.5,2,1,0.9238514404288222,4,0.005299949674706768,0.002649974837353384,5.0,0.9,0.8837498419450622,1.045376640063097,1.045376640063097
47,0.5,3,0,0.8047207842736587,5,0.16315397876607665,0.07296467746410093,1.0,0.4,0.8056151699795138,0.9988898102478907,0.9988898102478907
47,0.9,1,0,0.6583695177041046,2,0.23269803315161275,0.1645423572102774,1.0,0.4,0.8056151699795138,0.8172258197680742,0.8172258197680742
47,0.9,1,1,0.9257399033344775,3,0.00403160994246592,0.0023276510855502705,5.0,0.9,0.8837498419450622,1.047513515020267,1.047513515020267
47,0.9,2,0,0.6937693471226852,3,0.19668073178663437,0.11355367344142595,1.0,0.4,0.8056151699795138,0.8611671837563925,0.8611671837563925
47,0.9,2,1,0.9507515488579756,2,0.051368415734235014,0.03632295510448732,5.0,0.9,0.8837498419450622,1.0758152406176933,1.0758152406176933
47,0.9,3,0,0.8098516604750108,3,0.20847318942006898,0.12036205203049667,1.0,0.4,0.8056151699795138,1.0052587024839723,1.0052587024839723
47,0.9,3,1,0.7837999261001212,2,0.062936922130027,0.04450312442515177,5.0,0.9,0.8837498419450622,0.8869024795241158,0.8869024795241158
48,0.1,1,1,0.9423214419273723,5,0.023785786622229237,0.010637327157121935,5.0,0.9,0.9563580911867207,0.9853228101600201,0.9853228101600201
48,0.1,2,0,0.9926508454859955,1,,,1.0,0.4,0.977451375589287,1.0155501033363885,1.0155501033363885
48,0.1,2,1,0.9392260417183056,4,0.0571070699045955,0.02855353495229775,5.0,0.9,0.9563580911867207,0.9820861561936949,0.9820861561936949
48,0.1,3,0,0.9590941254432866,3,0.036721634743855924,0.021201245704448334,1.0,0.4,0.977451375589287,0.9812192702323089,0.9812192702323089
48,0.1,3,1,0.9786351561217553,2,0.009956828132392168,0.007040540691523488,5.0,0.9,0.9563580911867207,1.0232936440234344,1.0232936440234344
48,0.5,1,0,0.9505090780295263,3,0.04262277179684814,0.024608268770518263,1.0,0.4,0.977451375589287,0.9724361761284365,0.9724361761284365
48,0.5,1,1,0.9652497249794492,2,0.038130426037509435,0.026962282820655017,5.0,0.9,0.9563580911867207,1.0092973896228505,1.0092973896228505
48,0.5,2,0,0.9906810924435602,5,0.026348592479104833,0.011783448778943622,1.0,0.4,0.977451375589287,1.0135349104668223,1.0135349104668223
48,0.5,3,0,0.9723986186918875,5,0.03555046976484178,0.015898653405247435,1.0,0.4,0.977451375589287,0.9948306820946942,0.9948306820946942
48,0.9,1,0,0.9723618061396392,5,0.061784740435865064,0.027630975917354854,1.0,0.4,0.977451375589287,0.9947930203212622,0.9947930203212622
48,0.9,2,0,1.0162760478985966,5,0.014343093967750287,0.0064144266239113635,1.0,0.4,0.977451375589287,1.0397203106762247,1.0397203106762247
48,0.9,3,0,0.9656393905818034,5,0.04758556789869483,0.02128091291388269,1.0,0.4,0.977451375589287,0.9879155267438624,0.9879155267438624
49,0.1,1,0,1.0156339608252087,1,,,1.0,0.4,1.0096562540532852,1.0059205365667037,1.0059205365667037
49,0.1,1,1,1.043176219320391,4,0.03159364072171365,0.015796820360856827,5.0,0.9,1.0461867733110863,0.9971223551401179,0.9971223551401179
49,0.1,2,1,1.0358302184803692,5,0.020152488224370026,0.009012466717091081,5.0,0.9,1.0461867733110863,0.9901006635766005,0.9901006635766005
49,0.1,3,1,1.0167886808302415,5,0.021158438941249774,0.009462341554082635,5.0,0.9,1.0461867733110863,0.971899766627901,0.971899766627901
49,0.5,1,0,0.9928764123654903,2,0.033591848998268316,0.023753024219270058,1.0,0.4,1.0096562540532852,0.9833806390834189,0.9833806390834189
49,0.5,1,1,1.0638969862338763,3,0.028792861087560503,0.016623566099642557,5.0,0.9,1.0461867733110863,1.016928347188656,1.016928347188656
49,0.5,2,0,0.9988756690486138,5,0.03461371617050235,0.01547972446222539,1.0,0.4,1.0096562540532852,0.9893225194600712,0.9893225194600712
49,0.5,3,0,1.0001341738482687,5,0.022797849727258367,0.010195508346194948,1.0,0.4,1.0096562540532852,0.9905689880424254,0.9905689880424254
49,0.9,1,0,1.0260154126862016,4,0.019276041287893484,0.009638020643946742,1.0,0.4,1.0096562540532852,1.0162027012334567,1.0162027012334567
49,0.9,1,1,1.0712417616905534,1,,,5.0,0.9,1.0461867733110863,1.0239488674667243,1.0239488674667243
49,0.9,2,0,1.0064710449656222,5,0.022015847161859396,0.009845786167232685,1.0,0.4,1.0096562540532852,0.9968452539417492,0.9968452539417492
49,0.9,3,0,1.0275871046335905,5,0.021767954100028956,0.009734925019752,1.0,0.4,1.0096562540532852,1.0177593616721745,1.0177593616721745
50,0.1,1,1,0.9779402318985986,5,0.10207664328372837,0.04565006265948279,5.0,0.9,1.0115330721439924,0.9667901711071175,0.9667901711071175
50,0.1,2,0,0.7626211149194625,1,,,1.0,0.4,0.8488446052598112,0.8984225265660283,0.8984225265660283
50,0.1,2,1,1.0325787150427312,4,0.05378120864399333,0.026890604321996664,5.0,0.9,1.0115330721439924,1.0208056893820898,1.0208056893820898
50,0.1,3,0,0.7963559670582654,4,0.05543441544010746,0.02771720772005373,1.0,0.4,0.8488446052598112,0.9381646088385279,0.9381646088385279
50,0.1,3,1,1.0486431131592422,1,,,5.0,0.9,1.0115330721439924,1.0366869280275666,1.0366869280275666
50,0.5,1,0,0.8957649248756945,3,0.048039748710428105,0.027735761849767646,1.0,0.4,0.8488446052598112,1.0552755113540742,1.0552755113540742
50,0.5,1,1,1.0065646008354874,2,0.07035044620385887,0.04974527757024801,5.0,0.9,1.0115330721439924,0.9950881770993666,0.9950881770993666
50,0.5,2,0,0.8604202658177669,4,0.14039389678020445,0.07019694839010222,1.0,0.4,0.8488446052598112,1.0136369607419637,1.0136369607419637
50,0.5,2,1,0.9505244592963891,1,,,5.0,0.9,1.0115330721439924,0.9396869815454549,0.9396869815454549
50,0.5,3,0,0.827473747227053,5,0.048779958830467804,0.02181506077691343,1.0,0.4,0.8488446052598112,0.9748235920917268,0.9748235920917268
50,0.9,1,0,0.8695686498705912,3,0.07771772199973752,0.04487034771735296,1.0,0.4,0.8488446052598112,1.0244144151737136,1.0244144151737136
50,0.9,1,1,1.0529473126315052,2,0.010851742209008405,0.007673340503678128,5.0,0.9,1.0115330721439924,1.0409420528384044,1.0409420528384044
50,0.9,2,0,0.9342664061340225,4,0.08235089256918542,0.04117544628459271,1.0,0.4,0.8488446052598112,1.1006330255795944,1.1006330255795944
50,0.9,3,0,0.8442857661756336,5,0.14668837407572627,0.06560103518844836,1.0,0.4,0.8488446052598112,0.9946293596543713,0.9946293596543713
51,0.1,1,1,1.1780889815699096,5,0.04433740866729569,0.019828291945252305,5.0,0.9,1.1366210764351583,1.0364834912834884,1.0364834912834884
51,0.1,2,1,1.108917731610374,5,0.11948677827850265,0.053436111728635445,5.0,0.9,1.1366210764351583,0.9756265782861675,0.9756265782861675
51,0.1,3,1,1.168728870704696,5,0.04187026733536108,0.01872495279959127,5.0,0.9,1.1366210764351583,1.0282484593460461,1.0282484593460461
51,0.5,1,1,1.201729545257907,5,0.050071860929102645,0.022392816959477858,5.0,0.9,1.1366210764351583,1.0572824753760082,1.0572824753760082
51,0.5,2,1,1.1826368637495803,5,0.13171532770265176,0.058904885284358104,5.0,0.9,1.1366210764351583,1.0404847211339276,1.0404847211339276
51,0.5,3,0,1.2111252251557445,3,0.06867637297855145,0.039650322426133824,1.0,0.4,1.1762970321263415,1.0296083319758493,1.0296083319758493
51,0.5,3,1,1.0783173809114461,2,0.0010789380675162348,0.0007629244240210387,5.0,0.9,1.1366210764351583,0.9487043688239769,0.9487043688239769
51,0.9,1,0,1.1545447683256942,1,,,1.0,0.4,1.1762970321263415,0.9815078477573588,0.9815078477573588
51,0.9,1,1,1.1948991579111043,4,0.0008310705672951007,0.00041553528364755035,5.0,0.9,1.1366210764351583,1.0512730959192895,1.0512730959192895
51,0.9,2,0,1.1971438584132161,4,0.052401821124942495,0.026200910562471248,1.0,0.4,1.1762970321263415,1.0177224168024896,1.0177224168024896
51,0.9,2,1,0.9796500797662496,1,,,5.0,0.9,1.1366210764351583,0.8618968098310963,0.8618968098310963
51,0.9,3,0,1.1423742766107114,5,0.08033929983775155,0.03592882714039006,1.0,0.4,1.1762970321263415,0.9711614034643025,0.9711614034643025
52,0.1,1,0,1.0349152614633612,3,0.2664669373264078,0.15384475799553668,1.0,0.4,1.068120636506829,0.9689123363892095,0.9689123363892095
52,0.1,1,1,1.0136390999794107,2,0.387298804740164,0.2738616111772145,5.0,0.9,1.128399704149136,0.8982979136313581,0.8982979136313581
52,0.1,2,0,0.9780844151657172,4,0.2145152825226499,0.10725764126132495,1.0,0.4,1.068120636506829,0.9157059434451474,0.9157059434451474
52,0.1,2,1,0.7312199535433679,1,,,5.0,0.9,1.128399704149136,0.6480150170676804,0.6480150170676804
52,0.1,3,0,1.0902541474696352,5,0.32102062237942625,0.14356478676393747,1.0,0.4,1.068120636506829,1.0207219205455962,1.0207219205455962
52,0.5,1,0,0.9366824963105866,2,0.26468176165901247,0.18715826852548925,1.0,0.4,1.068120636506829,0.876944480142153,0.876944480142153
52,0.5,1,1,1.1761600166515092,3,0.3314544258718643,0.1913653020012137,5.0,0.9,1.128399704149136,1.042325704559083,1.042325704559083
52,0.5,2,0,1.0171590791720562,3,0.3411045383049635,0.1969367970121737,1.0,0.4,1.068120636506829,0.9522885752854313,0.9522885752854313
52,0.5,2,1,1.3540445596057187,2,0.030751752396279752,0.021744772652779073,5.0,0.9,1.128399704149136,1.1999689069634496,1.1999689069634496
52,0.5,3,0,1.0677241932350394,5,0.29197422388576777,0.1305748424572639,1.0,0.4,1.068120636506829,0.9996288403591882,0.9996288403591882
52,0.9,1,0,1.1916971916971917,2,0.24865293404362115,0.17582417582417584,1.0,0.4,1.068120636506829,1.1156953165838142,1.1156953165838142
52,0.9,1,1,1.3669348909656744,3,0.056639851846834254,0.03270103371063028,5.0,0.9,1.128399704149136,1.2113924577784294,1.2113924577784294
52,0.9,2,0,1.102588957449257,5,0.26681506784488296,0.11932332582447532,1.0,0.4,1.068120636506829,1.0322700636654234,1.0322700636654234
52,0.9,3,0,1.1939799865986174,5,0.22959459010447503,0.10267782214796134,1.0,0.4,1.068120636506829,1.1178325235840378,1.1178325235840378
53,0.1,1,0,0.803082141421667,1,,,1.0,0.4,0.868607933799688,0.9245622911923205,0.9245622911923205
53,0.1,1,1,1.0001953309243214,4,0.16521694927211317,0.08260847463605658,5.0,0.9,1.030142506608182,0.970929094283796,0.970929094283796
53,0.1,2,0,0.8854486901773455,2,0.11648389033614535,0.08236654875567853,1.0,0.4,0.868607933799688,1.0193882138561505,1.0193882138561505
53,0.1,2,1,1.0407575188679106,3,0.14605203181799672,0.0843231798858122,5.0,0.9,1.030142506608182,1.0103044114689328,1.0103044114689328
53,0.1,3,0,0.789472498461896,3,0.0243608125612419,0.014064721689911028,1.0,0.4,0.868607933799688,0.9088939528889433,0.9088939528889433
53,0.1,3,1,1.049474670032314,2,0.20362007563074028,0.1439811362642141,5.0,0.9,1.030142506608182,1.0187664942472714,1.0187664942472714
53,0.5,1,0,0.9006201342611405,5,0.13770618489178493,0.061584078068037125,1.0,0.4,0.868607933799688,1.0368546028832784,1.0368546028832784
53,0.5,2,0,0.8239707540946168,5,0.042166361209109,0.01885737000547559,1.0,0.4,0.868607933799688,0.9486106700524738,0.9486106700524738
53,0.5,3,0,0.8312511209528697,5,0.11089419016798512,0.04959338950508071,1.0,0.4,0.868607933799688,0.9569923190968305,0.9569923190968305
53,0.9,1,0,0.901355195831177,5,0.08625540349747057,0.03857458912940346,1.0,0.4,0.868607933799688,1.0377008553079148,1.0377008553079148
53,0.9,2,0,0.9929039924655785,5,0.19059101851355204,0.08523489465944466,1.0,0.4,0.868607933799688,1.1430980006389795,1.1430980006389795
53,0.9,3,0,0.8893668765309016,5,0.09588147999414057,0.04287950141003689,1.0,0.4,0.868607933799688,1.023899094083109,1.023899094083109
54,0.1,1,0,0.8241485477200177,1,,,1.0,0.4,0.8592526606226695,0.9591457617632361,0.9591457617632361
54,0.1,1,1,0.8466051738987195,4,0.015800431350476356,0.007900215675238178,5.0,0.9,0.8830470264795388,0.9587316966276385,0.9587316966276385
54,0.1,2,1,0.8356053400251581,5,0.0037861583812896014,0.0016932215028288232,5.0,0.9,0.8830470264795388,0.9462750170355961,0.9462750170355961
54,0.1,3,0,0.8383886262526239,1,,,1.0,0.4,0.8592526606226695,0.9757183942207102,0.9757183942207102
54,0.1,3,1,0.8370578676546999,4,0.0045305124396553716,0.0022652562198276858,5.0,0.9,0.8830470264795388,0.9479199210848546,0.9479199210848546
54,0.5,1,0,0.8215925802596099,2,0.004445327816124172,0.0031433214433785883,1.0,0.4,0.8592526606226695,0.9561711216165817,0.9561711216165817
54,0.5,1,1,0.9515412209579902,3,0.18623098909454322,0.1075205116851848,5.0,0.9,0.8830470264795388,1.077565738204814,1.077565738204814
54,0.5,2,0,0.8389350654261083,2,0.0033825612187483116,0.002391831975555564,1.0,0.4,0.8592526606226695,0.9763543412459872,0.9763543412459872
54,0.5,2,1,0.8634173971412104,3,0.02775816666485986,0.01602618499616734,5.0,0.9,0.8830470264795388,0.9777705730842147,0.9777705730842147
54,0.5,3,0,0.8628354756570074,5,0.06471875960647412,0.028943109179908732,1.0,0.4,0.8592526606226695,1.0041696874487902,1.0041696874487902
54,0.9,1,0,0.8323725280667639,3,0.011706013678808747,0.006758470148597671,1.0,0.4,0.8592526606226695,0.9687168468743216,0.9687168468743216
54,0.9,1,1,1.0156380902717366,2,0.2628843177353105,0.18588728373823704,5.0,0.9,0.8830470264795388,1.150151758418576,1.150151758418576
54,0.9,2,0,1.0168311363585223,4,0.14869823115864858,0.07434911557932429,1.0,0.4,0.8592526606226695,1.1833901516483654,1.1833901516483654
54,0.9,2,1,0.831464095407257,1,,,5.0,0.9,0.8830470264795388,0.9415852955443058,0.9415852955443058
54,0.9,3,0,0.8389173252407028,5,0.011326266030344298,0.005065260155019309,1.0,0.4,0.8592526606226695,0.9763336951820081,0.9763336951820081
55,0.1,1,0,0.6479337390836906,5,0.15930883292194145,0.0712450759659235,1.0,0.4,0.6673602286734516,0.9708905494287904,0.9708905494287904
55,0.1,2,0,0.5934034186624813,4,0.1522580013976328,0.0761290006988164,1.0,0.4,0.6673602286734516,0.8891800757171605,0.8891800757171605
55,0.1,2,1,0.7540014910674017,1,,,5.0,0.9,0.7704083867268569,0.9787036383012895,0.9787036383012895
55,0.1,3,0,0.621144350952111,4,0.15243738915383503,0.07621869457691752,1.0,0.4,0.6673602286734516,0.9307482290138769,0.9307482290138769
55,0.1,3,1,0.8207800015028931,1,,,5.0,0.9,0.7704083867268569,1.0653830041882646,1.0653830041882646
55,0.5,1,0,0.620420996114374,5,0.12262123247972652,0.05483788226189472,1.0,0.4,0.6673602286734516,0.9296643243898707,0.9296643243898707
55,0.5,2,0,0.6813038267327189,4,0.12733816005581391,0.06366908002790696,1.0,0.4,0.6673602286734516,1.020893660515227,1.020893660515227
55,0.5,2,1,0.7531384599826241,1,,,5.0,0.9,0.7704083867268569,0.9775834128473011,0.9775834128473011
55,0.5,3,0,0.803471473943003,4,0.03395645674477079,0.016978228372385395,1.0,0.4,0.6673602286734516,1.2039546850733183,1.2039546850733183
55,0.5,3,1,0.7537135943545085,1,,,5.0,0.9,0.7704083867268569,0.9783299446631447,0.9783299446631447
55,0.9,1,0,0.7498225935595844,5,0.12546469672678495,0.0561095181314973,1.0,0.4,0.6673602286734516,1.1235649973479056,1.1235649973479056
55,0.9,2,0,0.5680253203172765,5,0.12299384866855588,0.055004521287442584,1.0,0.4,0.6673602286734516,0.8511524899324184,0.8511524899324184
55,0.9,3,0,0.720716338695824,5,0.08632781285824119,0.03860697157998154,1.0,0.4,0.6673602286734516,1.0799509885814311,1.0799509885814311
56,0.1,1,1,0.9394294087143755,5,0.05778769472311301,0.025843442732777312,5.0,0.9,0.9463290049553335,0.9927090935553818,0.9927090935553818
56,0.1,2,0,0.9816891956667626,1,,,1.0,0.4,0.9828268393308128,0.9988424780250966,0.9988424780250966
56,0.1,2,1,0.9336682328893,4,0.03842175540080956,0.01921087770040478,5.0,0.9,0.9463290049553335,0.9866211729750046,0.9866211729750046
56,0.1,3,0,0.9224284528599968,2,0.08890209178830018,0.06286327196517594,1.0,0.4,0.9828268393308128,0.9385462585536023,0.9385462585536023
56,0.1,3,1,0.9095902104603537,3,0.012700985498291227,0.007332917396411974,5.0,0.9,0.9463290049553335,0.9611775668899488,0.9611775668899488
56,0.5,1,0,0.9518529879536759,2,0.05373395547705303,0.03799564429780022,1.0,0.4,0.9828268393308128,0.968484935354201,0.968484935354201
56,0.5,1,1,0.9842331462121737,3,0.03609262124909815,0.020838084593926026,5.0,0.9,0.9463290049553335,1.0400538724464325,1.0400538724464325
56,0.5,2,0,0.988239091212228,3,0.041883121077564214,0.02418123122863339,1.0,0.4,0.9828268393308128,1.0055068214102703,1.0055068214102703
56,0.5,2,1,0.964724026500464,2,0.04452203109627269,0.031481830100372754,5.0,0.9,0.9463290049553335,1.019438294133232,1.019438294133232
56,0.5,3,0,0.9880334015018514,5,0.03059966993429098,0.013684588412426231,1.0,0.4,0.9828268393308128,1.005297537636013,1.005297537636013
56,0.9,1,0,0.9892473960837833,5,0.01824456575341411,0.008159217848919723,1.0,0.4,0.9828268393308128,1.0065327446260444,1.0065327446260444
56,0.9,2,0,1.0227041276124762,5,0.07992526477649727,0.03574366503198348,1.0,0.4,0.9828268393308128,1.0405740733625213,1.0405740733625213
56,0.9,3,0,1.0184200617557289,5,0.03200969976891429,0.014315172924530332,1.0,0.4,0.9828268393308128,1.0362151510322517,1.0362151510322517
57,0.1,1,0,0.6173614054919694,1,,,1.0,0.4,0.6489707390020216,0.951293129858735,0.951293129858735
57,0.1,1,1,0.6818526181223689,4,0.04527117286424153,0.022635586432120765,5.0,0.9,0.7519674151251147,0.9067581977723331,0.9067581977723331
57,0.1,2,0,0.6384513313688056,4,0.060219320745519826,0.030109660372759913,1.0,0.4,0.6489707390020216,0.9837906287587131,0.9837906287587131
57,0.1,2,1,0.6923948138005647,1,,,5.0,0.9,0.7519674151251147,0.9207776824815765,0.9207776824815765
57,0.1,3,0,0.6309417773507217,2,0.018687089489579485,0.013213767698721512,1.0,0.4,0.6489707390020216,0.9722191455364773,0.9722191455364773
57,0.1,3,1,0.6945149672770091,3,0.04202494878575413,0.024263115494135384,5.0,0.9,0.7519674151251147,0.923597157679304,0.923597157679304
57,0.5,1,0,0.6178013914540496,1,,,1.0,0.4,0.6489707390020216,0.951971104897728,0.951971104897728
57,0.5,1,1,0.7097019500410172,4,0.033262073054778324,0.016631036527389162,5.0,0.9,0.7519674151251147,0.9437934886087249,0.9437934886087249
57,0.5,2,0,0.6530539059943281,5,0.037761582479784096,0.016887493072552464,1.0,0.4,0.6489707390020216,1.0062917582364121,1.0062917582364121
57,0.5,3,0,0.6425631244530701,4,0.024964834463142294,0.012482417231571147,1.0,0.4,0.6489707390020216,0.990126496983816,0.990126496983816
57,0.5,3,1,0.84545998720251,1,,,5.0,0.9,0.7519674151251147,1.1243306161901174,1.1243306161901174
57,0.9,1,0,0.6837151315315797,2,0.042370902223182426,0.029960752287004455,1.0,0.4,0.6489707390020216,1.0535376873585818,1.0535376873585818
57,0.9,1,1,0.7878325955225743,3,0.000413254416506398,0.00023859254861377063,5.0,0.9,0.7519674151251147,1.0476951257143134,1.0476951257143134
57,0.9,2,0,0.6871812642348077,3,0.044010950040397255,0.025409733853114527,1.0,0.4,0.6489707390020216,1.0588786565193151,1.0588786565193151
57,0.9,2,1,0.8520149739097588,2,0.09043016916238723,0.06394378583857062,5.0,0.9,0.7519674151251147,1.1330477315536311,1.1330477315536311
57,0.9,3,0,0.6696673191388625,5,0.030722016923344288,0.013739303649299353,1.0,0.4,0.6489707390020216,1.0318913918502208,1.0318913918502208
58,0.1,1,1,0.885499235332406,5,0.034143848983380076,0.015269593468064988,5.0,0.9,0.9202260493730765,0.9622627352656135,0.9622627352656135
58,0.1,2,0,0.9068970334976079,1,,,1.0,0.4,0.9215957826403209,0.9840507634479382,0.9840507634479382
58,0.1,2,1,0.9312249663758607,4,0.04614269423352625,0.023071347116763126,5.0,0.9,0.9202260493730765,1.0119524077918436,1.0119524077918436
58,0.1,3,0,0.8796808071207393,3,0.04332739267686761,0.025015081825274135,1.0,0.4,0.9215957826403209,0.954519132672789,0.954519132672789
58,0.1,3,1,0.953833246971155,2,0.06253289668054839,0.04421743529005351,5.0,0.9,0.9202260493730765,1.0365205892845286,1.0365205892845286
58,0.5,1,0,0.9772722822991802,4,0.08496506267983889,0.042482531339919444,1.0,0.4,0.9215957826403209,1.0604131450117416,1.0604131450117416
58,0.5,1,1,0.9079523664640661,1,,,5.0,0.9,0.9202260493730765,0.9866623174627884,0.9866623174627884
58,0.5,2,0,0.9486004238771111,3,0.1392218761996622,0.08037978770095973,1.0,0.4,0.9215957826403209,1.0293020451541384,1.0293020451541384
58,0.5,2,1,0.9041942604856512,1,,,5.0,0.9,0.9202260493730765,0.9825784230968605,0.9825784230968605
58,0.5,3,0,0.8901417560042318,4,0.03981127194653049,0.019905635973265244,1.0,0.4,0.9215957826403209,0.965870040609371,0.965870040609371
58,0.5,3,1,0.9141836848566008,1,,,5.0,0.9,0.9202260493730765,0.9934338258294338,0.9934338258294338
58,0.9,1,0,0.8952314507089465,3,0.020890469928990914,0.012061118437000687,1.0,0.4,0.9215957826403209,0.9713927380875789,0.9713927380875789
58,0.9,1,1,0.95711881473493,2,0.05582588129725842,0.03947485923100668,5.0,0.9,0.9202260493730765,1.0400909813268027,1.0400909813268027
58,0.9,2,0,0.9076291180086712,4,0.004426497416374776,0.002213248708187388,1.0,0.4,0.9215957826403209,0.9848451296167654,0.9848451296167654
58,0.9,2,1,0.9078018197639421,1,,,5.0,0.9,0.9202260493730765,0.9864987199421288,0.9864987199421288
58,0.9,3,0,0.9673133896060794,5,0.0866312508939011,0.03874267319492045,1.0,0.4,0.9215957826403209,1.0496070053996776,1.0496070053996776
59,0.1,1,1,0.8871337536660624,5,0.04058205504703227,0.018148846750360517,5.0,0.9,0.8488238459414396,1.045132930593076,1.045132930593076
59,0.1,2,0,0.7971675387405723,2,0.010495064131875162,0.007421131016636633,1.0,0.4,0.8539433490074438,0.9335133761122876,0.9335133761122876
59,0.1,2,1,0.8500271805055569,3,0.05553203450759306,0.03206143507160644,5.0,0.9,0.8488238459414396,1.0014176493389895,1.0014176493389895
59,0.1,3,0,0.8413684739092,4,0.052385690948464965,0.026192845474232482,1.0,0.4,0.8539433490074438,0.9852743450571283,0.9852743450571283
59,0.1,3,1,0.7924698256228041,1,,,5.0,0.9,0.8488238459414396,0.9336092870292392,0.9336092870292392
59,0.5,1,0,0.903286985478162,1,,,1.0,0.4,0.8539433490074438,1.0577832669205414,1.0577832669205414
59,0.5,1,1,0.8788030150829478,4,0.03110163368927028,0.01555081684463514,5.0,0.9,0.8488238459414396,1.035318481313703,1.035318481313703
59,0.5,2,0,0.8781079951650679,4,0.057641105808618275,0.028820552904309137,1.0,0.4,0.8539433490074438,1.0282977157509465,1.0282977157509465
59,0.5,2,1,0.7904247384234597,1,,,5.0,0.9,0.8488238459414396,0.9311999682888165,0.9311999682888165
59,0.5,3,0,0.8109729497078343,5,0.024862015001432303,0.011118631120164433,1.0,0.4,0.8539433490074438,0.94968003515742,0.94968003515742
59,0.9,1,0,0.8529798198710399,4,0.07642751802375732,0.03821375901187866,1.0,0.4,0.8539433490074438,0.998871670893012,0.998871670893012
59,0.9,1,1,0.8936402312643176,1,,,5.0,0.9,0.8488238459414396,1.0527982166584537,1.0527982166584537
59,0.9,2,0,0.8772844053557356,3,0.06061403765746147,0.0349955309582055,1.0,0.4,0.8539433490074438,1.0273332608953762,1.0273332608953762
59,0.9,2,1,0.849268177024928,2,0.006815308917303866,0.00481915115130671,5.0,0.9,0.8488238459414396,1.0005234667777219,1.0005234667777219
59,0.9,3,0,0.8703786238319389,5,0.047468228484028575,0.021228437132355935,1.0,0.4,0.8539433490074438,1.019246329213288,1.019246329213288
60,0.1,1,1,0.6782433518944927,5,0.039632846574341914,0.017724347816409636,5.0,0.9,0.6862775263904809,0.9882931114789021,0.9882931114789021
60,0.1,2,0,0.671160268888941,1,,,1.0,0.4,0.8088196333353641,0.8298021477560438,0.8298021477560438
60,0.1,2,1,0.6804649881533212,4,0.007903903662575457,0.003951951831287728,5.0,0.9,0.6862775263904809,0.9915303386550758,0.9915303386550758
60,0.1,3,0,0.7203784800998962,1,,,1.0,0.4,0.8088196333353641,0.8906540474657381,0.8906540474657381
60,0.1,3,1,0.6967331858335342,4,0.023533606294529066,0.011766803147264533,5.0,0.9,0.6862775263904809,1.0152353225058168,1.0152353225058168
60,0.5,1,0,1.1202275462203262,1,,,1.0,0.4,0.8088196333353641,1.3850152741728041,1.3850152741728041
60,0.5,1,1,0.6875387129568574,3,0.016720037581527465,0.009653318198555541,5.0,0.9,0.6862775263904809,1.0018377209188385,1.0018377209188385
60,0.5,2,0,0.6415045596631275,1,,,1.0,0.4,0.8088196333353641,0.7931367306425633,0.7931367306425633
60,0.5,2,1,0.6667191303898659,4,0.09465587884952482,0.04732793942476241,5.0,0.9,0.6862775263904809,0.9715007482417738,0.9715007482417738
60,0.5,3,0,1.2463577755087176,2,0.8096632924948601,0.5725184046009426,1.0,0.4,0.8088196333353641,1.5409588542862873,1.5409588542862873
60,0.5,3,1,0.7057333458247571,3,0.009636467616443614,0.005563617172390832,5.0,0.9,0.6862775263904809,1.0283497837042768,1.0283497837042768
60,0.9,1,0,0.6939836770778418,5,0.023078515719775074,0.01032102599384291,1.0,0.4,0.8088196333353641,0.8580203156246735,0.8580203156246735
60,0.9,2,0,0.7128530394358668,2,0.0404631787047137,0.028611788050466158,1.0,0.4,0.8088196333353641,0.8813498214629685,0.8813498214629685
60,0.9,2,1,0.6885099696805376,2,0.011338592341658345,0.008017595533896471,5.0,0.9,0.6862775263904809,1.0032529744953158,1.0032529744953158
60,0.9,3,0,0.6640917197881956,4,0.049060148410770874,0.024530074205385437,1.0,0.4,0.8088196333353641,0.8210628085889213,0.8210628085889213
61,0.1,1,0,0.9341927468577493,2,0.15141829106645402,0.10706890040876806,1.0,0.4,0.9793427198112207,0.9538976784734005,0.9538976784734005
61,0.1,1,1,0.922343211069624,3,0.15401839448891605,0.08892256151832965,5.0,0.9,0.9204464838269183,1.0020606599905948,1.0020606599905948
61,0.1,2,0,0.9710079971330972,2,0.1522199479892042,0.10763575745502986,1.0,0.4,0.9793427198112207,0.9914894729806843,0.9914894729806843
61,0.1,2,1,0.8353826251281609,3,0.006890329841780346,0.003978133788957195,5.0,0.9,0.9204464838269183,0.9075841342289782,0.9075841342289782
61,0.1,3,0,0.9114628010669651,3,0.16066472214842792,0.09275982058167129,1.0,0.4,0.9793427198112207,0.9306882898385764,0.9306882898385764
61,0.1,3,1,0.8294452272482566,2,0.00847940630903387,0.0059958457015538424,5.0,0.9,0.9204464838269183,0.9011335713942782,0.9011335713942782
61,0.5,1,0,0.9392357755691227,2,0.15935276967848985,0.11267942404051823,1.0,0.4,0.9793427198112207,0.9590470798110093,0.9590470798110093
61,0.5,1,1,1.0012867706974828,3,0.14272629527720854,0.08240306499873437,5.0,0.9,0.9204464838269183,1.0878272537198,1.0878272537198
61,0.5,2,0,1.0501498840549233,2,0.023908430500951604,0.016905813334750164,1.0,0.4,0.9793427198112207,1.0723007000627436,1.0723007000627436
61,0.5,2,1,0.8633713956153711,3,0.0694217454853146,0.04008066344356007,5.0,0.9,0.9204464838269183,0.9379919536720402,0.9379919536720402
61,0.5,3,0,0.990106425034808,5,0.12754800965728053,0.05704120399769578,1.0,0.4,0.9793427198112207,1.0109907441040273,1.0109907441040273
61,0.9,1,0,1.0187945779618675,4,0.058395751347801235,0.029197875673900617,1.0,0.4,0.9793427198112207,1.0402840163638032,1.0402840163638032
61,0.9,1,1,1.0708496732026145,1,,,5.0,0.9,0.9204464838269183,1.1634024269943086,1.1634024269943086
61,0.9,2,0,0.978874129877938,5,0.11849152630728368,0.052991021516158185,1.0,0.4,0.9793427198112207,0.9995215260972451,0.9995215260972451
61,0.9,3,0,1.0202601407445147,5,0.11062167901487141,0.049471518812482886,1.0,0.4,0.9793427198112207,1.0417804922685097,1.0417804922685097
62,0.1,1,1,0.6285658862675911,5,0.1370440003209319,0.06128794012522134,5.0,0.9,0.8243526368237764,0.7624963616170989,0.7624963616170989
62,0.1,2,1,0.6773037727388559,5,0.1509235409878474,0.0674950594107605,5.0,0.9,0.8243526368237764,0.8216189801351295,0.8216189801351295
62,0.1,3,1,0.7540649027527457,5,0.07506213665734322,0.033568808020439656,5.0,0.9,0.8243526368237764,0.9147358412755873,0.9147358412755873
62,0.5,1,1,0.7589801495803487,5,0.13352562568235307,0.05971447515278664,5.0,0.9,0.8243526368237764,0.9206983949304665,0.9206983949304665
62,0.5,2,1,0.9016906956548038,5,0.22933660600687192,0.10256244815209044,5.0,0.9,0.8243526368237764,1.093816717963092,1.093816717963092
62,0.5,3,0,0.7814407814407814,1,,,1.0,0.4,0.8567996309571836,0.9120461228114511,0.9120461228114511
62,0.5,3,1,0.9749895425898694,4,0.14069049426097727,0.07034524713048863,5.0,0.9,0.8243526368237764,1.182733576672352,1.182733576672352
62,0.9,1,1,0.7046234358547049,5,0.2105684409568855,0.09416906957914938,5.0,0.9,0.8243526368237764,0.8547597282755265,0.8547597282755265
62,0.9,2,0,0.7053534595602203,3,0.08899935939752872,0.05138380410586746,1.0,0.4,0.8567996309571836,0.8232420207420335,0.8232420207420335
62,0.9,2,1,0.8510721342962357,2,0.001610132145448142,0.0011385353586528255,5.0,0.9,0.8243526368237764,1.0324127033491508,1.0324127033491508
62,0.9,3,0,1.083604651870549,4,0.5261202292233772,0.2630601146116886,1.0,0.4,0.8567996309571836,1.2647118564465156,1.2647118564465156
62,0.9,3,1,1.167883211678832,1,,,5.0,0.9,0.8243526368237764,1.4167276957815966,1.4167276957815966
63,0.1,1,1,0.9144715603675729,5,0.11830782611939708,0.0529088682946394,5.0,0.9,0.9562985598374573,0.9562615680640639,0.9562615680640639
63,0.1,2,1,0.911948577149517,5,0.09376660004062723,0.041933698341975405,5.0,0.9,0.9562985598374573,0.9536232882171459,0.9536232882171459
63,0.1,3,1,0.920714367542933,5,0.07872927445832249,0.0352088019016094,5.0,0.9,0.9562985598374573,0.9627896623617498,0.9627896623617498
63,0.5,1,0,3.246413568994214,1,,,1.0,0.4,1.5275172693714085,2.1252876377169545,2.1252876377169545
63,0.5,1,1,0.9718597372931432,4,0.14658486410859234,0.07329243205429617,5.0,0.9,0.9562985598374573,1.0162723004187426,1.0162723004187426
63,0.5,2,0,1.0123641752844423,2,0.08901249534552029,0.06294133906915339,1.0,0.4,1.5275172693714085,0.6627513780587516,0.6627513780587516
63,0.5,2,1,1.00873596062502,3,0.07140602882739236,0.04122628996525716,5.0,0.9,0.9562985598374573,1.0548337130158132,1.0548337130158132
63,0.5,3,0,0.933477495165136,5,0.1139745003619678,0.05097094610218687,1.0,0.4,1.5275172693714085,0.6111076541539023,0.6111076541539023
63,0.9,1,0,1.0355711321982752,4,0.08866634206286543,0.044333171031432715,1.0,0.4,1.5275172693714085,0.6779439767803247,0.6779439767803247
63,0.9,1,1,1.0100611560465573,1,,,5.0,0.9,0.9562985598374573,1.0562194679224846,1.0562194679224846
63,0.9,2,0,1.894906446545536,5,1.216668471136166,0.5441106815082415,1.0,0.4,1.5275172693714085,1.2405139271029733,1.2405139271029733
63,0.9,3,0,1.0423707980408476,5,0.05390202985229573,0.02410572057499124,1.0,0.4,1.5275172693714085,0.6823954261870935,0.6823954261870935
64,0.1,1,0,0.9539358503895219,3,0.11956872517856558,0.06903303566850523,1.0,0.4,0.9770062635330969,0.976386627184818,0.976386627184818
64,0.1,1,1,0.8936006677230015,2,0.0527396380294713,0.03729255568796308,5.0,0.9,0.9210309550136369,0.9702178443174809,0.9702178443174809
64,0.1,2,0,0.9709113894519102,5,0.03828263005441535,0.01712051263182984,1.0,0.4,0.9770062635330969,0.9937616837182331,0.9937616837182331
64,0.1,3,0,0.8377411508828103,2,0.09326014078770413,0.06594487796539772,1.0,0.4,0.9770062635330969,0.8574572980252251,0.8574572980252251
64,0.1,3,1,0.9539960795109561,3,0.024316836099125983,0.014039331867670396,5.0,0.9,0.9210309550136369,1.0357915489353244,1.0357915489353244
64,0.5,1,0,1.0079653935337216,5,0.027507373744669522,0.012301671515114798,1.0,0.4,0.9770062635330969,1.0316877497680197,1.0316877497680197
64,0.5,2,0,0.979632266036562,5,0.04346586933346502,0.01943852770615025,1.0,0.4,0.9770062635330969,1.0026878051876236,1.0026878051876236
64,0.5,3,0,0.9955418081807736,4,0.055507891778702426,0.027753945889351213,1.0,0.4,0.9770062635330969,1.0189717766809883,1.0189717766809883
64,0.5,3,1,0.8720304842327791,1,,,5.0,0.9,0.9210309550136369,0.9467982367865885,0.9467982367865885
64,0.9,1,0,1.0080041954652335,4,0.020265285654190484,0.010132642827095242,1.0,0.4,0.9770062635330969,1.031727464898782,1.031727464898782
64,0.9,1,1,0.9644965885878108,1,,,5.0,0.9,0.9210309550136369,1.0471923699606063,1.0471923699606063
64,0.9,2,0,1.0212032926191204,5,0.018855593734602008,0.008432477869337844,1.0,0.4,0.9770062635330969,1.0452372013728919,1.0452372013728919
64,0.9,3,0,1.0181210252382187,5,0.019485525943567467,0.008714192117430518,1.0,0.4,0.9770062635330969,1.042082393163418,1.042082393163418
65,0.1,1,0,0.960803171401093,1,,,1.0,0.4,0.9068820261335302,1.05945772847374,1.05945772847374
65,0.1,1,1,1.0260128810109106,4,0.13305707613052528,0.06652853806526264,5.0,0.9,1.0710980155812717,0.9579075547573543,0.9579075547573543
65,0.1,2,0,0.8314199323483408,4,0.06421546133245212,0.03210773066622606,1.0,0.4,0.9068820261335302,0.9167895143903996,0.9167895143903996
65,0.1,2,1,0.9678753293399024,1,,,5.0,0.9,1.0710980155812717,0.9036290939393146,0.9036290939393146
65,0.1,3,0,0.8967564590977226,4,0.08229653961818625,0.04114826980909313,1.0,0.4,0.9068820261335302,0.9888347472504471,0.9888347472504471
65,0.1,3,1,1.1123256050782442,1,,,5.0,0.9,1.0710980155812717,1.0384909587145474,1.0384909587145474
65,0.5,1,0,0.8160227736321137,3,0.2185665585440808,0.12618946141127516,1.0,0.4,0.9068820261335302,0.899811386836287,0.899811386836287
65,0.5,1,1,1.157075316143635,2,0.2639579995791972,0.1866464914508862,5.0,0.9,1.0710980155812717,1.0802702454039226,1.0802702454039226
65,0.5,2,0,0.9148911022069228,4,0.08697278618013617,0.04348639309006808,1.0,0.4,0.9068820261335302,1.0088314420647844,1.0088314420647844
65,0.5,2,1,1.078188105539625,1,,,5.0,0.9,1.0710980155812717,1.0066194595221107,1.0066194595221107
65,0.5,3,0,0.8330666065354421,4,0.0983043438502379,0.04915217192511895,1.0,0.4,0.9068820261335302,0.9186052678617985,0.9186052678617985
65,0.5,3,1,0.9813262557146919,1,,,5.0,0.9,1.0710980155812717,0.9161871662904149,0.9161871662904149
65,0.9,1,0,0.9737223926746708,4,0.11309293147434196,0.05654646573717098,1.0,0.4,0.9068820261335302,1.0737034858063212,1.0737034858063212
65,0.9,1,1,1.1748826162418926,1,,,5.0,0.9,1.0710980155812717,1.0968955213723353,1.0968955213723353
65,0.9,2,0,1.0196363769967474,5,0.06064084964825638,0.027119412405369095,1.0,0.4,0.9068820261335302,1.1243318839870966,1.1243318839870966
65,0.9,3,0,0.9156194203087191,5,0.10132520244619957,0.04531400810072604,1.0,0.4,0.9068820261335302,1.0096345433291258,1.0096345433291258
66,0.1,1,1,0.9304083085772318,5,0.029506469233125346,0.013195694196254873,5.0,0.9,0.9246657803358301,1.006210382565813,1.006210382565813
66,0.1,2,1,0.9184791390986389,5,0.007830332993436077,0.0035018313719564964,5.0,0.9,0.9246657803358301,0.9933093217368287,0.9933093217368287
66,0.1,3,1,0.9170241112859323,5,0.018592690471088285,0.008314903955593199,5.0,0.9,0.9246657803358301,0.9917357501354463,0.9917357501354463
66,0.5,1,1,0.9731021371211206,5,0.11434290766976912,0.051135702858917165,5.0,0.9,0.9246657803358301,1.0523825557464652,1.0523825557464652
66,0.5,2,0,0.9448619096775681,1,,,1.0,0.4,0.9913951283157795,0.9530628935838491,0.9530628935838491
66,0.5,2,1,0.926377981105573,4,0.018140148030647108,0.009070074015323554,5.0,0.9,0.9246657803358301,1.0018516969116356,1.0018516969116356
66,0.5,3,0,1.0208167880032373,3,0.09749986134298116,0.056291571192321366,1.0,0.4,0.9913951283157795,1.02967702669413,1.02967702669413
66,0.5,3,1,0.9027800716765033,2,1.0794801319728466e-06,7.63307721474149e-07,5.0,0.9,0.9246657803358301,0.9763312224538274,0.9763312224538274
66,0.9,1,0,0.9679691464380624,1,,,1.0,0.4,0.9913951283157795,0.9763706909499202,0.9763706909499202
66,0.9,1,1,0.9272972151105816,4,0.02261298026874303,0.011306490134371515,5.0,0.9,0.9246657803358301,1.0028458225995946,1.0028458225995946
66,0.9,2,0,1.0828833031266525,2,0.16865795990714494,0.11925918715143104,1.0,0.4,0.9913951283157795,1.0922822517458772,1.0922822517458772
66,0.9,2,1,0.9049975960435921,3,0.009073514832931576,0.0052385962312891075,5.0,0.9,0.9246657803358301,0.9787294126045254,0.9787294126045254
66,0.9,3,0,0.940444494333377,1,,,1.0,0.4,0.9913951283157795,0.9486071370262235,0.9486071370262235
66,0.9,3,1,0.9215254630032971,4,0.02138273300946634,0.01069136650473317,5.0,0.9,0.9246657803358301,0.996603835245863,0.996603835245863
67,0.1,1,1,0.8224758964271807,5,0.1994871523537341,0.08921336666016132,5.0,0.9,0.7965832373612842,1.032504649673105,1.032504649673105
67,0.1,2,0,0.8259729784230693,1,,,1.0,0.4,0.7078055584776156,1.1669489855372346,1.1669489855372346
67,0.1,2,1,0.6677897452542437,4,0.1393032485115086,0.0696516242557543,5.0,0.9,0.7965832373612842,0.8383175968732729,0.8383175968732729
67,0.1,3,1,0.9252324864136027,5,0.12556484579927363,0.056154306158290944,5.0,0.9,0.7965832373612842,1.1615013259361,1.1615013259361
67,0.5,1,1,0.8229718705112317,5,0.21265485384734584,0.09510214178958959,5.0,0.9,0.7965832373612842,1.0331272764882184,1.0331272764882184
67,0.5,2,0,0.6770960253802345,2,0.013381636595052624,0.009462245979735773,1.0,0.4,0.7078055584776156,0.9566130376774199,0.9566130376774199
67,0.5,2,1,0.8688409152389839,3,0.1392035469105793,0.08036920528097366,5.0,0.9,0.7965832373612842,1.0907095134427587,1.0907095134427587
67,0.5,3,0,0.6857055018294153,5,0.2114901104390968,0.09458125270215166,1.0,0.4,0.7078055584776156,0.9687766557022606,0.9687766557022606
67,0.9,1,1,0.7417320911283638,5,0.1792215337310054,0.08015030649085991,5.0,0.9,0.7965832373612842,0.9311419778118641,0.9311419778118641
67,0.9,2,0,0.6703479753816262,3,0.13691591927972133,0.07904844285249218,1.0,0.4,0.7078055584776156,0.9470792753075362,0.9470792753075362
67,0.9,2,1,0.6960514096098867,2,0.02381809269901761,0.01684193486240515,5.0,0.9,0.7965832373612842,0.8737962047953538,0.8737962047953538
67,0.9,3,0,0.6799053113737329,3,0.22375669467358925,0.12918598790277766,1.0,0.4,0.7078055584776156,0.9605820457755488,0.9605820457755488
67,0.9,3,1,0.8275714843067805,2,0.016843846341024152,0.011910397969002394,5.0,0.9,0.7965832373612842,1.0389014549793267,1.0389014549793267
68,0.1,1,1,0.4829875392483977,5,0.18462014854616204,0.08256464043306545,5.0,0.9,0.5623779483266911,0.858830863986554,0.858830863986554
68,0.1,2,1,0.5858207944951849,5,0.09100911249698782,0.04070051242303807,5.0,0.9,0.5623779483266911,1.0416852158557177,1.0416852158557177
68,0.1,3,0,0.5265123418381951,2,0.10954088952604754,0.07745710580107466,1.0,0.4,0.5668951969188356,0.9287648664160012,0.9287648664160012
68,0.1,3,1,0.5291713172320561,3,0.11777811777917392,0.06799922800445352,5.0,0.9,0.5623779483266911,0.9409531771410339,0.9409531771410339
68,0.5,1,0,0.43713054683209196,1,,,1.0,0.4,0.5668951969188356,0.7710958731136992,0.7710958731136992
68,0.5,1,1,0.4960513977891294,4,0.18209492863262544,0.09104746431631272,5.0,0.9,0.5623779483266911,0.8820605417852694,0.8820605417852694
68,0.5,2,0,0.7334258471731053,1,,,1.0,0.4,0.5668951969188356,1.2937591483565039,1.2937591483565039
68,0.5,2,1,0.5774248438324331,4,0.1626050703720025,0.08130253518600125,5.0,0.9,0.5623779483266911,1.0267558419573755,1.0267558419573755
68,0.5,3,0,0.4978163257738532,5,0.17309762707052603,0.0774116121747208,1.0,0.4,0.5668951969188356,0.8781452523845026,0.8781452523845026
68,0.9,1,0,0.4747031656535571,1,,,1.0,0.4,0.5668951969188356,0.8373737654396144,0.8373737654396144
68,0.9,1,1,0.5989134665517892,4,0.11211786825902048,0.05605893412951024,5.0,0.9,0.5623779483266911,1.0649661287996917,1.0649661287996917
68,0.9,2,0,0.655940679594981,4,0.07075275794620722,0.03537637897310361,1.0,0.4,0.5668951969188356,1.1570757402075755,1.1570757402075755
68,0.9,2,1,0.708038029386344,1,,,5.0,0.9,0.5623779483266911,1.2590074548496297,1.2590074548496297
68,0.9,3,0,0.6427374715660656,4,0.07823669421868219,0.039118347109341096,1.0,0.4,0.5668951969188356,1.1337853540821032,1.1337853540821032
68,0.9,3,1,0.5206161980781941,1,,,5.0,0.9,0.5623779483266911,0.9257407756247279,0.9257407756247279
69,0.1,1,1,1.1941125567854467,5,0.22139532745936882,0.0990110004199949,5.0,0.9,1.3347276468037887,0.8946488518799572,0.8946488518799572
69,0.1,2,0,1.191737770853722,1,,,1.0,0.4,1.140368637628636,1.0450460767948746,1.0450460767948746
69,0.1,2,1,0.9914744206046966,4,0.2976260119629593,0.14881300598147965,5.0,0.9,1.3347276468037887,0.7428290130791364,0.7428290130791364
69,0.1,3,1,1.3481955580362726,5,0.21710560689085764,0.09709257906086088,5.0,0.9,1.3347276468037887,1.0100903815581663,1.0100903815581663
69,0.5,1,1,1.2500319978679286,5,0.06602398208771147,0.029526822418670266,5.0,0.9,1.3347276468037887,0.9365446208155822,0.9365446208155822
69,0.5,2,0,1.3569858819087872,2,0.20931941622093014,0.1480111786438291,1.0,0.4,1.140368637628636,1.1899537019280018,1.1899537019280018
69,0.5,2,1,1.495641886911408,3,0.5094156715128307,0.2941112750773468,5.0,0.9,1.3347276468037887,1.120559606668037,1.120559606668037
69,0.5,3,0,1.1888363927166563,2,0.0034158239537232246,0.0024153522810171357,1.0,0.4,1.140368637628636,1.0425018309770493,1.0425018309770493
69,0.5,3,1,1.3852982359247932,3,0.0826176936833323,0.04769934768789795,5.0,0.9,1.3347276468037887,1.037888320693816,1.037888320693816
69,0.9,1,0,0.7952242936307733,3,0.08778973213717414,0.05068542548148263,1.0,0.4,1.140368637628636,0.6973396736729094,0.6973396736729094
69,0.9,1,1,1.489059992612567,2,0.22170274271170567,0.1567675127791035,5.0,0.9,1.3347276468037887,1.1156283427396974,1.1156283427396974
69,0.9,2,0,1.2084966479910642,4,0.25530728611462683,0.12765364305731342,1.0,0.4,1.140368637628636,1.059742094016281,1.059742094016281
69,0.9,2,1,1.5240065256871982,1,,,5.0,0.9,1.3347276468037887,1.141810862565608,1.141810862565608
69,0.9,3,0,1.1009308386708134,5,0.2535161891048236,0.11337588644701542,1.0,0.4,1.140368637628636,0.9654166226108846,0.9654166226108846
70,0.1,1,0,0.791812031460017,3,0.06990587028467393,0.04036017302679156,1.0,0.4,0.7884541791724556,1.0042587792369693,1.0042587792369693
70,0.1,1,1,0.8332884910500223,2,0.07572206179152732,0.053543583378215735,5.0,0.9,0.869293280955348,0.9585815389418901,0.9585815389418901
70,0.1,2,0,0.7340081021365074,4,0.15910972217100883,0.07955486108550441,1.0,0.4,0.7884541791724556,0.930945794347753,0.930945794347753
70,0.1,2,1,0.8809549413915475,1,,,5.0,0.9,0.869293280955348,1.0134151047657742,1.0134151047657742
70,0.1,3,0,0.7442122595299607,4,0.09588892438965556,0.04794446219482778,1.0,0.4,0.7884541791724556,0.9438877733022732,0.9438877733022732
70,0.1,3,1,0.8395162943226071,1,,,5.0,0.9,0.869293280955348,0.9657457531478719,0.9657457531478719
70,0.5,1,0,0.7769275502375821,5,0.13719525744826527,0.06135558436898109,1.0,0.4,0.7884541791724556,0.9853807244106796,0.9853807244106796
70,0.5,2,0,0.835462937543288,5,0.11377699936005224,0.05088262096900537,1.0,0.4,0.7884541791724556,1.0596214207655945,1.0596214207655945
70,0.5,3,0,0.7677138872502315,4,0.10991601086366112,0.05495800543183056,1.0,0.4,0.7884541791724556,0.9736949939893873,0.9736949939893873
70,0.5,3,1,0.877350657839062,1,,,5.0,0.9,0.869293280955348,1.009268882045032,1.009268882045032
70,0.9,1,0,0.8100923453576705,4,0.17718745988822648,0.08859372994411324,1.0,0.4,0.7884541791724556,1.0274437839976012,1.0274437839976012
70,0.9,1,1,0.9153560201735003,1,,,5.0,0.9,0.869293280955348,1.052988721099431,1.052988721099431
70,0.9,2,0,0.8112520100416105,5,0.24441128563938538,0.10930404983155677,1.0,0.4,0.7884541791724556,1.028914591959019,1.028914591959019
70,0.9,3,0,0.8246064889952324,5,0.15025752974015857,0.06719721012603817,1.0,0.4,0.7884541791724556,1.0458521379907217,1.0458521379907217
71,0.1,1,1,0.8458950735137533,5,0.09906110222831851,0.044301471701715216,5.0,0.9,0.8468084885642018,0.9989213440077848,0.9989213440077848
71,0.1,2,0,0.8883572852420896,3,0.0651586965855886,0.037619391013734724,1.0,0.4,0.8834331687351462,1.0055738415549798,1.0055738415549798
71,0.1,2,1,0.9994926542603141,2,0.2044711543342661,0.14458293978680067,5.0,0.9,0.8468084885642018,1.1803054265020354,1.1803054265020354
71,0.1,3,0,0.8610511753899737,2,0.002254555081506625,0.0015942111866919237,1.0,0.4,0.8834331687351462,0.9746647577459449,0.9746647577459449
71,0.1,3,1,0.9043391982553427,3,0.1018700530510878,0.05881470255140701,5.0,0.9,0.8468084885642018,1.067938277034382,1.067938277034382
71,0.5,1,0,0.9308630840826247,2,0.015837745197666682,0.011198977027974788,1.0,0.4,0.8834331687351462,1.0536881758870185,1.0536881758870185
71,0.5,1,1,0.8294921378821779,3,0.054032871208399724,0.031195892737257962,5.0,0.9,0.8468084885642018,0.979551042631393,0.979551042631393
71,0.5,2,0,0.8031916101328017,3,0.05922939213840901,0.03419610549504835,1.0,0.4,0.8834331687351462,0.909170765325429,0.909170765325429
71,0.5,2,1,0.7252290857030201,2,0.04910842659385036,0.034724901457913376,5.0,0.9,0.8468084885642018,0.8564263295620425,0.8564263295620425
71,0.5,3,0,0.8520858999590215,4,0.1367547086522146,0.0683773543261073,1.0,0.4,0.8834331687351462,0.9645165362978095,0.9645165362978095
71,0.5,3,1,0.7779677113010446,1,,,5.0,0.9,0.8468084885642018,0.9187056126706057,0.9187056126706057
71,0.9,1,0,0.9187421604315545,3,0.19144328573612135,0.1105298325542961,1.0,0.4,0.8834331687351462,1.0399679262065311,1.0399679262065311
71,0.9,1,1,0.836794384522709,2,0.23251809340345392,0.1644151205941493,5.0,0.9,0.8468084885642018,0.9881742989392182,0.9881742989392182
71,0.9,2,0,0.9113602951679788,5,0.11564572866351143,0.05171834211982149,1.0,0.4,0.8834331687351462,1.0316120419983972,1.0316120419983972
71,0.9,3,0,0.9018138394751253,4,0.11995186964970762,0.05997593482485381,1.0,0.4,0.8834331687351462,1.0208059549838904,1.0208059549838904
71,0.9,3,1,0.8552576630752527,1,,,5.0,0.9,0.8468084885642018,1.009977668652539,1.009977668652539
72,0.1,1,0,1.1370950469670789,5,0.13269894619900854,0.05934477284871408,1.0,0.4,1.0971138557325661,1.0364421532237567,1.0364421532237567
72,0.1,2,0,1.1148627004439313,5,0.07989491781213613,0.03573009345693903,1.0,0.4,1.0971138557325661,1.0161777600552806,1.0161777600552806
72,0.1,3,0,1.0908771064710752,5,0.05846165928813774,0.02614484884914159,1.0,0.4,1.0971138557325661,0.9943153126460822,0.9943153126460822
72,0.5,1,0,1.0646465992156646,4,0.028300843574071394,0.014150421787035697,1.0,0.4,1.0971138557325661,0.9704066662295296,0.9704066662295296
72,0.5,1,1,1.2642170344036525,1,,,5.0,0.9,1.2642170344036525,1.0,1.0
72,0.5,2,0,1.097947296272719,5,0.11591345707753994,0.051838073906476684,1.0,0.4,1.0971138557325661,1.0007596664063607,1.0007596664063607
72,0.5,3,0,1.1073338804049164,5,0.05954243867435791,0.02662818808439535,1.0,0.4,1.0971138557325661,1.0093153728931135,1.0093153728931135
72,0.9,1,0,1.1182342982589344,5,0.04138091447652855,0.01850610754812459,1.0,0.4,1.0971138557325661,1.0192509122148181,1.0192509122148181
72,0.9,2,0,1.0237186028807694,5,0.06447868849418649,0.028835746114606906,1.0,0.4,1.0971138557325661,0.9331015167949099,0.9331015167949099
72,0.9,3,0,1.119309170678006,5,0.10322266211596953,0.04616257786196003,1.0,0.4,1.0971138557325661,1.020230639536149,1.020230639536149
73,0.1,1,0,0.9698232487658194,1,,,1.0,0.4,0.9649637235625677,1.0050359667255788,1.0050359667255788
73,0.1,1,1,0.9174564382609139,4,0.053267445618067746,0.026633722809033873,5.0,0.9,0.9519904526387113,0.963724411014757,0.963724411014757
73,0.1,2,0,0.8770784038714788,1,,,1.0,0.4,0.9649637235625677,0.9089237060988953,0.9089237060988953
73,0.1,2,1,0.9519514570922156,4,0.03234196628124664,0.01617098314062332,5.0,0.9,0.9519904526387113,0.9999590378806976,0.9999590378806976
73,0.1,3,0,0.9348248644618303,2,0.03956662385509187,0.027977828036592874,1.0,0.4,0.9649637235625677,0.9687668475355041,0.9687668475355041
73,0.1,3,1,0.9691622419310448,3,0.0014476072867545071,0.0008357764566885785,5.0,0.9,0.9519904526387113,1.018037774690636,1.018037774690636
73,0.5,1,0,0.9742643760854088,3,0.0008921838686762033,0.0005151025967468477,1.0,0.4,0.9649637235625677,1.0096383442151629,1.0096383442151629
73,0.5,1,1,0.9693916732706707,2,0.004371410827502214,0.0030910542394791125,5.0,0.9,0.9519904526387113,1.0182787764139094,1.0182787764139094
73,0.5,2,0,1.0031318478117703,5,0.06007708109012555,0.02686728744145758,1.0,0.4,0.9649637235625677,1.0395539472803073,1.0395539472803073
73,0.5,3,0,0.9725162544437638,5,0.004767129616391386,0.0021319251759607267,1.0,0.4,0.9649637235625677,1.00782675109621,1.00782675109621
73,0.9,1,0,0.9742947601226076,5,0.006017952685918903,0.0026913102582184216,1.0,0.4,0.9649637235625677,1.0096698314477466,1.0096698314477466
73,0.9,2,0,1.003880005582357,5,0.060033228372284385,0.026847675909839386,1.0,0.4,0.9649637235625677,1.0403292694528594,1.0403292694528594
73,0.9,3,0,0.9748597509180724,5,0.004340595470102005,0.0019411733067951477,1.0,0.4,0.9649637235625677,1.0102553361477355,1.0102553361477355
74,0.1,1,0,0.61167640029604,2,0.26334353660948023,0.1862120005182113,1.0,0.4,0.560329359176915,1.091637249196705,1.091637249196705
74,0.1,1,1,0.8958276426243083,3,0.2675211128670174,0.15445338652768076,5.0,0.9,0.7305963529169649,1.226159477867148,1.226159477867148
74,0.1,2,0,0.521198325932932,5,0.09906173207560223,0.04430175337798358,1.0,0.4,0.560329359176915,0.9301642282291549,0.9301642282291549
74,0.1,3,0,0.5431792545564577,5,0.10353760698413049,0.04630342548883455,1.0,0.4,0.560329359176915,0.9693928145302798,0.9693928145302798
74,0.5,1,0,0.5195362168520246,4,0.04109801723648731,0.020549008618243655,1.0,0.4,0.560329359176915,0.9271979209070667,0.9271979209070667
74,0.5,1,1,0.5843623160492769,1,,,5.0,0.9,0.7305963529169649,0.7998429142387081,0.7998429142387081
74,0.5,2,0,0.5718801667387827,5,0.07006062614365204,0.03133206452068098,1.0,0.4,0.560329359176915,1.0206143179412106,1.0206143179412106
74,0.5,3,0,0.5353106894810266,5,0.057664353365318714,0.025788282800684282,1.0,0.4,0.560329359176915,0.9553500645894424,0.9553500645894424
74,0.9,1,0,0.5828380740051856,4,0.14278259724022335,0.07139129862011168,1.0,0.4,0.560329359176915,1.0401705076837924,1.0401705076837924
74,0.9,1,1,0.7115991000773099,1,,,5.0,0.9,0.7305963529169649,0.9739976078941444,0.9739976078941444
74,0.9,2,0,0.6197151272460352,5,0.09114892001184534,0.04076303624443542,1.0,0.4,0.560329359176915,1.105983681019952,1.105983681019952
74,0.9,3,0,0.5376299774837504,5,0.07084429243966553,0.03168253074259331,1.0,0.4,0.560329359176915,0.9594892159023964,0.9594892159023964
75,0.1,1,0,0.4355284036538898,1,,,1.0,0.4,0.8470604992420052,0.5141644593787855,0.5141644593787855
75,0.1,1,1,0.8652947512463897,4,0.08437665551887322,0.04218832775943661,5.0,0.9,0.8778141976523876,0.9857379312849124,0.9857379312849124
75,0.1,2,0,0.9484610085502742,1,,,1.0,0.4,0.8470604992420052,1.1197086977836972,1.1197086977836972
75,0.1,2,1,0.8242898727218072,4,0.07242252696817197,0.03621126348408599,5.0,0.9,0.8778141976523876,0.9390254508599599,0.9390254508599599
75,0.1,3,0,0.9247089191713072,2,0.0007886845141560866,0.0005576841681765865,1.0,0.4,0.8470604992420052,1.0916680921832453,1.0916680921832453
75,0.1,3,1,0.8316476941452574,3,0.07810858360224943,0.045096011768779094,5.0,0.9,0.8778141976523876,0.9474074312871709,0.9474074312871709
75,0.5,1,0,0.7384622375167766,2,0.05150866420342828,0.03642212574810491,1.0,0.4,0.8470604992420052,0.8717939724229756,0.8717939724229756
75,0.5,1,1,0.8841529505612621,3,0.06559813139302881,0.03787309881810162,5.0,0.9,0.8778141976523876,1.0072210644642416,1.0072210644642416
75,0.5,2,0,0.9065347337391272,4,0.07192680367399933,0.03596340183699966,1.0,0.4,0.8470604992420052,1.0702124990485835,1.0702124990485835
75,0.5,2,1,0.9551347822031527,1,,,5.0,0.9,0.8778141976523876,1.0880830872382221,1.0880830872382221
75,0.5,3,0,0.8719205860822168,5,0.09762144460311718,0.04365763723886,1.0,0.4,0.8470604992420052,1.0293486555711873,1.0293486555711873
75,0.9,1,0,0.9396812120144334,4,0.0028996383965394887,0.0014498191982697444,1.0,0.4,0.8470604992420052,1.1093436807114843,1.1093436807114843
75,0.9,1,1,0.9063651350364561,1,,,5.0,0.9,0.8778141976523876,1.0325250348654929,1.0325250348654929
75,0.9,2,0,0.9443439186719305,4,0.010950236227543077,0.005475118113771538,1.0,0.4,0.8470604992420052,1.114848254070376,1.114848254070376
75,0.9,3,0,0.9139034737780907,5,0.07302383437905385,0.03265725152985011,1.0,0.4,0.8470604992420052,1.0789116888296646,1.0789116888296646
76,0.1,1,0,0.39287790257627964,1,,,1.0,0.4,0.4779868829295416,0.8219428536790881,0.8219428536790881
76,0.1,1,1,1.1192967092487982,4,0.31869397633717855,0.15934698816858928,5.0,0.9,1.0810850884849992,1.035345618185658,1.035345618185658
76,0.1,2,0,0.4724148671100328,3,0.042898320669114164,0.024767356986095952,1.0,0.4,0.4779868829295416,0.9883427432456756,0.9883427432456756
76,0.1,2,1,0.956770787318603,2,0.4562811347500119,0.32263948450922625,5.0,0.9,1.0810850884849992,0.8850096976727275,0.8850096976727275
76,0.1,3,0,0.47760543930729793,3,0.04140098160513383,0.023902867874438762,1.0,0.4,0.4779868829295416,0.9992019788913331,0.9992019788913331
76,0.1,3,1,1.2837540079322867,2,0.055015222083898724,0.03890163660400869,5.0,0.9,1.0810850884849992,1.187468055573037,1.187468055573037
76,0.5,1,0,0.5016489025411377,2,0.009779444944818798,0.006915111836721874,1.0,0.4,0.4779868829295416,1.0495034915321808,1.0495034915321808
76,0.5,1,1,0.987357000728326,3,0.24546473741031627,0.1417191322204069,5.0,0.9,1.0810850884849992,0.9133018402020316,0.9133018402020316
76,0.5,2,0,0.5108187316829831,1,,,1.0,0.4,0.4779868829295416,1.068687760953225,1.068687760953225
76,0.5,2,1,1.1198720500132389,4,0.28186779215613894,0.14093389607806947,5.0,0.9,1.0810850884849992,1.0358778064200242,1.0358778064200242
76,0.5,3,0,0.47044671426703655,1,,,1.0,0.4,0.4779868829295416,0.9842251556856707,0.9842251556856707
76,0.5,3,1,1.0744025965298694,4,0.21068436558567236,0.10534218279283618,5.0,0.9,1.0810850884849992,0.9938187178545821,0.9938187178545821
76,0.9,1,0,0.5202309289410528,3,0.008878852115078427,0.005126207658735408,1.0,0.4,0.4779868829295416,1.0883790905570483,1.0883790905570483
76,0.9,1,1,1.0261424676238713,2,0.22288590749220824,0.15760413661865796,5.0,0.9,1.0810850884849992,0.9491782640919385,0.9491782640919385
76,0.9,2,0,0.48065605210705725,5,0.04397900751235945,0.019668010076121928,1.0,0.4,0.4779868829295416,1.0055841891751434,1.0055841891751434
76,0.9,3,0,0.4751824078329969,5,0.040790943055950796,0.018242264307885798,1.0,0.4,0.4779868829295416,0.9941327362806354,0.9941327362806354
77,0.1,1,0,1.4408394284759873,5,0.07564873022384969,0.03383114063841416,1.0,0.4,1.4272013835925192,1.0095557957273966,1.0095557957273966
77,0.1,2,0,1.3953606890160073,5,0.13566056329988774,0.06066924828089243,1.0,0.4,1.4272013835925192,0.9776901179170923,0.9776901179170923
77,0.1,3,0,1.3328357028156488,5,0.1802235697631737,0.08059843062762641,1.0,0.4,1.4272013835925192,0.9338806128821602,0.9338806128821602
77,0.5,1,0,1.37073138258914,5,0.08396835308804702,0.037551789092715504,1.0,0.4,1.4272013835925192,0.9604330533500226,0.9604330533500226
77,0.5,2,0,1.4321400108053488,5,0.06846699423015687,0.030619370662743325,1.0,0.4,1.4272013835925192,1.0034603576409085,1.0034603576409085
77,0.5,3,0,1.5026957968241872,5,0.1006339219807329,0.045004858078265805,1.0,0.4,1.4272013835925192,1.0528968189770354,1.0528968189770354
77,0.9,1,0,1.4631194570097015,5,0.11792008518312388,0.05273546527640614,1.0,0.4,1.4272013835925192,1.0251667871332706,1.0251667871332706
77,0.9,2,0,1.4463793124861415,5,0.10800026235502523,0.048299185642729586,1.0,0.4,1.4272013835925192,1.0134374371508441,1.0134374371508441
77,0.9,3,0,1.4607106723105108,4,0.14073323637913862,0.07036661818956931,1.0,0.4,1.4272013835925192,1.0234790192212697,1.0234790192212697
77,0.9,3,1,1.6691116544417277,1,,,5.0,0.9,1.6691116544417277,1.0,1.0
78,0.1,1,1,1.1008410715071624,5,0.05977422777394949,0.026731847321021397,5.0,0.9,1.0807987673697619,1.0185439739038338,1.0185439739038338
78,0.1,2,1,1.0753158200832384,5,0.0020863026205690605,0.000933022896245674,5.0,0.9,1.0807987673697619,0.9949269489824949,0.9949269489824949
78,0.1,3,1,1.074132475002379,5,0.000195207512267994,8.729945342997174e-05,5.0,0.9,1.0807987673697619,0.9938320688655059,0.9938320688655059
78,0.5,1,0,1.1193862410587718,3,0.07557972896195106,0.0436359768614614,1.0,0.4,1.0862383394064465,1.0305162324416188,1.0305162324416188
78,0.5,1,1,1.0781730721439868,2,0.004354699660742667,0.0030792376601418976,5.0,0.9,1.0807987673697619,0.9975705975015451,0.9975705975015451
78,0.5,2,0,1.1078258004750805,4,0.06522894696864141,0.03261447348432071,1.0,0.4,1.0862383394064465,1.0198735952189186,1.0198735952189186
78,0.5,2,1,1.0755313981120431,1,,,5.0,0.9,1.0807987673697619,0.9951264107466208,0.9951264107466208
78,0.5,3,0,1.0740031507210048,5,0.0014977381984335953,0.0006698088848391176,1.0,0.4,1.0862383394064465,0.9887361840936977,0.9887361840936977
78,0.9,1,0,1.0751839462858848,5,0.0018147385940475262,0.0008115757715365327,1.0,0.4,1.0862383394064465,0.9898232342575919,0.9898232342575919
78,0.9,2,0,1.0750991044460707,5,0.0026252894969348655,0.0011740651551525169,1.0,0.4,1.0862383394064465,0.9897451281580959,0.9897451281580959
78,0.9,3,0,1.065931793451866,5,0.024581449294822023,0.010993158321737261,1.0,0.4,1.0862383394064465,0.9813056258300764,0.9813056258300764
79,0.1,1,1,1.180701141507598,4,0.3617777760350672,0.1808888880175336,5.0,0.9,1.4538011927509358,0.8121475944543918,0.8121475944543918
79,0.1,2,1,1.4059863324986954,5,0.34141167208732043,0.1526839414198232,5.0,0.9,1.4538011927509358,0.9671104546545575,0.9671104546545575
79,0.1,3,0,1.4976234003656308,1,,,1.0,0.4,1.2274533269117702,1.2201061885860858,1.2201061885860858
79,0.1,3,1,1.4616194557178492,4,0.3716425418038767,0.18582127090193834,5.0,0.9,1.4538011927509358,1.0053778075062103,1.0053778075062103
79,0.5,1,0,0.9975038051750381,1,,,1.0,0.4,1.2274533269117702,0.8126612909060444,0.8126612909060444
79,0.5,1,1,1.63862996912301,3,0.12094176826079737,0.06982576246164071,5.0,0.9,1.4538011927509358,1.1271348361066718,1.1271348361066718
79,0.5,2,1,1.5812182348378194,4,0.2580492267604163,0.12902461338020815,5.0,0.9,1.4538011927509358,1.087644062147026,1.087644062147026
79,0.5,3,0,0.9975038051750381,1,,,1.0,0.4,1.2274533269117702,0.8126612909060444,0.8126612909060444
79,0.5,3,1,1.0430708394645956,2,0.06444151788941188,0.04556703428955735,5.0,0.9,1.4538011927509358,0.7174783214277454,0.7174783214277454
79,0.9,1,0,0.9977316498084723,1,,,1.0,0.4,1.2274533269117702,0.8128469147733139,0.8128469147733139
79,0.9,1,1,1.7147057533573677,4,0.0017964439532294207,0.0008982219766147104,5.0,0.9,1.4538011927509358,1.1794637134068784,1.1794637134068784
79,0.9,2,0,1.5985302912155934,3,0.19501865443135002,0.11259407263293855,1.0,0.4,1.2274533269117702,1.3023145207789202,1.3023145207789202
79,0.9,2,1,1.3516123415848198,2,0.5046394209990769,0.3568339566425003,5.0,0.9,1.4538011927509358,0.92970919842709,0.92970919842709
79,0.9,3,0,1.2758270097308488,3,0.40062071303284147,0.23129847651245086,1.0,0.4,1.2274533269117702,1.0394097940495914,1.0394097940495914
79,0.9,3,1,1.7066666666666666,1,,,5.0,0.9,1.4538011927509358,1.1739340118694286,1.1739340118694286
80,0.1,1,0,0.8200753708845734,2,0.015879651744160738,0.011228609431176845,1.0,0.4,0.8076727383147202,1.0153560123816143,1.0153560123816143
80,0.1,1,1,0.7086860324511783,3,0.10499854171374971,0.06062093632295155,5.0,0.9,0.7831451119288569,0.904923010635553,0.904923010635553
80,0.1,2,0,0.7848990478773039,2,0.006354754353822284,0.004493489896362474,1.0,0.4,0.8076727383147202,0.9718033191451583,0.9718033191451583
80,0.1,2,1,0.7812982126167892,3,0.014663132514044865,0.008465763504146956,5.0,0.9,0.7831451119288569,0.9976416895362867,0.9976416895362867
80,0.1,3,0,0.8297889765160334,3,0.07122559106119918,0.04112211417237355,1.0,0.4,0.8076727383147202,1.0273826726496436,1.0273826726496436
80,0.1,3,1,0.8131105809382663,2,0.035089310833125234,0.024811889637265435,5.0,0.9,0.7831451119288569,1.0382629841557787,1.0382629841557787
80,0.5,1,0,0.7809660906513318,4,0.028977624726371158,0.014488812363185579,1.0,0.4,0.8076727383147202,0.9669338255502914,0.9669338255502914
80,0.5,1,1,0.829485621709194,1,,,5.0,0.9,0.7831451119288569,1.0591723156723818,1.0591723156723818
80,0.5,2,0,0.7730430310279693,5,0.029106767508109376,0.013016942150682945,1.0,0.4,0.8076727383147202,0.9571240854816906,0.9571240854816906
80,0.5,3,0,0.7740625868412682,5,0.03610180903643817,0.016145219823238386,1.0,0.4,0.8076727383147202,0.9583864232639787,0.9583864232639787
80,0.9,1,0,0.7803555569579598,5,0.013181184376428831,0.0058948048579306085,1.0,0.4,0.8076727383147202,0.9661779083769001,0.9661779083769001
80,0.9,2,0,0.8239725642803457,5,0.09241310861788352,0.04132839857633183,1.0,0.4,0.8076727383147202,1.0201812258757632,1.0201812258757632
80,0.9,3,0,0.9018914197956958,5,0.16430511340454496,0.07347948052467489,1.0,0.4,0.8076727383147202,1.1166545272749593,1.1166545272749593
81,0.1,1,1,0.9968123106887207,5,0.11102423411858885,0.04965154692780322,5.0,0.9,1.015623674370931,0.9814780177373652,0.9814780177373652
81,0.1,2,0,1.0583954083194396,1,,,1.0,0.4,1.0647581839119924,0.9940242059758813,0.9940242059758813
81,0.1,2,1,0.9687890357016441,4,0.041343055037891444,0.020671527518945722,5.0,0.9,1.015623674370931,0.9538858340435045,0.9538858340435045
81,0.1,3,1,1.01919824062198,5,0.07098610646622189,0.0317459519033019,5.0,0.9,1.015623674370931,1.0035195775179846,1.0035195775179846
81,0.5,1,0,1.110253174364127,1,,,1.0,0.4,1.0647581839119924,1.0427280026014762,1.0427280026014762
81,0.5,1,1,1.0798858906096165,4,0.114095629745228,0.057047814872614,5.0,0.9,1.015623674370931,1.0632736493450579,1.0632736493450579
81,0.5,2,0,0.9439808129223353,2,0.05964508043435909,0.04217544083955238,1.0,0.4,1.0647581839119924,0.8865682623392356,0.8865682623392356
81,0.5,2,1,1.0116695840035252,3,0.11033620500422996,0.0637026376605539,5.0,0.9,1.015623674370931,0.9961067367104701,0.9961067367104701
81,0.5,3,0,1.0410130737950853,4,0.04707342982195573,0.023536714910977866,1.0,0.4,1.0647581839119924,0.9776990583630304,0.9776990583630304
81,0.5,3,1,1.0173869846000994,1,,,5.0,0.9,1.015623674370931,1.0017361846456174,1.0017361846456174
81,0.9,1,0,1.0859355165301436,5,0.07239159081416244,0.03237450361196331,1.0,0.4,1.0647581839119924,1.0198893353797425,1.0198893353797425
81,0.9,2,0,1.092924010993783,5,0.07271002054426448,0.032516909716476326,1.0,0.4,1.0647581839119924,1.0264527922934648,1.0264527922934648
81,0.9,3,0,1.1208052904590329,5,0.0721507404646551,0.03226679206118271,1.0,0.4,1.0647581839119924,1.0526383430471693,1.0526383430471693
82,0.1,1,0,0.725768539347623,2,0.022140961418871636,0.015656023961273857,1.0,0.4,0.709159260057859,1.0234210849737884,1.0234210849737884
82,0.1,1,1,0.6450334512157264,3,0.05685794153117582,0.032826947848592365,5.0,0.9,0.662963944124687,0.9729540451364452,0.9729540451364452
82,0.1,2,0,0.6494475440729951,3,0.07887628059014838,0.045539241831398625,1.0,0.4,0.709159260057859,0.9157992860729307,0.9157992860729307
82,0.1,2,1,0.6329071460030103,2,0.013280988921623906,0.009391077327343676,5.0,0.9,0.662963944124687,0.9546629973046865,0.9546629973046865
82,0.1,3,0,0.7160455754809666,5,0.0367281027985744,0.016425306908442523,1.0,0.4,0.709159260057859,1.0097105344468684,1.0097105344468684
82,0.5,1,0,0.6959976166750395,4,0.021453238519190822,0.010726619259595411,1.0,0.4,0.709159260057859,0.9814404970447037,0.9814404970447037
82,0.5,1,1,0.6568602688540627,1,,,5.0,0.9,0.662963944124687,0.990793352602783,0.990793352602783
82,0.5,2,0,0.7301881092442004,5,0.039251207480171045,0.017553673624922137,1.0,0.4,0.709159260057859,1.0296532110214929,1.0296532110214929
82,0.5,3,0,0.7194319138862426,5,0.05139990827521624,0.022986737788127494,1.0,0.4,0.709159260057859,1.0144856796025556,1.0144856796025556
82,0.9,1,0,0.7442283710943286,3,0.008432202607338263,0.004868334445208211,1.0,0.4,0.709159260057859,1.0494516718763687,1.0494516718763687
82,0.9,1,1,0.7170549104259485,2,0.037787293531520036,0.026719651498824378,5.0,0.9,0.662963944124687,1.0815896049560856,1.0815896049560856
82,0.9,2,0,0.6988534120109643,5,0.0909965695846204,0.0406949030621002,1.0,0.4,0.709159260057859,0.9854675125499258,0.9854675125499258
82,0.9,3,0,0.702472258708371,5,0.03838118887674104,0.01716458947713035,1.0,0.4,0.709159260057859,0.9905705224113659,0.9905705224113659
83,0.1,1,1,0.893498071389369,5,0.05322071370801655,0.02380102673243598,5.0,0.9,0.9147600965599967,0.9767567198759711,0.9767567198759711
83,0.1,2,1,0.9320496139763774,5,0.03210649251029839,0.014358459954423012,5.0,0.9,0.9147600965599967,1.0189006029902254,1.0189006029902254
83,0.1,3,1,0.938625658836914,5,0.02797182266558799,0.012509379386964822,5.0,0.9,0.9147600965599967,1.0260894220972963,1.0260894220972963
83,0.5,1,1,0.9258586021773102,5,0.040430247732141496,0.018080956455245017,5.0,0.9,0.9147600965599967,1.0121326954018328,1.0121326954018328
83,0.5,2,1,0.930907518438451,5,0.036241731137326004,0.016207794889066342,5.0,0.9,0.9147600965599967,1.0176520837968093,1.0176520837968093
83,0.5,3,1,0.9328291010103273,5,0.03280978876490256,0.014672983601146196,5.0,0.9,0.9147600965599967,1.0197527248054217,1.0197527248054217
83,0.9,1,1,0.8923642776804129,5,0.12605198040148147,0.056372159375236756,5.0,0.9,0.9147600965599967,0.9755172760991604,0.9755172760991604
83,0.9,2,1,0.8641396626146486,5,0.18043898205727643,0.080694765934187,5.0,0.9,0.9147600965599967,0.9446626124863678,0.9446626124863678
83,0.9,3,0,0.9536781569052026,1,,,1.0,0.4,0.9536781569052026,1.0,1.0
83,0.9,3,1,0.9225683629161605,4,0.027982583105929104,0.013991291552964552,5.0,0.9,0.9147600965599967,1.008535862446916,1.008535862446916
84,0.1,1,1,0.6289230075702543,5,0.10480747897454956,0.04687132950749455,5.0,0.9,0.7023467074213974,0.895459465994065,0.895459465994065
84,0.1,2,1,0.8385458853693178,5,0.08492258991825552,0.03797853677651153,5.0,0.9,0.7023467074213974,1.193920148708269,1.193920148708269
84,0.1,3,0,0.516358413385726,2,9.438297418328372e-05,6.673884107355475e-05,1.0,0.4,0.5488782136976276,0.9407522479480002,0.9407522479480002
84,0.1,3,1,0.7927477596855473,3,0.08786226407050897,0.05072730181271834,5.0,0.9,0.7023467074213974,1.1287128583489048,1.1287128583489048
84,0.5,1,0,0.5198463580033532,3,0.02697243904157629,0.015572544941354842,1.0,0.4,0.5488782136976276,0.9471069265098072,0.9471069265098072
84,0.5,1,1,0.54917017706047,2,0.02473659907857526,0.017491416951953467,5.0,0.9,0.7023467074213974,0.7819075269487612,0.7819075269487612
84,0.5,2,0,0.5243664785780734,5,0.08210554184815837,0.03671871458038716,1.0,0.4,0.5488782136976276,0.9553421241582427,0.9553421241582427
84,0.5,3,0,0.523624412344521,5,0.027237239455788424,0.012180863788516459,1.0,0.4,0.5488782136976276,0.9539901553334038,0.9539901553334038
84,0.9,1,0,0.5638867244398437,5,0.13447254261507227,0.06013794927890778,1.0,0.4,0.5488782136976276,1.0273439724289808,1.0273439724289808
84,0.9,2,0,0.6238477050612314,5,0.14435957695239768,0.06455956545373462,1.0,0.4,0.5488782136976276,1.1365867500161047,1.1365867500161047
84,0.9,3,0,0.5702174040706447,5,0.10723430630280066,0.04795663968261928,1.0,0.4,0.5488782136976276,1.0388778236054614,1.0388778236054614
85,0.1,1,1,0.7567160298971136,5,0.08902821430824726,0.039814627821732056,5.0,0.9,0.7798320472203496,0.9703576976534483,0.9703576976534483
85,0.1,2,0,0.6051930513780615,1,,,1.0,0.4,0.7637512148221316,0.7923955335625928,0.7923955335625928
85,0.1,2,1,0.773787234632395,4,0.08818144116227522,0.04409072058113761,5.0,0.9,0.7798320472203496,0.9922485712026059,0.9922485712026059
85,0.1,3,0,0.7516866823619135,4,0.15166319872365153,0.07583159936182576,1.0,0.4,0.7637512148221316,0.9842035832793696,0.9842035832793696
85,0.1,3,1,0.7882430972413994,1,,,5.0,0.9,0.7798320472203496,1.0107857198880583,1.0107857198880583
85,0.5,1,1,0.7881495640082029,5,0.02188311268311069,0.009786425503744662,5.0,0.9,0.7798320472203496,1.0106657796605056,1.0106657796605056
85,0.5,2,0,0.7589904560947734,4,0.11086790914424366,0.05543395457212183,1.0,0.4,0.7637512148221316,0.9937666105991506,0.9937666105991506
85,0.5,2,1,0.7233170869534505,1,,,5.0,0.9,0.7798320472203496,0.9275293180520828,0.9275293180520828
85,0.5,3,0,0.7829519187281899,5,0.0959382187238008,0.04290487574133234,1.0,0.4,0.7637512148221316,1.0251399978598135,1.0251399978598135
85,0.9,1,0,0.7618755501599966,3,0.053161498341018104,0.030692805377710648,1.0,0.4,0.7637512148221316,0.9975441418282107,0.9975441418282107
85,0.9,1,1,0.8487792705895363,2,0.07224442038823925,0.05108451955941564,5.0,0.9,0.7798320472203496,1.0884129135432992,1.0884129135432992
85,0.9,2,0,0.8629735324219601,5,0.056683096062222396,0.025349451194055985,1.0,0.4,0.7637512148221316,1.1299144481530365,1.1299144481530365
85,0.9,3,0,0.8225873126100263,5,0.0848985392815787,0.03796778100480922,1.0,0.4,0.7637512148221316,1.0770356847178264,1.0770356847178264
86,0.1,1,1,0.931562504750332,5,0.05866424055008503,0.026235445943677955,5.0,0.9,0.9827270411571233,0.9479361671512091,0.9479361671512091
86,0.1,2,1,0.9313217539468537,5,0.0723046904640111,0.032335640593921924,5.0,0.9,0.9827270411571233,0.9476911847772685,0.9476911847772685
86,0.1,3,1,0.9847261630045521,5,0.001525870260766894,0.000682389925584021,5.0,0.9,0.9827270411571233,1.002034259528541,1.002034259528541
86,0.5,1,1,1.0046598927017008,5,0.027676160603524735,0.012377155293136582,5.0,0.9,0.9827270411571233,1.0223183555819857,1.0223183555819857
86,0.5,2,1,0.984087255637696,5,0.0008142223460919746,0.00036413130293220305,5.0,0.9,0.9827270411571233,1.001384122369291,1.001384122369291
86,0.5,3,0,0.987240577062077,3,0.004143951867961433,0.002392511726476386,1.0,0.4,1.005950701216725,0.9814005555818813,0.9814005555818813
86,0.5,3,1,0.985550541876133,2,0.0032278345130277416,0.0022824236727098934,5.0,0.9,0.9827270411571233,1.002873128143177,1.002873128143177
86,0.9,1,0,0.9934718439583643,2,0.014430247349373478,0.010203725754941188,1.0,0.4,1.005950701216725,0.987594961419812,0.987594961419812
86,0.9,1,1,1.0011153369102992,3,0.02031387413823885,0.011728220701996379,5.0,0.9,0.9827270411571233,1.0187114987001116,1.0187114987001116
86,0.9,2,0,1.0251003358261659,4,0.02637099449305351,0.013185497246526755,1.0,0.4,1.005950701216725,1.0190363549488846,1.0190363549488846
86,0.9,2,1,1.0364309364975588,1,,,5.0,0.9,0.9827270411571233,1.0546478249720301,1.0546478249720301
86,0.9,3,0,1.0179900480202932,4,0.023636716664793285,0.011818358332396642,1.0,0.4,1.005950701216725,1.0119681280494226,1.0119681280494226
86,0.9,3,1,0.9850889850889851,1,,,5.0,0.9,0.9827270411571233,1.002403458776387,1.002403458776387
87,0.1,1,1,0.9522059368134071,5,0.10044031517707067,0.044918274483486766,5.0,0.9,0.9802079442855353,0.9714325846516797,0.9714325846516797
87,0.1,2,1,0.9565760159784388,5,0.0535328176454675,0.023940603856473112,5.0,0.9,0.9802079442855353,0.9758909031039107,0.9758909031039107
87,0.1,3,1,0.9788497642659708,5,0.02686287149045034,0.01201344134469761,5.0,0.9,0.9802079442855353,0.9986143960294522,0.9986143960294522
87,0.5,1,1,0.9961472534777002,5,0.0031034844607728085,0.0013879204442804557,5.0,0.9,0.9802079442855353,1.0162611507946744,1.0162611507946744
87,0.5,2,0,0.9970523001925131,2,0.0009228770857897629,0.0006525726455636205,1.0,0.4,0.9982527564773374,0.9987974425544685,0.9987974425544685
87,0.5,2,1,0.9998900033956962,3,0.0024272744048515313,0.0014013875310381204,5.0,0.9,0.9802079442855353,1.0200794731616942,1.0200794731616942
87,0.5,3,0,0.9933861555302446,5,0.005609102462292805,0.0025084668796896323,1.0,0.4,0.9982527564773374,0.9951248810328697,0.9951248810328697
87,0.9,1,0,1.0069324942229216,1,,,1.0,0.4,0.9982527564773374,1.0086949299055417,1.0086949299055417
87,0.9,1,1,0.997578691781999,4,0.0023479858297874227,0.0011739929148937114,5.0,0.9,0.9802079442855353,1.017721492258589,1.017721492258589
87,0.9,2,0,0.9988099826008874,5,0.0030070548072253242,0.0013447957922046701,1.0,0.4,0.9982527564773374,1.000558201437396,1.000558201437396
87,0.9,3,0,0.9950828498401201,5,0.003507940959957438,0.0015687988895041398,1.0,0.4,0.9982527564773374,0.9968245450697243,0.9968245450697243
88,0.1,1,1,0.9856437660905716,5,0.061788394593860374,0.02763261010649046,5.0,0.9,1.0278699738587695,0.9589187262571016,0.9589187262571016
88,0.1,2,0,0.8606233190950798,1,,,1.0,0.4,0.9579768287195283,0.8983759244421651,0.8983759244421651
88,0.1,2,1,1.0147909020395889,4,0.027491312877902456,0.013745656438951228,5.0,0.9,1.0278699738587695,0.9872755580454599,0.9872755580454599
88,0.1,3,0,0.8815329447050223,3,0.2036158038423502,0.11755763915964293,1.0,0.4,0.9579768287195283,0.9202027839058654,0.9202027839058654
88,0.1,3,1,1.0049150625736192,2,0.037356877586206566,0.026415301465162407,5.0,0.9,1.0278699738587695,0.9776674950441695,0.9776674950441695
88,0.5,1,0,1.003306754918139,4,0.013149951466879195,0.0065749757334395975,1.0,0.4,0.9579768287195283,1.047318395225906,1.047318395225906
88,0.5,1,1,1.1061301647312989,1,,,5.0,0.9,1.0278699738587695,1.0761382206532695,1.0761382206532695
88,0.5,2,0,0.931695414093042,5,0.1485561599218114,0.06643633441230003,1.0,0.4,0.9579768287195283,0.9725657094842105,0.9725657094842105
88,0.5,3,0,0.8847082641028792,5,0.18263876113891225,0.08167853704659093,1.0,0.4,0.9579768287195283,0.9235173937196551,0.9235173937196551
88,0.9,1,0,1.0327790327669217,5,0.017831963780975027,0.007974696637314866,1.0,0.4,0.9579768287195283,1.0780835212344093,1.0780835212344093
88,0.9,2,0,1.036296199061938,5,0.10143598511758314,0.045363551617514576,1.0,0.4,0.9579768287195283,1.0817549736010783,1.0817549736010783
88,0.9,3,0,1.0328727010132046,5,0.024919903066841484,0.011144519450032609,1.0,0.4,0.9579768287195283,1.0781812983867107,1.0781812983867107
89,0.1,1,1,0.9055277224114187,5,0.030836989787137836,0.013790721077101394,5.0,0.9,0.9553186750476197,0.9478802687137681,0.9478802687137681
89,0.1,2,0,0.9112051852708745,4,0.013761829865070772,0.006880914932535386,1.0,0.4,0.9487148435388998,0.9604626632296521,0.9604626632296521
89,0.1,2,1,0.920925422128291,1,,,5.0,0.9,0.9553186750476197,0.9639981361009045,0.9639981361009045
89,0.1,3,0,0.9325625837635896,4,0.03642925629857979,0.018214628149289896,1.0,0.4,0.9487148435388998,0.9829745893770788,0.9829745893770788
89,0.1,3,1,0.9487301238027958,1,,,5.0,0.9,0.9553186750476197,0.9931032948303921,0.9931032948303921
89,0.5,1,0,0.9644531934921252,2,0.023462201621754122,0.01659028186830835,1.0,0.4,0.9487148435388998,1.0165891258689683,1.0165891258689683
89,0.5,1,1,0.9867662746791623,3,0.05602815290676905,0.03234786916292063,5.0,0.9,0.9553186750476197,1.0329184391061705,1.0329184391061705
89,0.5,2,0,0.9437231204745296,5,0.03147110332683222,0.014074305273143324,1.0,0.4,0.9487148435388998,0.9947384368460495,0.9947384368460495
89,0.5,3,0,0.9508024640225973,5,0.04352797741702101,0.01946630328550694,1.0,0.4,0.9487148435388998,1.002200472036371,1.002200472036371
89,0.9,1,0,0.9574717529392883,4,0.02850438670901282,0.01425219335450641,1.0,0.4,0.9487148435388998,1.0092302860654352,1.0092302860654352
89,0.9,1,1,1.0146438322164308,1,,,5.0,0.9,0.9553186750476197,1.0620998612487649,1.0620998612487649
89,0.9,2,0,0.9585819205033432,5,0.020185528613286256,0.009027242828215026,1.0,0.4,0.9487148435388998,1.010400466517038,1.010400466517038
89,0.9,3,0,0.9709185278448503,5,0.035165752782347834,0.015726602740256425,1.0,0.4,0.9487148435388998,1.0234039600594065,1.0234039600594065
90,0.1,1,0,0.9470500153879138,1,,,1.0,0.4,0.9654340121030479,0.9809577905018205,0.9809577905018205
90,0.1,1,1,1.0077578960950464,4,0.010688099232637515,0.005344049616318757,5.0,0.9,1.0049068183627392,1.0028371563215706,1.0028371563215706
90,0.1,2,1,0.9863003092650514,5,0.034151092388566076,0.01527283281734188,5.0,0.9,1.0049068183627392,0.9814843438638393,0.9814843438638393
90,0.1,3,0,0.8595110691427972,1,,,1.0,0.4,0.9654340121030479,0.8902846371348425,0.8902846371348425
90,0.1,3,1,0.9817693530140259,4,0.053788429311232525,0.026894214655616262,5.0,0.9,1.0049068183627392,0.9769755116335956,0.9769755116335956
90,0.5,1,1,0.9875925245452335,5,0.08300958231476226,0.037123013767934546,5.0,0.9,1.0049068183627392,0.9827702494389328,0.9827702494389328
90,0.5,2,0,0.9702607416665878,1,,,1.0,0.4,0.9654340121030479,1.0049995437316588,1.0049995437316588
90,0.5,2,1,1.0036102885083702,4,0.015978982186834932,0.007989491093417466,5.0,0.9,1.0049068183627392,0.9987098009181773,0.9987098009181773
90,0.5,3,0,1.0046386627221346,3,0.031183902295345716,0.01800403438460084,1.0,0.4,0.9654340121030479,1.0406083172206513,1.0406083172206513
90,0.5,3,1,1.0067903273389978,2,0.009645170000945053,0.006820165113365305,5.0,0.9,1.0049068183627392,1.0018743120673888,1.0018743120673888
90,0.9,1,0,1.012720453238662,2,0.007072084897897134,0.005000719188430036,1.0,0.4,0.9654340121030479,1.0489794647203363,1.0489794647203363
90,0.9,1,1,0.9949886678590912,3,0.054026069878887806,0.031191965987833407,5.0,0.9,1.0049068183627392,0.9901302784273995,0.9901302784273995
90,0.9,2,0,0.9623558109106375,3,0.03784676436177359,0.021850839592226317,1.0,0.4,0.9654340121030479,0.9968115882040399,0.9968115882040399
90,0.9,2,1,1.0468523125120321,2,0.04854175663059946,0.034324205284203935,5.0,0.9,1.0049068183627392,1.04174068021315,1.04174068021315
90,0.9,3,0,1.0015013316526027,4,0.06831598974408015,0.034157994872040076,1.0,0.4,0.9654340121030479,1.0373586584866508,1.0373586584866508
90,0.9,3,1,1.0284996861268048,1,,,5.0,0.9,1.0049068183627392,1.0234776671159467,1.0234776671159467
91,0.1,1,1,1.0179456667313866,5,0.09528885728390742,0.04261447247701859,5.0,0.9,1.1428102912155407,0.8907389744002543,0.8907389744002543
91,0.1,2,1,1.1904811076439514,5,0.11904231456205791,0.05323734151193492,5.0,0.9,1.1428102912155407,1.0417136744347184,1.0417136744347184
91,0.1,3,1,1.161730854533733,5,0.23561382730731187,0.10536970685960911,5.0,0.9,1.1428102912155407,1.0165561716267602,1.0165561716267602
91,0.5,1,1,1.1592621415140072,5,0.0791326557737133,0.035389199510022826,5.0,0.9,1.1428102912155407,1.014395959176188,1.014395959176188
91,0.5,2,1,1.1373034601697853,5,0.19027175178716405,0.08509211423881317,5.0,0.9,1.1428102912155407,0.9951813252924963,0.9951813252924963
91,0.5,3,0,0.9619765612156227,1,,,1.0,0.4,1.0847117989116257,0.8868499099768689,0.8868499099768689
91,0.5,3,1,1.089026465354995,4,0.07016623917177808,0.03508311958588904,5.0,0.9,1.1428102912155407,0.9529372230247078,0.9529372230247078
91,0.9,1,1,1.147334470075096,5,0.23423586107987085,0.1047534616285577,5.0,0.9,1.1428102912155407,1.0039588187946253,1.0039588187946253
91,0.9,2,0,1.1819021237303784,1,,,1.0,0.4,1.0847117989116257,1.089600136106449,1.089600136106449
91,0.9,2,1,1.2668555450523016,4,0.19606049759880784,0.09803024879940392,5.0,0.9,1.1428102912155407,1.108544046890601,1.108544046890601
91,0.9,3,0,1.110256711788876,2,0.0756168242839181,0.053469169222950086,1.0,0.4,1.0847117989116257,1.0235499539166821,1.0235499539166821
91,0.9,3,1,1.1153529098646113,3,0.06623906846204819,0.038243144007433574,5.0,0.9,1.1428102912155407,0.97597380635965,0.97597380635965
92,0.1,1,0,0.9597788009794617,1,,,1.0,0.4,0.9274713881191925,1.0348338647144522,1.0348338647144522
92,0.1,1,1,0.9178445960023224,4,0.0789414563657021,0.03947072818285105,5.0,0.9,0.9420474004772705,0.9743082943993198,0.9743082943993198
92,0.1,2,1,0.914673956142909,5,0.06779903725712313,0.03032065122319364,5.0,0.9,0.9420474004772705,0.9709426040340504,0.9709426040340504
92,0.1,3,1,0.9335234521083798,5,0.016114763841436525,0.0072067414781615425,5.0,0.9,0.9420474004772705,0.9909516778406562,0.9909516778406562
92,0.5,1,0,0.9418852652214155,1,,,1.0,0.4,0.9274713881191925,1.0155410477205693,1.0155410477205693
92,0.5,1,1,0.9301433843835912,4,0.07725655473471878,0.03862827736735939,5.0,0.9,0.9420474004772705,0.9873636760871605,0.9873636760871605
92,0.5,2,0,0.851294180035695,2,0.0685550139331223,0.04847571523644902,1.0,0.4,0.9274713881191925,0.9178657055524092,0.9178657055524092
92,0.5,2,1,1.0280366357530115,3,0.0643067835249992,0.037127538778877284,5.0,0.9,0.9420474004772705,1.0912790961815468,1.0912790961815468
92,0.5,3,0,0.9345406924823338,2,0.03404815259953702,0.024075679590007004,1.0,0.4,0.9274713881191925,1.0076221266269756,1.0076221266269756
92,0.5,3,1,0.9343381117824779,3,0.05449160421715282,0.031460742363347734,5.0,0.9,0.9420474004772705,0.9918164535129689,0.9918164535129689
92,0.9,1,0,0.9242867861514941,1,,,1.0,0.4,0.9274713881191925,0.9965663609589548,0.9965663609589548
92,0.9,1,1,0.935771667168202,3,0.030880460445410467,0.017828842150857324,5.0,0.9,0.9420474004772705,0.9933381979442977,0.9933381979442977
92,0.9,2,0,0.9276488687301448,5,0.04361398846359693,0.01950476859489887,1.0,0.4,0.9274713881191925,1.0001913596615766,1.0001913596615766
92,0.9,3,0,0.9528651232338025,5,0.01729139823714089,0.007732948376853411,1.0,0.4,0.9274713881191925,1.0273795347650623,1.0273795347650623
93,0.1,1,0,0.6410804357519223,1,,,1.0,0.4,0.8974318737079504,0.7143499741135202,0.7143499741135202
93,0.1,1,1,1.0313358162219335,4,0.2661698689146007,0.13308493445730035,5.0,0.9,1.0292336702297402,1.0020424380322925,1.0020424380322925
93,0.1,2,0,1.0002442002442002,1,,,1.0,0.4,0.8974318737079504,1.1145628203636857,1.1145628203636857
93,0.1,2,1,0.9212983885242396,4,0.08392381122742103,0.041961905613710514,5.0,0.9,1.0292336702297402,0.8951304404165015,0.8951304404165015
93,0.1,3,0,0.9211069442889537,3,0.2314505532202269,0.1336280392057858,1.0,0.4,0.8974318737079504,1.0263809112141116,1.0263809112141116
93,0.1,3,1,1.1428380731292833,2,0.0012680635916177392,0.0008966563646086723,5.0,0.9,1.0292336702297402,1.1103776588208438,1.1103776588208438
93,0.5,1,1,0.9226949843289682,5,0.15773380633231646,0.07054070266176928,5.0,0.9,1.0292336702297402,0.8964873682406922,0.8964873682406922
93,0.5,2,1,1.0206388589964885,5,0.1642997289120131,0.07347707250640977,5.0,0.9,1.0292336702297402,0.9916493100820019,0.9916493100820019
93,0.5,3,0,0.8007820136852395,1,,,1.0,0.4,0.8974318737079504,0.8923039588248862,0.8923039588248862
93,0.5,3,1,1.001341040657945,4,0.05040461506652049,0.025202307533260245,5.0,0.9,1.0292336702297402,0.9728996141706391,0.9728996141706391
93,0.9,1,0,1.0666666666666667,1,,,1.0,0.4,0.8974318737079504,1.1885767576534618,1.1885767576534618
93,0.9,1,1,1.0511838457252285,4,0.0692010257786993,0.03460051288934965,5.0,0.9,1.0292336702297402,1.0213267172755713,1.0213267172755713
93,0.9,2,0,0.9528953641710647,5,0.18627284441135128,0.08330374849320465,1.0,0.4,0.8974318737079504,1.0618024521838676,1.0618024521838676
93,0.9,3,0,0.8992474911476056,4,0.24665730140776468,0.12332865070388234,1.0,0.4,0.8974318737079504,1.0020231256464667,1.0020231256464667
93,0.9,3,1,1.1425383542538354,1,,,5.0,0.9,1.0292336702297402,1.1100864529614582,1.1100864529614582
94,0.1,1,1,0.7324146077923277,5,0.17376953665184494,0.07771209927443329,5.0,0.9,0.8086041450444522,0.9057764695876793,0.9057764695876793
94,0.1,2,1,0.8573149705400496,5,0.1716008086036417,0.07674221460633472,5.0,0.9,0.8086041450444522,1.0602406329402623,1.0602406329402623
94,0.1,3,0,0.9994020405547186,2,0.05852784248566965,0.04138543430983512,1.0,0.4,0.8782252970175047,1.1379791084915636,1.1379791084915636
94,0.1,3,1,0.8360828568009793,3,0.19534112476804127,0.11278025096863291,5.0,0.9,0.8086041450444522,1.0339828974720584,1.0339828974720584
94,0.5,1,0,0.9536850550120297,5,0.19358577284877063,0.08657418951333684,1.0,0.4,0.8782252970175047,1.085923006602964,1.085923006602964
94,0.5,2,0,0.8885153470581291,5,0.29970501613939626,0.13403215785707231,1.0,0.4,0.8782252970175047,1.0117168681835627,1.0117168681835627
94,0.5,3,0,0.880579910166597,5,0.2758926068784705,0.12338292469397721,1.0,0.4,0.8782252970175047,1.0026811037635657,1.0026811037635657
94,0.9,1,0,0.7441706170984004,5,0.22276416883854777,0.09962316489484663,1.0,0.4,0.8782252970175047,0.8473573007127436,0.8473573007127436
94,0.9,2,0,0.8135227824072147,5,0.31380647352138097,0.14033852131465913,1.0,0.4,0.8782252970175047,0.9263258359443495,0.9263258359443495
94,0.9,3,0,0.8677013268254441,5,0.24603083698124625,0.11002833521024714,1.0,0.4,0.8782252970175047,0.9880167763012515,0.9880167763012515
95,0.1,1,1,0.9553097768466771,5,0.09337949068613058,0.04176057777569929,5.0,0.9,0.9673945460541784,0.9875079208821335,0.9875079208821335
95,0.1,2,1,0.9509266655714645,5,0.07360017725635536,0.032914999900248904,5.0,0.9,0.9673945460541784,0.9829770794657844,0.9829770794657844
95,0.1,3,0,0.7167104111986001,1,,,1.0,0.4,0.7430942153338584,0.9644946716165668,0.9644946716165668
95,0.1,3,1,0.9959471957443935,4,0.019826741815734295,0.009913370907867147,5.0,0.9,0.9673945460541784,1.029514999652082,1.029514999652082
95,0.5,1,0,0.7759265506316687,5,0.1239649316397097,0.05543880279450107,1.0,0.4,0.7430942153338584,1.0441832739648758,1.0441832739648758
95,0.5,2,0,0.7454088570289794,5,0.06454752087385124,0.028866528890603597,1.0,0.4,0.7430942153338584,1.0031148697531995,1.0031148697531995
95,0.5,3,0,0.7265714185345129,5,0.04009271268889582,0.017930006194947886,1.0,0.4,0.7430942153338584,0.9777648695705131,0.9777648695705131
95,0.9,1,0,0.7697381936277035,5,0.015349831507618159,0.006864653338840457,1.0,0.4,0.7430942153338584,1.035855451090915,1.035855451090915
95,0.9,2,0,0.7241392943326395,5,0.020285483844615516,0.009071944166606815,1.0,0.4,0.7430942153338584,0.974491900744103,0.974491900744103
95,0.9,3,0,0.7431647819829048,5,0.0697971556851613,0.031214236949631314,1.0,0.4,0.7430942153338584,1.0000949632598266,1.0000949632598266
96,0.1,1,1,0.8000263968896206,5,0.012519636380831896,0.005598951600223913,5.0,0.9,0.9267578963559665,0.8632528517268026,0.8632528517268026
96,0.1,2,1,0.9014176095037625,5,0.13502694131713158,0.06038588391579624,5.0,0.9,0.9267578963559665,0.9726570585998322,0.9726570585998322
96,0.1,3,0,0.8068074377560669,1,,,1.0,0.4,0.9755471323101895,0.8270307102902033,0.8270307102902033
96,0.1,3,1,0.9814961480308158,4,0.12595099239206084,0.06297549619603042,5.0,0.9,0.9267578963559665,1.0590642409307558,1.0590642409307558
96,0.5,1,1,0.7347884023494452,5,0.2958662720677156,0.13231541931857185,5.0,0.9,0.9267578963559665,0.7928590684132827,0.7928590684132827
96,0.5,2,0,1.0609200165768753,1,,,1.0,0.4,0.9755471323101895,1.0875128237674325,1.0875128237674325
96,0.5,2,1,0.8317260089232077,4,0.42642353487736623,0.21321176743868311,5.0,0.9,0.9267578963559665,0.8974576987081239,0.8974576987081239
96,0.5,3,0,0.9149819676135467,1,,,1.0,0.4,0.9755471323101895,0.9379167210986324,0.9379167210986324
96,0.5,3,1,0.9779415120212728,4,0.12334190760991529,0.06167095380495764,5.0,0.9,0.9267578963559665,1.05522868039923,1.05522868039923
96,0.9,1,0,1.0444716442268462,1,,,1.0,0.4,0.9755471323101895,1.0706521598330536,1.0706521598330536
96,0.9,1,1,0.9830991749492334,4,0.13354573083314017,0.06677286541657008,5.0,0.9,0.9267578963559665,1.0607939558052886,1.0607939558052886
96,0.9,2,0,1.0523373781925296,3,0.008733456040524707,0.005042263195952704,1.0,0.4,0.9755471323101895,1.0787150547001183,1.0787150547001183
96,0.9,2,1,1.060985797827903,2,0.011814649643885584,0.008354218880534725,5.0,0.9,0.9267578963559665,1.1448359943839956,1.1448359943839956
96,0.9,3,0,0.9737643494952719,3,0.14356597364257448,0.0828878535290111,1.0,0.4,0.9755471323101895,0.9981725303105593,0.9981725303105593
96,0.9,3,1,1.0693400167084377,2,0.0,0.0,5.0,0.9,0.9267578963559665,1.1538504510326886,1.1538504510326886
97,0.1,1,1,0.704850796293411,5,0.22213161781367002,0.09934027947667387,5.0,0.9,0.7136665042498435,0.9876473003791891,0.9876473003791891
97,0.1,2,1,0.8020582377745441,5,0.27619900034715217,0.12351994801874405,5.0,0.9,0.7136665042498435,1.1238557967879015,1.1238557967879015
97,0.1,3,0,0.8910546467107553,1,,,1.0,0.4,0.7586354172248092,1.1745492320545137,1.1745492320545137
97,0.1,3,1,0.7135738570406239,4,0.2689129863918666,0.1344564931959333,5.0,0.9,0.7136665042498435,0.999870181368093,0.999870181368093
97,0.5,1,1,0.6930342580217441,5,0.23167971351976527,0.10361031768757444,5.0,0.9,0.7136665042498435,0.9710897931943906,0.9710897931943906
97,0.5,2,0,0.5863656138686411,1,,,1.0,0.4,0.7586354172248092,0.7729214858088825,0.7729214858088825
97,0.5,2,1,0.4582573942516921,4,0.2888248000994748,0.1444124000497374,5.0,0.9,0.7136665042498435,0.6421169993586575,0.6421169993586575
97,0.5,3,0,0.6327236777063766,1,,,1.0,0.4,0.7586354172248092,0.8340286563748437,0.8340286563748437
97,0.5,3,1,0.9217512962673221,4,0.24433602408185867,0.12216801204092934,5.0,0.9,0.7136665042498435,1.2915714703973713,1.2915714703973713
97,0.9,1,0,0.6130818739709625,1,,,1.0,0.4,0.7586354172248092,0.8081376904517571,0.8081376904517571
97,0.9,1,1,0.5969366634530298,3,0.03708899156904489,0.02141333926635983,5.0,0.9,0.7136665042498435,0.8364364305993147,0.8364364305993147
97,0.9,2,0,1.008755585081675,1,,,1.0,0.4,0.7586354172248092,1.3296974570101658,1.3296974570101658
97,0.9,2,1,0.8188695308963808,4,0.2494059860240604,0.1247029930120302,5.0,0.9,0.7136665042498435,1.1474120279150826,1.1474120279150826
97,0.9,3,0,0.8198311060104444,5,0.23006292069563988,0.1028872659555188,1.0,0.4,0.7586354172248092,1.0806654782998364,1.0806654782998364
98,0.1,1,0,0.7580038307016332,5,0.08516288385624089,0.03808599949249481,1.0,0.4,0.7822560635018623,0.9689970663932459,0.9689970663932459
98,0.1,2,0,0.7565248787583183,5,0.06005281814745857,0.026856436723630066,1.0,0.4,0.7822560635018623,0.9671064425779518,0.9671064425779518
98,0.1,3,0,0.7846462862982784,5,0.031084669801003623,0.013901486946635792,1.0,0.4,0.7822560635018623,1.0030555503599627,1.0030555503599627
98,0.5,1,0,0.7230583130072893,5,0.08025225209364056,0.03588989820576602,1.0,0.4,0.7822560635018623,0.9243243315627785,0.9243243315627785
98,0.5,2,0,0.789476498699127,5,0.07936902901505416,0.03549490883716285,1.0,0.4,0.7822560635018623,1.0092302706673075,1.0092302706673075
98,0.5,3,0,0.8032617349382019,5,0.05547202943358735,0.024807845732674094,1.0,0.4,0.7822560635018623,1.026852679597401,1.026852679597401
98,0.9,1,0,0.7730803079349824,5,0.0603060697729813,0.026969694293646297,1.0,0.4,0.7822560635018623,0.9882701381363495,0.9882701381363495
98,0.9,2,0,0.8105865114353333,5,0.060860936261416955,0.027217838130962044,1.0,0.4,0.7822560635018623,1.036216335360376,1.036216335360376
98,0.9,3,0,0.8416662097435971,5,0.10333346542855658,0.04621213060977539,1.0,0.4,0.7822560635018623,1.0759471853446276,1.0759471853446276
99,0.1,1,1,0.8845895186602915,5,0.07492310060049392,0.03350662920555195,5.0,0.9,0.9749816864937613,0.9072883428625834,0.9072883428625834
99,0.1,2,0,0.573657416160725,1,,,1.0,0.4,0.5601899482003859,1.0240408954205682,1.0240408954205682
99,0.1,2,1,0.9420064077981445,4,0.09083812053459939,0.045419060267299693,5.0,0.9,0.9749816864937613,0.9661785660670174,0.9661785660670174
99,0.1,3,0,0.5405319188650485,4,0.040455222644453934,0.020227611322226967,1.0,0.4,0.5601899482003859,0.9649082790605419,0.9649082790605419
99,0.1,3,1,1.0447913478216508,1,,,5.0,0.9,0.9749816864937613,1.071600997531492,1.071600997531492
99,0.5,1,0,0.4870175017413691,1,,,1.0,0.4,0.5601899482003859,0.8693792227188585,0.8693792227188585
99,0.5,1,1,1.0158668372010649,4,0.24067986587366175,0.12033993293683087,5.0,0.9,0.9749816864937613,1.0419342755599186,1.0419342755599186
99,0.5,2,0,0.5465206032977172,5,0.029108548276137687,0.013017738534355637,1.0,0.4,0.5601899482003859,0.9755987322753977,0.9755987322753977
99,0.5,3,0,0.5918729068417935,5,0.047251972070582675,0.02113172432414887,1.0,0.4,0.5601899482003859,1.0565575279299269,1.0565575279299269
99,0.9,1,0,0.6097466509211833,4,0.12514238590000723,0.06257119295000362,1.0,0.4,0.5601899482003859,1.0884641055770434,1.0884641055770434
99,0.9,1,1,0.9876543209876544,1,,,5.0,0.9,0.9749816864937613,1.0129978179789885,1.0129978179789885
99,0.9,2,0,0.5771274094502166,5,0.03907812626791927,0.017476269353677527,1.0,0.4,0.5601899482003859,1.0302352109391508,1.0302352109391508
99,0.9,3,0,0.5550451783250339,5,0.045355133118499244,0.020283432156303266,1.0,0.4,0.5601899482003859,0.990816026078512,0.990816026078512
100,0.1,1,1,0.9921438664986798,5,0.032872543454272,0.014701048351413587,5.0,0.9,0.9416416519024672,1.053632095069477,1.053632095069477
100,0.1,2,1,0.9602854610490666,5,0.023830569913701256,0.01065735485391946,5.0,0.9,0.9416416519024672,1.0197992613314546,1.0197992613314546
100,0.1,3,1,0.9218003851277237,5,0.11337334547746203,0.050702101464834684,5.0,0.9,0.9416416519024672,0.9789290684681835,0.9789290684681835
100,0.5,1,0,0.9041429210021737,3,0.1864324748880397,0.10763683956229787,1.0,0.4,0.9858383174982984,0.9171310395974077,0.9171310395974077
100,0.5,1,1,0.9747807318940067,2,0.0036089546742466374,0.002551916323154685,5.0,0.9,0.9416416519024672,1.03519287822983,1.03519287822983
100,0.5,2,0,0.9202762136248619,4,0.16102744768778365,0.08051372384389183,1.0,0.4,0.9858383174982984,0.9334960888517607,0.9334960888517607
100,0.5,2,1,0.965673330818559,1,,,5.0,0.9,0.9416416519024672,1.025521044940545,1.025521044940545
100,0.5,3,0,1.0191403725419217,3,0.0333459259503401,0.019252279323806184,1.0,0.4,0.9858383174982984,1.0337804429514688,1.0337804429514688
100,0.5,3,1,0.973120928990941,2,0.00233767831865404,0.0016529881913530384,5.0,0.9,0.9416416519024672,1.0334302088537333,1.0334302088537333
100,0.9,1,0,1.0182120257615046,4,0.06881948024605711,0.034409740123028554,1.0,0.4,0.9858383174982984,1.0328387603611908,1.0328387603611908
100,0.9,1,1,0.9903333032908086,1,,,5.0,0.9,0.9416416519024672,1.051709322001598,1.051709322001598
100,0.9,2,0,1.0237454063459754,5,0.06718707101880407,0.03004697160143039,1.0,0.4,0.9858383174982984,1.038451628603635,1.038451628603635
100,0.9,3,0,1.0295129657133533,4,0.059261268627473364,0.029630634313736682,1.0,0.4,0.9858383174982984,1.044302039634537,1.044302039634537
100,0.9,3,1,0.7549952075499521,1,,,5.0,0.9,0.9416416519024672,0.8017861211051787,0.8017861211051787
101,0.1,1,1,1.212050047947113,5,0.1233179402998032,0.055149459471124145,5.0,0.9,1.3637380904346534,0.8887703998652746,0.8887703998652746
101,0.1,2,1,1.1754793001858812,5,0.14871835868282696,0.06650887190339944,5.0,0.9,1.3637380904346534,0.8619538520121778,0.8619538520121778
101,0.1,3,1,1.3141279563206578,5,0.1104787360014149,0.0494075927534834,5.0,0.9,1.3637380904346534,0.9636219487730348,0.9636219487730348
101,0.5,1,1,1.3565228609203315,5,0.12143200362356539,0.054306042949258594,5.0,0.9,1.3637380904346534,0.9947092263793685,0.9947092263793685
101,0.5,2,0,1.4813910798739958,1,,,1.0,0.4,1.469420863992343,1.0081462133654004,1.0081462133654004
101,0.5,2,1,1.3706704540980899,4,0.07533274409423861,0.037666372047119305,5.0,0.9,1.3637380904346534,1.0050833541367368,1.0050833541367368
101,0.5,3,0,1.5730336433524457,2,0.13002809968658272,0.09194375103318303,1.0,0.4,1.469420863992343,1.0705126637977578,1.0705126637977578
101,0.5,3,1,1.3621589159958438,3,0.10683550041157999,0.06168150492163409,5.0,0.9,1.3637380904346534,0.9988420251293955,0.9988420251293955
101,0.9,1,1,1.4441769194871104,5,0.24687508860673482,0.11040589601518858,5.0,0.9,1.3637380904346534,1.0589840744470365,1.0589840744470365
101,0.9,2,0,1.4812403941777417,1,,,1.0,0.4,1.469420863992343,1.0080436656883214,1.0080436656883214
101,0.9,2,1,1.536621271218681,4,0.16052722809607706,0.08026361404803853,5.0,0.9,1.3637380904346534,1.126771542128684,1.126771542128684
101,0.9,3,0,1.3420183385651887,3,0.13598898495424702,0.0785132770701585,1.0,0.4,1.469420863992343,0.9132974571485204,0.9132974571485204
101,0.9,3,1,1.5018350877381712,2,0.23368263992352056,0.16523857933549563,5.0,0.9,1.3637380904346534,1.101263577128291,1.101263577128291
102,0.1,1,1,0.9630293130687617,5,0.09811276948610977,0.043877364406341705,5.0,0.9,0.9975026390757186,0.9654403661138183,0.9654403661138183
102,0.1,2,1,1.027921690554317,5,0.049574676993830585,0.02217046954416002,5.0,0.9,0.9975026390757186,1.0304952090219877,1.0304952090219877
102,0.1,3,1,1.0015569136040772,5,0.10207289617850107,0.04564838690308138,5.0,0.9,0.9975026390757186,1.0040644248641941,1.0040644248641941
102,0.5,1,0,1.0083673361672112,5,0.10743109394131214,0.04804464578998795,1.0,0.4,0.9571895470403553,1.0534667237905997,1.0534667237905997
102,0.5,2,0,0.9176295254144333,5,0.16561262184434009,0.0740642160751822,1.0,0.4,0.9571895470403553,0.9586706501881032,0.9586706501881032
102,0.5,3,0,0.9259316810476932,5,0.0881909454879541,0.039440189822208746,1.0,0.4,0.9571895470403553,0.9673441210371426,0.9673441210371426
102,0.9,1,0,1.0342899120429707,5,0.052456560953547345,0.02345928723159861,1.0,0.4,0.9571895470403553,1.0805486909473792,1.0805486909473792
102,0.9,2,0,0.8739040386891883,5,0.15143877995724403,0.06772548128280606,1.0,0.4,0.9571895470403553,0.9129895341955132,0.9129895341955132
102,0.9,3,0,0.9830147888806351,5,0.10887913851427235,0.04869223100990568,1.0,0.4,0.9571895470403553,1.0269802798412622,1.0269802798412622
103,0.1,1,1,0.9513752466921324,5,0.10536705810034898,0.04712158090031003,5.0,0.9,0.9870279635833125,0.9638787165038909,0.9638787165038909
103,0.1,2,1,0.9655124962279873,5,0.032257275551055016,0.0144258921802202,5.0,0.9,0.9870279635833125,0.9782017651483599,0.9782017651483599
103,0.1,3,0,1.003921568627451,1,,,1.0,0.4,0.9866802205518597,1.0174740992233007,1.0174740992233007
103,0.1,3,1,0.9737150160349483,4,0.04675523736471179,0.023377618682355893,5.0,0.9,0.9870279635833125,0.9865120867497686,0.9865120867497686
103,0.5,1,1,1.0367868961952185,5,0.10923398200722688,0.04885092184422964,5.0,0.9,0.9870279635833125,1.0504128904628607,1.0504128904628607
103,0.5,2,1,0.9848689783236125,5,0.09688189785665607,0.04332690187933483,5.0,0.9,0.9870279635833125,0.9978126402297034,0.9978126402297034
103,0.5,3,0,0.9893754512646318,4,0.0223825464127786,0.0111912732063893,1.0,0.4,0.9866802205518597,1.0027316152251078,1.0027316152251078
103,0.5,3,1,1.0087427656692525,1,,,5.0,0.9,0.9870279635833125,1.022000189343275,1.022000189343275
103,0.9,1,1,1.0122297174153958,4,0.056054332136042266,0.028027166068021133,5.0,0.9,0.9870279635833125,1.0255329684283623,1.0255329684283623
103,0.9,2,0,0.9524426943585215,3,0.1521157536564774,0.08782407132155003,1.0,0.4,0.9866802205518597,0.9653002812054053,0.9653002812054053
103,0.9,2,1,0.9629925921079523,2,0.08230599988984852,0.05819913065445112,5.0,0.9,0.9870279635833125,0.9756487431337791,0.9756487431337791
103,0.9,3,0,1.0009811679568343,5,0.12639069214935225,0.05652363587384013,1.0,0.4,0.9866802205518597,1.0144940043461863,1.0144940043461863
104,0.1,1,0,1.0553242687607738,4,0.10125466760613375,0.050627333803066873,1.0,0.4,1.069492454888433,0.9867524206805767,0.9867524206805767
104,0.1,1,1,0.9453525742739931,1,,,5.0,0.9,1.0372179247737503,0.911431003740322,0.911431003740322
104,0.1,2,0,1.0003935024973756,3,0.012857763818652328,0.007423433401875552,1.0,0.4,1.069492454888433,0.9353908930584595,0.9353908930584595
104,0.1,2,1,0.9862976816646849,2,0.048528963915777136,0.03431515946880328,5.0,0.9,1.0372179247737503,0.9509069001866963,0.9509069001866963
104,0.1,3,0,1.0100084281683213,4,0.03283375550986368,0.01641687775493184,1.0,0.4,1.069492454888433,0.9443810693116886,0.9443810693116886
104,0.1,3,1,0.9920918460029308,1,,,5.0,0.9,1.0372179247737503,0.9564931556879304,0.9564931556879304
104,0.5,1,0,1.1025705144693365,3,0.09121562192752977,0.052663363874158445,1.0,0.4,1.069492454888433,1.0309287451535636,1.0309287451535636
104,0.5,1,1,1.1053518892267693,2,0.12507737271649885,0.0884430584208336,5.0,0.9,1.0372179247737503,1.065689150587984,1.065689150587984
104,0.5,2,0,1.0915220770017406,5,0.08336344346249283,0.03728126528411888,1.0,0.4,1.069492454888433,1.0205982024581985,1.0205982024581985
104,0.5,3,0,1.078282667855512,4,0.11742949637914432,0.05871474818957216,1.0,0.4,1.069492454888433,1.008219050940379,1.008219050940379
104,0.5,3,1,1.1882825924336624,1,,,5.0,0.9,1.0372179247737503,1.1456440966278751,1.1456440966278751
104,0.9,1,0,1.1182221723248278,4,0.08639075434673883,0.043195377173369416,1.0,0.4,1.069492454888433,1.0455634045978175,1.0455634045978175
104,0.9,1,1,1.0059309650404609,1,,,5.0,0.9,1.0372179247737503,0.9698356931691919,0.9698356931691919
104,0.9,2,0,1.0892362171273073,5,0.10397642317453173,0.04649967005510749,1.0,0.4,1.069492454888433,1.0184608709941145,1.0184608709941145
104,0.9,3,0,1.079872245790703,5,0.0910990211939548,0.0407407208146754,1.0,0.4,1.069492454888433,1.0097053428052027,1.0097053428052027
105,0.1,1,1,0.8879225402752132,5,0.05425663823756136,0.024264306265960316,5.0,0.9,0.9587502285696152,0.9261249841889773,0.9261249841889773
105,0.1,2,1,0.9816715023613556,5,0.0035859364848564402,0.001603679548627129,5.0,0.9,0.9587502285696152,1.0239074506672474,1.0239074506672474
105,0.1,3,0,0.6921053455206096,1,,,1.0,0.4,0.8284808470743409,0.8353908819554231,0.8353908819554231
105,0.1,3,1,0.983277019402579,4,0.001414105419152887,0.0007070527095764435,5.0,0.9,0.9587502285696152,1.0255820443136225,1.0255820443136225
105,0.5,1,0,0.7649145546538314,1,,,1.0,0.4,0.8284808470743409,0.9232736729581805,0.9232736729581805
105,0.5,1,1,0.9821298522393134,4,0.003248387967767212,0.001624193983883606,5.0,0.9,0.9587502285696152,1.0243855208301529,1.0243855208301529
105,0.5,2,0,0.8797155177320534,5,0.14247313285543575,0.0637159220064226,1.0,0.4,0.8284808470743409,1.0618417080354243,1.0618417080354243
105,0.5,3,0,0.90874887621985,5,0.15771328060491738,0.07053152327741888,1.0,0.4,0.8284808470743409,1.0968857993868706,1.0968857993868706
105,0.9,1,0,0.7488507931409909,5,0.11073657196151164,0.04952290050024745,1.0,0.4,0.8284808470743409,0.9038842548810249,0.9038842548810249
105,0.9,2,0,0.887778417352807,5,0.08990266460726025,0.04020569388403967,1.0,0.4,0.8284808470743409,1.0715738577275105,1.0715738577275105
105,0.9,3,0,0.917252424900244,5,0.09878656952685154,0.04417869694520985,1.0,0.4,0.8284808470743409,1.1071498250555665,1.1071498250555665
106,0.1,1,1,0.9769538480670408,5,0.041546394118334946,0.018580112293718875,5.0,0.9,0.9639035733102974,1.0135389836889237,1.0135389836889237
106,0.1,2,1,0.9552931641545385,5,0.07815501947857184,0.03495198726738136,5.0,0.9,0.9639035733102974,0.9910671467622134,0.9910671467622134
106,0.1,3,0,0.9045326095232616,1,,,1.0,0.4,0.9653899774823897,0.9369608454835671,0.9369608454835671
106,0.1,3,1,0.9644160921583015,4,0.04277655261375579,0.021388276306877896,5.0,0.9,0.9639035733102974,1.0005317117419161,1.0005317117419161
106,0.5,1,1,0.9955360841765802,5,0.004775973074401615,0.0021358800906141344,5.0,0.9,0.9639035733102974,1.03281709057022,1.03281709057022
106,0.5,2,0,0.9974014094998516,2,0.002157417377968156,0.0015255244578109839,1.0,0.4,0.9653899774823897,1.0331590681114624,1.0331590681114624
106,0.5,2,1,0.9602760868926304,3,0.04670033331295997,0.026962450009482688,5.0,0.9,0.9639035733102974,0.9962366708474695,0.9962366708474695
106,0.5,3,0,0.997566450248389,4,0.003593639753526575,0.0017968198767632875,1.0,0.4,0.9653899774823897,1.0333300257062035,1.0333300257062035
106,0.5,3,1,0.9908319020779408,1,,,5.0,0.9,0.9639035733102974,1.027936745451793,1.027936745451793
106,0.9,1,0,0.9948629513134085,1,,,1.0,0.4,0.9653899774823897,1.0305296041169605,1.0305296041169605
106,0.9,1,1,0.9953990708833342,4,0.006273990418376163,0.0031369952091880814,5.0,0.9,0.9639035733102974,1.0326749463796188,1.0326749463796188
106,0.9,2,0,0.9315413645940174,4,0.08448651736341871,0.042243258681709354,1.0,0.4,0.9653899774823897,0.9649378865765262,0.9649378865765262
106,0.9,2,1,0.8977140728077673,1,,,5.0,0.9,0.9639035733102974,0.9313318237059564,0.9313318237059564
106,0.9,3,0,0.9664350797154106,4,0.05966582679624091,0.029832913398120456,1.0,0.4,0.9653899774823897,1.0010825700052806,1.0010825700052806
106,0.9,3,1,0.9387118385745428,1,,,5.0,0.9,0.9639035733102974,0.9738648808518889,0.9738648808518889
107,0.1,1,1,1.1262835057233258,5,0.0574898005387161,0.025710220403494646,5.0,0.9,1.1309286590667893,0.9958926203644918,0.9958926203644918
107,0.1,2,1,1.088352434771322,5,0.0594447742796013,0.02658451123926392,5.0,0.9,1.1309286590667893,0.9623528646531957,0.9623528646531957
107,0.1,3,0,1.1409470752089137,1,,,1.0,0.4,1.1109968358380269,1.0269579880020947,1.0269579880020947
107,0.1,3,1,1.0836283564078997,4,0.0188823808113824,0.0094411904056912,5.0,0.9,1.1309286590667893,0.9581756972204414,0.9581756972204414
107,0.5,1,1,1.1320733343005933,5,0.0652579741141938,0.029184253238651793,5.0,0.9,1.1309286590667893,1.001012155121039,1.001012155121039
107,0.5,2,0,1.0459444354025313,2,0.08807817217940957,0.062280672822576814,1.0,0.4,1.1109968358380269,0.9414468175452305,0.9414468175452305
107,0.5,2,1,1.1603311165632884,3,0.036128685807439075,0.020858906476392363,5.0,0.9,1.1309286590667893,1.0259985077403213,1.0259985077403213
107,0.5,3,0,1.0934512424510152,2,0.08889612541277878,0.06285905310058565,1.0,0.4,1.1109968358380269,0.9842073417123848,0.9842073417123848
107,0.5,3,1,1.0681872026015737,3,0.01878421735024407,0.010845072943679852,5.0,0.9,1.1309286590667893,0.944522180101981,0.944522180101981
107,0.9,1,0,1.1201612077253174,4,0.024772003791660724,0.012386001895830362,1.0,0.4,1.1109968358380269,1.0082487830673053,1.0082487830673053
107,0.9,1,1,1.195100128693118,1,,,5.0,0.9,1.1309286590667893,1.0567422791100556,1.0567422791100556
107,0.9,2,0,1.1454466334679698,4,0.021315123274785956,0.010657561637392978,1.0,0.4,1.1109968358380269,1.0310080069705665,1.0310080069705665
107,0.9,2,1,1.1934731934731935,1,,,5.0,0.9,1.1309286590667893,1.0553036956884745,1.0553036956884745
107,0.9,3,0,1.120030420772414,5,0.03498073018151794,0.015643858117690534,1.0,0.4,1.1109968358380269,1.0081310627024183,1.0081310627024183
108,0.1,1,1,0.9802958365207093,5,0.11003913644249166,0.04921099785415715,5.0,0.9,1.009604118845426,0.9709705202488345,0.9709705202488345
108,0.1,2,0,0.9138777331548416,1,,,1.0,0.4,0.9538949374194302,0.9580486249640373,0.9580486249640373
108,0.1,2,1,1.0083178617583743,4,0.08892488014325478,0.04446244007162739,5.0,0.9,1.009604118845426,0.9987259787643077,0.9987259787643077
108,0.1,3,0,0.8905891090234791,2,0.03293508809558213,0.023288624131362456,1.0,0.4,0.9538949374194302,0.933634380566887,0.933634380566887
108,0.1,3,1,0.9128916932390029,3,0.0002435949460017896,0.00014063960764736558,5.0,0.9,1.009604118845426,0.904207576216089,0.904207576216089
108,0.5,1,0,0.9643135977950142,3,0.05193398271855428,0.029984098902646687,1.0,0.4,0.9538949374194302,1.0109222304961274,1.0109222304961274
108,0.5,1,1,1.1369110838636174,2,0.015201841504783884,0.010749325214555794,5.0,0.9,1.009604118845426,1.1260959247707691,1.1260959247707691
108,0.5,2,0,1.0005821193255326,5,0.057386303749412323,0.025663935232227403,1.0,0.4,0.9538949374194302,1.0489437359133127,1.0489437359133127
108,0.5,3,0,0.9231971656026661,5,0.02273405621276532,0.010166979019208934,1.0,0.4,0.9538949374194302,0.967818498020536,0.967818498020536
108,0.9,1,0,0.9667800086345941,5,0.05031499148310524,0.022501548248709254,1.0,0.4,0.9538949374194302,1.0135078515565057,1.0135078515565057
108,0.9,2,0,1.0038398581219263,5,0.09233825607252781,0.04129492350039098,1.0,0.4,0.9538949374194302,1.05235893256506,1.05235893256506
108,0.9,3,0,0.9679799076973878,5,0.06981935415346713,0.031224164406456954,1.0,0.4,0.9538949374194302,1.0147657459175343,1.0147657459175343
109,0.1,1,0,0.975842188021156,1,,,1.0,0.4,0.9530936595001219,1.023868093438965,1.023868093438965
109,0.1,1,1,0.9303405849886054,4,0.24450707477742756,0.12225353738871378,5.0,0.9,1.0522367809633748,0.8841551652821265,0.8841551652821265
109,0.1,2,0,0.8769648672445449,2,0.02920469945953156,0.020650841030349865,1.0,0.4,0.9530936595001219,0.9201245423293394,0.9201245423293394
109,0.1,2,1,1.0216211757494091,3,0.08395512271729512,0.048471512700678406,5.0,0.9,1.0522367809633748,0.9709042624551334,0.9709042624551334
109,0.1,3,0,0.9536397361123026,4,0.09779391303365545,0.048896956516827725,1.0,0.4,0.9530936595001219,1.0005729516787123,1.0005729516787123
109,0.1,3,1,0.9862218597874843,1,,,5.0,0.9,1.0522367809633748,0.9372622945992721,0.9372622945992721
109,0.5,1,0,1.0070816236077333,1,,,1.0,0.4,0.9530936595001219,1.0566449724740872,1.0566449724740872
109,0.5,1,1,1.1057319318960976,4,0.03618385358685485,0.018091926793427426,5.0,0.9,1.0522367809633748,1.0508394611370127,1.0508394611370127
109,0.5,2,0,0.904525340146932,4,0.17783954140428895,0.08891977070214448,1.0,0.4,0.9530936595001219,0.9490413991646287,0.9490413991646287
109,0.5,2,1,1.0729893478841586,1,,,5.0,0.9,1.0522367809633748,1.0197223355961609,1.0197223355961609
109,0.5,3,0,0.9696057235107514,4,0.11873593020498524,0.05936796510249262,1.0,0.4,0.9530936595001219,1.0173247024004857,1.0173247024004857
109,0.5,3,1,1.125237153375902,1,,,5.0,0.9,1.0522367809633748,1.069376373961849,1.069376373961849
109,0.9,1,0,0.9097156698308908,2,0.025677518862468645,0.018156747711697063,1.0,0.4,0.9530936595001219,0.9544871700311363,0.9544871700311363
109,0.9,1,1,1.1235154130619673,3,0.07989361344450635,0.046126599228717646,5.0,0.9,1.0522367809633748,1.0677401069684462,1.0677401069684462
109,0.9,2,0,0.8565050868107242,5,0.12247817408152623,0.0547739046012691,1.0,0.4,0.9530936595001219,0.8986578373209865,0.8986578373209865
109,0.9,3,0,1.1239627002160624,5,0.1326056965734515,0.0593030703483897,1.0,0.4,0.9530936595001219,1.179278331161659,1.179278331161659
110,0.1,1,0,0.968212706310608,5,0.10708285669728194,0.047888909359998205,1.0,0.4,0.961677215747258,1.0067959295035098,1.0067959295035098
110,0.1,2,0,0.9348312052221983,4,0.04725937914852804,0.02362968957426402,1.0,0.4,0.961677215747258,0.9720841774293266,0.9720841774293266
110,0.1,2,1,0.9948387880259882,1,,,5.0,0.9,0.9948387880259882,1.0,1.0
110,0.1,3,0,0.9323083392870778,5,0.12049705570471889,0.053887921528866047,1.0,0.4,0.961677215747258,0.9694607754251935,0.9694607754251935
110,0.5,1,0,1.1021132582001787,5,0.04503864082835584,0.020141892501280217,1.0,0.4,0.961677215747258,1.1460324110349198,1.1460324110349198
110,0.5,2,0,0.9417418328016055,5,0.15995239526399482,0.07153288579484157,1.0,0.4,0.961677215747258,0.979270193138389,0.979270193138389
110,0.5,3,0,0.9329420487009663,5,0.09843506209861054,0.044021498044381255,1.0,0.4,0.961677215747258,0.9701197381244356,0.9701197381244356
110,0.9,1,0,0.9159379227829382,5,0.08408607156332033,0.03760443439529925,1.0,0.4,0.961677215747258,0.9524379987220778,0.9524379987220778
110,0.9,2,0,0.9584887419687904,5,0.14317134894662126,0.0640281737349976,1.0,0.4,0.961677215747258,0.9966844657165035,0.9966844657165035
110,0.9,3,0,0.9685188864509587,5,0.033397316162142525,0.014935733840920614,1.0,0.4,0.961677215747258,1.0071143109056448,1.0071143109056448
111,0.1,1,0,0.6616028848211726,1,,,1.0,0.4,0.5983174001265106,1.1057724289503876,1.1057724289503876
111,0.1,1,1,0.6155817667705628,4,0.07474503829053486,0.03737251914526743,5.0,0.9,0.5467981483919908,1.1257934369032685,1.1257934369032685
111,0.1,2,0,0.5842040565525242,2,0.0011178830629438483,0.0007904626943811832,1.0,0.4,0.5983174001265106,0.9764116110094705,0.9764116110094705
111,0.1,2,1,0.5852785140723511,3,0.0704426524289093,0.04067008434226203,5.0,0.9,0.5467981483919908,1.0703739868057753,1.0703739868057753
111,0.1,3,0,0.6207569270210599,3,0.08020614370589671,0.04630703865926128,1.0,0.4,0.5983174001265106,1.037504386283609,1.037504386283609
111,0.1,3,1,0.6428481842517106,2,0.030976122825899663,0.021903426505061052,5.0,0.9,0.5467981483919908,1.1756590364144084,1.1756590364144084
111,0.5,1,1,0.5943840691630721,3,0.11385999851601243,0.06573710079315018,5.0,0.9,0.5467981483919908,1.0870264848390958,1.0870264848390958
111,0.5,2,0,0.5695400893608101,2,0.009606898769628943,0.006793103266177325,1.0,0.4,0.5983174001265106,0.9519029351985825,0.9519029351985825
111,0.5,2,1,0.5431136215972526,1,,,5.0,0.9,0.5467981483919908,0.9932616326416365,0.9932616326416365
111,0.5,3,0,0.6400999431256853,5,0.08056144144267777,0.03602817188623924,1.0,0.4,0.5983174001265106,1.0698334078038514,1.0698334078038514
111,0.9,1,0,0.6230629109480945,1,,,1.0,0.4,0.5983174001265106,1.041358501050365,1.041358501050365
111,0.9,1,1,0.29958273449699574,1,,,5.0,0.9,0.5467981483919908,0.5478854223958156,0.5478854223958156
111,0.9,2,0,0.5379218075892753,4,0.23344466230190888,0.11672233115095444,1.0,0.4,0.5983174001265106,0.8990576029972303,0.8990576029972303
111,0.9,3,0,0.5493505815934628,4,0.085533397672102,0.042766698836051,1.0,0.4,0.5983174001265106,0.9181591267065039,0.9181591267065039
112,0.1,1,1,1.0046524691143832,5,0.04874784466701452,0.021800698886409012,5.0,0.9,1.0068627601807831,0.9978047742415231,0.9978047742415231
112,0.1,2,1,0.9640249809779805,5,0.039999588961657145,0.01788835999806312,5.0,0.9,1.0068627601807831,0.9574542024028071,0.9574542024028071
112,0.1,3,0,0.9842074019757786,2,0.0005100327797955788,0.0003606476372208789,1.0,0.4,0.9955553696498894,0.9886013696273853,0.9886013696273853
112,0.1,3,1,0.9892383665057625,3,0.09823434356378247,0.05671562470021599,5.0,0.9,1.0068627601807831,0.9824957339053276,0.9824957339053276
112,0.5,1,0,0.9995739003030573,3,0.15519466523714984,0.08960168175146233,1.0,0.4,0.9955553696498894,1.004036471275908,1.004036471275908
112,0.5,1,1,1.0918299346927895,2,0.0,0.0,5.0,0.9,1.0068627601807831,1.0843880396338728,1.0843880396338728
112,0.5,2,0,0.9897237495778313,5,0.09822771276334477,0.04392876860263252,1.0,0.4,0.9955553696498894,0.9941423448159302,0.9941423448159302
112,0.5,3,0,1.0242541633331217,4,0.13634248936068255,0.06817124468034128,1.0,0.4,0.9955553696498894,1.0288269186809016,1.0288269186809016
112,0.5,3,1,0.9845680496129995,1,,,5.0,0.9,1.0068627601807831,0.9778572498164689,0.9778572498164689
112,0.9,1,0,1.0491009353468594,5,0.05618462789605645,0.02512652945322264,1.0,0.4,0.9955553696498894,1.0537846184444775,1.0537846184444775
112,0.9,2,0,0.9468492681620126,5,0.04828850115745155,0.021595274223927787,1.0,0.4,0.9955553696498894,0.951076451423284,0.951076451423284
112,0.9,3,0,0.9751781688505643,5,0.12050412556126443,0.05389108326483145,1.0,0.4,0.9955553696498894,0.9795318257321125,0.9795318257321125
113,0.1,1,0,0.7635290592582336,2,0.10764471137265844,0.07611630537047545,1.0,0.4,0.7539368802836576,1.0127227878426204,1.0127227878426204
113,0.1,1,1,0.7274331001262753,3,0.08434699615285504,0.04869776093418719,5.0,0.9,0.7833683842814121,0.9285964492855471,0.9285964492855471
113,0.1,2,0,0.6436415886015301,2,0.009180144787276516,0.00649134263135756,1.0,0.4,0.7539368802836576,0.8537075257007848,0.8537075257007848
113,0.1,2,1,0.7588038640514586,3,0.036369156926122415,0.02099774254149652,5.0,0.9,0.7833683842814121,0.9686424411262312,0.9686424411262312
113,0.1,3,0,0.7147861209307882,3,0.04868920155974567,0.02811072362714711,1.0,0.4,0.7539368802836576,0.9480715688849981,0.9480715688849981
113,0.1,3,1,0.780129153932303,2,0.08416863234791208,0.05951621069640603,5.0,0.9,0.7833683842814121,0.995864997344665,0.995864997344665
113,0.5,1,0,0.8870504921441024,1,,,1.0,0.4,0.7539368802836576,1.1765580320336138,1.1765580320336138
113,0.5,1,1,0.8197432924753522,4,0.08159535892205172,0.04079767946102586,5.0,0.9,0.7833683842814121,1.0464339752839362,1.0464339752839362
113,0.5,2,1,0.7750256823127002,5,0.09257888133793221,0.041402534390500616,5.0,0.9,0.7833683842814121,0.9893502187015567,0.9893502187015567
113,0.5,3,0,0.7300524958460008,4,0.0731559622217212,0.0365779811108606,1.0,0.4,0.7539368802836576,0.9683204455674451,0.9683204455674451
113,0.5,3,1,0.8041582204858128,1,,,5.0,0.9,0.7833683842814121,1.0265390289186502,1.0265390289186502
113,0.9,1,1,0.8182853765859825,5,0.052399845393838934,0.02343392326222062,5.0,0.9,0.7833683842814121,1.0445728893394135,1.0445728893394135
113,0.9,2,0,0.760643888774122,5,0.0709150482712977,0.03171417371246012,1.0,0.4,0.7539368802836576,1.0088959814353968,1.0088959814353968
113,0.9,3,0,0.7778545164308259,5,0.051142476643241376,0.022871610862396596,1.0,0.4,0.7539368802836576,1.0317236585351413,1.0317236585351413
114,0.1,1,0,0.9760025232770329,2,0.19807272329353756,0.14005856580894702,1.0,0.4,0.7991867095578971,1.221244687385941,1.221244687385941
114,0.1,1,1,0.9363470466771527,3,0.09413482980846688,0.05434876933003796,5.0,0.9,1.0116958335345891,0.9255222920171685,0.9255222920171685
114,0.1,2,0,0.8155338065866655,2,0.02886431218658575,0.020410150881420286,1.0,0.4,0.7991867095578971,1.0204546657661657,1.0204546657661657
114,0.1,2,1,0.9164498372190617,3,0.0749378728395727,0.04326540105642525,5.0,0.9,1.0116958335345891,0.9058551066848186,0.9058551066848186
114,0.1,3,0,0.49218860082879834,2,0.020303265879828926,0.014356576983860487,1.0,0.4,0.7991867095578971,0.6158618442254535,0.6158618442254535
114,0.1,3,1,0.8968382395855942,3,0.028527350147940715,0.016470273287180284,5.0,0.9,1.0116958335345891,0.8864702313266292,0.8864702313266292
114,0.5,1,0,0.8787436711576418,1,,,1.0,0.4,0.7991867095578971,1.0995474031891184,1.0995474031891184
114,0.5,1,1,1.0732231284245168,4,0.21571770894268133,0.10785885447134066,5.0,0.9,1.0116958335345891,1.0608160010652294,1.0608160010652294
114,0.5,2,0,0.7238252434760111,4,0.13824042868752442,0.06912021434376221,1.0,0.4,0.7991867095578971,0.9057023031281698,0.9057023031281698
114,0.5,2,1,0.9338805289557683,1,,,5.0,0.9,1.0116958335345891,0.9230842887758514,0.9230842887758514
114,0.5,3,0,0.819996609053335,4,0.06570472304200607,0.032852361521003036,1.0,0.4,0.7991867095578971,1.0260388457998129,1.0260388457998129
114,0.5,3,1,1.3967128145672782,1,,,5.0,0.9,1.0116958335345891,1.380565945089983,1.380565945089983
114,0.9,1,0,0.7877543393327711,4,0.112331016567396,0.056165508283698,1.0,0.4,0.7991867095578971,0.9856949945633476,0.9856949945633476
114,0.9,1,1,0.9284192393127522,1,,,5.0,0.9,1.0116958335345891,0.91768613504032,0.91768613504032
114,0.9,2,0,0.8500789924231235,5,0.07686693116648002,0.034375936662009304,1.0,0.4,0.7991867095578971,1.0636800915938398,1.0636800915938398
114,0.9,3,0,0.848556599885695,5,0.056412989407425215,0.02522865582579567,1.0,0.4,0.7991867095578971,1.0617751643481521,1.0617751643481521
115,0.1,1,1,0.939274667214401,5,0.16888512788390161,0.07552772526742985,5.0,0.9,0.9695627927771557,0.9687610479812253,0.9687610479812253
115,0.1,2,1,0.93016296480927,5,0.14165811869469183,0.06335143659321293,5.0,0.9,0.9695627927771557,0.9593633045106533,0.9593633045106533
115,0.1,3,0,0.7987325869742226,1,,,1.0,0.4,0.794628680169035,1.0051645591300764,1.0051645591300764
115,0.1,3,1,0.9495469744140443,4,0.06277354186974657,0.031386770934873284,5.0,0.9,0.9695627927771557,0.9793558307804084,0.9793558307804084
115,0.5,1,0,0.7996095656417765,1,,,1.0,0.4,0.794628680169035,1.0062681924237646,1.0062681924237646
115,0.5,1,1,1.071363523355819,4,0.09998455474357525,0.04999227737178762,5.0,0.9,0.9695627927771557,1.1049965317739467,1.1049965317739467
115,0.5,2,0,0.7753930364214175,5,0.05303998788011018,0.023720203685138264,1.0,0.4,0.794628680169035,0.9757929153230089,0.9757929153230089
115,0.5,3,0,0.7863480003616539,5,0.019741121918107448,0.008828498112199858,1.0,0.4,0.794628680169035,0.9895791833166409,0.9895791833166409
115,0.9,1,0,0.7996714144077101,2,0.13420304073501646,0.0948958801595846,1.0,0.4,0.794628680169035,1.006346025967251,1.006346025967251
115,0.9,1,1,0.9574658340922442,3,0.15382272367277974,0.08880959091996081,5.0,0.9,0.9695627927771557,0.9875232849537658,0.9875232849537658
115,0.9,2,0,0.8001968498727872,5,0.14291594189459567,0.06391395222894519,1.0,0.4,0.794628680169035,1.0070072599224178,1.0070072599224178
115,0.9,3,0,0.8024493075036766,5,0.0498972189247825,0.022314714680800526,1.0,0.4,0.794628680169035,1.0098418639168398,1.0098418639168398
116,0.1,1,0,0.9672717093714958,1,,,1.0,0.4,0.8565918691568793,1.1292095386377594,1.1292095386377594
116,0.1,1,1,0.894319605906243,4,0.07555842613079916,0.03777921306539958,5.0,0.9,0.9271774940427966,0.9645613829631666,0.9645613829631666
116,0.1,2,0,0.8170225668378464,2,0.08862131361907792,0.06266473181770973,1.0,0.4,0.8565918691568793,0.9538061196425084,0.9538061196425084
116,0.1,2,1,0.8909214036700527,3,0.03800503252723496,0.02194221576015959,5.0,0.9,0.9271774940427966,0.960896278646006,0.960896278646006
116,0.1,3,0,0.8583600476787874,3,0.06850726862755808,0.03955268998356667,1.0,0.4,0.8565918691568793,1.00206420185105,1.00206420185105
116,0.1,3,1,0.8847661797979669,2,0.011310246045189746,0.007997551675442,5.0,0.9,0.9271774940427966,0.9542576103094322,0.9542576103094322
116,0.5,1,0,0.8528009703035899,4,0.06637811114549722,0.03318905557274861,1.0,0.4,0.8565918691568793,0.9955744398356002,0.9955744398356002
116,0.5,1,1,1.032258064516129,1,,,5.0,0.9,0.9271774940427966,1.1133338235111239,1.1133338235111239
116,0.5,2,0,0.88729659255628,2,0.039881040173249616,0.028200153947277925,1.0,0.4,0.8565918691568793,1.0358452192986871,1.0358452192986871
116,0.5,2,1,0.9414279023590666,3,0.076274720572219,0.04403723045473413,5.0,0.9,0.9271774940427966,1.0153696659030556,1.0153696659030556
116,0.5,3,0,0.7754813712345553,3,0.1478323600353565,0.08535105286135075,1.0,0.4,0.8565918691568793,0.905310217335872,0.905310217335872
116,0.5,3,1,0.893237380996262,2,0.04898538291524145,0.03463789643838688,5.0,0.9,0.9271774940427966,0.9633941577911425,0.9633941577911425
116,0.9,1,0,0.8381499836352428,4,0.08564104744109816,0.04282052372054908,1.0,0.4,0.8565918691568793,0.9784706273948311,0.9784706273948311
116,0.9,1,1,0.9533119210538565,1,,,5.0,0.9,0.9271774940427966,1.028187080876074,1.028187080876074
116,0.9,2,0,0.8604491840579014,5,0.07802279870823142,0.034892856341277645,1.0,0.4,0.8565918691568793,1.0045030953945648,1.0045030953945648
116,0.9,3,0,0.8524943967362155,5,0.09533686647507904,0.042635942840019495,1.0,0.4,0.8565918691568793,0.9952165406091271,0.9952165406091271
117,0.1,1,0,1.0430076665461676,3,0.090142847187029,0.052043997088950494,1.0,0.4,1.0734656420328381,0.9716265017769998,0.9716265017769998
117,0.1,1,1,1.115969784073246,2,0.03891908393003958,0.027519948164499375,5.0,0.9,1.052068446090419,1.0607387648781694,1.0607387648781694
117,0.1,2,0,1.0463469295019014,5,0.05373217880519284,0.024029760877516924,1.0,0.4,1.0734656420328381,0.9747372328753983,0.9747372328753983
117,0.1,3,0,1.1078974246028859,5,0.061411814853357435,0.0274641985267477,1.0,0.4,1.0734656420328381,1.0320753466360075,1.0320753466360075
117,0.5,1,0,1.0769594825546236,1,,,1.0,0.4,1.0734656420328381,1.0032547297137235,1.0032547297137235
117,0.5,1,1,1.082059974887868,4,0.062055179849203966,0.031027589924601983,5.0,0.9,1.052068446090419,1.02850720303313,1.02850720303313
117,0.5,2,0,1.0539748143691285,4,0.06520063590445635,0.032600317952228175,1.0,0.4,1.0734656420328381,0.9818430819762434,0.9818430819762434
117,0.5,2,1,0.8920449045465948,1,,,5.0,0.9,1.052068446090419,0.8478962636523449,0.8478962636523449
117,0.5,3,0,1.082115101573962,5,0.08984280026271425,0.04017892173527301,1.0,0.4,1.0734656420328381,1.008057509437139,1.008057509437139
117,0.9,1,0,1.107244256483285,1,,,1.0,0.4,1.0734656420328381,1.0314668799147402,1.0314668799147402
117,0.9,1,1,1.118199120853967,4,0.03325093910377765,0.016625469551888827,5.0,0.9,1.052068446090419,1.0628577684363556,1.0628577684363556
117,0.9,2,0,1.0923878047677953,5,0.0756227813346143,0.033819535942359966,1.0,0.4,1.0734656420328381,1.0176271712796732,1.0176271712796732
117,0.9,3,0,1.051257297895794,5,0.06462559897504949,0.028901446478970277,1.0,0.4,1.0734656420328381,0.9793115463900754,0.9793115463900754
118,0.1,1,1,0.7787109787263948,5,0.12656640917386622,0.05660221891616357,5.0,0.9,0.8292294227715331,0.9390778442517265,0.9390778442517265
118,0.1,2,0,0.7256497974119087,2,0.2205061049813602,0.15592136212535254,1.0,0.4,0.7939487880981884,0.9139755715858174,0.9139755715858174
118,0.1,2,1,0.782082523795366,3,0.08789956015103081,0.05074883471484735,5.0,0.9,0.8292294227715331,0.9431437215305409,0.9431437215305409
118,0.1,3,0,0.7982758414473883,4,0.12988002561592932,0.06494001280796466,1.0,0.4,0.7939487880981884,1.0054500408767735,1.0054500408767735
118,0.1,3,1,0.8810378794779372,1,,,5.0,0.9,0.8292294227715331,1.0624778321700703,1.0624778321700703
118,0.5,1,0,1.0285142769996845,1,,,1.0,0.4,0.7939487880981884,1.2954415856762882,1.2954415856762882
118,0.5,1,1,0.8123053874997261,4,0.17203262825397989,0.08601631412698994,5.0,0.9,0.8292294227715331,0.9795906478869963,0.9795906478869963
118,0.5,2,0,0.74102494520451,5,0.22418917574920005,0.10026044735897173,1.0,0.4,0.7939487880981884,0.9333409866139462,0.9333409866139462
118,0.5,3,0,0.7300064272720609,5,0.2933589970215403,0.1311941318302645,1.0,0.4,0.7939487880981884,0.919462864879114,0.919462864879114
118,0.9,1,0,0.8007690300861299,4,0.14087932805954112,0.07043966402977056,1.0,0.4,0.7939487880981884,1.0085902794867647,1.0085902794867647
118,0.9,1,1,0.8920103443582416,1,,,5.0,0.9,0.8292294227715331,1.0757099541606663,1.0757099541606663
118,0.9,2,0,0.7872031386596967,5,0.19343498920394653,0.08650675701739247,1.0,0.4,0.7939487880981884,0.9915036718493518,0.9915036718493518
118,0.9,3,0,0.7401468477041278,4,0.17442759138105554,0.08721379569052777,1.0,0.4,0.7939487880981884,0.9322349990319441,0.9322349990319441
119,0.1,1,0,0.8584325082571865,3,0.02005202977969683,0.011577044791106357,1.0,0.4,0.8677746116460019,0.9892344126419012,0.9892344126419012
119,0.1,1,1,0.9304540479223157,2,0.08447257175096187,0.05973112830937233,5.0,0.9,0.9336695601911685,0.996556048942846,0.996556048942846
119,0.1,2,0,0.8590464288975896,3,0.017528986143126844,0.010120364868355504,1.0,0.4,0.8677746116460019,0.9899418781890189,0.9899418781890189
119,0.1,2,1,0.9025077428799665,2,0.15372568341712994,0.10870047318678898,5.0,0.9,0.9336695601911685,0.9666243619371915,0.9666243619371915
119,0.1,3,0,0.8632058589280853,4,0.014653192020707011,0.007326596010353506,1.0,0.4,0.8677746116460019,0.9947350928955497,0.9947350928955497
119,0.1,3,1,0.9680468897712234,1,,,5.0,0.9,0.9336695601911685,1.0368195891199625,1.0368195891199625
119,0.5,1,0,0.8827116036404077,4,0.024723957602322145,0.012361978801161072,1.0,0.4,0.8677746116460019,1.0172129857153498,1.0172129857153498
119,0.5,2,0,0.8605327843449568,5,0.01906238612052883,0.008524958235770192,1.0,0.4,0.8677746116460019,0.9916547140192213,0.9916547140192213
119,0.5,3,0,0.7024121851618743,5,0.17166008326634666,0.07676872304136505,1.0,0.4,0.8677746116460019,0.8094408107072103,0.8094408107072103
119,0.9,1,0,1.0041920286922672,4,0.06848601648455749,0.034243008242278744,1.0,0.4,0.8677746116460019,1.1572037430174498,1.1572037430174498
119,0.9,2,0,0.907212785685471,5,0.07689424375022541,0.034388151220788477,1.0,0.4,0.8677746116460019,1.0454474854532358,1.0454474854532358
119,0.9,3,0,0.8722253212061786,5,0.05364445643939557,0.02399053024290296,1.0,0.4,0.8677746116460019,1.0051288773610634,1.0051288773610634
120,0.1,1,1,0.9830247887874641,5,0.09264076796003676,0.04143021092928534,5.0,0.9,0.9907420107083882,0.9922106644943761,0.9922106644943761
120,0.1,2,0,0.8609382882125441,1,,,1.0,0.4,0.9347655779162344,0.9210205302293384,0.9210205302293384
120,0.1,2,1,0.9089108183630049,4,0.05943524332264565,0.029717621661322826,5.0,0.9,0.9907420107083882,0.9174041360304552,0.9174041360304552
120,0.1,3,1,0.9650725662567202,5,0.04722894614794541,0.021121426818496554,5.0,0.9,0.9907420107083882,0.9740906874098191,0.9740906874098191
120,0.5,1,1,1.0031927921104415,5,0.0755722902381736,0.03379695563757999,5.0,0.9,0.9907420107083882,1.0125671277360602,1.0125671277360602
120,0.5,2,0,0.9629418433019451,5,0.04928583034928353,0.022041293397704033,1.0,0.4,0.9347655779162344,1.0301426005100882,1.0301426005100882
120,0.5,3,0,0.9034810158024996,5,0.08488282458521546,0.03796075317894643,1.0,0.4,0.9347655779162344,0.9665321842686229,0.9665321842686229
120,0.9,1,0,0.9254830518679217,3,0.11637061461838077,0.06718660567568434,1.0,0.4,0.9347655779162344,0.9900696749349659,0.9900696749349659
120,0.9,1,1,1.09350908802431,2,0.04807741593766429,0.03399586683144862,5.0,0.9,0.9907420107083882,1.1037273843292892,1.1037273843292892
120,0.9,2,0,1.0072196596972076,5,0.13878692341877225,0.06206739903048645,1.0,0.4,0.9347655779162344,1.0775104298796354,1.0775104298796354
120,0.9,3,0,0.9485296086152882,5,0.1057213706145011,0.04728003427369463,1.0,0.4,0.9347655779162344,1.0147245801773492,1.0147245801773492
121,0.1,1,1,0.7282405121328048,5,0.10046914828306175,0.04493116904048647,5.0,0.9,0.8971975095188738,0.8116836085772542,0.8116836085772542
121,0.1,2,0,0.6826704771506639,2,0.011547510317071366,0.008165322851022783,1.0,0.4,0.8278874262877294,0.8245933631481488,0.8245933631481488
121,0.1,2,1,0.920368227365995,2,0.008746263893858106,0.0061845425093941244,5.0,0.9,0.8971975095188738,1.02582566001498,1.02582566001498
121,0.1,3,0,0.6798916395936003,2,0.006247102715577983,0.004417368692954088,1.0,0.4,0.8278874262877294,0.8212368227915402,0.8212368227915402
121,0.1,3,1,1.0399804802067758,3,0.24952538272327784,0.14406354688492887,5.0,0.9,0.8971975095188738,1.159143298073208,1.159143298073208
121,0.5,1,0,0.8685709033619592,5,0.10340697823832218,0.046245006537745964,1.0,0.4,0.8278874262877294,1.049141315331549,1.049141315331549
121,0.5,2,0,0.8511484201337702,4,0.1128134185670486,0.0564067092835243,1.0,0.4,0.8278874262877294,1.0280968077391195,1.0280968077391195
121,0.5,2,1,0.9002008183699197,1,,,5.0,0.9,0.8971975095188738,1.003347433334558,1.003347433334558
121,0.5,3,0,0.8993721221780329,5,0.2606347002222145,0.11655938139843024,1.0,0.4,0.8278874262877294,1.0863459132491513,1.0863459132491513
121,0.9,1,0,0.9446693819962715,5,0.23229000898773017,0.10388325011812034,1.0,0.4,0.8278874262877294,1.1410601876540096,1.1410601876540096
121,0.9,2,0,0.840041462170927,5,0.10063696654060648,0.04500621964683359,1.0,0.4,0.8278874262877294,1.0146807832771378,1.0146807832771378
121,0.9,3,0,0.8567350037166099,5,0.09603865653686852,0.04294979289683851,1.0,0.4,0.8278874262877294,1.0348448068093434,1.0348448068093434
122,0.1,1,1,1.3944082246543326,5,0.4417222830952438,0.19754421043547427,5.0,0.9,1.3090210324171665,1.065229809241105,1.065229809241105
122,0.1,2,1,1.430681506811937,5,0.41034144077399254,0.18351027111117024,5.0,0.9,1.3090210324171665,1.0929400455622313,1.0929400455622313
122,0.1,3,1,1.5927458989595478,5,0.4994099847424729,0.22334293490526042,5.0,0.9,1.3090210324171665,1.2167458425159683,1.2167458425159683
122,0.5,1,1,1.1355613830413551,5,0.15708312119390597,0.07024970742148233,5.0,0.9,1.3090210324171665,0.8674890279986485,0.8674890279986485
122,0.5,2,0,1.9588713534194166,2,0.0,0.0,1.0,0.4,1.585438776379792,1.2355389451823076,1.2355389451823076
122,0.5,2,1,1.0382557758118858,3,0.050293930900552196,0.02903721454403825,5.0,0.9,1.3090210324171665,0.7931543879739652,0.7931543879739652
122,0.5,3,0,1.2694157529532792,4,0.46159289487418337,0.23079644743709168,1.0,0.4,1.585438776379792,0.8006715691992073,0.8006715691992073
122,0.5,3,1,1.0687123669774605,1,,,5.0,0.9,1.3090210324171665,0.8164210814886869,0.8164210814886869
122,0.9,1,0,1.9588713534194166,1,,,1.0,0.4,1.585438776379792,1.2355389451823076,1.2355389451823076
122,0.9,1,1,1.502782070663646,4,0.5269734752692843,0.26348673763464214,5.0,0.9,1.3090210324171665,1.1480198052193944,1.1480198052193944
122,0.9,2,0,1.4715119239717436,5,0.45491848783934197,0.20344573260603602,1.0,0.4,1.585438776379792,0.9281417522358132,0.9281417522358132
122,0.9,3,0,1.2685234981351043,5,0.3886410969144608,0.17380558231016363,1.0,0.4,1.585438776379792,0.8001087882003647,0.8001087882003647
123,0.1,1,0,1.1296584168102655,1,,,1.0,0.4,1.136653210549799,0.9938461496658685,0.9938461496658685
123,0.1,1,1,1.105170902473914,4,0.05451575939349919,0.027257879696749594,5.0,0.9,1.1305658024792808,0.9775378841729717,0.9775378841729717
123,0.1,2,0,1.1334488506303295,3,0.003507602931144483,0.0020251154965065877,1.0,0.4,1.136653210549799,0.9971808816534996,0.9971808816534996
123,0.1,2,1,1.133021727954664,2,0.005118616852180686,0.0036194086864727026,5.0,0.9,1.1305658024792808,1.0021722976849268,1.0021722976849268
123,0.1,3,0,1.1503386561827387,4,0.02510288720065787,0.012551443600328935,1.0,0.4,1.136653210549799,1.0120401240289638,1.0120401240289638
123,0.1,3,1,1.1102076218355288,1,,,5.0,0.9,1.1305658024792808,0.9819929272589818,0.9819929272589818
123,0.5,1,1,1.13712656342813,4,0.006508631828762498,0.003254315914381249,5.0,0.9,1.1305658024792808,1.0058030774807285,1.0058030774807285
123,0.5,2,0,1.142144418301915,2,0.0003546579328921843,0.000250781029349667,1.0,0.4,1.136653210549799,1.0048310317528244,1.0048310317528244
123,0.5,2,1,1.137195723795159,3,0.007572285810131317,0.0043718612508600995,5.0,0.9,1.1305658024792808,1.005864250715296,1.005864250715296
123,0.5,3,0,1.1356219112977812,5,0.013139208175613508,0.0058760325302385594,1.0,0.4,1.136653210549799,0.9990926878642968,0.9990926878642968
123,0.9,1,0,1.1418781744114357,1,,,1.0,0.4,1.136653210549799,1.0045967968181864,1.0045967968181864
123,0.9,1,1,1.146648368705022,4,0.007009270482270439,0.0035046352411352193,5.0,0.9,1.1305658024792808,1.0142252367712457,1.0142252367712457
123,0.9,2,0,1.1263447381109186,3,0.033044233355845276,0.019078097023162082,1.0,0.4,1.136653210549799,0.9909308553011571,0.9909308553011571
123,0.9,2,1,1.13747254077829,2,0.010687341059764821,0.007557091336213128,5.0,0.9,1.1305658024792808,1.0061090988988548,1.0061090988988548
123,0.9,3,0,1.1337905186530082,4,0.017304779247302372,0.008652389623651186,1.0,0.4,1.136653210549799,0.9974814729152032,0.9974814729152032
123,0.9,3,1,1.1376829708635392,1,,,5.0,0.9,1.1305658024792808,1.0062952270169951,1.0062952270169951
124,0.1,1,0,1.029283016070191,5,0.05363366719745115,0.02398570514722028,1.0,0.4,1.0534838836607552,0.9770277761568895,0.9770277761568895
124,0.1,2,0,1.0155805412223864,5,0.06110224286670381,0.027325753725530266,1.0,0.4,1.0534838836607552,0.9640209565364604,0.9640209565364604
124,0.1,3,0,1.007300426211415,5,0.07276567945830374,0.03254180113954545,1.0,0.4,1.0534838836607552,0.9561612112291105,0.9561612112291105
124,0.5,1,0,1.0317807454521875,5,0.04535163977311824,0.020281869884755103,1.0,0.4,1.0534838836607552,0.9793986993582176,0.9793986993582176
124,0.5,2,0,1.08642437990253,5,0.06567796051506569,0.029372076867046796,1.0,0.4,1.0534838836607552,1.0312681539344577,1.0312681539344577
124,0.5,3,0,1.0733275511074671,5,0.058458952842494666,0.026143638489854525,1.0,0.4,1.0534838836607552,1.0188362325750604,1.0188362325750604
124,0.9,1,0,1.0694949345790916,5,0.08729297911984771,0.03903860705408985,1.0,0.4,1.0534838836607552,1.0151981925558269,1.0151981925558269
124,0.9,2,0,1.087225160506765,5,0.0395832116939358,0.017702150423081008,1.0,0.4,1.0534838836607552,1.0320282800423697,1.0320282800423697
124,0.9,3,0,1.080938197894763,5,0.02338168719111913,0.010456608397595697,1.0,0.4,1.0534838836607552,1.0260604976116072,1.0260604976116072
125,0.1,1,1,0.8520601727975501,5,0.12854205431225466,0.057485754281934275,5.0,0.9,0.9697389042867078,0.8786490559789221,0.8786490559789221
125,0.1,2,0,0.5734847318090811,1,,,1.0,0.4,0.8639021402696342,0.663830664466336,0.663830664466336
125,0.1,2,1,0.8962512844723536,4,0.05555429776370063,0.027777148881850316,5.0,0.9,0.9697389042867078,0.9242191692119354,0.9242191692119354
125,0.1,3,0,0.925311993096112,1,,,1.0,0.4,0.8639021402696342,1.0710842698078176,1.0710842698078176
125,0.1,3,1,0.9783787398775088,4,0.010061881517022224,0.005030940758511112,5.0,0.9,0.9697389042867078,1.0089094451636504,1.0089094451636504
125,0.5,1,0,0.942636368256907,4,0.042322777354182245,0.021161388677091122,1.0,0.4,0.8639021402696342,1.0911379012936568,1.0911379012936568
125,0.5,1,1,1.130636390550264,1,,,5.0,0.9,0.9697389042867078,1.1659183575623426,1.1659183575623426
125,0.5,2,0,0.8880860731625023,3,0.08317719211645516,0.04802237425887261,1.0,0.4,0.8639021402696342,1.0279938337521888,1.0279938337521888
125,0.5,2,1,0.9861230739783712,2,0.008662041151486003,0.006124988037132683,5.0,0.9,0.9697389042867078,1.0168954443502654,1.0168954443502654
125,0.5,3,0,0.809179387014785,5,0.1689544271997783,0.07555871686364873,1.0,0.4,0.8639021402696342,0.9366563054957017,0.9366563054957017
125,0.9,1,0,0.9212395501473583,3,0.06593452295118471,0.03806731457475605,1.0,0.4,0.8639021402696342,1.0663702602471021,1.0663702602471021
125,0.9,1,1,0.9749837640441994,1,,,5.0,0.9,0.9697389042867078,1.0054085277328844,1.0054085277328844
125,0.9,2,0,0.9635384151108164,5,0.14554229237862037,0.06508849187194894,1.0,0.4,0.8639021402696342,1.1153328255560109,1.1153328255560109
125,0.9,3,0,0.8877406035595115,5,0.16956160360047895,0.0758302544049088,1.0,0.4,0.8639021402696342,1.0275939393811861,1.0275939393811861
126,0.1,1,0,0.8779149519890259,1,,,1.0,0.4,0.9479648070009743,0.9261050046429874,0.9261050046429874
126,0.1,1,1,0.963310090610574,4,0.05001244862695174,0.02500622431347587,5.0,0.9,1.0519066289027028,0.9157752828456378,0.9157752828456378
126,0.1,2,1,0.9924908391079365,5,0.0403231151415729,0.01803304530422161,5.0,0.9,1.0519066289027028,0.943516099088808,0.943516099088808
126,0.1,3,0,0.9739176294672893,2,0.09721819155354332,0.06874364250220322,1.0,0.4,0.9479648070009743,1.027377411349711,1.027377411349711
126,0.1,3,1,1.134328463767324,3,0.26016458925544733,0.15020609564024096,5.0,0.9,1.0519066289027028,1.0783547062067664,1.0783547062067664
126,0.5,1,0,0.8918936413114994,2,0.007433079412048282,0.005255980857357455,1.0,0.4,0.9479648070009743,0.9408510049367083,0.9408510049367083
126,0.5,1,1,1.0381307927599412,3,0.0869826069162529,0.05021943151791402,5.0,0.9,1.0519066289027028,0.9869039363720601,0.9869039363720601
126,0.5,2,0,0.9945073119714423,5,0.10336461758170286,0.0462260622761915,1.0,0.4,0.9479648070009743,1.0490972920373616,1.0490972920373616
126,0.5,3,0,1.0135912469068882,5,0.10555603832390009,0.047206095425562714,1.0,0.4,0.9479648070009743,1.069228772440965,1.069228772440965
126,0.9,1,0,0.9403525138685168,4,0.038591437598538586,0.019295718799269293,1.0,0.4,0.9479648070009743,0.9919698568172166,0.9919698568172166
126,0.9,1,1,1.131272958267738,1,,,5.0,0.9,1.0519066289027028,1.0754499754867277,1.0754499754867277
126,0.9,2,0,0.967143078846985,5,0.0778987005193133,0.03483735794401654,1.0,0.4,0.9479648070009743,1.0202309956069826,1.0202309956069826
126,0.9,3,0,0.9243980816461477,5,0.04613341916120816,0.020631492255790553,1.0,0.4,0.9479648070009743,0.9751396621680678,0.9751396621680678
127,0.1,1,0,0.9280430714932855,1,,,1.0,0.4,0.8848913671152352,1.0487649738506613,1.0487649738506613
127,0.1,1,1,0.8206156118745158,4,0.031274331545980805,0.015637165772990402,5.0,0.9,0.8770235487196328,0.935682528790171,0.935682528790171
127,0.1,2,0,0.8235815612126953,1,,,1.0,0.4,0.8848913671152352,0.9307148784800431,0.9307148784800431
127,0.1,2,1,0.8285835313594542,4,0.03037274097695921,0.015186370488479605,5.0,0.9,0.8770235487196328,0.9447677118466246,0.9447677118466246
127,0.1,3,0,0.8643724101930297,4,0.04155254526453728,0.02077627263226864,1.0,0.4,0.8848913671152352,0.9768118916233778,0.9768118916233778
127,0.1,3,1,0.8164997675931314,1,,,5.0,0.9,0.8770235487196328,0.9309895598415114,0.9309895598415114
127,0.5,1,0,0.8913068183262673,4,0.025724734534786575,0.012862367267393288,1.0,0.4,0.8848913671152352,1.0072499873424539,1.0072499873424539
127,0.5,1,1,0.9541113440484509,1,,,5.0,0.9,0.8770235487196328,1.0878970643848258,1.0878970643848258
127,0.5,2,0,0.872895302011861,4,0.018079971677465324,0.009039985838732662,1.0,0.4,0.8848913671152352,0.9864434601249625,0.9864434601249625
127,0.5,2,1,0.8645727794663964,1,,,5.0,0.9,0.8770235487196328,0.9858033809110219,0.9858033809110219
127,0.5,3,0,0.8667528828709881,4,0.05133725213744901,0.025668626068724505,1.0,0.4,0.8848913671152352,0.9795020214702975,0.9795020214702975
127,0.5,3,1,0.9127862618986965,1,,,5.0,0.9,0.8770235487196328,1.040777369354875,1.040777369354875
127,0.9,1,0,0.8599015228700935,4,0.019778870101387278,0.009889435050693639,1.0,0.4,0.8848913671152352,0.9717594213551781,0.9717594213551781
127,0.9,1,1,0.941995544796785,1,,,5.0,0.9,0.8770235487196328,1.0740823848709706,1.0740823848709706
127,0.9,2,0,0.93819627470869,5,0.022482814421684653,0.0100546202744799,1.0,0.4,0.8848913671152352,1.0602389282734557,1.0602389282734557
127,0.9,3,0,0.9189724603502063,5,0.01586688945193274,0.007095888681199198,1.0,0.4,0.8848913671152352,1.0385144374795703,1.0385144374795703
128,0.1,1,0,0.5844007644356408,2,0.2830379847711457,0.2001380783650519,1.0,0.4,0.957138096085116,0.6105709999695503,0.6105709999695503
128,0.1,1,1,1.0105183622911371,3,0.07593607958120421,0.0438417159874131,5.0,0.9,1.1120078418405683,0.9087331260349313,0.9087331260349313
128,0.1,2,0,0.8749056149121252,2,0.200314709090349,0.14164388916919632,1.0,0.4,0.957138096085116,0.9140850400696222,0.9140850400696222
128,0.1,2,1,1.1051467836393511,3,0.029607050956340555,0.017093638839554188,5.0,0.9,1.1120078418405683,0.9938300271427395,0.9938300271427395
128,0.1,3,0,1.189729290112699,1,,,1.0,0.4,0.957138096085116,1.2430069338781173,1.2430069338781173
128,0.1,3,1,1.0133647432380166,4,0.06660130700324368,0.03330065350162184,5.0,0.9,1.1120078418405683,0.9112928030801652,0.9112928030801652
128,0.5,1,0,1.039090624331731,4,0.14431111684715364,0.07215555842357682,1.0,0.4,0.957138096085116,1.08562247034343,1.08562247034343
128,0.5,1,1,1.2432465246160385,1,,,5.0,0.9,1.1120078418405683,1.1180195659036425,1.1180195659036425
128,0.5,2,0,0.9664524358120647,5,0.276628828615858,0.12371217306423951,1.0,0.4,0.957138096085116,1.0097314481212756,1.0097314481212756
128,0.5,3,0,0.9083799185461728,5,0.07023053077697969,0.03140804818264354,1.0,0.4,0.957138096085116,0.949058367085822,0.949058367085822
128,0.9,1,0,1.0636711172520932,4,0.15759688410385395,0.07879844205192697,1.0,0.4,0.957138096085116,1.111303710094414,1.111303710094414
128,0.9,1,1,1.1877627954182977,1,,,5.0,0.9,1.1120078418405683,1.068124477838521,1.068124477838521
128,0.9,2,0,1.0220714755992504,5,0.17356635899472692,0.07762123546386829,1.0,0.4,0.957138096085116,1.0678411817267799,1.0678411817267799
128,0.9,3,0,0.9655416237642683,5,0.23650216604339014,0.10576698401979256,1.0,0.4,0.957138096085116,1.00877984871099,1.00877984871099
129,0.1,1,1,0.979258636637438,5,0.04756894283680956,0.021273477960181572,5.0,0.9,1.0206152800243633,0.9594787142654398,0.9594787142654398
129,0.1,2,1,0.9793471544560639,5,0.022844597426951163,0.010216414553055917,5.0,0.9,1.0206152800243633,0.9595654441237502,0.9595654441237502
129,0.1,3,0,0.890280641187593,1,,,1.0,0.4,0.9891844314009507,0.9000148131392612,0.9000148131392612
129,0.1,3,1,0.9978634512477736,4,0.03125126444509468,0.01562563222254734,5.0,0.9,1.0206152800243633,0.9777077325590828,0.9777077325590828
129,0.5,1,0,0.9878956832361852,2,0.00034133776531704735,0.0002413622485307465,1.0,0.4,0.9891844314009507,0.9986971608894609,0.9986971608894609
129,0.5,1,1,1.0364433341664252,3,0.06267907417956996,0.03618778035013124,5.0,0.9,1.0206152800243633,1.015508345261776,1.015508345261776
129,0.5,2,0,1.0113053879516285,5,0.05015804113803193,0.02243135792057406,1.0,0.4,0.9891844314009507,1.0223628231990556,1.0223628231990556
129,0.5,3,0,0.9911708874141351,5,0.05353675859773987,0.023942366303908533,1.0,0.4,0.9891844314009507,1.0020081755738623,1.0020081755738623
129,0.9,1,0,1.0104533119270074,4,0.042565369946703686,0.021282684973351843,1.0,0.4,0.9891844314009507,1.0215014307250412,1.0215014307250412
129,0.9,1,1,1.110163823614116,1,,,5.0,0.9,1.0206152800243633,1.0877397637899513,1.0877397637899513
129,0.9,2,0,1.0092346932300376,5,0.03197298709774405,0.01429875451885588,1.0,0.4,0.9891844314009507,1.0202694878655645,1.0202694878655645
129,0.9,3,0,1.0239504148600687,5,0.03131477573659136,0.014004393449435866,1.0,0.4,0.9891844314009507,1.0351461086077547,1.0351461086077547
130,0.1,1,1,1.2252475279578636,5,0.3222701666744938,0.1441235999608711,5.0,0.9,1.0615778004650052,1.1541759138342624,1.1541759138342624
130,0.1,2,1,0.995602212434909,5,0.10850189016106543,0.04852352041747158,5.0,0.9,1.0615778004650052,0.9378513868684926,0.9378513868684926
130,0.1,3,1,1.05606743148538,5,0.09911329571573313,0.044324813338883585,5.0,0.9,1.0615778004650052,0.9948092650607318,0.9948092650607318
130,0.5,1,1,1.0486479131231154,5,0.17792788534140222,0.07957176934323275,5.0,0.9,1.0615778004650052,0.9878201227114716,0.9878201227114716
130,0.5,2,1,1.0177174639196545,5,0.09863438499101775,0.04411063795176013,5.0,0.9,1.0615778004650052,0.9586838227719735,0.9586838227719735
130,0.5,3,0,1.0830248545742993,1,,,1.0,0.4,1.3879301670059216,0.7803165319986006,0.7803165319986006
130,0.5,3,1,0.9219953026792114,4,0.042201569796697765,0.021100784898348882,5.0,0.9,1.0615778004650052,0.8685141138740352,0.8685141138740352
130,0.9,1,1,1.0521157005457145,5,0.15771598627654368,0.07053273329055512,5.0,0.9,1.0615778004650052,0.9910867579228334,0.9910867579228334
130,0.9,2,0,1.5494150390326364,3,0.2927826828574374,0.16903816076180234,1.0,0.4,1.3879301670059216,1.1163494215094942,1.1163494215094942
130,0.9,2,1,1.0804230958166485,2,0.07464196096600538,0.05277983676012398,5.0,0.9,1.0615778004650052,1.0177521565950123,1.0177521565950123
130,0.9,3,0,1.5313506074108287,3,0.27837092702077243,0.16071752965000863,1.0,0.4,1.3879301670059216,1.1033340464919048,1.1033340464919048
130,0.9,3,1,1.1563835562225493,2,0.08210091115367184,0.05805411101835561,5.0,0.9,1.0615778004650052,1.089306460361187,1.089306460361187
131,0.1,1,1,1.025084243267226,5,0.028985244547360883,0.01296259543047081,5.0,0.9,1.022469282191504,1.002557495976913,1.002557495976913
131,0.1,2,0,1.035284602163583,1,,,1.0,0.4,1.0160215674134803,1.018959277408984,1.018959277408984
131,0.1,2,1,1.0098575092189153,4,0.014720884145753305,0.007360442072876653,5.0,0.9,1.022469282191504,0.9876653771489766,0.9876653771489766
131,0.1,3,1,1.005538114920102,5,0.017259140288797346,0.007718522183791244,5.0,0.9,1.022469282191504,0.9834409037354034,0.9834409037354034
131,0.5,1,0,1.0002442002442002,1,,,1.0,0.4,1.0160215674134803,0.9844714249428337,0.9844714249428337
131,0.5,1,1,1.011907143334854,4,0.02608238293014693,0.013041191465073465,5.0,0.9,1.022469282191504,0.9896699695134004,0.9896699695134004
131,0.5,2,0,1.0177283189329018,2,0.00037549835414713733,0.0002655174325418285,1.0,0.4,1.0160215674134803,1.001679837883527,1.001679837883527
131,0.5,2,1,1.0286786135366652,3,0.02746332817751992,0.01585595991613416,5.0,0.9,1.022469282191504,1.0060728781326833,1.0060728781326833
131,0.5,3,0,1.0148293257197405,4,0.02154073414528996,0.01077036707264498,1.0,0.4,1.0160215674134803,0.9988265586755457,0.9988265586755457
131,0.5,3,1,1.0158730158730158,1,,,5.0,0.9,1.022469282191504,0.9935486899867054,0.9935486899867054
131,0.9,1,0,1.0135130235442253,2,0.00558582955392839,0.003949777956134992,1.0,0.4,1.0160215674134803,0.9975310131696898,0.9975310131696898
131,0.9,1,1,1.069297226841872,3,0.023563045965746075,0.013604130931251023,5.0,0.9,1.022469282191504,1.045798876764297,1.045798876764297
131,0.9,2,0,1.0049883236824728,4,0.010935587669409297,0.005467793834704649,1.0,0.4,1.0160215674134803,0.9891407386566654,0.9891407386566654
131,0.9,2,1,1.0179938363654437,1,,,5.0,0.9,1.022469282191504,0.9956229043708111,0.9956229043708111
131,0.9,3,0,1.0255631776072387,4,0.020497297987153884,0.010248648993576942,1.0,0.4,1.0160215674134803,1.0093911492627552,1.0093911492627552
131,0.9,3,1,1.0179938363654437,1,,,5.0,0.9,1.022469282191504,0.9956229043708111,0.9956229043708111
132,0.1,1,1,0.9055203428229845,5,0.024305276385359273,0.01086965004191674,5.0,0.9,0.9056573051137674,0.9998487702909152,0.9998487702909152
132,0.1,2,0,0.9045936395759717,1,,,1.0,0.4,0.9310711560313149,0.9715623061848426,0.9715623061848426
132,0.1,2,1,0.907434717829472,4,0.012859076338618398,0.006429538169309199,5.0,0.9,0.9056573051137674,1.0019625665311465,1.0019625665311465
132,0.1,3,0,0.8943231441048035,1,,,1.0,0.4,0.9310711560313149,0.9605314677740104,0.9605314677740104
132,0.1,3,1,0.900910332248175,4,0.021655636487475274,0.010827818243737637,5.0,0.9,0.9056573051137674,0.9947585330137694,0.9947585330137694
132,0.5,1,0,0.9192100538599641,1,,,1.0,0.4,0.9310711560313149,0.9872607994625152,0.9872607994625152
132,0.5,1,1,0.9517478903751742,4,0.10448358022330632,0.05224179011165316,5.0,0.9,0.9056573051137674,1.0508918605317459,1.0508918605317459
132,0.5,2,0,0.9225225225225225,1,,,1.0,0.4,0.9310711560313149,0.9908184960371549,0.9908184960371549
132,0.5,2,1,0.9072309367672595,4,0.049023707921442485,0.024511853960721242,5.0,0.9,0.9056573051137674,1.001737557511662,1.001737557511662
132,0.5,3,0,0.9936428074234087,5,0.06758367185173697,0.03022433688590459,1.0,0.4,0.9310711560313149,1.0672039413816719,1.0672039413816719
132,0.9,1,0,0.909543318556101,2,0.0067067603589592165,0.004742395729613185,1.0,0.4,0.9310711560313149,0.9768784186517214,0.9768784186517214
132,0.9,1,1,0.8862848156274582,3,0.038095072571822576,0.021994200404140095,5.0,0.9,0.9056573051137674,0.9786094702964101,0.9786094702964101
132,0.9,2,0,0.9617942890375231,2,0.10853419420788386,0.07674526471501239,1.0,0.4,0.9310711560313149,1.0329976208662348,1.0329976208662348
132,0.9,2,1,0.8804721001258479,3,0.03112322242735597,0.017969000846482567,5.0,0.9,0.9056573051137674,0.9721912418243501,0.9721912418243501
132,0.9,3,0,0.9429394731702239,5,0.0972081831062273,0.04347282107895418,1.0,0.4,0.9310711560313149,1.0127469496418486,1.0127469496418486
133,0.1,1,1,0.8998394260356288,5,0.1139387744850525,0.050954969004319194,5.0,0.9,1.0018480863938928,0.8981795126989367,0.8981795126989367
133,0.1,2,1,0.952656286095397,5,0.02518738376376792,0.011264140454231915,5.0,0.9,1.0018480863938928,0.9508989426974308,0.9508989426974308
133,0.1,3,0,0.7962776661075357,2,0.16938616302411083,0.11977410451351879,1.0,0.4,0.901850154599955,0.882937882802438,0.882937882802438
133,0.1,3,1,0.9636658057639483,3,0.012166182039821973,0.007024148475701207,5.0,0.9,1.0018480863938928,0.9618881533552858,0.9618881533552858
133,0.5,1,1,0.9958678426852364,5,0.023224654145440525,0.01038638108462546,5.0,0.9,1.0018480863938928,0.9940307879109876,0.9940307879109876
133,0.5,2,0,0.8989500030168218,2,0.029907699457297182,0.021147937095944064,1.0,0.4,0.901850154599955,0.9967842201186741,0.9967842201186741
133,0.5,2,1,0.9725830294689909,3,0.04414625846853483,0.02548785421052338,5.0,0.9,1.0018480863938928,0.9707889276604399,0.9707889276604399
133,0.5,3,0,0.8182239776482172,2,0.17417169641319258,0.12315798762453314,1.0,0.4,0.901850154599955,0.9072726477617195,0.9072726477617195
133,0.5,3,1,0.9579101842269893,2,0.01881513297318233,0.013304308114263834,5.0,0.9,1.0018480863938928,0.956143149082556,0.956143149082556
133,0.9,1,0,0.9264137049587893,3,0.0840408095524153,0.04852098401800105,1.0,0.4,0.901850154599955,1.0272368422110325,1.0272368422110325
133,0.9,1,1,1.3085881097226826,2,0.3490498995497845,0.24681555094413585,5.0,0.9,1.0018480863938928,1.3061741869796715,1.3061741869796715
133,0.9,2,0,0.9836233022132823,5,0.012088950603651076,0.005406343065280185,1.0,0.4,0.901850154599955,1.0906726546491534,1.0906726546491534
133,0.9,3,0,0.9876122736550833,4,0.018889699767328294,0.009444849883664147,1.0,0.4,0.901850154599955,1.095095752456982,1.095095752456982
133,0.9,3,1,0.963674007152268,1,,,5.0,0.9,1.0018480863938928,0.9618963396146909,0.9618963396146909
134,0.1,1,0,0.6103035554879648,5,0.0960571078508184,0.04295804457529173,1.0,0.4,0.6195303396682901,0.985106808190757,0.985106808190757
134,0.1,2,0,0.5865558815631621,5,0.03623976734870361,0.016206916656095718,1.0,0.4,0.6195303396682901,0.9467750713826489,0.9467750713826489
134,0.1,3,0,0.6091692870039107,5,0.05548041246748111,0.02481159473940292,1.0,0.4,0.6195303396682901,0.9832759559928463,0.9832759559928463
134,0.5,1,0,0.5883799296341525,5,0.03249668427927033,0.014532959018359442,1.0,0.4,0.6195303396682901,0.9497193147137618,0.9497193147137618
134,0.5,2,0,0.6170170948251761,4,0.043591730434917125,0.021795865217458563,1.0,0.4,0.6195303396682901,0.9959433062722003,0.9959433062722003
134,0.5,2,1,0.6504615067292322,1,,,5.0,0.9,0.600288130498156,1.0835821561046681,1.0835821561046681
134,0.5,3,0,0.6429194502936074,5,0.037714094008792484,0.01686625558269551,1.0,0.4,0.6195303396682901,1.0377529704805746,1.0377529704805746
134,0.9,1,0,0.6138613872815409,4,0.037945180783243875,0.018972590391621937,1.0,0.4,0.6195303396682901,0.9908495968255817,0.9908495968255817
134,0.9,1,1,0.5501147542670797,1,,,5.0,0.9,0.600288130498156,0.9164178438953318,0.9164178438953318
134,0.9,2,0,0.616568392702517,5,0.018636045846929586,0.008334293069107438,1.0,0.4,0.6195303396682901,0.9952190445307989,0.9952190445307989
134,0.9,3,0,0.6909980782225791,5,0.27473777579196523,0.12286646853158607,1.0,0.4,0.6195303396682901,1.1153579316108302,1.1153579316108302
135,0.1,1,1,1.0234205479930618,5,0.050465898660456913,0.022569035990079447,5.0,0.9,1.0208523863932186,1.0025157031849794,1.0025157031849794
135,0.1,2,1,1.0301669424313373,5,0.11532057794095298,0.05157293029610671,5.0,0.9,1.0208523863932186,1.009124292759924,1.009124292759924
135,0.1,3,0,1.0722794150494241,1,,,1.0,0.4,1.0224918171407291,1.0486924169700642,1.0486924169700642
135,0.1,3,1,0.9826865046001956,4,0.03918705265639471,0.019593526328197355,5.0,0.9,1.0208523863932186,0.9626137115397583,0.9626137115397583
135,0.5,1,1,0.9462478052087333,5,0.10780072675243288,0.04820995060846401,5.0,0.9,1.0208523863932186,0.926919325282599,0.926919325282599
135,0.5,2,0,1.0074773711137348,1,,,1.0,0.4,1.0224918171407291,0.9853158276914329,0.9853158276914329
135,0.5,2,1,1.046243876762035,4,0.039527979083927474,0.019763989541963737,5.0,0.9,1.0208523863932186,1.0248728324557552,1.0248728324557552
135,0.5,3,0,1.026539803465833,5,0.05820375249516852,0.02602950942495396,1.0,0.4,1.0224918171407291,1.0039589425140083,1.0039589425140083
135,0.9,1,0,1.0651599553942757,2,0.0028776216999990647,0.0020347858177588996,1.0,0.4,1.0224918171407291,1.0417295645190223,1.0417295645190223
135,0.9,1,1,1.0963486413639487,3,0.1162600111321306,0.06712274872312449,5.0,0.9,1.0208523863932186,1.0739541347769843,1.0739541347769843
135,0.9,2,0,1.028458317481045,5,0.04739857570329118,0.021197287461845796,1.0,0.4,1.0224918171407291,1.0058352548551446,1.0058352548551446
135,0.9,3,0,0.9350360403400622,5,0.1693137973565903,0.07571943208359203,1.0,0.4,1.0224918171407291,0.9144679934503279,0.9144679934503279
136,0.1,1,1,0.8645126900947672,5,0.20493197743055852,0.09164836645963631,5.0,0.9,1.0006405852303744,0.8639592505592136,0.8639592505592136
136,0.1,2,1,0.9319894042396442,5,0.16874696457135102,0.07546593675565791,5.0,0.9,1.0006405852303744,0.9313927677889211,0.9313927677889211
136,0.1,3,1,0.9753620880144694,5,0.18980860836581606,0.08488499020411999,5.0,0.9,1.0006405852303744,0.9747376854496811,0.9747376854496811
136,0.5,1,1,1.0383000726912759,5,0.002193391818359249,0.0009809146414286303,5.0,0.9,1.0006405852303744,1.0376353787931072,1.0376353787931072
136,0.5,2,0,0.7847703310111273,3,0.2196025201691559,0.12678757413438238,1.0,0.4,0.785501171527342,0.9990695869812725,0.9990695869812725
136,0.5,2,1,1.0801056935815398,2,0.05995363419950725,0.042393621299249284,5.0,0.9,1.0006405852303744,1.079414236764013,1.079414236764013
136,0.5,3,0,0.6737778014371385,4,0.02705171652191226,0.01352585826095613,1.0,0.4,0.785501171527342,0.8577680414238381,0.8577680414238381
136,0.5,3,1,1.035376195953034,1,,,5.0,0.9,1.0006405852303744,1.0347133738480763,1.0347133738480763
136,0.9,1,0,1.0811822383962495,1,,,1.0,0.4,0.785501171527342,1.3764234575156395,1.3764234575156395
136,0.9,1,1,1.0788379520378888,4,0.04885169945139026,0.02442584972569513,5.0,0.9,1.0006405852303744,1.0781473067969867,1.0781473067969867
136,0.9,2,0,0.6849124357042778,5,0.015512335398037421,0.006937327287957586,1.0,0.4,0.785501171527342,0.8719432389547203,0.8719432389547203
136,0.9,3,0,0.7028630510879174,5,0.01554684689111855,0.00695276129686447,1.0,0.4,0.785501171527342,0.8947956751245302,0.8947956751245302
137,0.1,1,1,1.0019713315119954,5,0.17061088259634707,0.07629950623733357,5.0,0.9,1.0563161551535634,0.9485525016573588,0.9485525016573588
137,0.1,2,1,1.106039939624735,5,0.18434200500727158,0.08244025086097316,5.0,0.9,1.0563161551535634,1.0470728240106701,1.0470728240106701
137,0.1,3,1,1.1346710689164137,5,0.14918453483285415,0.06671735221558941,5.0,0.9,1.0563161551535634,1.0741775209823041,1.0741775209823041
137,0.5,1,1,1.1692632608874385,5,0.17290442861025065,0.07732521119665599,5.0,0.9,1.0563161551535634,1.1069254741422139,1.1069254741422139
137,0.5,2,0,0.8634190655757785,2,0.010836490324820012,0.007662555792942643,1.0,0.4,0.8487850870935347,1.017241088120851,1.017241088120851
137,0.5,2,1,1.0394613636557057,3,0.17150704731257232,0.09901963993383152,5.0,0.9,1.0563161551535634,0.9840438003190367,0.9840438003190367
137,0.5,3,0,0.8647941138777778,3,0.16195260801607428,0.09350338183404243,1.0,0.4,0.8487850870935347,1.018861107514344,1.018861107514344
137,0.5,3,1,0.8864899663250925,2,0.021789241263772213,0.01540732025452307,5.0,0.9,1.0563161551535634,0.8392278788884165,0.8392278788884165
137,0.9,1,0,0.8179848133769909,5,0.03237621166608928,0.01447908202785947,1.0,0.4,0.8487850870935347,0.9637125178270838,0.9637125178270838
137,0.9,2,0,0.835519028041803,5,0.03052656398532486,0.013651894438136655,1.0,0.4,0.8487850870935347,0.9843705323603668,0.9843705323603668
137,0.9,3,0,0.8622084145953233,5,0.13813991417355853,0.06177804769961271,1.0,0.4,0.8487850870935347,1.0158147541773543,1.0158147541773543
138,0.1,1,1,1.064962268061878,5,0.3630617545281167,0.16236615263104218,5.0,0.9,0.9789411684282544,1.0878715722740881,1.0878715722740881
138,0.1,2,0,0.8865800865800866,1,,,1.0,0.4,0.9441258593132187,0.9390486213617829,0.9390486213617829
138,0.1,2,1,0.899593222407111,4,0.00899641626331876,0.00449820813165938,5.0,0.9,0.9789411684282544,0.9189451331906482,0.9189451331906482
138,0.1,3,0,0.8983878874122119,4,0.008923195892542085,0.004461597946271043,1.0,0.4,0.9441258593132187,0.9515552175064056,0.9515552175064056
138,0.1,3,1,0.8981274393720124,1,,,5.0,0.9,0.9789411684282544,0.9174478184567587,0.9174478184567587
138,0.5,1,0,0.894581351133286,1,,,1.0,0.4,0.9441258593132187,0.9475234072965942,0.9475234072965942
138,0.5,1,1,1.0925189254158725,4,0.38463311448890886,0.19231655724445443,5.0,0.9,0.9789411684282544,1.1160210241949202,1.1160210241949202
138,0.5,2,0,0.885236782996563,2,0.0007812802484611361,0.00055244856169398,1.0,0.4,0.9441258593132187,0.9376258199733105,0.9376258199733105
138,0.5,2,1,0.9025381780663627,3,0.007458346173202932,0.004306078170808129,5.0,0.9,0.9789411684282544,0.9219534402822582,0.9219534402822582
138,0.5,3,0,1.1413943769920976,3,0.40326185348768245,0.2328233396650209,1.0,0.4,0.9441258593132187,1.2089430299286337,1.2089430299286337
138,0.5,3,1,0.8981744660843887,2,0.009191103555092388,0.006499091650393612,5.0,0.9,0.9789411684282544,0.9174958568005254,0.9174958568005254
138,0.9,1,0,0.9023715893944901,1,,,1.0,0.4,0.9441258593132187,0.9557746782308223,0.9557746782308223
138,0.9,1,1,1.0966736795901562,4,0.38296762860676514,0.19148381430338257,5.0,0.9,0.9789411684282544,1.1202651548008018,1.1202651548008018
138,0.9,2,0,0.8959538499408689,5,0.010010974807339377,0.004477044038049741,1.0,0.4,0.9441258593132187,0.9489771317063688,0.9489771317063688
138,0.9,3,0,1.048500950056145,5,0.35793623443344075,0.16007395036069488,1.0,0.4,0.9441258593132187,1.1105520939960818,1.1105520939960818
139,0.1,1,0,0.7470393722262653,3,0.08447743746380218,0.048773071260175965,1.0,0.4,0.8106974612749512,0.921477379553436,0.921477379553436
139,0.1,1,1,1.0374205014543518,2,0.1905520839168323,0.13474067070682016,5.0,0.9,1.0397602152627736,0.9977497563629798,0.9977497563629798
139,0.1,2,0,0.7992317571146602,5,0.04379354316262448,0.01958506789743989,1.0,0.4,0.8106974612749512,0.9858569877075236,0.9858569877075236
139,0.1,3,0,0.7950279044188805,5,0.06257333397212823,0.027983645668095133,1.0,0.4,0.8106974612749512,0.9806715111313808,0.9806715111313808
139,0.5,1,0,0.8087991535777777,3,0.027444050109636704,0.01584482971845233,1.0,0.4,0.8106974612749512,0.9976584264934194,0.9976584264934194
139,0.5,1,1,0.9501356933178917,2,0.15978807342301524,0.11298723027014802,5.0,0.9,1.0397602152627736,0.9138027012100751,0.9138027012100751
139,0.5,2,0,0.8674330180117023,4,0.14063139826447751,0.07031569913223876,1.0,0.4,0.8106974612749512,1.0699836368643925,1.0699836368643925
139,0.5,2,1,1.1694837825491091,1,,,5.0,0.9,1.0397602152627736,1.1247629649433655,1.1247629649433655
139,0.5,3,0,0.8024535643286634,4,0.040069481673726086,0.020034740836863043,1.0,0.4,0.8106974612749512,0.989831105510898,0.989831105510898
139,0.5,3,1,1.0657792567942317,1,,,5.0,0.9,1.0397602152627736,1.0250240787727027,1.0250240787727027
139,0.9,1,0,0.8433727946498919,4,0.16028361910757136,0.08014180955378568,1.0,0.4,0.8106974612749512,1.0403052124075405,1.0403052124075405
139,0.9,1,1,0.9759818421982847,1,,,5.0,0.9,1.0397602152627736,0.9386604987108778,0.9386604987108778
139,0.9,2,0,0.8192566759725777,5,0.10751254576926458,0.048081072154826605,1.0,0.4,0.8106974612749512,1.0105578407562368,1.0105578407562368
139,0.9,3,0,0.8136629111741422,5,0.07178266521451528,0.03210218380515314,1.0,0.4,0.8106974612749512,1.0036578995751724,1.0036578995751724
140,0.1,1,0,0.9906728349971593,1,,,1.0,0.4,0.9907541483474571,0.9999179278225244,0.9999179278225244
140,0.1,1,1,0.9728477421703158,4,0.022435195665425355,0.011217597832712678,5.0,0.9,0.9831211961314378,0.9895501653290074,0.9895501653290074
140,0.1,2,0,0.9116812724470331,3,0.1620640518917435,0.09356772398565959,1.0,0.4,0.9907541483474571,0.9201892053318023,0.9201892053318023
140,0.1,2,1,1.0115003940307354,2,0.016954210166671018,0.011988436978514982,5.0,0.9,0.9831211961314378,1.0288664286874998,1.0288664286874998
140,0.1,3,0,1.0678292548066417,1,,,1.0,0.4,0.9907541483474571,1.077794381772454,1.077794381772454
140,0.1,3,1,0.9944970192237599,4,0.015122901609174575,0.007561450804587287,5.0,0.9,0.9831211961314378,1.0115711299248615,1.0115711299248615
140,0.5,1,1,1.0134571877959542,5,0.038832950359829074,0.017366623354290546,5.0,0.9,0.9831211961314378,1.0308568178408601,1.0308568178408601
140,0.5,2,0,1.0308305658445716,1,,,1.0,0.4,0.9907541483474571,1.040450416043133,1.040450416043133
140,0.5,2,1,1.0026108147489101,4,0.025369457300177943,0.012684728650088972,5.0,0.9,0.9831211961314378,1.0198242278715621,1.0198242278715621
140,0.5,3,0,1.0004955781303737,4,0.030633161015344478,0.015316580507672239,1.0,0.4,0.9907541483474571,1.0098323381225958,1.0098323381225958
140,0.5,3,1,0.9947783849423194,1,,,5.0,0.9,0.9831211961314378,1.0118573262958346,1.0118573262958346
140,0.9,1,0,1.021895667346736,3,0.038146461375667066,0.022023869743873044,1.0,0.4,0.9907541483474571,1.0314321358646057,1.0314321358646057
140,0.9,1,1,0.8921568300080698,2,0.1889931125611636,0.13363831148955124,5.0,0.9,0.9831211961314378,0.9074739040503745,0.9074739040503745
140,0.9,2,0,0.896954001139382,5,0.2297205651566075,0.1027341599039688,1.0,0.4,0.9907541483474571,0.9053244971373267,0.9053244971373267
140,0.9,3,0,1.0056740120677596,5,0.02152157782470269,0.009624742199817455,1.0,0.4,0.9907541483474571,1.0150590979055585,1.0150590979055585
141,0.1,1,1,1.4070482807091191,5,0.03327286342390695,0.014880076884384467,5.0,0.9,1.3786206274514385,1.0206203597216101,1.0206203597216101
141,0.1,2,0,0.7253583399426984,4,0.04533088436323243,0.022665442181616216,1.0,0.4,0.790852779250164,0.9171850424935433,0.9171850424935433
141,0.1,2,1,1.3864771092493864,1,,,5.0,0.9,1.3786206274514385,1.005698798959995,1.005698798959995
141,0.1,3,0,0.7407790381255615,5,0.05812197533291896,0.025992937566194554,1.0,0.4,0.790852779250164,0.9366838652674658,0.9366838652674658
141,0.5,1,0,0.7344490328189524,1,,,1.0,0.4,0.790852779250164,0.9286798404063396,0.9286798404063396
141,0.5,1,1,1.2881013749011399,4,0.1882607482623734,0.0941303741311867,5.0,0.9,1.3786206274514385,0.9343407092945973,0.9343407092945973
141,0.5,2,0,0.8052242414104637,5,0.09852559939920015,0.04406198755610479,1.0,0.4,0.790852779250164,1.0181721080552133,1.0181721080552133
141,0.5,3,0,0.8425651780533766,5,0.15638778740646642,0.06993874469832888,1.0,0.4,0.790852779250164,1.0653881482875271,1.0653881482875271
141,0.9,1,0,0.8841082923457431,3,0.20885502483782498,0.12058250481172424,1.0,0.4,0.790852779250164,1.1179176650096596,1.1179176650096596
141,0.9,1,1,1.4328557449461088,2,0.06558929560666601,0.04637863569672256,5.0,0.9,1.3786206274514385,1.0393401320237976,1.0393401320237976
141,0.9,2,0,0.7817619396388874,5,0.07355532186125628,0.03289493995772908,1.0,0.4,0.790852779250164,0.9885050165469534,0.9885050165469534
141,0.9,3,0,0.812576171665629,5,0.12066945030199439,0.053965018736558394,1.0,0.4,0.790852779250164,1.0274683139332985,1.0274683139332985
142,0.1,1,1,0.9575029737332998,5,0.12020054050306181,0.05375531589941259,5.0,0.9,0.9978369054498016,0.9595786330449261,0.9595786330449261
142,0.1,2,0,1.0533687408862822,2,0.012864835001065136,0.009096812068099203,1.0,0.4,0.9951735591879184,1.0584774195024356,1.0584774195024356
142,0.1,2,1,0.9993718297578428,3,0.11057352576652352,0.06383965486654837,5.0,0.9,0.9978369054498016,1.0015382516918927,1.0015382516918927
142,0.1,3,1,1.0633057763848335,5,0.04041242087509966,0.018072984042410874,5.0,0.9,0.9978369054498016,1.0656107932844197,1.0656107932844197
142,0.5,1,0,1.04984391910285,4,0.014618728513895946,0.007309364256947973,1.0,0.4,0.9951735591879184,1.0549355028680059,1.0549355028680059
142,0.5,1,1,1.0984767217335336,1,,,5.0,0.9,0.9978369054498016,1.1008579816341488,1.1008579816341488
142,0.5,2,0,0.9048508639008279,2,0.11899881409408126,0.08414486839908217,1.0,0.4,0.9951735591879184,0.9092392533411,0.9092392533411
142,0.5,2,1,1.0267937237297724,3,0.012285018027474722,0.007092758465161937,5.0,0.9,0.9978369054498016,1.0290195903978092,1.0290195903978092
142,0.5,3,0,0.9953186439852784,4,0.049047581549639827,0.024523790774819913,1.0,0.4,0.9951735591879184,1.0001457884366205,1.0001457884366205
142,0.5,3,1,0.7946069159513071,1,,,5.0,0.9,0.9978369054498016,0.7963294518487636,0.7963294518487636
142,0.9,1,0,1.025971391039024,4,0.03676422618110185,0.018382113090550926,1.0,0.4,0.9951735591879184,1.0309471966641048,1.0309471966641048
142,0.9,1,1,1.0448003968580224,1,,,5.0,0.9,0.9978369054498016,1.0470652980980402,1.0470652980980402
142,0.9,2,0,0.9736251560584538,5,0.15228701763268154,0.06810482470347701,1.0,0.4,0.9951735591879184,0.9783470903838638,0.9783470903838638
142,0.9,3,0,0.9632361993427127,5,0.14971492982547627,0.06695455206727513,1.0,0.4,0.9951735591879184,0.9679077488038696,0.9679077488038696
143,0.1,1,1,1.0158173605300693,5,0.05182137819850986,0.023175224867918728,5.0,0.9,1.1174135294753988,0.9090791669642423,0.9090791669642423
143,0.1,2,0,1.1025068776160287,1,,,1.0,0.4,1.1342011445741542,0.9720558675947859,0.9720558675947859
143,0.1,2,1,1.0428948105722882,4,0.08503985128312497,0.042519925641562484,5.0,0.9,1.1174135294753988,0.9333114223718988,0.9333114223718988
143,0.1,3,0,1.042315256593633,3,0.019828704895612618,0.011448108109163595,1.0,0.4,1.1342011445741542,0.9189862499962294,0.9189862499962294
143,0.1,3,1,1.2530501166464139,2,0.27775100084954746,0.19639961618206553,5.0,0.9,1.1174135294753988,1.1213844146264216,1.1213844146264216
143,0.5,1,1,1.1053989391027301,5,0.1627346479300071,0.07277714701319826,5.0,0.9,1.1174135294753988,0.9892478567193389,0.9892478567193389
143,0.5,2,0,0.9296690605319279,5,0.20836654498210236,0.09318435176334972,1.0,0.4,1.1342011445741542,0.8196685966852734,0.8196685966852734
143,0.5,3,0,1.2243089339299895,5,0.24010241939363552,0.10737706626526657,1.0,0.4,1.1342011445741542,1.0794460398729955,1.0794460398729955
143,0.9,1,0,1.473831927028048,1,,,1.0,0.4,1.1342011445741542,1.2994449300978366,1.2994449300978366
143,0.9,1,1,1.1699064205254925,4,0.12767490618754881,0.06383745309377441,5.0,0.9,1.1174135294753988,1.0469771393180982,1.0469771393180982
143,0.9,2,0,1.1046201472773047,5,0.04220384492480373,0.018874133232744127,1.0,0.4,1.1342011445741542,0.9739190905966191,0.9739190905966191
143,0.9,3,0,1.062155809042148,5,0.27475592960208395,0.12287458716228128,1.0,0.4,1.1342011445741542,0.9364792251562607,0.9364792251562607
144,0.1,1,0,0.7930122631021904,2,0.0007506312195233103,0.0005307764254952607,1.0,0.4,0.8061311120460086,0.9837261597427721,0.9837261597427721
144,0.1,1,1,0.928732292404222,3,0.027247746205326887,0.015731493606456082,5.0,0.9,0.9489102229035008,0.9787356801389093,0.9787356801389093
144,0.1,2,0,0.8789909661234303,2,0.04161992286297303,0.029429729688869255,1.0,0.4,0.8061311120460086,1.090382138821685,1.090382138821685
144,0.1,2,1,0.9441074952321976,3,0.027848996570497688,0.016078625666637807,5.0,0.9,0.9489102229035008,0.9949386911897654,0.9949386911897654
144,0.1,3,1,0.9489849732484075,5,0.019830539289354944,0.008868486776295604,5.0,0.9,0.9489102229035008,1.00007877493898,1.00007877493898
144,0.5,1,0,0.8279149801108783,1,,,1.0,0.4,0.8061311120460086,1.0270227358048256,1.0270227358048256
144,0.5,1,1,0.9464300753705427,4,0.11329763188357507,0.056648815941787535,5.0,0.9,0.9489102229035008,0.997386320145894,0.997386320145894
144,0.5,2,0,0.8306521929078542,3,0.06873295580023875,0.039682990533466495,1.0,0.4,0.8061311120460086,1.030418229113636,1.030418229113636
144,0.5,2,1,0.9623800275130967,2,0.0018940942243246394,0.0013393268702262262,5.0,0.9,0.9489102229035008,1.0141950252874088,1.0141950252874088
144,0.5,3,0,0.7550159724894525,5,0.07609362456134479,0.03403010343470291,1.0,0.4,0.8061311120460086,0.9365920272859549,0.9365920272859549
144,0.9,1,0,0.792481602389586,2,0.0004282530493048002,0.0003028206352272411,1.0,0.4,0.8061311120460086,0.9830678788444484,0.9830678788444484
144,0.9,1,1,0.9628264736525386,3,0.0015496346069724107,0.0008946819574810813,5.0,0.9,0.9489102229035008,1.0146655082990428,1.0146655082990428
144,0.9,2,0,0.7863326529734964,5,0.08394698241380115,0.037542231836647746,1.0,0.4,0.8061311120460086,0.975440150148451,0.975440150148451
144,0.9,3,0,0.7846482662711806,4,0.016304853926479217,0.008152426963239609,1.0,0.4,0.8061311120460086,0.9733506802382266,0.9733506802382266
145,0.1,1,1,0.9151559612208121,5,0.07392867945605079,0.03306191055010435,5.0,0.9,0.9635995888585798,0.9497263923751245,0.9497263923751245
145,0.1,2,1,0.948465709766958,5,0.05392042246460482,0.024113946001272625,5.0,0.9,0.9635995888585798,0.9842944317675058,0.9842944317675058
145,0.1,3,1,0.9472554898216767,5,0.04655808835114807,0.020821410091121637,5.0,0.9,0.9635995888585798,0.9830384952153589,0.9830384952153589
145,0.5,1,1,0.9599393490832246,4,0.09165100801384073,0.04582550400692036,5.0,0.9,0.9635995888585798,0.9962014930084281,0.9962014930084281
145,0.5,2,0,0.9395869235467342,1,,,1.0,0.4,0.9791534292761666,0.9595911074338149,0.9595911074338149
145,0.5,2,1,0.992757688952659,4,0.034992594078683846,0.017496297039341923,5.0,0.9,0.9635995888585798,1.0302595605386446,1.0302595605386446
145,0.5,3,0,1.0150127426387403,2,0.1001169547457011,0.07079337761243194,1.0,0.4,0.9791534292761666,1.0366227725812924,1.0366227725812924
145,0.5,3,1,0.9062768734369713,3,0.02047942487363484,0.011823801463641793,5.0,0.9,0.9635995888585798,0.9405118930265325,0.9405118930265325
145,0.9,1,0,0.9945604209020326,2,0.03624230659195534,0.02562718075701353,1.0,0.4,0.9791534292761666,1.0157350126805516,1.0157350126805516
145,0.9,1,1,1.0987720843222528,3,0.023453496601278143,0.013540882576185909,5.0,0.9,0.9635995888585798,1.1402786977356332,1.1402786977356332
145,0.9,2,0,0.8845222498461199,1,,,1.0,0.4,0.9791534292761666,0.9033540846606622,0.9033540846606622
145,0.9,2,1,0.9612242971034194,4,0.04858682513972539,0.024293412569862696,5.0,0.9,0.9635995888585798,0.9975349805223828,0.9975349805223828
145,0.9,3,0,1.0620848094472062,2,0.07185527253512232,0.050809350473592474,1.0,0.4,0.9791534292761666,1.0846970226436792,1.0846970226436792
145,0.9,3,1,0.9425488460192449,3,0.025590509370764635,0.014774687473910603,5.0,0.9,0.9635995888585798,0.9781540558103908,0.9781540558103908
146,0.1,1,0,0.8808696952219008,4,0.09670911061571712,0.04835455530785856,1.0,0.4,0.9372166084875929,0.9398784520511002,0.9398784520511002
146,0.1,1,1,1.0173364462768864,1,,,5.0,0.9,0.9923995129351925,1.0251279177555606,1.0251279177555606
146,0.1,2,0,0.8980937623877091,4,0.015251120805221454,0.007625560402610727,1.0,0.4,0.9372166084875929,0.9582563457096464,0.9582563457096464
146,0.1,2,1,0.914857500223354,1,,,5.0,0.9,0.9923995129351925,0.9218641165164475,0.9218641165164475
146,0.1,3,0,0.9341478632300755,5,0.03936957222573232,0.017606607948365032,1.0,0.4,0.9372166084875929,0.996725681950441,0.996725681950441
146,0.5,1,0,0.8944127307820547,5,0.09028732030124738,0.04037771713997718,1.0,0.4,0.9372166084875929,0.9543287247388715,0.9543287247388715
146,0.5,2,0,0.9550773285890921,5,0.06439243911810281,0.0287971742210189,1.0,0.4,0.9372166084875929,1.0190571954655407,1.0190571954655407
146,0.5,3,0,0.8911719595781324,5,0.10613004416641757,0.047462798642232934,1.0,0.4,0.9372166084875929,0.9508708568622533,0.9508708568622533
146,0.9,1,0,1.0379913423472298,4,0.10070563287108814,0.05035281643554407,1.0,0.4,0.9372166084875929,1.1075255527345587,1.1075255527345587
146,0.9,1,1,1.0450045923053373,1,,,5.0,0.9,0.9923995129351925,1.0530079657279923,1.0530079657279923
146,0.9,2,0,0.9856675134346906,5,0.06798891453903018,0.03040556692513905,1.0,0.4,0.9372166084875929,1.0516965923440942,1.0516965923440942
146,0.9,3,0,0.9575172808174521,5,0.0960237895433676,0.04294314417522069,1.0,0.4,0.9372166084875929,1.0216605981434952,1.0216605981434952
147,0.1,1,0,0.9619184140550496,2,0.014254830782762875,0.01007968751115837,1.0,0.4,0.9554938584222664,1.0067238063082808,1.0067238063082808
147,0.1,1,1,0.9548482605645642,3,0.006631519688903344,0.0038287096775246492,5.0,0.9,0.9825694133303191,0.9717870794778795,0.9717870794778795
147,0.1,2,0,0.9561514989808936,3,0.006649089338528607,0.003838853519465362,1.0,0.4,0.9554938584222664,1.0006882729311448,1.0006882729311448
147,0.1,2,1,0.9479874554363525,2,0.0027149791746408584,0.0019197801851688068,5.0,0.9,0.9825694133303191,0.964804565026348,0.964804565026348
147,0.1,3,0,0.9549552281725241,2,0.0033114465776725344,0.0023415463306092343,1.0,0.4,0.9554938584222664,0.9994362807829746,0.9994362807829746
147,0.1,3,1,0.9536853273813204,3,0.007221316778253991,0.004169229185828503,5.0,0.9,0.9825694133303191,0.9706035160904317,0.9706035160904317
147,0.5,1,0,0.951065345398725,1,,,1.0,0.4,0.9554938584222664,0.9953652103731426,0.9953652103731426
147,0.5,1,1,0.9852133604392999,4,0.053039596921603836,0.026519798460801918,5.0,0.9,0.9825694133303191,1.0026908502067242,1.0026908502067242
147,0.5,2,0,0.9125010932552855,3,0.07187288711097978,0.04149583072095976,1.0,0.4,0.9554938584222664,0.9550046661336248,0.9550046661336248
147,0.5,2,1,0.9506795179269047,2,0.0010921721102538444,0.000772282305383315,5.0,0.9,0.9825694133303191,0.9675443841719774,0.9675443841719774
147,0.5,3,0,0.9523244602445512,5,0.005006121058092318,0.002238805397897519,1.0,0.4,0.9554938584222664,0.9966829737838937,0.9966829737838937
147,0.9,1,0,0.9792837264882326,4,0.04201187766208174,0.02100593883104087,1.0,0.4,0.9554938584222664,1.0248979811395633,1.0248979811395633
147,0.9,1,1,1.1030025582334724,1,,,5.0,0.9,0.9825694133303191,1.1225696050266387,1.1225696050266387
147,0.9,2,0,0.9749295325009069,5,0.03861426056579502,0.01726882230520143,1.0,0.4,0.9554938584222664,1.0203409722703327,1.0203409722703327
147,0.9,3,0,0.9563154267042288,5,0.007125574054610871,0.0031866535929637413,1.0,0.4,0.9554938584222664,1.000859836277042,1.000859836277042
148,0.1,1,0,0.7694186155724617,1,,,1.0,0.4,0.8030272941074554,0.9581475265142153,0.9581475265142153
148,0.1,1,1,0.7268327085713367,4,0.05204270046001085,0.026021350230005427,5.0,0.9,0.7381028255179862,0.9847309662596938,0.9847309662596938
148,0.1,2,0,0.7710662650619755,1,,,1.0,0.4,0.8030272941074554,0.9601993241325579,0.9601993241325579
148,0.1,2,1,0.7248745555726782,4,0.05256044337782079,0.026280221688910393,5.0,0.9,0.7381028255179862,0.982078012049304,0.982078012049304
148,0.1,3,0,0.8271047908502366,4,0.08756706029260794,0.04378353014630397,1.0,0.4,0.8030272941074554,1.0299834101772876,1.0299834101772876
148,0.1,3,1,0.6139613720431645,1,,,5.0,0.9,0.7381028255179862,0.8318100823043162,0.8318100823043162
148,0.5,1,0,0.7696536243127099,2,0.0003323525477351879,0.00023500874024817708,1.0,0.4,0.8030272941074554,0.958440180004293,0.958440180004293
148,0.5,1,1,0.7266156682975887,3,0.07166950363544439,0.04137840721661068,5.0,0.9,0.7381028255179862,0.9844369147180326,0.9844369147180326
148,0.5,2,0,0.8015364199431992,3,0.10564291816662164,0.06099296724147661,1.0,0.4,0.8030272941074554,0.9981434327634987,0.9981434327634987
148,0.5,2,1,0.7527051954736661,2,0.020324956937657256,0.014371914877942009,5.0,0.9,0.7381028255179862,1.0197836526982975,1.0197836526982975
148,0.5,3,0,0.7898481549558926,4,0.08500282428895196,0.04250141214447598,1.0,0.4,0.8030272941074554,0.9835881803168208,0.9835881803168208
148,0.5,3,1,0.7713021372752095,1,,,5.0,0.9,0.7381028255179862,1.0449792503286037,1.0449792503286037
148,0.9,1,0,0.8059848117173583,2,0.05037852431255367,0.03562299616757805,1.0,0.4,0.8030272941074554,1.0036829602575215,1.0036829602575215
148,0.9,1,1,0.750699670836656,3,0.03490085608743367,0.020150018657028222,5.0,0.9,0.7381028255179862,1.0170665182182843,1.0170665182182843
148,0.9,2,0,0.8776977749709565,4,0.04538936565358568,0.02269468282679284,1.0,0.4,0.8030272941074554,1.0929862302457545,1.0929862302457545
148,0.9,2,1,0.8378312960735904,1,,,5.0,0.9,0.7381028255179862,1.1351146034234685,1.1351146034234685
148,0.9,3,0,0.8149351895823089,5,0.06788061323954869,0.030357133111600616,1.0,0.4,0.8030272941074554,1.014828755588051,1.014828755588051
149,0.1,1,1,0.842887899844572,5,0.18148979824890699,0.08116470522145566,5.0,0.9,0.9450397358506821,0.8919073641764305,0.8919073641764305
149,0.1,2,1,0.985806410649164,5,0.06330208592843001,0.028309553450700475,5.0,0.9,0.9450397358506821,1.043137524542061,1.043137524542061
149,0.1,3,1,0.9770674745789524,5,0.0594262554539871,0.026576229368676554,5.0,0.9,0.9450397358506821,1.033890361974505,1.033890361974505
149,0.5,1,0,0.9036058158062498,3,0.17088010238022386,0.09865767310837306,1.0,0.4,0.90517775298042,0.9982633939367219,0.9982633939367219
149,0.5,1,1,0.8129769257154065,2,0.14170842005546558,0.10020298477245146,5.0,0.9,0.9450397358506821,0.860256870557513,0.860256870557513
149,0.5,2,0,0.9974068388081618,2,0.07961349563944646,0.05629524264061822,1.0,0.4,0.90517775298042,1.1018905795287888,1.1018905795287888
149,0.5,2,1,0.9977985016663092,3,0.06915195475413745,0.03992489969229008,5.0,0.9,0.9450397358506821,1.0558270343713496,1.0558270343713496
149,0.5,3,0,0.8347991057886448,5,0.19369114022336414,0.0866213112357772,1.0,0.4,0.90517775298042,0.9222488102916316,0.9222488102916316
149,0.9,1,0,0.8272325074880271,4,0.19774749568942912,0.09887374784471456,1.0,0.4,0.90517775298042,0.9138895700477087,0.9138895700477087
149,0.9,1,1,1.0537012026496881,1,,,5.0,0.9,0.9450397358506821,1.1149808443781402,1.1149808443781402
149,0.9,2,0,0.9573632731547466,5,0.1142029827656735,0.05107312653945657,1.0,0.4,0.90517775298042,1.0576522346053012,1.0576522346053012
149,0.9,3,0,0.9106589768366906,5,0.1638372751511206,0.07327025689724855,1.0,0.4,0.90517775298042,1.0060554115898483,1.0060554115898483
150,0.1,1,0,0.7996095656417765,1,,,1.0,0.4,0.9462097922565669,0.845065832319098,0.845065832319098
150,0.1,1,1,0.9636898504082396,4,0.08797734207994759,0.043988671039973795,5.0,0.9,0.9499074976548523,1.0145091525094954,1.0145091525094954
150,0.1,2,1,0.89432702324352,5,0.0710297242333263,0.03176545836175635,5.0,0.9,0.9499074976548523,0.9414885401488563,0.9414885401488563
150,0.1,3,1,0.9332135702797315,5,0.05976288132648198,0.0267267730354533,5.0,0.9,0.9499074976548523,0.9824257336463444,0.9824257336463444
150,0.5,1,0,1.0027699651204771,1,,,1.0,0.4,0.9462097922565669,1.0597755099627777,1.0597755099627777
150,0.5,1,1,0.9229230884968915,4,0.09746057625626896,0.04873028812813448,5.0,0.9,0.9499074976548523,0.9715925927265757,0.9715925927265757
150,0.5,2,0,0.9455022850227569,2,0.0800122798789579,0.05657722568060708,1.0,0.4,0.9462097922565669,0.9992522723400244,0.9992522723400244
150,0.5,2,1,1.0466823494207185,3,0.0804332337831925,0.0464381491765183,5.0,0.9,0.9499074976548523,1.1018781849862072,1.1018781849862072
150,0.5,3,0,0.9424684795199543,2,0.0775097036292413,0.05480763704399607,1.0,0.4,0.9462097922565669,0.9960460008264234,0.9960460008264234
150,0.5,3,1,0.9255433876098258,3,0.06311852390795947,0.03644149676911223,5.0,0.9,0.9499074976548523,0.9743510709146133,0.9743510709146133
150,0.9,1,0,0.9459548945234404,2,0.07937219338463243,0.05612461617992361,1.0,0.4,0.9462097922565669,0.999730611820748,0.999730611820748
150,0.9,1,1,1.008417807719758,3,0.12512732701516585,0.07224229593518434,5.0,0.9,0.9499074976548523,1.061595797705942,1.061595797705942
150,0.9,2,0,0.9162296469711728,4,0.16680948237852045,0.08340474118926022,1.0,0.4,0.9462097922565669,0.9683155410874623,0.9683155410874623
150,0.9,2,1,0.8901982039428238,1,,,5.0,0.9,0.9499074976548523,0.9371419913418519,0.9371419913418519
150,0.9,3,0,1.0709337089963902,2,0.10126426045199344,0.07160464525744528,1.0,0.4,0.9462097922565669,1.1318142316434663,1.1318142316434663
150,0.9,3,1,0.9641721977721618,3,0.0640745380144834,0.036993451770862905,5.0,0.9,0.9499074976548523,1.015016936020114,1.015016936020114
151,0.1,1,0,0.8331977217249796,1,,,1.0,0.4,0.9238152186861044,0.9019094997265736,0.9019094997265736
151,0.1,1,1,0.886183203107516,4,0.05854626107849982,0.02927313053924991,5.0,0.9,1.0001321696039007,0.8860660921030928,0.8860660921030928
151,0.1,2,0,0.835577315381477,1,,,1.0,0.4,0.9238152186861044,0.9044853326511294,0.9044853326511294
151,0.1,2,1,0.9123469868833516,4,0.05221986146882211,0.026109930734411056,5.0,0.9,1.0001321696039007,0.9122264182789799,0.9122264182789799
151,0.1,3,1,0.93764625059973,5,0.001930320022514855,0.000863265357734428,5.0,0.9,1.0001321696039007,0.9375223386435834,0.9375223386435834
151,0.5,1,1,1.0527582591864009,5,0.12644132951051237,0.05654628159019117,5.0,0.9,1.0001321696039007,1.0526191349322787,1.0526191349322787
151,0.5,2,0,0.9808791274363715,3,0.07622777847703777,0.04401012842344492,1.0,0.4,0.9238152186861044,1.0617698297192226,1.0617698297192226
151,0.5,2,1,1.0711297071129706,2,0.0,0.0,5.0,0.9,1.0001321696039007,1.0709881550327376,1.0709881550327376
151,0.5,3,0,0.8856452379588546,4,0.06027627718936892,0.03013813859468446,1.0,0.4,0.9238152186861044,0.9586822343308687,0.9586822343308687
151,0.5,3,1,1.0711297071129706,1,,,5.0,0.9,1.0001321696039007,1.0709881550327376,1.0709881550327376
151,0.9,1,0,1.0041495079729101,4,0.076697229361389,0.0383486146806945,1.0,0.4,0.9238152186861044,1.0869592616162582,1.0869592616162582
151,0.9,1,1,1.0697310732243657,1,,,5.0,0.9,1.0001321696039007,1.0695897059765904,1.0695897059765904
151,0.9,2,0,0.9636897637913965,5,0.05757907813442417,0.025750146558068843,1.0,0.4,0.9238152186861044,1.0431629013018466,1.0431629013018466
151,0.9,3,0,0.9635678565367414,5,0.05825996659006363,0.02605464913244978,1.0,0.4,0.9238152186861044,1.043030940654101,1.043030940654101
152,0.1,1,1,3.3070272045993994,4,0.7467387670137482,0.3733693835068741,5.0,0.9,3.436956008660303,0.9621965472547468,0.9621965472547468
152,0.1,2,0,4.198569146584869,5,1.049697722403104,0.4694390926240089,1.0,0.4,4.432686821195407,0.9471837997913416,0.9471837997913416
152,0.1,3,0,3.476414870541487,4,0.5042193227544622,0.2521096613772311,1.0,0.4,4.432686821195407,0.7842680998618277,0.7842680998618277
152,0.1,3,1,2.167711889074118,1,,,5.0,0.9,3.436956008660303,0.6307069056490701,0.6307069056490701
152,0.5,1,0,7.323312957368383,1,,,1.0,0.4,4.432686821195407,1.652116030925332,1.652116030925332
152,0.5,1,1,4.476928323054809,4,1.5820338246317378,0.7910169123158689,5.0,0.9,3.436956008660303,1.3025852852855915,1.3025852852855915
152,0.5,2,0,3.732898081478524,2,0.11212577501473839,0.07928489585871867,1.0,0.4,4.432686821195407,0.8421298936864292,0.8421298936864292
152,0.5,2,1,4.808732802932268,3,2.045541804093349,1.1809941112319278,5.0,0.9,3.436956008660303,1.3991255025712919,1.3991255025712919
152,0.5,3,0,4.404740561332694,4,1.6892135568031486,0.8446067784015743,1.0,0.4,4.432686821195407,0.9936954129650928,0.9936954129650928
152,0.9,1,0,3.646767478272059,2,0.00591396420801775,0.00418180419518388,1.0,0.4,4.432686821195407,0.8226991044877379,0.8226991044877379
152,0.9,1,1,2.4243798236409226,2,1.755656500651087,1.2414366170446278,5.0,0.9,3.436956008660303,0.7053857592393001,0.7053857592393001
152,0.9,2,0,4.3906378625691485,3,1.365961801347467,0.7886384137107062,1.0,0.4,4.432686821195407,0.9905138891326144,0.9905138891326144
152,0.9,3,0,4.288153611416096,4,2.1881044733672423,1.0940522366836212,1.0,0.4,4.432686821195407,0.9673937691496253,0.9673937691496253
153,0.1,1,0,1.0016057154195117,5,0.15566495382152337,0.06961548369185838,1.0,0.4,1.0338285508927925,0.9688315480884584,0.9688315480884584
153,0.1,2,0,1.004784733987116,4,0.05028024925192583,0.025140124625962917,1.0,0.4,1.0338285508927925,0.9719065440003618,0.9719065440003618
153,0.1,2,1,1.0341867393829218,1,,,5.0,0.9,1.0341867393829218,1.0,1.0
153,0.1,3,0,1.0561740251047964,5,0.11926891845935032,0.05333868185559736,1.0,0.4,1.0338285508927925,1.0216142939684794,1.0216142939684794
153,0.5,1,0,0.9741106580607275,5,0.06508851079086313,0.02910846693651971,1.0,0.4,1.0338285508927925,0.942236173705501,0.942236173705501
153,0.5,2,0,1.0417952097418453,5,0.17051246682358845,0.07625549336574428,1.0,0.4,1.0338285508927925,1.007705976820018,1.007705976820018
153,0.5,3,0,1.004149307553697,5,0.11919460594426072,0.053305448288533494,1.0,0.4,1.0338285508927925,0.9712919097528645,0.9712919097528645
153,0.9,1,0,1.1242375030105793,5,0.05795605079947554,0.025918733859011667,1.0,0.4,1.0338285508927925,1.087450624225566,1.087450624225566
153,0.9,2,0,1.0328546396267877,5,0.12618739867471562,0.056432720268106196,1.0,0.4,1.0338285508927925,0.9990579566939183,0.9990579566939183
153,0.9,3,0,1.0647451655300704,5,0.08408443531901547,0.037603702644600556,1.0,0.4,1.0338285508927925,1.0299049727448317,1.0299049727448317
154,0.1,1,1,1.6634952833533716,5,0.8576571790891117,0.38355595076679294,5.0,0.9,1.8851073963598068,0.882440590157158,0.882440590157158
154,0.1,2,0,2.1819651873317834,1,,,1.0,0.4,2.128156138113955,1.0252843521460393,1.0252843521460393
154,0.1,2,1,2.163696383950654,4,0.269207130233964,0.134603565116982,5.0,0.9,1.8851073963598068,1.1477841464782377,1.1477841464782377
154,0.1,3,0,2.0965704137816936,1,,,1.0,0.4,2.128156138113955,0.98515817342225,0.98515817342225
154,0.1,3,1,2.8114340262347794,4,0.7855759823949049,0.39278799119745245,5.0,0.9,1.8851073963598068,1.4913919661361121,1.4913919661361121
154,0.5,1,0,2.24326751146294,4,0.20288769211452898,0.10144384605726449,1.0,0.4,2.128156138113955,1.054089721748988,1.054089721748988
154,0.5,1,1,0.7908099237378124,1,,,5.0,0.9,1.8851073963598068,0.4195039101034178,0.4195039101034178
154,0.5,2,0,2.475384953338042,5,0.21905104378643014,0.09796260488974814,1.0,0.4,2.128156138113955,1.1631594641978726,1.1631594641978726
154,0.5,3,0,2.174768899108691,5,0.09110187022015195,0.0407419949379247,1.0,0.4,2.128156138113955,1.0219028858644017,1.0219028858644017
154,0.9,1,0,2.168394171199069,4,0.5633046407771652,0.2816523203885826,1.0,0.4,2.128156138113955,1.0189074628334245,1.0189074628334245
154,0.9,1,1,1.996101364522417,1,,,5.0,0.9,1.8851073963598068,1.0588793871250743,1.0588793871250743
154,0.9,2,0,1.7757884187828512,5,0.5261299989578659,0.23529248853433635,1.0,0.4,2.128156138113955,0.8344258144313677,0.8344258144313677
154,0.9,3,0,1.9091095499065696,5,0.6133528924570868,0.2742997523460328,1.0,0.4,2.128156138113955,0.8970721253556555,0.8970721253556555
155,0.1,1,1,1.0412765356563831,5,0.032578615586611286,0.014569599812899403,5.0,0.9,1.0834008003200506,0.9611184848200006,0.9611184848200006
155,0.1,2,0,0.8811823677473486,1,,,1.0,0.4,1.0087041222044608,0.8735786325742169,0.8735786325742169
155,0.1,2,1,1.0755667652178886,4,0.051896532443568524,0.025948266221784262,5.0,0.9,1.0834008003200506,0.9927690333071125,0.9927690333071125
155,0.1,3,1,1.0583104566985917,5,0.026138960224226345,0.01168969838450665,5.0,0.9,1.0834008003200506,0.9768411250812747,0.9768411250812747
155,0.5,1,0,0.9855748986393003,1,,,1.0,0.4,1.0087041222044608,0.9770703588336558,0.9770703588336558
155,0.5,1,1,1.1169632998441237,4,0.0018408426292480535,0.0009204213146240267,5.0,0.9,1.0834008003200506,1.0309788395154944,1.0309788395154944
155,0.5,2,0,1.0490782447448699,4,0.05323717326928941,0.026618586634644704,1.0,0.4,1.0087041222044608,1.0400257336632808,1.0400257336632808
155,0.5,2,1,1.0464796918812236,1,,,5.0,0.9,1.0834008003200506,0.965921099164852,0.965921099164852
155,0.5,3,0,1.0541185007836091,3,0.10729036565368272,0.0619441214916071,1.0,0.4,1.0087041222044608,1.0450224972610382,1.0450224972610382
155,0.5,3,1,1.0150232714330731,2,0.041646288194772715,0.029448372793773044,5.0,0.9,1.0834008003200506,0.9368862115785979,0.9368862115785979
155,0.9,1,0,0.9860913841059076,2,0.002890255547703717,0.002043719297143337,1.0,0.4,1.0087041222044608,0.9775823875398323,0.9775823875398323
155,0.9,1,1,1.1180316490790827,3,0.0022786775370154293,0.0013155950893922116,5.0,0.9,1.0834008003200506,1.0319649466280638,1.0319649466280638
155,0.9,2,0,1.0851420584016722,4,0.06145222734862156,0.03072611367431078,1.0,0.4,1.0087041222044608,1.0757783521595619,1.0757783521595619
155,0.9,2,1,1.1955547327500389,1,,,5.0,0.9,1.0834008003200506,1.1035202599046046,1.1035202599046046
155,0.9,3,0,1.019741401008518,5,0.07900718673310758,0.03533308804924962,1.0,0.4,1.0087041222044608,1.0109420379684142,1.0109420379684142
156,0.1,1,1,0.96536293370945,5,0.04857333985761101,0.021722657963163635,5.0,0.9,0.9752867942046431,0.989824674594014,0.989824674594014
156,0.1,2,1,0.9427778825814258,5,0.05903784470958805,0.02640252680314304,5.0,0.9,0.9752867942046431,0.96666733127487,0.96666733127487
156,0.1,3,0,0.9594711870869902,4,0.05447251386087476,0.02723625693043738,1.0,0.4,1.0017406295862086,0.9578040050979276,0.9578040050979276
156,0.1,3,1,0.8777644436824962,1,,,5.0,0.9,0.9752867942046431,0.9000064892689565,0.9000064892689565
156,0.5,1,0,0.9870830923462502,1,,,1.0,0.4,1.0017406295862086,0.9853679317709086,0.9853679317709086
156,0.5,1,1,1.0218895241757633,4,0.07021899525847737,0.035109497629238685,5.0,0.9,0.9752867942046431,1.047783616314753,1.047783616314753
156,0.5,2,0,1.0338903798494197,3,0.08107260011997325,0.04680728750316945,1.0,0.4,1.0017406295862086,1.0320938866944942,1.0320938866944942
156,0.5,2,1,0.9866319574777191,2,0.0006380010495362026,0.0004511348685311833,5.0,0.9,0.9752867942046431,1.0116326431778748,1.0116326431778748
156,0.5,3,0,1.0143300474190495,5,0.05966416436396198,0.026682625467707895,1.0,0.4,1.0017406295862086,1.0125675423967193,1.0125675423967193
156,0.9,1,0,0.9873092455015268,3,0.00022618770093221603,0.0001305895300205975,1.0,0.4,1.0017406295862086,0.9855936919613184,0.9855936919613184
156,0.9,1,1,1.0572940236010044,2,0.09929325120731837,0.07021093125475417,5.0,0.9,0.9752867942046431,1.0840852453695315,1.0840852453695315
156,0.9,2,0,1.0431066792078567,5,0.0765083323575616,0.0342155663993309,1.0,0.4,1.0017406295862086,1.0412941717645368,1.0412941717645368
156,0.9,3,0,0.9869937756923672,5,0.0011247800278587207,0.0005030169204052413,1.0,0.4,1.0017406295862086,0.9852787703140953,0.9852787703140953
157,0.1,1,0,0.9178402966847051,1,,,1.0,0.4,1.0442615290508874,0.8789371926005122,0.8789371926005122
157,0.1,1,1,1.0906416141723774,4,0.11673296003249017,0.05836648001624509,5.0,0.9,1.1073810969485218,0.9848837199566874,0.9848837199566874
157,0.1,2,1,1.0664763064966127,5,0.11291513975229338,0.05049718563500335,5.0,0.9,1.1073810969485218,0.9630616862030374,0.9630616862030374
157,0.1,3,0,0.9180825975592982,1,,,1.0,0.4,1.0442615290508874,0.879169223435559,0.879169223435559
157,0.1,3,1,1.0685136196625558,4,0.10727075528254082,0.05363537764127041,5.0,0.9,1.1073810969485218,0.9649014441432416,0.9649014441432416
157,0.5,1,0,1.167434363926911,1,,,1.0,0.4,1.0442615290508874,1.1179520948051904,1.1179520948051904
157,0.5,1,1,1.1491810352192118,4,0.031028985708972615,0.015514492854486308,5.0,0.9,1.1073810969485218,1.0377466604639298,1.0377466604639298
157,0.5,2,0,0.9151406770994575,1,,,1.0,0.4,1.0442615290508874,0.8763519976946906,0.8763519976946906
157,0.5,2,1,1.109035441956448,4,0.09179408634837381,0.045897043174186906,5.0,0.9,1.1073810969485218,1.0014939256345308,1.0014939256345308
157,0.5,3,0,1.049111771430175,4,0.1330401798943989,0.06652008994719945,1.0,0.4,1.0442615290508874,1.0046446625144716,1.0046446625144716
157,0.5,3,1,1.160438564183925,1,,,5.0,0.9,1.1073810969485218,1.0479125635985727,1.0479125635985727
157,0.9,1,0,1.1277855428054286,5,0.09098487055724658,0.040689671098004504,1.0,0.4,1.0442615290508874,1.0799838081083528,1.0799838081083528
157,0.9,2,0,1.137595731702957,5,0.04624517756809155,0.020681472134760223,1.0,0.4,1.0442615290508874,1.0893781874133577,1.0893781874133577
157,0.9,3,0,1.1211012511981673,5,0.11214654889882826,0.05015346135595683,1.0,0.4,1.0442615290508874,1.0735828334278659,1.0735828334278659
158,0.1,1,1,1.5762679926606167,5,0.35299947890707356,0.15786616617164392,5.0,0.9,1.3960168386434715,1.1291181804026789,1.1291181804026789
158,0.1,2,0,1.7368674210779473,1,,,1.0,0.4,1.3004686156818275,1.335570424486806,1.335570424486806
158,0.1,2,1,1.2431161197393177,4,0.5608209447138279,0.28041047235691396,5.0,0.9,1.3960168386434715,0.8904735855100935,0.8904735855100935
158,0.1,3,1,1.605766973161148,5,0.5299222095819207,0.23698841668241302,5.0,0.9,1.3960168386434715,1.1502490003784578,1.1502490003784578
158,0.5,1,0,0.7574524742954359,1,,,1.0,0.4,1.3004686156818275,0.5824457931253562,0.5824457931253562
158,0.5,1,1,0.9498158957488774,4,0.538622539195613,0.2693112695978065,5.0,0.9,1.3960168386434715,0.6803756727403276,0.6803756727403276
158,0.5,2,0,1.1232184405172378,1,,,1.0,0.4,1.3004686156818275,0.8637028429389213,0.8637028429389213
158,0.5,2,1,1.438792154631649,4,0.33241721713019556,0.16620860856509778,5.0,0.9,1.3960168386434715,1.0306409742376337,1.0306409742376337
158,0.5,3,0,1.2519993055427374,2,0.6993948359785722,0.49454683124730153,1.0,0.4,1.3004686156818275,0.9627293503629244,0.9627293503629244
158,0.5,3,1,1.7742787088159353,3,0.07763284058798085,0.044821341411426054,5.0,0.9,1.3960168386434715,1.2709579567392797,1.2709579567392797
158,0.9,1,0,1.5245594250615682,3,0.48905255577013684,0.282354624721763,1.0,0.4,1.3004686156818275,1.1723154305129089,1.1723154305129089
158,0.9,1,1,0.8109065129034128,2,0.07559542636301574,0.053454038607976734,5.0,0.9,1.3960168386434715,0.5808715843939115,0.5808715843939115
158,0.9,2,0,1.3168796105649263,2,0.4677470331336406,0.330747099008686,1.0,0.4,1.3004686156818275,1.0126192932956668,1.0126192932956668
158,0.9,2,1,1.729681259225427,3,0.024137987024518755,0.013936073306301597,5.0,0.9,1.3960168386434715,1.2390117449487084,1.2390117449487084
158,0.9,3,0,1.3923036327129397,3,0.5499070603262796,0.3174889893086533,1.0,0.4,1.3004686156818275,1.0706168652774166,1.0706168652774166
158,0.9,3,1,1.4355259309048587,2,0.40783061437616913,0.288379793000865,5.0,0.9,1.3960168386434715,1.0283013006489081,1.0283013006489081
159,0.1,1,0,0.8161963972580902,1,,,1.0,0.4,0.8502898541086105,0.9599037237880939,0.9599037237880939
159,0.1,1,1,0.8054374488262658,4,0.009612247976271325,0.0048061239881356625,5.0,0.9,0.8144920027303618,0.9888831886946181,0.9888831886946181
159,0.1,2,0,0.8430253389081991,2,0.049554287899849794,0.03504017301085426,1.0,0.4,0.8502898541086105,0.9914564249293236,0.9914564249293236
159,0.1,2,1,0.8204781722295519,3,0.015744229819951893,0.009089935324732559,5.0,0.9,0.8144920027303618,1.0073495743102732,1.0073495743102732
159,0.1,3,0,0.831979200519987,2,0.0,0.0,1.0,0.4,0.8502898541086105,0.9784653980049907,0.9784653980049907
159,0.1,3,1,0.8099233730571558,3,0.006719113610153528,0.003879282051537818,5.0,0.9,0.8144920027303618,0.9943908231659845,0.9943908231659845
159,0.5,1,0,0.8502078575018895,3,0.0400492323865082,0.023122435099188387,1.0,0.4,0.8502898541086105,0.9999035662882196,0.9999035662882196
159,0.5,1,1,0.8062658505732496,2,0.007445267318692509,0.0052645990087940575,5.0,0.9,0.8144920027303618,0.9899002665102465,0.9899002665102465
159,0.5,2,0,0.8314213582239398,4,0.04992354270975181,0.024961771354875904,1.0,0.4,0.8502898541086105,0.9778093366709036,0.9778093366709036
159,0.5,2,1,0.812070025178929,1,,,5.0,0.9,0.8144920027303618,0.9970263949267595,0.9970263949267595
159,0.5,3,0,0.8398143247084079,5,0.053296434028000564,0.023834889888988436,1.0,0.4,0.8502898541086105,0.9876800489273337,0.9876800489273337
159,0.9,1,0,0.8107680101738228,4,0.017071566464722295,0.008535783232361148,1.0,0.4,0.8502898541086105,0.95351956307156,0.95351956307156
159,0.9,1,1,0.829130368311277,1,,,5.0,0.9,0.8144920027303618,1.0179723871220885,1.0179723871220885
159,0.9,2,0,0.9872831244747543,3,0.29847243031544995,0.17232313798830687,1.0,0.4,0.8502898541086105,1.1611136128511834,1.1611136128511834
159,0.9,2,1,0.8181387809361033,2,0.0019643853309052224,0.0013890301883464629,5.0,0.9,0.8144920027303618,1.0044773652700292,1.0044773652700292
159,0.9,3,0,0.8419130752084041,5,0.041421605537152704,0.018524305143651026,1.0,0.4,0.8502898541086105,0.9901483254683922,0.9901483254683922
160,0.1,1,0,0.9088598212710606,2,0.029986684540598996,0.02120378798395936,1.0,0.4,0.9470621799668727,0.9596622486845073,0.9596622486845073
160,0.1,1,1,0.9431088754802163,3,0.05138485341245189,0.029667058949948564,5.0,0.9,0.9709921455565034,0.9712837326193752,0.9712837326193752
160,0.1,2,0,0.9371957013894558,2,0.09103185763463849,0.06436924383746126,1.0,0.4,0.9470621799668727,0.989582016063864,0.989582016063864
160,0.1,2,1,0.9687179088005301,3,0.03144525264144228,0.018154925077272493,5.0,0.9,0.9709921455565034,0.9976578216761272,0.9976578216761272
160,0.1,3,0,0.937173009071774,4,0.05089117653223267,0.025445588266116335,1.0,0.4,0.9470621799668727,0.9895580553164476,0.9895580553164476
160,0.1,3,1,0.935672514619883,1,,,5.0,0.9,0.9709921455565034,0.9636252145825775,0.9636252145825775
160,0.5,1,1,0.9855184941785963,5,0.07760163125502695,0.034704504530222516,5.0,0.9,0.9709921455565034,1.01496031526987,1.01496031526987
160,0.5,2,0,0.9326583831876054,2,0.02041761818211878,0.014437436272253938,1.0,0.4,0.9470621799668727,0.9847910759357204,0.9847910759357204
160,0.5,2,1,0.9709672832244083,3,0.03263026867410848,0.018839094402726346,5.0,0.9,0.9709921455565034,0.9999743949194555,0.9999743949194555
160,0.5,3,0,0.9573742561826131,4,0.06633741752540662,0.03316870876270331,1.0,0.4,0.9470621799668727,1.01088848909171,1.01088848909171
160,0.9,1,0,1.008115013239697,1,,,1.0,0.4,0.9470621799668727,1.06446549610392,1.06446549610392
160,0.9,1,1,0.9752512685095102,4,0.10083114671990501,0.050415573359952504,5.0,0.9,0.9709921455565034,1.0043863619005546,1.0043863619005546
160,0.9,2,0,0.9841183126018882,1,,,1.0,0.4,0.9470621799668727,1.0391274547953246,1.0391274547953246
160,0.9,2,1,0.9871358744119658,4,0.02851150367354543,0.014255751836772714,5.0,0.9,0.9709921455565034,1.0166260138450554,1.0166260138450554
160,0.9,3,0,0.9110029427908878,3,0.03987375992430391,0.023021126025899376,1.0,0.4,0.9470621799668727,0.9619251640085066,0.9619251640085066
160,0.9,3,1,1.001564945226917,1,,,5.0,0.9,0.9709921455565034,1.0314861451869846,1.0314861451869846
161,0.1,1,1,0.7981030845933641,5,0.01977700472785487,0.008844545392563644,5.0,0.9,0.8061548950719235,0.9900120801501292,0.9900120801501292
161,0.1,2,0,0.8127863164742868,2,0.013723024051314692,0.009703643365070706,1.0,0.4,0.8092357568090073,1.0043875466888414,1.0043875466888414
161,0.1,2,1,0.8086056127185669,3,0.0069184122083691055,0.003994347150866696,5.0,0.9,0.8061548950719235,1.0030400083924624,1.0030400083924624
161,0.1,3,0,0.8077507027513522,4,0.008512909529073113,0.004256454764536556,1.0,0.4,0.8092357568090073,0.9981648684636589,0.9981648684636589
161,0.1,3,1,0.8063761616900086,1,,,5.0,0.9,0.8061548950719235,1.0002744715927891,1.0002744715927891
161,0.5,1,1,0.793145518961627,5,0.005725473940598443,0.0025605097869163423,5.0,0.9,0.8061548950719235,0.9838624361275684,0.9838624361275684
161,0.5,2,0,0.8161575556984254,3,0.0040693347446863004,0.0023494315102673326,1.0,0.4,0.8092357568090073,1.008553501042406,1.008553501042406
161,0.5,2,1,0.8020358912228762,2,0.0033308513040551727,0.0023552675442214672,5.0,0.9,0.8061548950719235,0.9948905553086299,0.9948905553086299
161,0.5,3,0,0.8002482275850347,2,0.012386092910955188,0.008758290289743037,1.0,0.4,0.8092357568090073,0.9888938061024238,0.9888938061024238
161,0.5,3,1,0.8063704288110131,3,0.003022480876886596,0.0017450301478909725,5.0,0.9,0.8061548950719235,1.0002673602063414,1.0002673602063414
161,0.9,1,0,0.8030879822628716,2,0.002770849891484467,0.001959286747918676,1.0,0.4,0.8092357568090073,0.9924029870227464,0.9924029870227464
161,0.9,1,1,0.8222661494941573,3,0.020820663501214292,0.012020815677132687,5.0,0.9,0.8061548950719235,1.0199853086804074,1.0199853086804074
161,0.9,2,0,0.8138076228384019,4,0.015153747800958307,0.0075768739004791535,1.0,0.4,0.8092357568090073,1.005649609512341,1.005649609512341
161,0.9,2,1,0.8123363130837752,1,,,5.0,0.9,0.8061548950719235,1.0076677795416726,1.0076677795416726
161,0.9,3,0,0.8108118900526783,5,0.014660226424833216,0.006556252570293156,1.0,0.4,0.8092357568090073,1.0019476811675823,1.0019476811675823
162,0.1,1,0,0.8838574351243673,1,,,1.0,0.4,1.0053728836885625,0.8791339506608005,0.8791339506608005
162,0.1,1,1,1.0000798423447526,4,0.06770907238072384,0.03385453619036192,5.0,0.9,1.0109533404747728,0.989244312576371,0.989244312576371
162,0.1,2,1,0.9247155649585952,5,0.07787102001044155,0.03482497884411873,5.0,0.9,1.0109533404747728,0.9146965818663026,0.9146965818663026
162,0.1,3,0,0.8989258704937015,1,,,1.0,0.4,1.0053728836885625,0.8941218577486169,0.8941218577486169
162,0.1,3,1,0.9360483538612501,4,0.030605058801411452,0.015302529400705726,5.0,0.9,1.0109533404747728,0.9259065838010435,0.9259065838010435
162,0.5,1,0,1.0355725229438981,1,,,1.0,0.4,1.0053728836885625,1.030038247246671,1.030038247246671
162,0.5,1,1,1.0173560518581402,4,0.06685719196327093,0.033428595981635466,5.0,0.9,1.0109533404747728,1.0063333401523362,1.0063333401523362
162,0.5,2,0,1.0524682712259037,2,0.018393649111387068,0.013006274017427709,1.0,0.4,1.0053728836885625,1.0468437017761563,1.0468437017761563
162,0.5,2,1,1.0066190204168632,3,0.13173351516805434,0.07605638044357182,5.0,0.9,1.0109533404747728,0.9957126408466349,0.9957126408466349
162,0.5,3,0,1.0557874673506717,2,0.05084827894474858,0.03595516285349686,1.0,0.4,1.0053728836885625,1.0501451595522904,1.0501451595522904
162,0.5,3,1,0.9677148510153409,3,0.07015796883544444,0.040505722192941226,5.0,0.9,1.0109533404747728,0.9572299850761403,0.9572299850761403
162,0.9,1,0,1.005511534582509,3,0.022501994101345242,0.012991532351715048,1.0,0.4,1.0053728836885625,1.000137909919987,1.000137909919987
162,0.9,1,1,1.1534630302815199,2,0.17658717651307937,0.12486598998298425,5.0,0.9,1.0109533404747728,1.1409656451007129,1.1409656451007129
162,0.9,2,0,1.020820630848486,2,0.009983806230263976,0.007059617087472159,1.0,0.4,1.0053728836885625,1.0153651917716817,1.0153651917716817
162,0.9,2,1,1.031476733561318,3,0.05974222574268159,0.03449219011452461,5.0,0.9,1.0109533404747728,1.0203010290038774,1.0203010290038774
162,0.9,3,0,1.090039336938963,3,0.11081754469424578,0.06398053926015619,1.0,0.4,1.0053728836885625,1.084213981323797,1.084213981323797
162,0.9,3,1,1.0611066159751754,2,0.05870392692184467,0.04150994480871589,5.0,0.9,1.0109533404747728,1.049609881576581,1.049609881576581
163,0.1,1,0,1.0111478344034661,2,0.008573369950041184,0.006062288029295093,1.0,0.4,0.9763976017247143,1.0355902478840266,1.0355902478840266
163,0.1,1,1,0.9236112927167288,3,0.1032535156232359,0.05961344503985048,5.0,0.9,0.9550648638176732,0.9670665603012394,0.9670665603012394
163,0.1,2,0,0.9482388759891103,4,0.08552374315131471,0.042761871575657355,1.0,0.4,0.9763976017247143,0.9711605951449856,0.9711605951449856
163,0.1,2,1,0.8885803540437348,1,,,5.0,0.9,0.9550648638176732,0.9303874403795148,0.9303874403795148
163,0.1,3,0,0.8783689753882884,3,0.02373482792225139,0.013703309290081287,1.0,0.4,0.9763976017247143,0.899601733798539,0.899601733798539
163,0.1,3,1,0.9909985050118864,2,0.018171585427283865,0.012849251280543067,5.0,0.9,0.9550648638176732,1.0376242939674023,1.0376242939674023
163,0.5,1,0,1.0047362383709741,4,0.023814347458440372,0.011907173729220186,1.0,0.4,0.9763976017247143,1.0290236647408824,1.0290236647408824
163,0.5,1,1,0.9972973631029194,1,,,5.0,0.9,0.9550648638176732,1.0442195089414457,1.0442195089414457
163,0.5,2,0,0.9810285654048801,5,0.008156961068970884,0.0036479038880076493,1.0,0.4,0.9763976017247143,1.0047429076761205,1.0047429076761205
163,0.5,3,0,1.016089521283962,5,0.04743005800857941,0.021211366776788372,1.0,0.4,0.9763976017247143,1.040651389853002,1.040651389853002
163,0.9,1,0,0.9613586896239581,2,0.014949415733934598,0.010570833240242022,1.0,0.4,0.9763976017247143,0.9845975532158299,0.9845975532158299
163,0.9,1,1,0.9748368042130965,3,0.021765471167619833,0.01256630063766435,5.0,0.9,0.9550648638176732,1.0207021964103977,1.0207021964103977
163,0.9,2,0,0.9879284664376801,5,0.060366441621777185,0.026996693405213285,1.0,0.4,0.9763976017247143,1.011809599585863,1.011809599585863
163,0.9,3,0,0.9986812486201099,4,0.0593415845472346,0.0296707922736173,1.0,0.4,0.9763976017247143,1.0228223081007508,1.0228223081007508
164,0.1,1,1,0.8286056703618598,5,0.1555644980772506,0.06957055851727352,5.0,0.9,0.9065511164581881,0.9140198002283049,0.9140198002283049
164,0.1,2,0,0.7128128401544276,2,0.10184011922785548,0.07201183890286311,1.0,0.4,0.7501299141120171,0.9502525185897106,0.9502525185897106
164,0.1,2,1,0.8929199683763379,3,0.11181821039998793,0.06455827387473524,5.0,0.9,0.9065511164581881,0.984963729199181,0.984963729199181
164,0.1,3,0,0.5896389085768048,1,,,1.0,0.4,0.7501299141120171,0.7860490529494519,0.7860490529494519
164,0.1,3,1,0.9131601150280892,4,0.06227375638489428,0.03113687819244714,5.0,0.9,0.9065511164581881,1.0072902657665042,1.0072902657665042
164,0.5,1,0,0.8920397539542273,2,0.15162501301009496,0.10721507489693663,1.0,0.4,0.7501299141120171,1.1891803501933382,1.1891803501933382
164,0.5,1,1,0.9255421338351669,3,0.07346961487227267,0.04241770192376476,5.0,0.9,0.9065511164581881,1.0209486448499177,1.0209486448499177
164,0.5,2,0,0.6543013097354283,3,0.11386805115826894,0.06574174998832465,1.0,0.4,0.7501299141120171,0.8722506560879817,0.8722506560879817
164,0.5,2,1,0.8948970912581471,2,0.15566589817757298,0.11007241220085648,5.0,0.9,0.9065511164581881,0.9871446573850439,0.9871446573850439
164,0.5,3,0,0.8035091306093983,3,0.13868675782004508,0.08007083696043947,1.0,0.4,0.7501299141120171,1.0711599624187365,1.0711599624187365
164,0.5,3,1,1.0065430482374165,2,0.0007433247153680307,0.0005256099468602948,5.0,0.9,0.9065511164581881,1.1102992759745172,1.1102992759745172
164,0.9,1,0,0.7643869399789847,2,0.17114715312319412,0.12101931255418295,1.0,0.4,0.7501299141120171,1.0190060756127084,1.0190060756127084
164,0.9,1,1,0.8841897881102986,3,0.0016223693147184757,0.0009366753605777007,5.0,0.9,0.9065511164581881,0.9753336265965309,0.9753336265965309
164,0.9,2,0,0.79260112929596,5,0.15756551060724797,0.07046543852545412,1.0,0.4,0.7501299141120171,1.0566184795259355,1.0566184795259355
164,0.9,3,0,0.791749300590906,5,0.15782637767156982,0.07058210182323701,1.0,0.4,0.7501299141120171,1.055482904622137,1.055482904622137
165,0.1,1,1,1.019635926432723,5,0.03667301500409987,0.016400670897807407,5.0,0.9,1.0028489557043683,1.016739281257529,1.016739281257529
165,0.1,2,1,0.9661059233442701,5,0.08413774917989034,0.03762754532801239,5.0,0.9,1.0028489557043683,0.9633613495321526,0.9633613495321526
165,0.1,3,1,1.0031941942272442,5,0.0007366458030083265,0.0003294380181733074,5.0,0.9,1.0028489557043683,1.0003442577478017,1.0003442577478017
165,0.5,1,1,1.0204491399591322,5,0.037703715957507905,0.01686161437706625,5.0,0.9,1.0028489557043683,1.0175501845563595,1.0175501845563595
165,0.5,2,0,0.9407527779422736,3,0.10773536430627313,0.062201041583469195,1.0,0.4,0.9958193054755757,0.9447022896317482,0.9447022896317482
165,0.5,2,1,1.0041556188931118,2,0.0004005897023899794,0.0002832596950334554,5.0,0.9,1.0028489557043683,1.0013029511386644,1.0013029511386644
165,0.5,3,0,1.0033067973055727,1,,,1.0,0.4,0.9958193054755757,1.007518926163438,1.007518926163438
165,0.5,3,1,1.0030950897685238,4,0.000535004811063046,0.000267502405531523,5.0,0.9,1.0028489557043683,1.000245434831193,1.000245434831193
165,0.9,1,0,1.0457490988615004,4,0.047717629795798466,0.023858814897899233,1.0,0.4,0.9958193054755757,1.0501394109467275,1.0501394109467275
165,0.9,1,1,1.0033067973055727,1,,,5.0,0.9,1.0028489557043683,1.0004565409362998,1.0004565409362998
165,0.9,2,0,0.9776802575081724,5,0.0603600053149494,0.02699381500129509,1.0,0.4,0.9958193054755757,0.9817847998450476,0.9817847998450476
165,0.9,3,0,1.0116075957603599,5,0.018557793421174203,0.00829929752042878,1.0,0.4,0.9958193054755757,1.015854573413039,1.015854573413039
166,0.1,1,0,0.8987602490094029,1,,,1.0,0.4,1.0117400121896045,0.888331229546125,0.888331229546125
166,0.1,1,1,0.9970660340708064,4,0.10765790411177473,0.053828952055887364,5.0,0.9,1.0323943199207717,0.9657802400029899,0.9657802400029899
166,0.1,2,0,0.8843978792103394,3,0.029606574251572676,0.017093363613928127,1.0,0.4,1.0117400121896045,0.8741355175786004,0.8741355175786004
166,0.1,2,1,1.1036105983162443,2,0.01601802642067718,0.011326455103286113,5.0,0.9,1.0323943199207717,1.068981664293676,1.068981664293676
166,0.1,3,0,0.9537550195832479,4,0.132738572240227,0.0663692861201135,1.0,0.4,1.0117400121896045,0.9426878527015398,0.9426878527015398
166,0.5,1,0,1.0302358081916312,1,,,1.0,0.4,1.0117400121896045,1.0182811747871847,1.0182811747871847
166,0.5,1,1,1.0349778061828614,3,0.13380672171073774,0.07725334679907578,5.0,0.9,1.0323943199207717,1.002502422003143,1.002502422003143
166,0.5,2,0,1.0660721694687214,4,0.1187092310414616,0.0593546155207308,1.0,0.4,1.0117400121896045,1.0537016986819878,1.0537016986819878
166,0.5,2,1,0.9102222222222223,1,,,5.0,0.9,1.0323943199207717,0.8816614007447027,0.8816614007447027
166,0.5,3,0,1.1063428697603048,5,0.0209646754808915,0.009375687900299296,1.0,0.4,1.0117400121896045,1.0935051064808252,1.0935051064808252
166,0.9,1,0,1.0630477606716975,3,0.022026929244172374,0.01271725352854376,1.0,0.4,1.0117400121896045,1.0507123844702484,1.0507123844702484
166,0.9,1,1,1.1160949388117243,1,,,5.0,0.9,1.0323943199207717,1.0810742729554885,1.0810742729554885
166,0.9,2,0,1.084493769770805,5,0.10370706576941488,0.04637920976149064,1.0,0.4,1.0117400121896045,1.0719095387200779,1.0719095387200779
166,0.9,3,0,1.018554584040289,4,0.11509741595519203,0.057548707977596016,1.0,0.4,1.0117400121896045,1.0067354970334093,1.0067354970334093
167,0.1,1,1,0.48256357965005925,5,0.0717864008043388,0.032103854411709425,5.0,0.9,0.47984790533531513,1.0056594480970933,1.0056594480970933
167,0.1,2,0,0.8920443408759282,1,,,1.0,0.4,0.5609452522329504,1.590252056372657,1.590252056372657
167,0.1,2,1,0.42604475347970644,4,0.07551236880361806,0.03775618440180903,5.0,0.9,0.47984790533531513,0.8878745718020561,0.8878745718020561
167,0.1,3,0,0.5192434460727143,1,,,1.0,0.4,0.5609452522329504,0.9256579746521892,0.9256579746521892
167,0.1,3,1,0.5309353828761798,4,0.02415380092509051,0.012076900462545255,5.0,0.9,0.47984790533531513,1.106465980100851,1.106465980100851
167,0.5,1,0,0.48350040394416605,5,0.05709742080870091,0.025534742853633247,1.0,0.4,0.5609452522329504,0.8619386687372782,0.8619386687372782
167,0.5,2,0,0.5978592321541489,5,0.1905266371213502,0.08520610242555478,1.0,0.4,0.5609452522329504,1.065806742769023,1.065806742769023
167,0.5,3,0,0.589951176949519,5,0.18617286249140072,0.08325903521929857,1.0,0.4,0.5609452522329504,1.051709011888602,1.051709011888602
167,0.9,1,0,0.49540290827042927,5,0.13285278251678667,0.05941357054150612,1.0,0.4,0.5609452522329504,0.883157324709288,0.883157324709288
167,0.9,2,0,0.48527608047208204,5,0.07717200471801956,0.034512369701885245,1.0,0.4,0.5609452522329504,0.8651041764599081,0.8651041764599081
167,0.9,3,0,0.4242844291246156,5,0.08621344646491565,0.03855582537401806,1.0,0.4,0.5609452522329504,0.7563740444110542,0.7563740444110542
168,0.1,1,1,0.8880923831357175,5,0.07750118442954301,0.03465958334424129,5.0,0.9,0.9029642694400858,0.9835299282511033,0.9835299282511033
168,0.1,2,1,0.9295730068121657,5,0.13742746286050525,0.061459429786283486,5.0,0.9,0.9029642694400858,1.02946820629855,1.02946820629855
168,0.1,3,0,0.8504763622018412,2,0.16706438675818097,0.11813236077148181,1.0,0.4,0.9247556845629301,0.9196768145348619,0.9196768145348619
168,0.1,3,1,0.9169322183107068,3,0.07963874726621506,0.04597945217207384,5.0,0.9,0.9029642694400858,1.0154689940049149,1.0154689940049149
168,0.5,1,1,0.9442799981476453,5,0.07323218538355086,0.032750428931697245,5.0,0.9,0.9029642694400858,1.0457556628826286,1.0457556628826286
168,0.5,2,0,0.9269427672897402,4,0.06172445542897657,0.030862227714488284,1.0,0.4,0.9247556845629301,1.0023650384240068,1.0023650384240068
168,0.5,2,1,0.8574419091480008,1,,,5.0,0.9,0.9029642694400858,0.9495856460407756,0.9495856460407756
168,0.5,3,0,0.965304653276748,5,0.15943766997282557,0.071302693646683,1.0,0.4,0.9247556845629301,1.0438483043583373,1.0438483043583373
168,0.9,1,1,0.8814661010862792,5,0.09058337944482178,0.04051011881405573,5.0,0.9,0.9029642694400858,0.9761915625220284,0.9761915625220284
168,0.9,2,0,0.9685513613256607,5,0.14074404605199564,0.06294265088012463,1.0,0.4,0.9247556845629301,1.0473591863167944,1.0473591863167944
168,0.9,3,0,0.9125032787206608,5,0.08789225876373358,0.03930661305834198,1.0,0.4,0.9247556845629301,0.9867506563659999,0.9867506563659999
169,0.1,1,1,0.8341682408809689,5,0.028705025059513483,0.012837277465781418,5.0,0.9,0.907878195371883,0.9188107448040195,0.9188107448040195
169,0.1,2,0,0.8721109727145945,1,,,1.0,0.4,0.9063420328655546,0.9622316312057901,0.9622316312057901
169,0.1,2,1,0.882193926168038,4,0.08391227508280732,0.04195613754140366,5.0,0.9,0.907878195371883,0.971709564857074,0.971709564857074
169,0.1,3,0,0.9350819728051007,3,0.057826158527626605,0.033385948192127195,1.0,0.4,0.9063420328655546,1.0317098169315617,1.0317098169315617
169,0.1,3,1,0.9760277502039496,2,0.09614507001865455,0.06798483098784605,5.0,0.9,0.907878195371883,1.075064645433137,1.075064645433137
169,0.5,1,1,0.8323870753185385,5,0.02332895970883051,0.010433027950659745,5.0,0.9,0.907878195371883,0.9168488455409792,0.9168488455409792
169,0.5,2,1,0.8995909486794333,5,0.033068032335875665,0.014788473637035828,5.0,0.9,0.907878195371883,0.9908718518247318,0.9908718518247318
169,0.5,3,0,0.8983554155540455,3,0.09068952785939755,0.05235962332230324,1.0,0.4,0.9063420328655546,0.9911880757794516,0.9911880757794516
169,0.5,3,1,1.0316707944342203,2,0.03788490994063349,0.02678867672366358,5.0,0.9,0.907878195371883,1.1363537528419543,1.1363537528419543
169,0.9,1,0,0.9140516307832769,2,0.16448839224424866,0.11631085758238092,1.0,0.4,0.9063420328655546,1.0085062786874697,1.0085062786874697
169,0.9,1,1,0.9011173234504573,2,0.21386452473210538,0.1512250556933098,5.0,0.9,0.907878195371883,0.9925531068419852,0.9925531068419852
169,0.9,2,0,0.8859372346380466,4,0.055297051275864,0.027648525637932,1.0,0.4,0.9063420328655546,0.9774866468865019,0.9774866468865019
169,0.9,2,1,0.9740205695261875,1,,,5.0,0.9,0.907878195371883,1.07285379744935,1.07285379744935
169,0.9,3,0,0.9325149706982634,3,0.028762397165511766,0.01660597774604715,1.0,0.4,0.9063420328655546,1.0288775505092251,1.0288775505092251
169,0.9,3,1,0.8397271296851536,1,,,5.0,0.9,0.907878195371883,0.9249336904067693,0.9249336904067693
170,0.1,1,0,0.8701821531400684,3,0.22333289048253063,0.12894130443898627,1.0,0.4,0.8640303170780702,1.0071199307945606,1.0071199307945606
170,0.1,1,1,0.7964049374473527,2,0.11716482316879728,0.08284804097917926,5.0,0.9,0.9124812380101417,0.8727904797079249,0.8727904797079249
170,0.1,2,0,0.8170209874027689,2,0.1047603880238684,0.07407678077141132,1.0,0.4,0.8640303170780702,0.9455929627165458,0.9455929627165458
170,0.1,2,1,0.9287793726259235,3,0.117019078296481,0.0675609963547952,5.0,0.9,0.9124812380101417,1.0178613366904106,1.0178613366904106
170,0.1,3,0,0.8737317650698492,3,0.20547871249613794,0.11863318997238297,1.0,0.4,0.8640303170780702,1.0112281337819102,1.0112281337819102
170,0.1,3,1,0.8692287153809709,2,0.003984223449797473,0.002817271419114253,5.0,0.9,0.9124812380101417,0.9525990005849413,0.9525990005849413
170,0.5,1,0,0.9752075890981137,2,0.20461272672171646,0.1446830465819956,1.0,0.4,0.8640303170780702,1.128672883141435,1.128672883141435
170,0.5,1,1,0.9487352084093835,3,0.12975136871149648,0.07491198765330488,5.0,0.9,0.9124812380101417,1.0397311954361947,1.0397311954361947
170,0.5,2,0,0.824399705064741,4,0.06140888536901128,0.03070444268450564,1.0,0.4,0.8640303170780702,0.9541328455379323,0.9541328455379323
170,0.5,2,1,0.8895551875417647,1,,,5.0,0.9,0.9124812380101417,0.9748750445342064,0.9748750445342064
170,0.5,3,0,0.7662723656100693,4,0.46992089400384784,0.23496044700192392,1.0,0.4,0.8640303170780702,0.8868581928946737,0.8868581928946737
170,0.5,3,1,1.0299091034812236,1,,,5.0,0.9,0.9124812380101417,1.1286907177698888,1.1286907177698888
170,0.9,1,0,0.774655299949643,3,0.10480229177090275,0.06050763136562041,1.0,0.4,0.8640303170780702,0.8965603227550271,0.8965603227550271
170,0.9,1,1,0.9736830710420333,2,0.2042933780848175,0.14445723299528168,5.0,0.9,0.9124812380101417,1.0670718810233897,1.0670718810233897
170,0.9,2,0,0.8572580585649587,4,0.22171435111151358,0.11085717555575679,1.0,0.4,0.8640303170780702,0.9921620128608293,0.9921620128608293
170,0.9,2,1,0.8635543081524818,1,,,5.0,0.9,0.9124812380101417,0.9463803442530442,0.9463803442530442
170,0.9,3,0,1.0175449298024197,5,0.12891818272136865,0.057653964020143826,1.0,0.4,0.8640303170780702,1.1776727155170859,1.1776727155170859
171,0.1,1,1,0.9699210944595528,5,0.04208523330294308,0.018821088502863743,5.0,0.9,0.9826727141100002,0.987023533402984,0.987023533402984
171,0.1,2,1,0.9573240809358877,5,0.03222634152667095,0.014412058063952118,5.0,0.9,0.9826727141100002,0.9742043990739373,0.9742043990739373
171,0.1,3,1,0.9752799821244913,5,0.0240373660036032,0.010749836876819841,5.0,0.9,0.9826727141100002,0.9924769133411784,0.9924769133411784
171,0.5,1,0,1.0326326786192834,1,,,1.0,0.4,0.9946905349079058,1.0381446715132265,1.0381446715132265
171,0.5,1,1,1.0112245955843087,4,0.01474137324133865,0.007370686620669325,5.0,0.9,0.9826727141100002,1.029055331510011,1.029055331510011
171,0.5,2,0,0.9691807157645668,1,,,1.0,0.4,0.9946905349079058,0.9743540143913193,0.9743540143913193
171,0.5,2,1,0.9875481254380608,4,0.013963119048073281,0.0069815595240366405,5.0,0.9,0.9826727141100002,1.0049613785526508,1.0049613785526508
171,0.5,3,0,0.9159645300106339,3,0.09180385087505051,0.053002978015354675,1.0,0.4,0.9946905349079058,0.9208537709624826,0.9208537709624826
171,0.5,3,1,0.9683245571291594,2,0.002428045605445066,0.0017168875126404024,5.0,0.9,0.9826727141100002,0.9853988446256637,0.9853988446256637
171,0.9,1,1,1.0053895033269498,5,0.026050287885871437,0.011650042909249562,5.0,0.9,0.9826727141100002,1.0231173501520534,1.0231173501520534
171,0.9,2,0,1.0244404222637709,4,0.04897754062313958,0.02448877031156979,1.0,0.4,0.9946905349079058,1.0299086864826954,1.0299086864826954
171,0.9,2,1,1.0002442002442002,1,,,5.0,0.9,0.9826727141100002,1.017881320893411,1.017881320893411
171,0.9,3,0,1.031234327881274,3,0.03322267539758518,0.019181120583995362,1.0,0.4,0.9946905349079058,1.0367388566502762,1.0367388566502762
171,0.9,3,1,0.9687982877473913,2,0.041885205013398055,0.02961731249636254,5.0,0.9,0.9826727141100002,0.9858809284481101,0.9858809284481101
172,0.1,1,1,0.8383725680741829,5,0.03432842296630723,0.015352137462605588,5.0,0.9,0.8795018443361909,0.9532357134588495,0.9532357134588495
172,0.1,2,1,0.8575031955562515,5,0.027396359336555744,0.012252024362509936,5.0,0.9,0.8795018443361909,0.974987376181635,0.974987376181635
172,0.1,3,1,0.8424789276596008,5,0.029897763871651533,0.013370686478450024,5.0,0.9,0.8795018443361909,0.9579046742027774,0.9579046742027774
172,0.5,1,0,0.854357395052129,3,0.038192084597478866,0.022050210323267386,1.0,0.4,0.84643116721664,1.0093642910876655,1.0093642910876655
172,0.5,1,1,0.9796526860547285,2,0.0007206232657707218,0.0005095575979072731,5.0,0.9,0.8795018443361909,1.1138722361567384,1.1138722361567384
172,0.5,2,0,0.8615825040202891,5,0.051494087217858614,0.023028855891686975,1.0,0.4,0.84643116721664,1.0179002586276118,1.0179002586276118
172,0.5,3,0,0.8274741119524748,5,0.029478026154773598,0.013182974064918099,1.0,0.4,0.84643116721664,0.9776035476972066,0.9776035476972066
172,0.9,1,0,0.8480557094050092,5,0.034957250182840974,0.015633357543059872,1.0,0.4,0.84643116721664,1.001919284463155,1.001919284463155
172,0.9,2,0,0.8596389650609554,5,0.05043826418451173,0.022556677476732245,1.0,0.4,0.84643116721664,1.0156041014979957,1.0156041014979957
172,0.9,3,0,0.8274783178089826,5,0.019816162683404668,0.008862057362657496,1.0,0.4,0.84643116721664,0.9776085166263655,0.9776085166263655
173,0.1,1,1,1.0839597512079162,5,0.08634989751961161,0.03861684814079841,5.0,0.9,1.0648315804129078,1.0179635645174903,1.0179635645174903
173,0.1,2,1,1.0107134420673223,5,0.10952184135964187,0.04897965646022144,5.0,0.9,1.0648315804129078,0.9491768094212606,0.9491768094212606
173,0.1,3,1,1.0037354072567362,5,0.010778125699600218,0.004820124346868713,5.0,0.9,1.0648315804129078,0.942623627736059,0.942623627736059
173,0.5,1,0,1.1730339652901083,1,,,1.0,0.4,1.099010689907027,1.0673544634851033,1.0673544634851033
173,0.5,1,1,1.1549709030510442,4,0.04973088441629822,0.02486544220814911,5.0,0.9,1.0648315804129078,1.0846512484191944,1.0846512484191944
173,0.5,2,0,1.0907109136470952,3,0.09987374829668463,0.0576621354640678,1.0,0.4,1.099010689907027,0.9924479567522368,0.9924479567522368
173,0.5,2,1,1.1063670203716183,2,0.10943125696102886,0.07737958387091108,5.0,0.9,1.0648315804129078,1.0390065816254288,1.0390065816254288
173,0.5,3,0,1.1100476147313847,5,0.10475614037831392,0.04684837018928409,1.0,0.4,1.099010689907027,1.0100426000636002,1.0100426000636002
173,0.9,1,0,1.0530083854339347,4,0.0860776909066285,0.04303884545331425,1.0,0.4,1.099010689907027,0.9581420773286708,0.9581420773286708
173,0.9,1,1,1.0292429585228096,1,,,5.0,0.9,1.0648315804129078,0.9665781682805669,0.9665781682805669
173,0.9,2,0,1.1496111382851752,5,0.08233910567662708,0.03682316749989539,1.0,0.4,1.099010689907027,1.046041816374351,1.046041816374351
173,0.9,3,0,1.0176521220544636,5,0.11961882552525722,0.053495165052632423,1.0,0.4,1.099010689907027,0.925971085996037,0.925971085996037
174,0.1,1,0,1.072974583652593,1,,,1.0,0.4,1.0491212536939145,1.0227364852963294,1.0227364852963294
174,0.1,1,1,0.9349142395849247,4,0.10461187124428951,0.05230593562214476,5.0,0.9,0.9622241230994775,0.9716179600376436,0.9716179600376436
174,0.1,2,1,0.9524844542031715,5,0.08442769486233877,0.03775721297915984,5.0,0.9,0.9622241230994775,0.9898779622517331,0.9898779622517331
174,0.1,3,1,0.9145543156689044,5,0.04153712609545928,0.018575967507885472,5.0,0.9,0.9622241230994775,0.9504587275602476,0.9504587275602476
174,0.5,1,1,0.9621570812080712,5,0.04791505887398464,0.021428265757626835,5.0,0.9,0.9622241230994775,0.9999303261165493,0.9999303261165493
174,0.5,2,0,1.0344892662541132,2,0.0816477978001632,0.05773371149344347,1.0,0.4,1.0491212536939145,0.9860531016903121,0.9860531016903121
174,0.5,2,1,1.0393633198749868,3,0.0650732027306376,0.03757003111356471,5.0,0.9,0.9622241230994775,1.0801675980924605,1.0801675980924605
174,0.5,3,0,1.0054212444539088,4,0.10199213815073994,0.05099606907536997,1.0,0.4,1.0491212536939145,0.9583460833663032,0.9583460833663032
174,0.5,3,1,0.8666031947529884,1,,,5.0,0.9,0.9622241230994775,0.9006250975724047,0.9006250975724047
174,0.9,1,0,1.0583999340472596,4,0.058900159282674856,0.029450079641337428,1.0,0.4,1.0491212536939145,1.0088442401873714,1.0088442401873714
174,0.9,1,1,1.0654922564032951,1,,,5.0,0.9,0.9622241230994775,1.107322328368961,1.107322328368961
174,0.9,2,0,1.049770937722855,5,0.07252878295531082,0.032435857802680615,1.0,0.4,1.0491212536939145,1.0006192649578425,1.0006192649578425
174,0.9,3,0,1.0736715560327568,5,0.06499694744678022,0.029067518564196395,1.0,0.4,1.0491212536939145,1.0234008245018407,1.0234008245018407
175,0.1,1,0,0.6316351299740004,2,0.0023141631276696723,0.0016363604403470953,1.0,0.4,0.7118792803412954,0.8872784296674239,0.8872784296674239
175,0.1,1,1,0.6817677139493364,3,0.00786040303683342,0.0045382058092547275,5.0,0.9,0.7536754660550334,0.9045905627231253,0.9045905627231253
175,0.1,2,0,0.6843776106934001,2,0.13198037711278637,0.09332421964000906,1.0,0.4,0.7118792803412954,0.9613675093413167,0.9613675093413167
175,0.1,2,1,0.6839738851634448,3,0.09169231667311346,0.05293858371384247,5.0,0.9,0.7536754660550334,0.9075177791623922,0.9075177791623922
175,0.1,3,0,0.6367012018482269,3,0.040699296667121986,0.02349774988659132,1.0,0.4,0.7118792803412954,0.894394905752804,0.894394905752804
175,0.1,3,1,0.8113524507126058,2,0.18965137519809697,0.13410377346392857,5.0,0.9,0.7536754660550334,1.0765276133499093,1.0765276133499093
175,0.5,1,0,0.7304746876174573,4,0.07259855324771816,0.03629927662385908,1.0,0.4,0.7118792803412954,1.0261215739658087,1.0261215739658087
175,0.5,1,1,0.8086563879978327,1,,,5.0,0.9,0.7536754660550334,1.0729503936629199,1.0729503936629199
175,0.5,2,0,0.6911598536795172,4,0.08165647398512284,0.04082823699256142,1.0,0.4,0.7118792803412954,0.9708947468567356,0.9708947468567356
175,0.5,2,1,0.9422590292155509,1,,,5.0,0.9,0.7536754660550334,1.250218524622569,1.250218524622569
175,0.5,3,0,0.7793864374693229,4,0.1125203048877201,0.05626015244386005,1.0,0.4,0.7118792803412954,1.0948295012823839,1.0948295012823839
175,0.5,3,1,0.6723461532148192,1,,,5.0,0.9,0.7536754660550334,0.8920897435259282,0.8920897435259282
175,0.9,1,0,0.8181117641880904,4,0.22693841680284363,0.11346920840142181,1.0,0.4,0.7118792803412954,1.1492282284095472,1.1492282284095472
175,0.9,1,1,0.6753726421316448,1,,,5.0,0.9,0.7536754660550334,0.896105382953157,0.896105382953157
175,0.9,2,0,0.7000649927076794,5,0.045942118396895895,0.020545939953160577,1.0,0.4,0.7118792803412954,0.9834040855523258,0.9834040855523258
175,0.9,3,0,0.7350018448939648,5,0.06587146100662908,0.02945861291760987,1.0,0.4,0.7118792803412954,1.0324810191716547,1.0324810191716547
176,0.1,1,1,0.7487858876765535,5,0.0244495841081585,0.010934186417488195,5.0,0.9,0.7612755176339755,0.983593811086636,0.983593811086636
176,0.1,2,0,0.7663168368757101,2,0.004417238331705795,0.0031234591784663197,1.0,0.4,0.7659165663781214,1.0005226032640624,1.0005226032640624
176,0.1,2,1,0.7794501783087773,3,0.04193649722958837,0.024212047964372842,5.0,0.9,0.7612755176339755,1.023873959235269,1.023873959235269
176,0.1,3,0,0.7392980479794518,1,,,1.0,0.4,0.7659165663781214,0.9652461905550055,0.9652461905550055
176,0.1,3,1,0.7412737744351103,4,0.01998598621613409,0.009992993108067045,5.0,0.9,0.7612755176339755,0.973726012809357,0.973726012809357
176,0.5,1,1,0.7635555782041804,5,0.02928443895878338,0.01309639923895656,5.0,0.9,0.7612755176339755,1.0029950530621177,1.0029950530621177
176,0.5,2,0,0.7769425594192498,2,0.023845977465071576,0.01686165236957371,1.0,0.4,0.7659165663781214,1.0143958147990821,1.0143958147990821
176,0.5,2,1,0.7531033565268143,2,0.038125477326245605,0.026958783553362228,5.0,0.9,0.7612755176339755,0.9892651728344554,0.9892651728344554
176,0.5,3,0,0.7847937950865099,3,0.022576049157966235,0.01303428805859003,1.0,0.4,0.7659165663781214,1.0246465862432712,1.0246465862432712
176,0.5,3,1,0.7578188941831101,2,0.015730381897546747,0.011123059710409415,5.0,0.9,0.7612755176339755,0.995459431742126,0.995459431742126
176,0.9,1,0,0.7973979014526156,2,0.05139610122336802,0.03634253170159373,1.0,0.4,0.7659165663781214,1.041102825629381,1.041102825629381
176,0.9,1,1,0.7658831267677678,3,0.0191197741471974,0.011038806750729267,5.0,0.9,0.7612755176339755,1.006052485633733,1.006052485633733
176,0.9,2,0,0.7210202598252555,2,0.07201383012487386,0.05092146762051438,1.0,0.4,0.7659165663781214,0.9413822490285433,0.9413822490285433
176,0.9,2,1,0.8100953833603389,3,0.01692084305728355,0.009769253294038069,5.0,0.9,0.7612755176339755,1.0641290368539558,1.0641290368539558
176,0.9,3,0,0.7756465640080573,4,0.017258274489273567,0.008629137244636783,1.0,0.4,0.7659165663781214,1.0127037304806543,1.0127037304806543
176,0.9,3,1,0.7315134792431265,1,,,5.0,0.9,0.7612755176339755,0.9609050367423496,0.9609050367423496
177,0.1,1,1,1.0614829884921715,5,0.05329003114164403,0.023832026431159354,5.0,0.9,1.0379595204846297,1.0226631843952436,1.0226631843952436
177,0.1,2,1,1.0231167000081964,5,0.05822804298140511,0.026040372460640268,5.0,0.9,1.0379595204846297,0.9857000006421223,0.9857000006421223
177,0.1,3,0,1.0680883365889575,2,0.1342591688221358,0.09493556871060171,1.0,0.4,1.0199366936714482,1.0472104231726174,1.0472104231726174
177,0.1,3,1,1.043124905609747,3,0.06608803983408962,0.03815594758842635,5.0,0.9,1.0379595204846297,1.0049764803185248,1.0049764803185248
177,0.5,1,0,1.0862354264507068,1,,,1.0,0.4,1.0199366936714482,1.0650027920268308,1.0650027920268308
177,0.5,1,1,1.0858703487020163,4,0.004751888027577038,0.002375944013788519,5.0,0.9,1.0379595204846297,1.046158667338989,1.046158667338989
177,0.5,2,1,1.0262818810734022,5,0.06149525815552722,0.02750151550593144,5.0,0.9,1.0379595204846297,0.9887494269470402,0.9887494269470402
177,0.5,3,0,0.9116539531667982,3,0.1159920826435374,0.06696806013811164,1.0,0.4,1.0199366936714482,0.8938338612812659,0.8938338612812659
177,0.5,3,1,0.9380779200014334,2,0.030689680194571863,0.021700880978028247,5.0,0.9,1.0379595204846297,0.9037711986720244,0.9037711986720244
177,0.9,1,1,1.094536606320803,5,0.09640226467136787,0.04311240339802099,5.0,0.9,1.0379595204846297,1.0545079887217155,1.0545079887217155
177,0.9,2,0,1.030152448599521,3,0.09806658462402693,0.05661876903118916,1.0,0.4,1.0199366936714482,1.010016067655434,1.010016067655434
177,0.9,2,1,1.031184813669267,2,0.08206970620976303,0.058032045790911146,5.0,0.9,1.0379595204846297,0.9934730529643395,0.9934730529643395
177,0.9,3,0,1.0035533035512585,5,0.12929646454570953,0.05782313679491959,1.0,0.4,1.0199366936714482,0.9839368558638529,0.9839368558638529
178,0.1,1,0,0.9524549063913658,1,,,1.0,0.4,0.9565390295101843,0.9957303121014206,0.9957303121014206
178,0.1,1,1,0.960117422331899,4,0.003227496955038708,0.001613748477519354,5.0,0.9,0.9447975668181081,1.0162149608041278,1.0162149608041278
178,0.1,2,0,0.9578010632362037,2,0.008401976480567085,0.005941094544778868,1.0,0.4,0.9565390295101843,1.0013193750459568,1.0013193750459568
178,0.1,2,1,0.9621050574792264,3,0.0008093321232505772,0.0004672681192225322,5.0,0.9,0.9447975668181081,1.0183187290790836,1.0183187290790836
178,0.1,3,0,0.9614636461700885,1,,,1.0,0.4,0.9565390295101843,1.0051483698082093,1.0051483698082093
178,0.1,3,1,0.9597259034521715,4,0.003381204997407492,0.001690602498703746,5.0,0.9,0.9447975668181081,1.0158005663417815,1.0158005663417815
178,0.5,1,0,0.9575435602248425,1,,,1.0,0.4,0.9565390295101843,1.0010501722184537,1.0010501722184537
178,0.5,1,1,0.9419740076316017,4,0.024432007029961556,0.012216003514980778,5.0,0.9,0.9447975668181081,0.9970114664922184,0.9970114664922184
178,0.5,2,0,0.9606327625274484,1,,,1.0,0.4,0.9565390295101843,1.0042797344289867,1.0042797344289867
178,0.5,2,1,0.9599072157745041,4,0.004356705094312414,0.002178352547156207,5.0,0.9,0.9447975668181081,1.0159924723422842,1.0159924723422842
178,0.5,3,0,0.9556447632987325,3,0.008362002342573997,0.004827804303449379,1.0,0.4,0.9565390295101843,0.9990651022238897,0.9990651022238897
178,0.5,3,1,0.9604146491168246,2,0.0002469062756376368,0.00017458910182088783,5.0,0.9,0.9447975668181081,1.0165295538930226,1.0165295538930226
178,0.9,1,1,0.9513432346972219,5,0.009375142749771515,0.004192691297450681,5.0,0.9,0.9447975668181081,1.006928116782898,1.006928116782898
178,0.9,2,0,0.9480907399544101,1,,,1.0,0.4,0.9565390295101843,0.9911678569351212,0.9911678569351212
178,0.9,2,1,0.8462994550589431,4,0.23441984190594672,0.11720992095297336,5.0,0.9,0.9447975668181081,0.8957468613187826,0.8957468613187826
178,0.9,3,0,0.9586807942783833,3,0.0034576306215005157,0.001996263970081616,1.0,0.4,0.9565390295101843,1.0022390772379624,1.0022390772379624
178,0.9,3,1,0.9612911558205804,2,0.002472664587033035,0.001748437897090893,5.0,0.9,0.9447975668181081,1.017457272945801,1.017457272945801
179,0.1,1,0,0.9899701499512235,1,,,1.0,0.4,0.8153740334525603,1.214130091633365,1.214130091633365
179,0.1,1,1,0.81609390722138,4,0.11270325612836095,0.056351628064180474,5.0,0.9,0.8275813948610511,0.9861192050582531,0.9861192050582531
179,0.1,2,0,0.85067497403946,1,,,1.0,0.4,0.8153740334525603,1.0432941682450003,1.0432941682450003
179,0.1,2,1,0.8568294341056575,4,0.1195312968610119,0.05976564843050595,5.0,0.9,0.8275813948610511,1.0353415862490687,1.0353415862490687
179,0.1,3,0,0.8178720033382691,4,0.09107374361524127,0.04553687180762064,1.0,0.4,0.8153740334525603,1.0030635877317942,1.0030635877317942
179,0.1,3,1,0.9875918519207516,1,,,5.0,0.9,0.8275813948610511,1.1933470931721053,1.1933470931721053
179,0.5,1,0,0.7576857292797854,1,,,1.0,0.4,0.8153740334525603,0.929249274803977,0.929249274803977
179,0.5,1,1,0.8066876480091608,3,0.07520891292917219,0.04342188612511669,5.0,0.9,0.8275813948610511,0.9747532424222777,0.9747532424222777
179,0.5,2,0,0.8253215741986022,2,0.08848100983006892,0.0625655220570753,1.0,0.4,0.8153740334525603,1.0121999724518094,1.0121999724518094
179,0.5,2,1,0.9780402743146249,3,0.007151883139520566,0.004129141655814944,5.0,0.9,0.8275813948610511,1.1818055364558255,1.1818055364558255
179,0.5,3,0,0.8204802406786678,4,0.12061316070159916,0.06030658035079958,1.0,0.4,0.8153740334525603,1.0062624108894982,1.0062624108894982
179,0.9,1,0,0.6863405995042561,2,0.10282413156999033,0.07270764070275793,1.0,0.4,0.8153740334525603,0.8417493951801059,0.8417493951801059
179,0.9,1,1,0.6735866124842502,3,0.21098034366710927,0.1218095582099253,5.0,0.9,0.8275813948610511,0.8139218893355423,0.8139218893355423
179,0.9,2,0,0.7320912174698854,4,0.20910587167823122,0.10455293583911561,1.0,0.4,0.8153740334525603,0.8978593718148856,0.8978593718148856
179,0.9,2,1,0.6395056413588998,1,,,5.0,0.9,0.8275813948610511,0.7727404764413187,0.7727404764413187
179,0.9,3,0,0.8579298126128928,4,0.09049637618334419,0.045248188091672095,1.0,0.4,0.8153740334525603,1.0521917272495636,1.0521917272495636
179,0.9,3,1,0.8623157894736841,1,,,5.0,0.9,0.8275813948610511,1.0419709708656089,1.0419709708656089
180,0.1,1,1,0.8908239029169099,5,0.01345748185894917,0.006018368848516116,5.0,0.9,0.8955465821626678,0.9947264839821587,0.9947264839821587
180,0.1,2,1,0.8821741085803755,5,0.008625900329530234,0.0038576199007934876,5.0,0.9,0.8955465821626678,0.9850678079190488,0.9850678079190488
180,0.1,3,1,0.8894607784418044,5,0.022081018013069244,0.009874931457924034,5.0,0.9,0.8955465821626678,0.9932043694408763,0.9932043694408763
180,0.5,1,1,0.9141166091199139,5,0.07696679548004448,0.0344205973407406,5.0,0.9,0.8955465821626678,1.0207359698837788,1.0207359698837788
180,0.5,2,0,0.8805924988846496,2,0.009626730876211092,0.0068071266832267765,1.0,0.4,0.9465395682245775,0.930328248756019,0.930328248756019
180,0.5,2,1,0.8688696086188529,3,0.014810048972968306,0.008550585761254793,5.0,0.9,0.8955465821626678,0.9702115176640032,0.9702115176640032
180,0.5,3,0,0.9064003882930154,2,0.027133918204279052,0.019186577562406826,1.0,0.4,0.9465395682245775,0.9575937644034774,0.9575937644034774
180,0.5,3,1,0.866368199823435,3,0.0017703865537621961,0.0010221331533842978,5.0,0.9,0.8955465821626678,0.9674183533046717,0.9674183533046717
180,0.9,1,0,0.8756770310218613,2,0.018561800103689907,0.013125174724348293,1.0,0.4,0.9465395682245775,0.9251351559072878,0.9251351559072878
180,0.9,1,1,0.9570128676373835,3,0.11744546531317347,0.06780717101366156,5.0,0.9,0.8955465821626678,1.068635497805463,1.068635497805463
180,0.9,2,0,1.1385836875584951,5,0.13862602253010062,0.06199544196554447,1.0,0.4,0.9465395682245775,1.2028907462306455,1.2028907462306455
180,0.9,3,0,0.9314442353648662,5,0.109025423881776,0.04875765181507602,1.0,0.4,0.9465395682245775,0.9840520847025702,0.9840520847025702
181,0.1,1,1,1.01752921597841,5,0.11357928228253414,0.05079419920387676,5.0,0.9,0.9996264504703999,1.017909455576716,1.017909455576716
181,0.1,2,0,0.8662183310070635,1,,,1.0,0.4,1.0000122117562387,0.8662077530891307,0.8662077530891307
181,0.1,2,1,0.9785071623602111,4,0.1175206915627536,0.0587603457813768,5.0,0.9,0.9996264504703999,0.9788728198416012,0.9788728198416012
181,0.1,3,0,1.003088734537195,1,,,1.0,0.4,1.0000122117562387,1.003076485211669,1.003076485211669
181,0.1,3,1,0.9793640874793754,4,0.020356388430524106,0.010178194215262053,5.0,0.9,0.9996264504703999,0.9797300651843601,0.9797300651843601
181,0.5,1,0,0.9488535675413232,1,,,1.0,0.4,1.0000122117562387,0.9488419805143482,0.9488419805143482
181,0.5,1,1,1.046888791365515,4,0.07133030300129646,0.03566515150064823,5.0,0.9,0.9996264504703999,1.0472800023177404,1.0472800023177404
181,0.5,2,0,0.991239533420454,1,,,1.0,0.4,1.0000122117562387,0.9912274287927165,0.9912274287927165
181,0.5,2,1,1.0064635269522813,4,0.14340667962087794,0.07170333981043897,5.0,0.9,0.9996264504703999,1.0068396314229822,1.0068396314229822
181,0.5,3,0,1.0072349593481902,5,0.02933205115751413,0.013117692061540598,1.0,0.4,1.0000122117562387,1.0072226593905957,1.0072226593905957
181,0.9,1,0,1.0504126141373507,3,0.08711951683398957,0.050298476495774014,1.0,0.4,1.0000122117562387,1.0503997869111998,1.0503997869111998
181,0.9,1,1,1.0814836958289353,2,0.10311709896734754,0.07291479993609577,5.0,0.9,0.9996264504703999,1.0818878345206007,1.0818878345206007
181,0.9,2,0,1.0337406598731593,3,0.0973617910561164,0.05621185627503291,1.0,0.4,1.0000122117562387,1.0337280362383636,1.0337280362383636
181,0.9,2,1,0.8871486733280711,2,0.002317133688208907,0.0016384609438483133,5.0,0.9,0.9996264504703999,0.8874801911359994,0.8874801911359994
181,0.9,3,0,1.099309294185174,5,0.0761316052514179,0.03404708891567008,1.0,0.4,1.0000122117562387,1.0992958698519772,1.0992958698519772
182,0.1,1,1,1.0114285019442018,5,0.08933806649590487,0.03995319793264794,5.0,0.9,1.025947923965974,0.9858477982336132,0.9858477982336132
182,0.1,2,1,1.0447040476862814,5,0.06313879129734563,0.028236525871607392,5.0,0.9,1.025947923965974,1.0182817502547328,1.0182817502547328
182,0.1,3,0,0.7777891152659786,4,0.19718028582685287,0.09859014291342644,1.0,0.4,0.873924694675775,0.8899955797158672,0.8899955797158672
182,0.1,3,1,0.9997866319915725,1,,,5.0,0.9,1.025947923965974,0.9745003704737073,0.9745003704737073
182,0.5,1,0,0.992969696969697,1,,,1.0,0.4,0.873924694675775,1.136218833292138,1.136218833292138
182,0.5,1,1,1.0718293267079344,4,0.08028727374441624,0.04014363687220812,5.0,0.9,1.025947923965974,1.0447209859976112,1.0447209859976112
182,0.5,2,0,0.8386800922973844,5,0.0847448223597887,0.03789903670752633,1.0,0.4,0.873924694675775,0.9596708931637795,0.9596708931637795
182,0.5,3,0,0.8665317576040825,5,0.06210096472895532,0.02777239572045218,1.0,0.4,0.873924694675775,0.9915405330496636,0.9915405330496636
182,0.9,1,0,0.9979594944419065,1,,,1.0,0.4,0.873924694675775,1.1419284756704904,1.1419284756704904
182,0.9,1,1,1.00199111149988,4,0.005717580554836819,0.0028587902774184094,5.0,0.9,1.025947923965974,0.9766490950403363,0.9766490950403363
182,0.9,2,0,0.8205219564195971,5,0.15578080811592387,0.06966729530741134,1.0,0.4,0.873924694675775,0.9388932037491053,0.9388932037491053
182,0.9,3,0,0.8230207497317791,5,0.17615310998123535,0.07877806567320779,1.0,0.4,0.873924694675775,0.941752481358956,0.941752481358956
183,0.1,1,1,1.0566710733789204,5,0.029839533181136694,0.013344644921976437,5.0,0.9,1.0609551857610775,0.9959620232412701,0.9959620232412701
183,0.1,2,1,1.0168746356141587,5,0.07225232760076637,0.03231222320957958,5.0,0.9,1.0609551857610775,0.9584520149969411,0.9584520149969411
183,0.1,3,0,1.004729995302599,2,0.09232050343040496,0.06528045401819527,1.0,0.4,1.0387412244074528,0.9672572645566702,0.9672572645566702
183,0.1,3,1,1.070943164147608,3,0.0003231018938028693,0.00018654296536276446,5.0,0.9,1.0609551857610775,1.0094141378642356,1.0094141378642356
183,0.5,1,1,1.0709058555545354,5,0.0005005473015305378,0.0002238515584352734,5.0,0.9,1.0609551857610775,1.0093789727662434,1.0093789727662434
183,0.5,2,0,1.0266627839849596,3,0.0770189701139746,0.04446692312801098,1.0,0.4,1.0387412244074528,0.9883720409485208,0.9883720409485208
183,0.5,2,1,1.0694519887522551,2,0.0007897825100786455,0.000558460568539143,5.0,0.9,1.0609551857610775,1.0080086351480364,1.0080086351480364
183,0.5,3,0,1.0434987391141568,5,0.05913252641410217,0.026444869748646863,1.0,0.4,1.0387412244074528,1.0045800769189823,1.0045800769189823
183,0.9,1,0,1.0694519887522551,2,0.0007897825100786455,0.000558460568539143,1.0,0.4,1.0387412244074528,1.029565365870909,1.029565365870909
183,0.9,1,1,1.0711297071129706,3,0.0,0.0,5.0,0.9,1.0609551857610775,1.0095899633541963,1.0095899633541963
183,0.9,2,0,1.0703604728952447,4,0.0005294297716981844,0.0002647148858490922,1.0,0.4,1.0387412244074528,1.0304399668991948,1.0304399668991948
183,0.9,2,1,1.070709875767094,1,,,5.0,0.9,1.0609551857610775,1.009194252629077,1.009194252629077
183,0.9,3,0,1.0177433663955011,5,0.0728472067834741,0.032578261267766376,1.0,0.4,1.0387412244074528,0.9797852848057226,0.9797852848057226
184,0.1,1,0,0.889145515824241,5,0.01354739223210306,0.00605857798976701,1.0,0.4,0.948420493555012,0.9375013739859335,0.9375013739859335
184,0.1,2,0,0.949029854587973,5,0.0464761563095111,0.020784768968194516,1.0,0.4,0.948420493555012,1.000642500912941,1.000642500912941
184,0.1,3,0,0.9153174666960455,5,0.0671247460819419,0.030019099042326948,1.0,0.4,0.948420493555012,0.9650966769656307,0.9650966769656307
184,0.5,1,0,0.9590581401352409,5,0.029735680527362283,0.013298200603279771,1.0,0.4,0.948420493555012,1.011216171152476,1.011216171152476
184,0.5,2,0,0.9346775196431677,5,0.05642020549397524,0.025231882957807143,1.0,0.4,0.948420493555012,0.9855096194090758,0.9855096194090758
184,0.5,3,0,0.9766769716732149,5,0.05380228059303609,0.024061111350109278,1.0,0.4,0.948420493555012,1.029793196488498,1.029793196488498
184,0.9,1,0,0.9488147978499372,5,0.0652425078207948,0.029177336501971764,1.0,0.4,0.948420493555012,1.0004157483917784,1.0004157483917784
184,0.9,2,0,1.0233559432121702,4,0.03155234132251917,0.015776170661259584,1.0,0.4,0.948420493555012,1.0790107870574093,1.0790107870574093
184,0.9,2,1,1.02685704123002,1,,,5.0,0.9,1.02685704123002,1.0,1.0
184,0.9,3,0,0.9397082323731183,5,0.03700287200427863,0.016548187432858182,1.0,0.4,0.948420493555012,0.9908139256362575,0.9908139256362575
185,0.1,1,1,0.6774403370332264,5,0.23970192100212961,0.10719795793960926,5.0,0.9,0.7361515609314525,0.92024573876616,0.92024573876616
185,0.1,2,1,0.7359046135107046,5,0.02446440895221723,0.010940816289302425,5.0,0.9,0.7361515609314525,0.9996645426922203,0.9996645426922203
185,0.1,3,0,0.9397223226607325,1,,,1.0,0.4,0.7055995196839658,1.3318069194287845,1.3318069194287845
185,0.1,3,1,0.7413615787110259,4,0.16052652108202306,0.08026326054101153,5.0,0.9,0.7361515609314525,1.0070773710959482,1.0070773710959482
185,0.5,1,0,0.6889243966024725,1,,,1.0,0.4,0.7055995196839658,0.9763674398631081,0.9763674398631081
185,0.5,1,1,0.5717632676393152,4,0.1747592637050643,0.08737963185253216,5.0,0.9,0.7361515609314525,0.7766923253084774,0.7766923253084774
185,0.5,2,0,0.5932583189401011,3,0.07263192642219032,0.04193406227161268,1.0,0.4,0.7055995196839658,0.8407861717448706,0.8407861717448706
185,0.5,2,1,0.8232684581668464,2,0.12799670290061338,0.09050733659054355,5.0,0.9,0.7361515609314525,1.1183409801171444,1.1183409801171444
185,0.5,3,0,0.6363857214592658,5,0.1893248023514554,0.08466862557691326,1.0,0.4,0.7055995196839658,0.9019078155612966,0.9019078155612966
185,0.9,1,0,0.7086437812109674,2,0.060341847165182004,0.04266812931982244,1.0,0.4,0.7055995196839658,1.0043144325386801,1.0043144325386801
185,0.9,1,1,0.8671711105275967,3,0.11535477335051607,0.06660010944622873,5.0,0.9,0.7361515609314525,1.1779790420200498,1.1779790420200498
185,0.9,2,0,0.7520693944014967,5,0.22334273485706044,0.09988190748421978,1.0,0.4,0.7055995196839658,1.065858710814237,1.065858710814237
185,0.9,3,0,0.6201927025127253,5,0.13695445415955285,0.0612478938644278,1.0,0.4,0.7055995196839658,0.8789585100490236,0.8789585100490236
186,0.1,1,0,0.7018570688787484,2,0.3533373657611199,0.2498472473762793,1.0,0.4,0.8230157787383571,0.8527868930467664,0.8527868930467664
186,0.1,1,1,0.9158209776728578,3,0.18754550975335507,0.10827945054140514,5.0,0.9,0.6523456922231423,1.4038890554359493,1.4038890554359493
186,0.1,2,0,0.6448901731134049,5,0.39373556877687443,0.176083899388927,1.0,0.4,0.8230157787383571,0.7835696347182918,0.7835696347182918
186,0.1,3,0,0.87743481110692,4,0.3218125214076873,0.16090626070384365,1.0,0.4,0.8230157787383571,1.0661214933837413,1.0661214933837413
186,0.1,3,1,0.5681673196198617,1,,,5.0,0.9,0.6523456922231423,0.8709604836717669,0.8709604836717669
186,0.5,1,0,0.6251722705564543,4,0.3393332958749412,0.1696666479374706,1.0,0.4,0.8230157787383571,0.7596115247204772,0.7596115247204772
186,0.5,1,1,0.42360086935374214,1,,,5.0,0.9,0.6523456922231423,0.6493502975548808,0.6493502975548808
186,0.5,2,0,0.9312519165344677,4,0.3341872952158091,0.16709364760790454,1.0,0.4,0.8230157787383571,1.1315116193301074,1.1315116193301074
186,0.5,2,1,0.816221755021745,1,,,5.0,0.9,0.6523456922231423,1.251210462109631,1.251210462109631
186,0.5,3,0,1.089791095355434,5,0.06410646170916173,0.028669281235734596,1.0,0.4,0.8230157787383571,1.3241436233774648,1.3241436233774648
186,0.9,1,0,0.647432183332928,5,0.3934646324351729,0.17596273297340304,1.0,0.4,0.8230157787383571,0.7866582877978473,0.7866582877978473
186,0.9,2,0,0.9037555129289945,4,0.20470058031258143,0.10235029015629071,1.0,0.4,0.8230157787383571,1.0981022919322487,1.0981022919322487
186,0.9,2,1,0.5379175394475051,1,,,5.0,0.9,0.6523456922231423,0.8245897012277721,0.8245897012277721
186,0.9,3,0,0.9855569768378618,4,0.13443607653122502,0.06721803826561251,1.0,0.4,0.8230157787383571,1.197494631693055,1.197494631693055
187,0.1,1,1,0.8700059740794271,5,0.07491809930657417,0.03350439255891594,5.0,0.9,0.9010084162685746,0.9655913955637166,0.9655913955637166
187,0.1,2,1,0.8947436926183393,5,0.05391705717772901,0.024112440999229004,5.0,0.9,0.9010084162685746,0.9930469865351758,0.9930469865351758
187,0.1,3,0,0.8843483611891448,3,0.06295065542534777,0.03634457785548791,1.0,0.4,0.9258260911315562,0.9551992211715304,0.9551992211715304
187,0.1,3,1,0.9063314456771574,2,0.03150475837924336,0.022277228289606682,5.0,0.9,0.9010084162685746,1.0059078575876432,1.0059078575876432
187,0.5,1,0,0.8567270877075019,3,0.008948575540417485,0.005166462497123736,1.0,0.4,0.9258260911315562,0.9253650290416847,0.9253650290416847
187,0.5,1,1,0.9677701151482292,2,0.005359772304937578,0.0037899313424372134,5.0,0.9,0.9010084162685746,1.074096642910552,1.074096642910552
187,0.5,2,0,0.9359395131314893,5,0.11345003102310426,0.050736396283424225,1.0,0.4,0.9258260911315562,1.0109236735676483,1.0109236735676483
187,0.5,3,0,0.8539033040191127,4,0.14915630438247074,0.07457815219123537,1.0,0.4,0.9258260911315562,0.9223150138007684,0.9223150138007684
187,0.5,3,1,0.8661908538197198,1,,,5.0,0.9,0.9010084162685746,0.9613571174029119,0.9613571174029119
187,0.9,1,0,1.0293871850742384,5,0.0663634041269146,0.029678616569214226,1.0,0.4,0.9258260911315562,1.1118580421687063,1.1118580421687063
187,0.9,2,0,0.9578248526317538,5,0.05222566355382271,0.023356026775276165,1.0,0.4,0.9258260911315562,1.034562388991531,1.034562388991531
187,0.9,3,0,0.9626523341676527,5,0.12540429177614604,0.05608250421633607,1.0,0.4,0.9258260911315562,1.0397766312581307,1.0397766312581307
188,0.1,1,0,0.9459629325899569,4,0.06286665672235414,0.03143332836117707,1.0,0.4,0.9541292840349337,0.9914410430728612,0.9914410430728612
188,0.1,1,1,0.8923747276688453,1,,,5.0,0.9,0.92906387429714,0.9605095541401274,0.9605095541401274
188,0.1,2,0,0.9540286620095954,5,0.06292882656733392,0.02814262678977068,1.0,0.4,0.9541292840349337,0.9998945404705399,0.9998945404705399
188,0.1,3,0,0.9107891379148416,5,0.051327668156315336,0.022954431024814478,1.0,0.4,0.9541292840349337,0.954576233173758,0.954576233173758
188,0.5,1,0,0.9713773809733175,4,0.05426146009179223,0.027130730045896116,1.0,0.4,0.9541292840349337,1.0180773163836279,1.0180773163836279
188,0.5,1,1,0.9657530209254347,1,,,5.0,0.9,0.92906387429714,1.0394904458598726,1.0394904458598726
188,0.5,2,0,0.9745594846073502,5,0.04639971019722005,0.02075058122745484,1.0,0.4,0.9541292840349337,1.0214124028203169,1.0214124028203169
188,0.5,3,0,0.980414751458564,5,0.10025099201925962,0.044833606593370684,1.0,0.4,0.9541292840349337,1.0275491674592265,1.0275491674592265
188,0.9,1,0,0.9503189286002239,5,0.0605294653873542,0.027069599849568925,1.0,0.4,0.9541292840349337,0.9960064579313653,0.9960064579313653
188,0.9,2,0,0.9221857489810861,4,0.05197523974333147,0.025987619871665736,1.0,0.4,0.9541292840349337,0.9665207476718867,0.9665207476718867
188,0.9,3,0,0.9775265291794677,5,0.04604061807941398,0.020589990350335093,1.0,0.4,0.9541292840349337,1.0245220910164177,1.0245220910164177
189,0.1,1,0,0.8271186846963581,2,0.02954414793114859,0.020890867346493674,1.0,0.4,0.862222480455027,0.9592868470094361,0.9592868470094361
189,0.1,1,1,0.9767313474953876,3,0.02645796968765966,0.015275515921381265,5.0,0.9,0.9899159716905571,0.9866810673105384,0.9866810673105384
189,0.1,2,0,0.8372998770686704,4,0.03202814715745718,0.01601407357872859,1.0,0.4,0.862222480455027,0.9710949274099139,0.9710949274099139
189,0.1,2,1,1.0403332317382912,1,,,5.0,0.9,0.9899159716905571,1.050930848162428,1.050930848162428
189,0.1,3,0,0.8414609766585089,4,0.0362158044854477,0.01810790224272385,1.0,0.4,0.862222480455027,0.9759209435300719,0.9759209435300719
189,0.1,3,1,0.9626095743930813,1,,,5.0,0.9,0.9899159716905571,0.9724154392106205,0.9724154392106205
189,0.5,1,0,0.8247009409180036,5,0.0500265237729958,0.022372541566885572,1.0,0.4,0.862222480455027,0.9564827635702309,0.9564827635702309
189,0.5,2,0,0.8822787997732877,4,0.0742508079925724,0.0371254039962862,1.0,0.4,0.862222480455027,1.02326118811896,1.02326118811896
189,0.5,2,1,0.9799897331354686,1,,,5.0,0.9,0.9899159716905571,0.9899726453164134,0.9899726453164134
189,0.5,3,0,0.8696231503118833,5,0.03972084702516151,0.017763702814426286,1.0,0.4,0.862222480455027,1.008583248551987,1.008583248551987
189,0.9,1,0,0.8713817357419582,5,0.05986979302416523,0.02677458540017523,1.0,0.4,0.862222480455027,1.0106228444450873,1.0106228444450873
189,0.9,2,0,0.9174834822904565,5,0.04865315956523296,0.021758354421601,1.0,0.4,0.862222480455027,1.0640913489129467,1.0640913489129467
189,0.9,3,0,0.8886546766361165,5,0.0527480037909117,0.02358962443077903,1.0,0.4,0.862222480455027,1.0306558884513661,1.0306558884513661
190,0.1,1,1,0.9344024492240424,5,0.05692924785264667,0.025459533621290376,5.0,0.9,0.9628847810499721,0.9704197922882618,0.9704197922882618
190,0.1,2,1,0.9382188571395599,5,0.0408307828370774,0.01826008119964736,5.0,0.9,0.9628847810499721,0.974383306917038,0.974383306917038
190,0.1,3,1,0.9302924511214605,5,0.030049924270571102,0.013438734677543553,5.0,0.9,0.9628847810499721,0.9661513707870931,0.9661513707870931
190,0.5,1,0,0.8796025088408221,2,0.009135464853121947,0.006459749146933896,1.0,0.4,0.9265167829849107,0.9493648954820362,0.9493648954820362
190,0.5,1,1,0.9973338952003256,3,0.025476521407288382,0.014708876492513212,5.0,0.9,0.9628847810499721,1.0357769847735974,1.0357769847735974
190,0.5,2,0,1.004784444195238,3,0.05551555685924535,0.03205192169689728,1.0,0.4,0.9265167829849107,1.0844751683376705,1.0844751683376705
190,0.5,2,1,0.9658764430455,2,0.11978844602576064,0.08470322249261408,5.0,0.9,0.9628847810499721,1.0031069781706028,1.0031069781706028
190,0.5,3,0,0.8488785844101797,4,0.06156527559480197,0.030782637797400984,1.0,0.4,0.9265167829849107,0.9162042177750865,0.9162042177750865
190,0.5,3,1,0.8860622579877561,1,,,5.0,0.9,0.9628847810499721,0.920216286959645,0.920216286959645
190,0.9,1,0,0.9345228722919516,2,0.09604164883206776,0.06791170116549217,1.0,0.4,0.9265167829849107,1.008641062368291,1.008641062368291
190,0.9,1,1,1.0537344128919384,3,0.09893568724729987,0.05712054566468921,5.0,0.9,0.9628847810499721,1.0943515087473912,1.0943515087473912
190,0.9,2,0,0.934576029272,4,0.03971386060507236,0.01985693030253618,1.0,0.4,0.9265167829849107,1.008698435295608,1.008698435295608
190,0.9,2,1,0.9971574817891944,1,,,5.0,0.9,0.9628847810499721,1.0355937713563712,1.0355937713563712
190,0.9,3,0,0.9567362588992732,5,0.07955527261146036,0.035578199505550516,1.0,0.4,0.9265167829849107,1.032616220741308,1.032616220741308
191,0.1,1,1,0.8358833017250143,5,0.04165943545556128,0.018630665916579987,5.0,0.9,0.8666619097714048,0.9644860265584895,0.9644860265584895
191,0.1,2,0,0.9378148182067956,1,,,1.0,0.4,0.9112633783350871,1.0291369548068736,1.0291369548068736
191,0.1,2,1,0.8480340713938013,4,0.048450607603145845,0.024225303801572923,5.0,0.9,0.8666619097714048,0.9785062223600932,0.9785062223600932
191,0.1,3,0,0.909734825668991,5,0.04553574478943583,0.020364204151052074,1.0,0.4,0.9112633783350871,0.9983226005758195,0.9983226005758195
191,0.5,1,1,0.8699220249131232,5,0.05636087444805292,0.025205349307435454,5.0,0.9,0.8666619097714048,1.0037616919642613,1.0037616919642613
191,0.5,2,0,0.9074743239666738,5,0.049382790966294735,0.022084655503859508,1.0,0.4,0.9112633783350871,0.9958419766902781,0.9958419766902781
191,0.5,3,0,0.8863260191530079,5,0.052628028405628934,0.02353596980735523,1.0,0.4,0.9112633783350871,0.9726343011527132,0.9726343011527132
191,0.9,1,0,0.8781237614467292,2,0.046625292615476474,0.032969060583210474,1.0,0.4,0.9112633783350871,0.9636333274482014,0.9636333274482014
191,0.9,1,1,0.9128082410536803,3,0.025364121674960716,0.014643982476796992,5.0,0.9,0.8666619097714048,1.053246059117156,1.053246059117156
191,0.9,2,0,0.9283317593315392,5,0.03019718172379594,0.013504590212664399,1.0,0.4,0.9112633783350871,1.0187304586162969,1.0187304586162969
191,0.9,3,0,0.9310381405718731,5,0.02915117681994573,0.013036802598702959,1.0,0.4,0.9112633783350871,1.0217003807098177,1.0217003807098177
192,0.1,1,0,0.6629555292491734,1,,,1.0,0.4,0.6407048283357306,1.034728473907775,1.034728473907775
192,0.1,1,1,0.6232007735632585,4,0.15897115042031865,0.07948557521015932,5.0,0.9,0.7472769300490443,0.8339622815899823,0.8339622815899823
192,0.1,2,1,0.8012749529431822,5,0.15557003653934412,0.06957303539281992,5.0,0.9,0.7472769300490443,1.0722597215607794,1.0722597215607794
192,0.1,3,0,0.6362934902415875,3,0.19827234792295748,0.11447259344617865,1.0,0.4,0.6407048283357306,0.99311486678569,0.99311486678569
192,0.1,3,1,0.8297169682578672,2,0.28408558691738256,0.20087884494664154,5.0,0.9,0.7472769300490443,1.11032059855429,1.11032059855429
192,0.5,1,0,0.7419466999697917,2,0.21494468013788098,0.15198884090546905,1.0,0.4,0.6407048283357306,1.1580164018695518,1.1580164018695518
192,0.5,1,1,0.662717263761521,3,0.08884833953985029,0.05129661275038384,5.0,0.9,0.7472769300490443,0.8868429321349802,0.8868429321349802
192,0.5,2,0,0.6243932448404216,1,,,1.0,0.4,0.6407048283357306,0.9745411884319971,0.9745411884319971
192,0.5,2,1,0.7583180650874456,4,0.07074324040573149,0.035371620202865744,5.0,0.9,0.7472769300490443,1.0147751584378186,1.0147751584378186
192,0.5,3,0,0.6817690290988072,5,0.11942820274140617,0.053409915952082186,1.0,0.4,0.6407048283357306,1.0640922292871482,1.0640922292871482
192,0.9,1,0,0.5996725244539949,3,0.022895597769879473,0.01321877953569731,1.0,0.4,0.6407048283357306,0.9359575547630574,0.9359575547630574
192,0.9,1,1,0.6343610389771709,2,0.024991535970877447,0.01767168455727497,5.0,0.9,0.7472769300490443,0.8488968593417401,0.8488968593417401
192,0.9,2,0,0.5523530468850608,4,0.0574771262752437,0.02873856313762185,1.0,0.4,0.6407048283357306,0.8621022075326499,0.8621022075326499
192,0.9,2,1,1.0628884304490547,1,,,5.0,0.9,0.7472769300490443,1.4223487808987982,1.4223487808987982
192,0.9,3,0,0.6262550619470082,4,0.044829176341779055,0.022414588170889527,1.0,0.4,0.6407048283357306,0.9774470774221312,0.9774470774221312
192,0.9,3,1,0.6057379473528542,1,,,5.0,0.9,0.7472769300490443,0.8105936674816112,0.8105936674816112
193,0.1,1,0,0.6878083986990157,1,,,1.0,0.4,0.6331597420258352,1.0863110097592885,1.0863110097592885
193,0.1,1,1,0.6991212590903365,4,0.03293325150719381,0.016466625753596906,5.0,0.9,0.721122533297002,0.9694902416846208,0.9694902416846208
193,0.1,2,0,0.6137055206630375,3,0.0657333375444508,0.03795116012602121,1.0,0.4,0.6331597420258352,0.9692743867439317,0.9692743867439317
193,0.1,2,1,0.7318341291710622,2,0.0601260505934093,0.04251553810056515,5.0,0.9,0.721122533297002,1.0148540579159082,1.0148540579159082
193,0.1,3,0,0.6919862291320538,2,0.11559812881085783,0.08174022077463358,1.0,0.4,0.6331597420258352,1.0929093926881697,1.0929093926881697
193,0.1,3,1,0.6670133360416908,3,0.047478878220781916,0.0274119431215899,5.0,0.9,0.721122533297002,0.9249653217631104,0.9249653217631104
193,0.5,1,0,0.6035956380783968,1,,,1.0,0.4,0.6331597420258352,0.9533070377266151,0.9533070377266151
193,0.5,1,1,0.8480324946778994,2,0.10239839786365855,0.07240660151203103,5.0,0.9,0.721122533297002,1.1759894546640497,1.1759894546640497
193,0.5,2,0,0.32424559070327097,1,,,1.0,0.4,0.6331597420258352,0.5121070863820659,0.5121070863820659
193,0.5,2,1,0.6513895464015607,4,0.12107637502698063,0.06053818751349031,5.0,0.9,0.721122533297002,0.90329939271677,0.90329939271677
193,0.5,3,0,0.5679587379453944,3,0.11497197371824354,0.06637909997549049,1.0,0.4,0.6331597420258352,0.8970228210153949,0.8970228210153949
193,0.5,3,1,0.7277294351294614,2,0.10680192759979287,0.07552036724960823,5.0,0.9,0.721122533297002,1.00916196835821,1.00916196835821
193,0.9,1,0,0.7791491134330992,2,0.19600807693816488,0.13859864037031092,1.0,0.4,0.6331597420258352,1.2305727318356685,1.2305727318356685
193,0.9,1,1,0.722737532567003,3,0.06492670468045145,0.03748545042485398,5.0,0.9,0.721122533297002,1.0022395628973306,1.0022395628973306
193,0.9,2,0,0.64670781079124,5,0.05277963033751384,0.02360376825239822,1.0,0.4,0.6331597420258352,1.0213975524123766,1.0213975524123766
193,0.9,3,0,0.783280638787009,5,0.2535935608311505,0.11341048813493611,1.0,0.4,0.6331597420258352,1.2370979814364893,1.2370979814364893
194,0.1,1,0,1.6243654822335023,1,,,1.0,0.4,1.218177863730266,1.333438679684608,1.333438679684608
194,0.1,1,1,0.8737016425654136,4,0.015455791629399128,0.007727895814699564,5.0,0.9,1.0909894414640113,0.800834187169569,0.800834187169569
194,0.1,2,0,0.8780544010421201,3,0.007182375954391182,0.004146746690688844,1.0,0.4,1.218177863730266,0.720793266061632,0.720793266061632
194,0.1,2,1,0.862243472771927,2,0.00041043298999050035,0.00029021995044495314,5.0,0.9,1.0909894414640113,0.7903316384206913,0.7903316384206913
194,0.1,3,0,0.8837012530214521,3,0.013103604860195944,0.007565369793388617,1.0,0.4,1.218177863730266,0.7254287566147442,0.7254287566147442
194,0.1,3,1,0.8743047063092508,2,0.022373519762849455,0.015820467543322086,5.0,0.9,1.0909894414640113,0.801386954887493,0.801386954887493
194,0.5,1,0,1.6797900262467191,1,,,1.0,0.4,1.218177863730266,1.3789365873903823,1.3789365873903823
194,0.5,1,1,1.0638088296994854,4,0.4049428178331728,0.2024714089165864,5.0,0.9,1.0909894414640113,0.9750862742282346,0.9750862742282346
194,0.5,2,0,1.3606007753689326,1,,,1.0,0.4,1.218177863730266,1.1169147099771979,1.1169147099771979
194,0.5,2,1,0.8020368047137302,4,0.12693149412170518,0.06346574706085259,5.0,0.9,1.0909894414640113,0.7351462573620032,0.7351462573620032
194,0.5,3,0,0.8016448701497156,5,0.11410272531522095,0.05102829004456403,1.0,0.4,1.218177863730266,0.658068820668719,0.658068820668719
194,0.9,1,0,1.4114153179063316,3,0.46824864330420557,0.27034348025936017,1.0,0.4,1.218177863730266,1.1586282758285722,1.1586282758285722
194,0.9,1,1,1.2652446049668251,2,0.5344137913583002,0.3778876158290668,5.0,0.9,1.0909894414640113,1.1597221355955367,1.1597221355955367
194,0.9,2,0,1.2765298214647602,2,0.589166632888053,0.4166037213639875,1.0,0.4,1.218177863730266,1.0479010163226992,1.0479010163226992
194,0.9,2,1,1.3984861406606452,3,0.4500346904456413,0.25982764967346095,5.0,0.9,1.0909894414640113,1.2818512146038743,1.2818512146038743
194,0.9,3,0,1.0474988261388622,4,0.38060037131687463,0.19030018565843732,1.0,0.4,1.218177863730266,0.8598898874514467,0.8598898874514467
194,0.9,3,1,1.5880893300248138,1,,,5.0,0.9,1.0909894414640113,1.4556413377325983,1.4556413377325983
195,0.1,1,0,1.084133843047829,2,0.003663561697733907,0.0025905293197629464,1.0,0.4,1.0512027935844952,1.0313270185965184,1.0313270185965184
195,0.1,1,1,0.9850520683220871,3,0.09777451752194236,0.056450144011179204,5.0,0.9,0.9713062721526448,1.0141518659598259,1.0141518659598259
195,0.1,2,1,0.9271433167342458,5,0.041816063485344106,0.01870071210093524,5.0,0.9,0.9713062721526448,0.9545324099261467,0.9545324099261467
195,0.1,3,0,0.9291922630168762,3,0.025147003274142724,0.014518629109638703,1.0,0.4,1.0512027935844952,0.8839324521279329,0.8839324521279329
195,0.1,3,1,0.9481924160416708,2,0.10773325980454364,0.07617891856712491,5.0,0.9,0.9713062721526448,0.9762033286784526,0.9762033286784526
195,0.5,1,1,1.044358109698047,5,0.12238846902122769,0.05473378727871845,5.0,0.9,0.9713062721526448,1.0752098896504623,1.0752098896504623
195,0.5,2,0,1.0714221628013367,3,0.14302451668679966,0.08257524320983992,1.0,0.4,1.0512027935844952,1.0192345086411876,1.0192345086411876
195,0.5,2,1,0.9159455896467013,2,0.008244225319970705,0.00582954762938112,5.0,0.9,0.9713062721526448,0.943003886525667,0.943003886525667
195,0.5,3,0,1.0274893308252397,5,0.06335901145740006,0.028335011321186907,1.0,0.4,1.0512027935844952,0.9774415908100901,0.9774415908100901
195,0.9,1,0,1.1343954378051073,3,0.0385764833928187,0.022272143071233007,1.0,0.4,1.0512027935844952,1.0791404329672047,1.0791404329672047
195,0.9,1,1,1.064130839091852,2,0.13315995762198687,0.09415830901702021,5.0,0.9,0.9713062721526448,1.095566732760292,1.095566732760292
195,0.9,2,0,1.0114326083990361,4,0.057710829531307566,0.028855414765653783,1.0,0.4,1.0512027935844952,0.9621669715604096,0.9621669715604096
195,0.9,2,1,0.914321565533909,1,,,5.0,0.9,0.9713062721526448,0.9413318864991532,0.9413318864991532
195,0.9,3,0,1.100353909196041,5,0.06251130355590831,0.02795590482262706,1.0,0.4,1.0512027935844952,1.046757025296656,1.046757025296656
196,0.1,1,1,0.8670924146564314,5,0.10611306965225317,0.04745520740872161,5.0,0.9,0.9678794644002928,0.8958681804388627,0.8958681804388627
196,0.1,2,1,0.9436739506713769,5,0.12241476208139125,0.05474554589269089,5.0,0.9,0.9678794644002928,0.9749911898958267,0.9749911898958267
196,0.1,3,1,0.9685219635227273,5,0.13240661330972445,0.05921403760621445,5.0,0.9,0.9678794644002928,1.0006638214220533,1.0006638214220533
196,0.5,1,1,1.0124198152562323,5,0.029189731509591876,0.013054044780082997,5.0,0.9,0.9678794644002928,1.0460184893823914,1.0460184893823914
196,0.5,2,0,0.9945612783658737,1,,,1.0,0.4,0.7787638232418429,1.277102567792258,1.277102567792258
196,0.5,2,1,1.005520885495208,4,0.02180291239537751,0.010901456197688755,5.0,0.9,0.9678794644002928,1.038890608262092,1.038890608262092
196,0.5,3,0,0.7974206073663194,3,0.1874753084848016,0.10823891982010833,1.0,0.4,0.7787638232418429,1.0239569219417666,1.0239569219417666
196,0.5,3,1,1.0100477567997808,2,0.02788678769370265,0.019718936683726707,5.0,0.9,0.9678794644002928,1.0435677105987735,1.0435677105987735
196,0.9,1,0,0.6641809611431101,5,0.23234686203636454,0.10390867557441526,1.0,0.4,0.7787638232418429,0.852865710143357,0.852865710143357
196,0.9,2,0,0.7636776364305904,5,0.24700120534461,0.11046229713498647,1.0,0.4,0.7787638232418429,0.9806280333510465,0.9806280333510465
196,0.9,3,0,0.6739786329033206,5,0.16698773240520942,0.07467918421331854,1.0,0.4,0.7787638232418429,0.8654467667715716,0.8654467667715716
197,0.1,1,1,0.19035863722610208,5,0.001163852176030993,0.0005204905162732703,5.0,0.9,0.19188439743438618,0.9920485447035587,0.9920485447035587
197,0.1,2,1,0.1924768167992562,5,0.002390368751942988,0.0010690054041271706,5.0,0.9,0.19188439743438618,1.003087376424509,1.003087376424509
197,0.1,3,1,0.19125762066692095,5,0.0025608765328060017,0.001145258801867638,5.0,0.9,0.19188439743438618,0.9967335709633216,0.9967335709633216
197,0.5,1,1,0.1924802008965822,5,0.0035682609109985546,0.001595774791689619,5.0,0.9,0.19188439743438618,1.003105012550068,1.003105012550068
197,0.5,2,1,0.19219418711766034,5,0.0018737394645664516,0.0008379617629789289,5.0,0.9,0.19188439743438618,1.001614459994748,1.001614459994748
197,0.5,3,0,0.19182984059798022,3,0.0007496807485080021,0.00043282838195737514,1.0,0.4,0.1918972138331948,0.9996489097789969,0.9996489097789969
197,0.5,3,1,0.192192279935198,2,0.00018364927626198803,0.00012985964860485338,5.0,0.9,0.19188439743438618,1.0016045207683815,1.0016045207683815
197,0.9,1,1,0.19216541855139013,5,0.0016826648941796068,0.0007525106173476182,5.0,0.9,0.19188439743438618,1.0014645334418086,1.0014645334418086
197,0.9,2,1,0.191901592204595,5,0.001326144425937202,0.0005930698168756037,5.0,0.9,0.19188439743438618,1.0000896100487517,1.0000896100487517
197,0.9,3,0,0.19196458706840938,4,0.0017030880394310036,0.0008515440197155018,1.0,0.4,0.1918972138331948,1.000351090221003,1.000351090221003
197,0.9,3,1,0.19193282351177088,1,,,5.0,0.9,0.19188439743438618,1.0002523711048537,1.0002523711048537
198,0.1,1,1,1.2271744772179285,5,0.12677378760807675,0.05669496137135602,5.0,0.9,1.2179804225033024,1.0075486063197383,1.0075486063197383
198,0.1,2,1,1.2386783874600902,5,0.12821342208522138,0.05733878548208556,5.0,0.9,1.2179804225033024,1.0169936762318785,1.0169936762318785
198,0.1,3,0,0.9732274634042913,3,0.038459922417138616,0.022204846560547102,1.0,0.4,1.150234238115236,0.8461124101113644,0.8461124101113644
198,0.1,3,1,1.0818793427489077,2,0.034000187541484456,0.024041763172198027,5.0,0.9,1.2179804225033024,0.8882567591072872,0.8882567591072872
198,0.5,1,1,1.197440215949642,5,0.08370787590708727,0.0374353001560728,5.0,0.9,1.2179804225033024,0.9831358483484945,0.9831358483484945
198,0.5,2,0,1.1899310987675862,2,0.045188418318115924,0.03195303702383417,1.0,0.4,1.150234238115236,1.0345119796793714,1.0345119796793714
198,0.5,2,1,1.2376093111049216,3,0.0365382354527528,0.02109536007436076,5.0,0.9,1.2179804225033024,1.0161159311257861,1.0161159311257861
198,0.5,3,0,1.0039126163571084,2,0.044023959163504676,0.031129640059193803,1.0,0.4,1.150234238115236,0.8727897180335294,0.8727897180335294
198,0.5,3,1,1.228135897869968,3,0.047003829589416686,0.02713767366639302,5.0,0.9,1.2179804225033024,1.0083379627283278,1.0083379627283278
198,0.9,1,0,1.2165132165132164,2,0.0,0.0,1.0,0.4,1.150234238115236,1.0576221574716682,1.0576221574716682
198,0.9,1,1,1.3149453251716585,3,0.03627246374670257,0.020941916708329674,5.0,0.9,1.2179804225033024,1.079611216138487,1.079611216138487
198,0.9,2,0,1.2974468039473472,5,0.08998264703016016,0.04024146311096154,1.0,0.4,1.150234238115236,1.1279848581740468,1.1279848581740468
198,0.9,3,0,1.2203742297018652,5,0.11944491585347435,0.053417390283022184,1.0,0.4,1.150234238115236,1.0609788765300188,1.0609788765300188
199,0.1,1,0,0.8825684119801767,1,,,1.0,0.4,0.9737592438637671,0.9063517676897674,0.9063517676897674
199,0.1,1,1,0.9766728194909893,4,0.06219894748200437,0.031099473741002186,5.0,0.9,1.0085922506987297,0.9683524921140061,0.9683524921140061
199,0.1,2,0,1.0089143494543464,4,0.0010116474468468623,0.0005058237234234312,1.0,0.4,0.9737592438637671,1.036102461478145,1.036102461478145
199,0.1,2,1,1.0075953677335363,1,,,5.0,0.9,1.0085922506987297,0.9990116095334831,0.9990116095334831
199,0.1,3,0,0.9821694886253762,5,0.055688637960070654,0.02490471601061864,1.0,0.4,0.9737592438637671,1.008636883104943,1.008636883104943
199,0.5,1,1,1.0419787382875971,5,0.07334791484691236,0.032802184721112425,5.0,0.9,1.0085922506987297,1.0331020663362602,1.0331020663362602
199,0.5,2,0,0.9915025488418217,5,0.12031210250850967,0.053805207944990115,1.0,0.4,0.9737592438637671,1.0182214495932804,1.0182214495932804
199,0.5,3,0,0.9627749686337538,5,0.10036970340731487,0.04488669594004966,1.0,0.4,0.9737592438637671,0.9887197217389907,0.9887197217389907
199,0.9,1,0,1.008122077282796,3,0.0,0.0,1.0,0.4,0.9737592438637671,1.0352888392439603,1.0352888392439603
199,0.9,1,1,1.008122077282796,2,0.0,0.0,5.0,0.9,1.0085922506987297,0.9995338320162503,0.9995338320162503
199,0.9,2,0,0.983458852099632,5,0.0566317910926319,0.025326506914138402,1.0,0.4,0.9737592438637671,1.0099609922031425,1.0099609922031425
199,0.9,3,0,0.9705632539922344,5,0.05676708477736704,0.025387012089337243,1.0,0.4,0.9737592438637671,0.9967178849477707,0.9967178849477707
200,0.1,1,1,1.9591066429498212,5,0.23786165637925824,0.10637496658094359,5.0,0.9,1.866138119208511,1.0498186724682208,1.0498186724682208
200,0.1,2,0,2.0585500691041587,1,,,1.0,0.4,1.8099414822747537,1.1373572511951884,1.1373572511951884
200,0.1,2,1,1.755729618595595,3,0.3542731897371398,0.20453972146140503,5.0,0.9,1.866138119208511,0.9408358365994133,0.9408358365994133
200,0.1,3,0,1.852914872899932,3,0.17674998883749152,0.10204665363458908,1.0,0.4,1.8099414822747537,1.0237429723811673,1.0237429723811673
200,0.1,3,1,1.8543259557344065,2,0.2913792128511166,0.20603621730382296,5.0,0.9,1.866138119208511,0.9936702630140183,0.9936702630140183
200,0.5,1,1,1.9761039380794962,5,0.08013787953520196,0.035838749242680164,5.0,0.9,1.866138119208511,1.0589269452990036,1.0589269452990036
200,0.5,2,0,1.7829712440993009,3,0.323930566196753,0.18702139959244324,1.0,0.4,1.8099414822747537,0.9850988341669719,0.9850988341669719
200,0.5,2,1,1.9876507407118615,2,0.19843867424787345,0.14031733221033962,5.0,0.9,1.866138119208511,1.0651144844278129,1.0651144844278129
200,0.5,3,0,1.5855893324717814,3,0.2760177270936164,0.15935890903860808,1.0,0.4,1.8099414822747537,0.8760445285109416,0.8760445285109416
200,0.5,3,1,1.3406390382237205,2,0.7648763422996715,0.5408492484092606,5.0,0.9,1.866138119208511,0.7184029008486942,0.7184029008486942
200,0.9,1,1,2.011573354908366,4,0.2633932875636371,0.13169664378181856,5.0,0.9,1.866138119208511,1.0779338003992647,1.0779338003992647
200,0.9,2,0,1.912236664796451,1,,,1.0,0.4,1.8099414822747537,1.0565185026828225,1.0565185026828225
200,0.9,2,1,1.9238169175090234,4,0.20578348530270407,0.10289174265135204,5.0,0.9,1.866138119208511,1.030908107876268,1.030908107876268
200,0.9,3,0,1.667386710276898,3,0.20911063194012225,0.12073007964104235,1.0,0.4,1.8099414822747537,0.9212379110629083,0.9212379110629083
200,0.9,3,1,1.9862968661643063,2,0.10474416148242767,0.07406530687392338,5.0,0.9,1.866138119208511,1.0643889890673037,1.0643889890673037
201,0.1,1,1,0.9204687785589034,5,0.07561966583325046,0.03381814264779326,5.0,0.9,0.9355724806482913,0.9838561924363978,0.9838561924363978
201,0.1,2,0,0.8874790667058927,2,0.1083609717176656,0.07662277791752503,1.0,0.4,0.9355043440474387,0.9486637580604216,0.9486637580604216
201,0.1,2,1,0.90993214219713,3,0.07510681292705094,0.04336293866140773,5.0,0.9,0.9355724806482913,0.972593958264576,0.972593958264576
201,0.1,3,0,0.9047772128547527,2,0.1275218835044629,0.09017158857568663,1.0,0.4,0.9355043440474387,0.9671544751361113,0.9671544751361113
201,0.1,3,1,0.8704412109892674,3,0.08173541788917793,0.04718996552064343,5.0,0.9,0.9355724806482913,0.9303835127622692,0.9303835127622692
201,0.5,1,1,0.9559450943111225,5,0.08017727452725318,0.035856367218720084,5.0,0.9,0.9355724806482913,1.021775558905617,1.021775558905617
201,0.5,2,1,0.8771620219944778,5,0.08800728601413513,0.03935805480857453,5.0,0.9,0.9355724806482913,0.9375671475358714,0.9375671475358714
201,0.5,3,0,0.9274147036078156,5,0.03878621602256641,0.017345723123290004,1.0,0.4,0.9355043440474387,0.9913526425707193,0.9913526425707193
201,0.9,1,1,0.9739434165344977,4,0.020875738666145928,0.010437869333072964,5.0,0.9,0.9355724806482913,1.0410133225163034,1.0410133225163034
201,0.9,2,0,0.9761041142202194,4,0.020691616215234326,0.010345808107617163,1.0,0.4,0.9355043440474387,1.043398804539086,1.043398804539086
201,0.9,2,1,0.9891757287469369,1,,,5.0,0.9,0.9355724806482913,1.0572945968456682,1.0572945968456682
201,0.9,3,0,0.9817466228485122,4,0.022247223993879517,0.011123611996939758,1.0,0.4,0.9355043440474387,1.049430319693661,1.049430319693661
201,0.9,3,1,0.9875114518539949,1,,,5.0,0.9,0.9355724806482913,1.0555157107332969,1.0555157107332969
202,0.1,1,1,0.867251256215041,5,0.07856963799480095,0.03513741030478504,5.0,0.9,0.8405961061355267,1.0317098186453135,1.0317098186453135
202,0.1,2,0,0.8749967991593324,2,0.0018955910207709805,0.0013403852651434898,1.0,0.4,0.838781538860097,1.0431760340701488,1.0431760340701488
202,0.1,2,1,0.8300049211358678,3,0.009503722909304459,0.005486976979990543,5.0,0.9,0.8405961061355267,0.9874003877458465,0.9874003877458465
202,0.1,3,0,0.8329963957863654,4,0.01202794643239027,0.006013973216195135,1.0,0.4,0.838781538860097,0.9931029203604153,0.9931029203604153
202,0.1,3,1,0.8381077099361598,1,,,5.0,0.9,0.8405961061355267,0.9970397243322875,0.9970397243322875
202,0.5,1,1,0.8399404737281569,5,0.02205867043254361,0.00986493731608644,5.0,0.9,0.8405961061355267,0.9992200387289636,0.9992200387289636
202,0.5,2,0,0.8396337349631258,2,0.013971380672923512,0.009879258016362885,1.0,0.4,0.838781538860097,1.001015992917759,1.001015992917759
202,0.5,2,1,0.8372040281785461,3,0.00567134462555846,0.0032743523462333145,5.0,0.9,0.8405961061355267,0.9959646756245696,0.9959646756245696
202,0.5,3,0,0.8742944562081726,4,0.08516824006097791,0.042584120030488955,1.0,0.4,0.838781538860097,1.042338696910685,1.042338696910685
202,0.5,3,1,0.836703844425379,1,,,5.0,0.9,0.8405961061355267,0.9953696410419487,0.9953696410419487
202,0.9,1,0,0.8342583634604614,1,,,1.0,0.4,0.838781538860097,0.9946074452165667,0.9946074452165667
202,0.9,1,1,0.8367398825436606,3,0.006693292792780951,0.0038643743956770643,5.0,0.9,0.8405961061355267,0.9954125131395215,0.9954125131395215
202,0.9,2,0,0.7683747155175077,4,0.12729827845660677,0.06364913922830338,1.0,0.4,0.838781538860097,0.91606059494553,0.91606059494553
202,0.9,2,1,0.8388167329214027,1,,,5.0,0.9,0.8405961061355267,0.9978832007415496,0.9978832007415496
202,0.9,3,0,0.8469163069257135,5,0.017468251658009592,0.007812039631076571,1.0,0.4,0.838781538860097,1.0096983155788952,1.0096983155788952
203,0.1,1,0,0.8035446534565929,2,0.1484807271364244,0.10499172903367511,1.0,0.4,0.8802981653691107,0.9128096423098475,0.9128096423098475
203,0.1,1,1,1.2200707279384704,3,0.26338521886759475,0.15206552701377435,5.0,0.9,1.3654353117109037,0.8935397506379924,0.8935397506379924
203,0.1,2,0,0.8029291903253996,2,0.14825856115707278,0.10483463396312663,1.0,0.4,0.8802981653691107,0.9121104892780617,0.9121104892780617
203,0.1,2,1,1.7077633100209415,3,0.1629150085448568,0.09405902403840326,5.0,0.9,1.3654353117109037,1.250709788573651,1.250709788573651
203,0.1,3,0,0.7078135216296101,3,0.1023579415500122,0.059096385107595524,1.0,0.4,0.8802981653691107,0.8040611118765908,0.8040611118765908
203,0.1,3,1,1.66243431549554,2,0.2077660742094709,0.14691279997402434,5.0,0.9,1.3654353117109037,1.2175123209700016,1.2175123209700016
203,0.5,1,0,0.7880661085418442,4,0.287684165267313,0.1438420826336565,1.0,0.4,0.8802981653691107,0.8952263443732235,0.8952263443732235
203,0.5,1,1,1.1330096953100148,1,,,5.0,0.9,1.3654353117109037,0.8297791082393663,0.8297791082393663
203,0.5,2,0,0.860622371022489,4,0.3170000600227859,0.15850003001139296,1.0,0.4,0.8802981653691107,0.9776487159457256,0.9776487159457256
203,0.5,2,1,1.2974342730440291,1,,,5.0,0.9,1.3654353117109037,0.9501982715082499,0.9501982715082499
203,0.5,3,0,0.8697191723188485,5,0.2552672122766706,0.11415896781550086,1.0,0.4,0.8802981653691107,0.9879824888129509,0.9879824888129509
203,0.9,1,0,0.9248239496813577,4,0.1807771813823474,0.0903885906911737,1.0,0.4,0.8802981653691107,1.0505803443241044,1.0505803443241044
203,0.9,1,1,1.4043251648573156,1,,,5.0,0.9,1.3654353117109037,1.0284816518313729,1.0284816518313729
203,0.9,2,0,0.9822412402039178,4,0.23015319101950785,0.11507659550975392,1.0,0.4,0.8802981653691107,1.1158051656191539,1.1158051656191539
203,0.9,2,1,1.1330096953100148,1,,,5.0,0.9,1.3654353117109037,0.8297791082393663,0.8297791082393663
203,0.9,3,0,1.1829232811419363,5,0.39941054159818684,0.17862182438871063,1.0,0.4,0.8802981653691107,1.3437756974603423,1.3437756974603423
204,0.1,1,1,1.0452841755417395,5,0.0693319570706718,0.031006193804623865,5.0,0.9,1.0671409905426827,0.9795183436915602,0.9795183436915602
204,0.1,2,1,0.9750542267859424,5,0.08868265164657523,0.03966008750133517,5.0,0.9,1.0671409905426827,0.9137070316173399,0.9137070316173399
204,0.1,3,1,1.0241225899798092,5,0.07100812797309576,0.03175580022056929,5.0,0.9,1.0671409905426827,0.9596881752794474,0.9596881752794474
204,0.5,1,1,1.077200952515018,5,0.0382857475663946,0.017121906825571093,5.0,0.9,1.0671409905426827,1.0094270223536435,1.0094270223536435
204,0.5,2,0,1.1047330277745642,4,0.03427855987374611,0.017139279936873055,1.0,0.4,1.0688169327114483,1.0336035984871623,1.0336035984871623
204,0.5,2,1,1.1469258223087975,1,,,5.0,0.9,1.0671409905426827,1.0747650333678411,1.0747650333678411
204,0.5,3,0,1.0321802331605388,4,0.04380065474759703,0.021900327373798514,1.0,0.4,1.0688169327114483,0.9657221939233624,0.9657221939233624
204,0.5,3,1,1.056595986173451,1,,,5.0,0.9,1.0671409905426827,0.9901184525168796,0.9901184525168796
204,0.9,1,0,1.0370316812222202,2,0.035247784014112514,0.024923947098177742,1.0,0.4,1.0688169327114483,0.9702612762612274,0.9702612762612274
204,0.9,1,1,1.0969399789392382,3,0.04997090198730595,0.028850713714019496,5.0,0.9,1.0671409905426827,1.0279241343558563,1.0279241343558563
204,0.9,2,0,1.11955869428575,4,0.11557627499987691,0.057788137499938455,1.0,0.4,1.0688169327114483,1.047474698445857,1.047474698445857
204,0.9,2,1,1.0936519591482545,1,,,5.0,0.9,1.0671409905426827,1.0248429859226849,1.0248429859226849
204,0.9,3,0,1.0505810271141685,4,0.0850282196046192,0.0425141098023096,1.0,0.4,1.0688169327114483,0.982938232882391,0.982938232882391
204,0.9,3,1,1.088493223491895,1,,,5.0,0.9,1.0671409905426827,1.0200088208947478,1.0200088208947478
205,0.1,1,1,1.3776457152197996,5,0.08010547578315066,0.03582425784421762,5.0,0.9,1.383133039424056,0.9960326851807826,0.9960326851807826
205,0.1,2,1,1.4121735024427486,5,0.07183892946716475,0.03212734594387862,5.0,0.9,1.383133039424056,1.0209961458449328,1.0209961458449328
205,0.1,3,1,1.3440099901312255,5,0.0798352504330907,0.035703409393822064,5.0,0.9,1.383133039424056,0.9717141820940656,0.9717141820940656
205,0.5,1,0,1.4695956619852864,1,,,1.0,0.4,1.4293453714639577,1.0281599474311123,1.0281599474311123
205,0.5,1,1,1.386330636560964,4,0.0773852536720722,0.0386926268360361,5.0,0.9,1.383133039424056,1.0023118507372506,1.0023118507372506
205,0.5,2,0,1.4096521416682175,4,0.08285474277078758,0.04142737138539379,1.0,0.4,1.4293453714639577,0.9862222034024078,0.9862222034024078
205,0.5,2,1,1.3019849848884248,1,,,5.0,0.9,1.383133039424056,0.941330260920221,0.941330260920221
205,0.5,3,0,1.3706442390515854,4,0.08722636650948869,0.043613183254744343,1.0,0.4,1.4293453714639577,0.9589314566064255,0.9589314566064255
205,0.5,3,1,1.4295686165014658,1,,,5.0,0.9,1.383133039424056,1.0335727480682162,1.0335727480682162
205,0.9,1,0,1.4796031657947326,3,0.05941828638313807,0.034305163638091045,1.0,0.4,1.4293453714639577,1.0351614069868222,1.0351614069868222
205,0.9,1,1,1.4302178302237643,1,,,5.0,0.9,1.383133039424056,1.0340421271545321,1.0340421271545321
205,0.9,2,0,1.4132836465702032,5,0.0663968051001652,0.02969355393855482,1.0,0.4,1.4293453714639577,0.9887628803965666,0.9887628803965666
205,0.9,3,0,1.433293373713721,5,0.09222376354221722,0.0412437208842529,1.0,0.4,1.4293453714639577,1.0027621051766653,1.0027621051766653
206,0.1,1,0,0.5572731286107308,5,0.17839532914014786,0.07978081656516393,1.0,0.4,0.6269015166566967,0.8889324938671416,0.8889324938671416
206,0.1,2,0,0.6017862399641317,3,0.13481762969565056,0.07783699479629114,1.0,0.4,0.6269015166566967,0.9599374446779038,0.9599374446779038
206,0.1,2,1,0.6718058061341644,1,,,5.0,0.9,0.6718058061341644,1.0,1.0
206,0.1,3,0,0.6373135973085041,5,0.11697325097096338,0.052312028144043475,1.0,0.4,0.6269015166566967,1.016608797993241,1.016608797993241
206,0.5,1,0,0.5478451370772172,5,0.26085347191654223,0.11665721907444415,1.0,0.4,0.6269015166566967,0.8738934625631599,0.8738934625631599
206,0.5,2,0,0.6812434598951206,5,0.27368526274735255,0.12239577038859423,1.0,0.4,0.6269015166566967,1.0866833813518793,1.0866833813518793
206,0.5,3,0,0.599933257071863,4,0.2778001092617036,0.1389000546308518,1.0,0.4,0.6269015166566967,0.9569816647937669,0.9569816647937669
206,0.9,1,0,0.6610427636979208,5,0.17780149470669332,0.07951524573304705,1.0,0.4,0.6269015166566967,1.0544603037863132,1.0544603037863132
206,0.9,2,0,0.641568727944104,2,0.02510094838821848,0.017749050819522827,1.0,0.4,0.6269015166566967,1.0233963563617272,1.0233963563617272
206,0.9,3,0,0.7141073383406786,5,0.24013026638802096,0.10738951981974955,1.0,0.4,0.6269015166566967,1.1391060946048683,1.1391060946048683
207,0.1,1,0,0.9351598173515981,1,,,1.0,0.4,0.91242186406308,1.024920438871625,1.024920438871625
207,0.1,1,1,0.936606667121198,4,0.0018264341854765922,0.0009132170927382961,5.0,0.9,0.9492881018050743,0.9866411106809803,0.9866411106809803
207,0.1,2,0,0.9014542511565699,3,0.05616591137764415,0.032427404053163515,1.0,0.4,0.91242186406308,0.9879796689026383,0.9879796689026383
207,0.1,2,1,0.9377320832564615,2,0.00242885243592254,0.0017174580279422922,5.0,0.9,0.9492881018050743,0.9878266476461266,0.9878266476461266
207,0.1,3,0,0.8547487503625663,5,0.04452828690554253,0.01991365528848137,1.0,0.4,0.91242186406308,0.936791175253417,0.936791175253417
207,0.5,1,0,0.9355872212900587,2,0.0006044404463825492,0.0004274039384605243,1.0,0.4,0.91242186406308,1.0253888668601403,1.0253888668601403
207,0.5,1,1,0.980768149401236,3,0.07343188112333184,0.04239591633365623,5.0,0.9,0.9492881018050743,1.0331617425060973,1.0331617425060973
207,0.5,2,0,0.9060885661548419,5,0.046086570471870904,0.02061054088498758,1.0,0.4,0.91242186406308,0.9930588051890433,0.9930588051890433
207,0.5,3,0,0.9363615545400924,5,0.0023114000137242755,0.0010336895107762854,1.0,0.4,0.91242186406308,1.026237523912905,1.026237523912905
207,0.9,1,0,0.9109728576895187,4,0.04869863836341895,0.024349319181709475,1.0,0.4,0.91242186406308,0.9984119118243082,0.9984119118243082
207,0.9,1,1,0.9420455074414018,1,,,5.0,0.9,0.9492881018050743,0.992370499166796,0.992370499166796
207,0.9,2,0,0.9152899965513027,5,0.04553984338921189,0.02036603710059444,1.0,0.4,0.91242186406308,1.0031434280579936,1.0031434280579936
207,0.9,3,0,0.9161337614711712,5,0.04448162702073362,0.019892788353630363,1.0,0.4,0.91242186406308,1.004068181127929,1.004068181127929
208,0.1,1,1,1.3299038729432564,5,0.10820015979597015,0.0483885824960258,5.0,0.9,1.3651095461541602,0.9742103677246368,0.9742103677246368
208,0.1,2,1,1.4960249173097755,5,0.35992225205680617,0.16096212444276642,5.0,0.9,1.3651095461541602,1.0959010004174647,1.0959010004174647
208,0.1,3,0,1.2053116764809195,3,0.025573815377816587,0.014765049192588198,1.0,0.4,1.2615704626293551,0.9554057519457284,0.9554057519457284
208,0.1,3,1,1.234619415666888,1,,,5.0,0.9,1.3651095461541602,0.904410506208169,0.904410506208169
208,0.5,1,1,1.253704613167729,5,0.041284971957817086,0.018463200749370315,5.0,0.9,1.3651095461541602,0.9183912138770947,0.9183912138770947
208,0.5,2,1,1.5357498335125492,5,0.6362703275965942,0.28454874091440896,5.0,0.9,1.3651095461541602,1.1250011677371412,1.1250011677371412
208,0.5,3,0,1.3471567783509377,2,0.08501290320924446,0.06011320034761236,1.0,0.4,1.2615704626293551,1.067841090336884,1.067841090336884
208,0.5,3,1,1.7807483800032686,3,0.6967383937084589,0.40226209916232625,5.0,0.9,1.3651095461541602,1.304472879132713,1.304472879132713
208,0.9,1,1,1.1554678668938116,4,0.09804932898059104,0.04902466449029552,5.0,0.9,1.3651095461541602,0.846428676840654,0.846428676840654
208,0.9,2,0,1.2035749445736013,4,0.20666933148690503,0.10333466574345251,1.0,0.4,1.2615704626293551,0.9540291091352281,0.9540291091352281
208,0.9,2,1,1.1346574697360037,1,,,5.0,0.9,1.3651095461541602,0.8311841880621265,0.8311841880621265
208,0.9,3,0,1.290238451111962,5,0.12779729749575056,0.057152688908252376,1.0,0.4,1.2615704626293551,1.0227240485821594,1.0227240485821594
209,0.1,1,0,0.9718064114925723,3,0.1380403853724336,0.07969765365381422,1.0,0.4,0.9172209251374085,1.0595118197363262,1.0595118197363262
209,0.1,1,1,0.8709506538243212,2,0.18529425196369664,0.13102282207841864,5.0,0.9,0.9851075595417486,0.8841173183458965,0.8841173183458965
209,0.1,2,0,0.865325492215424,3,0.16204482141019927,0.09355662126196339,1.0,0.4,0.9172209251374085,0.9434210106859369,0.9434210106859369
209,0.1,2,1,1.0635732651210859,2,0.07500796262335746,0.053038639013963156,5.0,0.9,0.9851075595417486,1.0796519170108063,1.0796519170108063
209,0.1,3,0,0.8868539944179812,4,0.10929733919309495,0.054648669596547475,1.0,0.4,0.9172209251374085,0.9668924575451895,0.9668924575451895
209,0.1,3,1,1.0046849321788613,1,,,5.0,0.9,0.9851075595417486,1.019873335096748,1.019873335096748
209,0.5,1,1,1.0622798687692376,5,0.10447985405552446,0.04672481118948195,5.0,0.9,0.9851075595417486,1.078338967638608,1.078338967638608
209,0.5,2,0,0.7530746873165839,2,0.09826145517017766,0.06948134128009056,1.0,0.4,0.9172209251374085,0.8210395845513077,0.8210395845513077
209,0.5,2,1,1.0019129750804032,3,0.013900832850222958,0.008025649588036218,5.0,0.9,0.9851075595417486,1.0170594727203923,1.0170594727203923
209,0.5,3,0,0.8984741709433388,4,0.150957973137105,0.0754789865685525,1.0,0.4,0.9172209251374085,0.9795613535623806,0.9795613535623806
209,0.5,3,1,1.0254612823273164,1,,,5.0,0.9,0.9851075595417486,1.0409637733409938,1.0409637733409938
209,0.9,1,0,0.9327936828322727,3,0.07799908953085784,0.045032795337186494,1.0,0.4,0.9172209251374085,1.016978197147575,1.016978197147575
209,0.9,1,1,1.1609672813328273,2,0.21585442628278298,0.15263212857368758,5.0,0.9,0.9851075595417486,1.1785182948681108,1.1785182948681108
209,0.9,2,0,0.9270320548204533,4,0.1100139665502248,0.0550069832751124,1.0,0.4,0.9172209251374085,1.0106965829214756,1.0106965829214756
209,0.9,2,1,0.743023142650832,1,,,5.0,0.9,0.9851075595417486,0.7542558530324047,0.7542558530324047
209,0.9,3,0,1.102406907060642,4,0.2583965629980138,0.1291982814990069,1.0,0.4,0.9172209251374085,1.2018989938498086,1.2018989938498086
209,0.9,3,1,0.9331146345908511,1,,,5.0,0.9,0.9851075595417486,0.9472210679460388,0.9472210679460388
210,0.1,1,0,1.0704049829036704,2,0.032899059914578296,0.023263148360260832,1.0,0.4,1.0611778922581647,1.008695140289693,1.008695140289693
210,0.1,1,1,1.0229292731329573,3,0.03188909157911634,0.018411175607415446,5.0,0.9,1.0335165705847118,0.9897560447959101,0.9897560447959101
210,0.1,2,0,1.0653356105300267,3,0.0033439791280935258,0.0019306472497692872,1.0,0.4,1.0611778922581647,1.0039180219473047,1.0039180219473047
210,0.1,2,1,1.0748451510482961,2,0.003350611146355972,0.002369239862707539,5.0,0.9,1.0335165705847118,1.039988309466778,1.039988309466778
210,0.1,3,0,1.0717045942464578,2,0.005551718578904247,0.003925657854382536,1.0,0.4,1.0611778922581647,1.0099198278300847,1.0099198278300847
210,0.1,3,1,1.017555895264559,3,0.052667873130933504,0.030407810729789517,5.0,0.9,1.0335165705847118,0.9845569236387539,0.9845569236387539
210,0.5,1,0,1.0653755739765507,3,0.012213330643325618,0.007051369734625951,1.0,0.4,1.0611778922581647,1.0039556814639752,1.0039556814639752
210,0.5,1,1,1.0684221352098402,2,0.05489787228033039,0.03881865776213461,5.0,0.9,1.0335165705847118,1.0337735897213343,1.0337735897213343
210,0.5,2,0,1.0723964316654335,2,0.0001124010153342186,7.947952015507909e-05,1.0,0.4,1.0611778922581647,1.0105717801785297,1.0105717801785297
210,0.5,2,1,1.07131457489865,3,0.01532048633765582,0.008845286911161572,5.0,0.9,1.0335165705847118,1.036572228631568,1.036572228631568
210,0.5,3,0,1.0549993683600394,4,0.03089239204383606,0.01544619602191803,1.0,0.4,1.0611778922581647,0.9941776737498954,0.9941776737498954
210,0.5,3,1,1.0244097639055623,1,,,5.0,0.9,1.0335165705847118,0.9911885237853542,0.9911885237853542
210,0.9,1,0,1.017883650243868,1,,,1.0,0.4,1.0611778922581647,0.9592017112963336,0.9592017112963336
210,0.9,1,1,0.9234091284696389,4,0.2466743027623638,0.1233371513811819,5.0,0.9,1.0335165705847118,0.893463302622444,0.893463302622444
210,0.9,2,0,1.0787684896591576,3,0.028050221292545467,0.016194802814079697,1.0,0.4,1.0611778922581647,1.0165764831036581,1.0165764831036581
210,0.9,2,1,1.0485230418112677,2,0.011432653243580566,0.008084106635490196,5.0,0.9,1.0335165705847118,1.014519816763137,1.014519816763137
210,0.9,3,0,1.0537323287382794,3,0.012489422946021858,0.007210771699908809,1.0,0.4,1.0611778922581647,0.9929836801405264,0.9929836801405264
210,0.9,3,1,1.050240171521636,2,0.013861041368337598,0.009801236345858777,5.0,0.9,1.0335165705847118,1.016181260574722,1.016181260574722
211,0.1,1,1,0.8090712925188731,5,0.00729483394628541,0.003262348917693445,5.0,0.9,0.8096872781623465,0.9992392301817172,0.9992392301817172
211,0.1,2,1,0.8085972401887538,5,0.009813852703184734,0.0043888883530982265,5.0,0.9,0.8096872781623465,0.9986537543530798,0.9986537543530798
211,0.1,3,1,0.8095558064419224,5,0.0046751581149805585,0.002090794270131261,5.0,0.9,0.8096872781623465,0.9998376265454948,0.9998376265454948
211,0.5,1,1,0.8180766869824975,5,0.005742461873808671,0.0025681070216074017,5.0,0.9,0.8096872781623465,1.0103612950906076,1.0103612950906076
211,0.5,2,0,0.8003676043314515,2,0.0006303456771466089,0.0004457217028019933,1.0,0.4,0.8086728722337637,0.9897297557671609,0.9897297557671609
211,0.5,2,1,0.8079470847205451,3,0.006113920701964253,0.0035298737630830874,5.0,0.9,0.8096872781623465,0.9978507832730793,0.9978507832730793
211,0.5,3,0,0.8062526827786357,3,0.005345547960285994,0.0030862535538371738,1.0,0.4,0.8086728722337637,0.9970072083060697,0.9970072083060697
211,0.5,3,1,0.8113625852837548,2,0.00043153064013171235,0.0003051382419269055,5.0,0.9,0.8096872781623465,1.0020690792193383,1.0020690792193383
211,0.9,1,0,0.8114040077938611,4,0.00926114347207764,0.00463057173603882,1.0,0.4,0.8086728722337637,1.003377305773289,1.003377305773289
211,0.9,1,1,0.8032002510000785,1,,,5.0,0.9,0.8096872781623465,0.9919882313366823,0.9919882313366823
211,0.9,2,0,0.8061297872079353,5,0.010830432470543506,0.004843516645971254,1.0,0.4,0.8086728722337637,0.9968552363840228,0.9968552363840228
211,0.9,3,0,0.8192102790569356,5,0.006752611759705258,0.0030198597840730866,1.0,0.4,0.8086728722337637,1.013030493769458,1.013030493769458
212,0.1,1,1,0.9005834169477265,5,0.10073156882856274,0.045048527076173024,5.0,0.9,0.9221368531794579,0.9766266404412568,0.9766266404412568
212,0.1,2,1,0.938441680002752,5,0.06232812801920122,0.027873986232248647,5.0,0.9,0.9221368531794579,1.0176815694623593,1.0176815694623593
212,0.1,3,1,0.9420504385609506,5,0.06102525208808701,0.027291322402604706,5.0,0.9,0.9221368531794579,1.0215950434177228,1.0215950434177228
212,0.5,1,1,0.9490907791189279,3,0.06997855718313055,0.04040213882718204,5.0,0.9,0.9221368531794579,1.0292298543828229,1.0292298543828229
212,0.5,2,1,0.8741821460632426,5,0.07441518960560953,0.03327948450333573,5.0,0.9,0.9221368531794579,0.9479961060542466,0.9479961060542466
212,0.5,3,0,0.8985711543492745,1,,,1.0,0.4,0.9024289470161002,0.995725100929462,0.995725100929462
212,0.5,3,1,0.8713497417909802,4,0.15055721786220153,0.07527860893110076,5.0,0.9,0.9221368531794579,0.9449245399819262,0.9449245399819262
212,0.9,1,0,0.8538492005586709,1,,,1.0,0.4,0.9024289470161002,0.9461677879260642,0.9461677879260642
212,0.9,1,1,0.9792597697716258,4,0.19932458306095172,0.09966229153047586,5.0,0.9,0.9221368531794579,1.0619462462596656,1.0619462462596656
212,0.9,2,0,0.9342194888984053,5,0.08921699960159188,0.03989905517154622,1.0,0.4,0.9024289470161002,1.0352277506028826,1.0352277506028826
212,0.9,3,0,0.9230759442580503,5,0.06899519583453763,0.030855589601387293,1.0,0.4,0.9024289470161002,1.0228793605415913,1.0228793605415913
213,0.1,1,0,0.9328057448827067,2,0.04525223689232233,0.03199816357042118,1.0,0.4,1.0809616346871656,0.8629406585300914,0.8629406585300914
213,0.1,1,1,1.0631817301468813,3,0.017629798792571764,0.010178569078650248,5.0,0.9,1.1320435896081171,0.9391703110256788,0.9391703110256788
213,0.1,2,0,0.9982191696866939,2,0.022411300611903367,0.01584718263788709,1.0,0.4,1.0809616346871656,0.9234547625509228,0.9234547625509228
213,0.1,2,1,1.0808017082323722,3,0.045634084353878786,0.026346850885934008,5.0,0.9,1.1320435896081171,0.9547350633437327,0.9547350633437327
213,0.1,3,0,1.0338355175645078,3,0.012133601843489205,0.007005338290578232,1.0,0.4,1.0809616346871656,0.9564035247779202,0.9564035247779202
213,0.1,3,1,1.0478323779864887,2,0.05491185935641705,0.03882854811848446,5.0,0.9,1.1320435896081171,0.925611334762489,0.925611334762489
213,0.5,1,0,1.0426226100104274,2,0.01918338017456485,0.013564698207514379,1.0,0.4,1.0809616346871656,0.9645324834420849,0.9645324834420849
213,0.5,1,1,1.2659813407425202,3,0.1754423135721466,0.10129166696812958,5.0,0.9,1.1320435896081171,1.1183150122167722,1.1183150122167722
213,0.5,2,0,1.0305781410310668,3,0.07366009207158222,0.04252767398606062,1.0,0.4,1.0809616346871656,0.9533901185395169,0.9533901185395169
213,0.5,2,1,1.3406590050942735,2,0.05861044455532763,0.04144384279343032,5.0,0.9,1.1320435896081171,1.1842821401942423,1.1842821401942423
213,0.5,3,0,1.11122638163104,4,0.15391201761105347,0.07695600880552673,1.0,0.4,1.0809616346871656,1.0279979843619826,1.0279979843619826
213,0.5,3,1,1.0919754732071447,1,,,5.0,0.9,1.1320435896081171,0.9646055003810914,0.9646055003810914
213,0.9,1,0,1.0908936433322194,4,0.05057463046775009,0.025287315233875046,1.0,0.4,1.0809616346871656,1.0091881231732411,1.0091881231732411
213,0.9,1,1,1.0338734918471402,1,,,5.0,0.9,1.1320435896081171,0.9132806380759942,0.9132806380759942
213,0.9,2,0,1.2585196166871306,5,0.1334335858102256,0.05967331367064316,1.0,0.4,1.0809616346871656,1.1642592820154538,1.1642592820154538
213,0.9,3,0,1.2299538873586973,5,0.18279952776038075,0.08175043406541424,1.0,0.4,1.0809616346871656,1.137833062608786,1.137833062608786
214,0.1,1,1,1.1181272498046695,5,0.08506070521689715,0.038040303815810604,5.0,0.9,1.1763541172463856,0.9505022623816596,0.9505022623816596
214,0.1,2,1,1.1110213138506881,5,0.0009261996815579448,0.00041420908974044453,5.0,0.9,1.1763541172463856,0.944461618795003,0.944461618795003
214,0.1,3,1,1.1169910107088852,5,0.08715059159593391,0.03897492941756602,5.0,0.9,1.1763541172463856,0.9495363635259272,0.9495363635259272
214,0.5,1,1,1.2212393243909152,5,0.061160230185659005,0.027351686442933624,5.0,0.9,1.1763541172463856,1.0381562035499965,1.0381562035499965
214,0.5,2,1,1.1662231275019723,5,0.07571714097045129,0.033861734854372695,5.0,0.9,1.1763541172463856,0.9913878061071202,0.9913878061071202
214,0.5,3,0,1.1112323414222198,3,0.0010437694546404583,0.0006026205756085775,1.0,0.4,1.1445722217353067,0.9708713179649426,0.9708713179649426
214,0.5,3,1,1.1801887045923718,2,0.09794618125829284,0.0692584089590656,5.0,0.9,1.1763541172463856,1.0032597219576722,1.0032597219576722
214,0.9,1,0,1.2039577468419365,3,0.07978118496928516,0.046061688618284115,1.0,0.4,1.1445722217353067,1.0518844717518954,1.0518844717518954
214,0.9,1,1,1.2480236713813357,2,0.0032266398578248215,0.002281578923914729,5.0,0.9,1.1763541172463856,1.060925152625567,1.060925152625567
214,0.9,2,0,1.1104034009888466,3,0.00034475326041091543,0.00019904338770224318,1.0,0.4,1.1445722217353067,0.9701470819424081,0.9701470819424081
214,0.9,2,1,1.2490185357402477,2,0.00020194111728590242,0.00014279393343324953,5.0,0.9,1.1763541172463856,1.0617708710570548,1.0617708710570548
214,0.9,3,0,1.152695397688224,5,0.06218153860727687,0.027808429454279734,1.0,0.4,1.1445722217353067,1.007097128340754,1.007097128340754
215,0.1,1,1,0.7984940754932958,5,0.059853383110705406,0.02676724666377502,5.0,0.9,0.7893618427335106,1.0115691337804735,1.0115691337804735
215,0.1,2,0,0.7743153014091271,2,0.036146900014424346,0.025559718119071567,1.0,0.4,0.7475786235209074,1.0357643691874128,1.0357643691874128
215,0.1,2,1,0.7530571785293111,3,0.012943571206388626,0.007472974320283563,5.0,0.9,0.7893618427335106,0.9540075764512778,0.9540075764512778
215,0.1,3,0,0.7193021875356116,4,0.031050484387522503,0.015525242193761252,1.0,0.4,0.7475786235209074,0.9621759703987777,0.9621759703987777
215,0.1,3,1,0.7901691841734668,1,,,5.0,0.9,0.7893618427335106,1.0010227773832598,1.0010227773832598
215,0.5,1,1,0.8157269327379687,5,0.10030712436991199,0.04485870974372979,5.0,0.9,0.7893618427335106,1.0334005123849885,1.0334005123849885
215,0.5,2,0,0.7464965457260309,5,0.04658798308720511,0.020834779423520227,1.0,0.4,0.7475786235209074,0.9985525565327427,0.9985525565327427
215,0.5,3,0,0.7994531507164871,5,0.06757714177246438,0.030221416545674194,1.0,0.4,0.7475786235209074,1.0693900622134749,1.0693900622134749
215,0.9,1,0,0.7266483589671642,5,0.0387130011925433,0.017312980455911446,1.0,0.4,0.7475786235209074,0.9720025909045299,0.9720025909045299
215,0.9,2,0,0.7337075073514421,5,0.050707486218578963,0.022677077230575264,1.0,0.4,0.7475786235209074,0.981445274472756,0.981445274472756
215,0.9,3,0,0.7331273129404888,5,0.0726919819558325,0.03250884261448592,1.0,0.4,0.7475786235209074,0.9806691762903057,0.9806691762903057
216,0.1,1,1,1.197202544876434,5,0.1917183612497901,0.08573905765787844,5.0,0.9,1.268437646745585,0.9438402809535669,0.9438402809535669
216,0.1,2,0,1.1741734261671877,1,,,1.0,0.4,1.1324055743098402,1.0368841807254467,1.0368841807254467
216,0.1,2,1,1.1057974524255954,4,0.08090198466562579,0.04045099233281289,5.0,0.9,1.268437646745585,0.8717791176119114,0.8717791176119114
216,0.1,3,0,1.117809877551918,4,0.054107621297054195,0.027053810648527098,1.0,0.4,1.1324055743098402,0.9871108928735027,0.9871108928735027
216,0.1,3,1,0.9566237906451256,1,,,5.0,0.9,1.268437646745585,0.7541748647239568,0.7541748647239568
216,0.5,1,0,1.185038680110315,2,0.014341423488314207,0.010140917800455007,1.0,0.4,1.1324055743098402,1.046479023942065,1.046479023942065
216,0.5,1,1,1.5608525508813431,3,0.09705581305867546,0.05603519979584427,5.0,0.9,1.268437646745585,1.2305315557970102,1.2305315557970102
216,0.5,2,0,1.127962346114042,5,0.11035103760396452,0.04935048429402003,1.0,0.4,1.1324055743098402,0.9960762925434148,0.9960762925434148
216,0.5,3,0,1.0705654344850295,5,0.12201159893159882,0.054565245850899134,1.0,0.4,1.1324055743098402,0.9453904667835108,0.9453904667835108
216,0.9,1,0,1.1862060809968265,2,0.04566424552954679,0.03228949767171002,1.0,0.4,1.1324055743098402,1.0475099274566673,1.0475099274566673
216,0.9,1,1,1.5217118948994262,3,0.26392944952364,0.1523797387295433,5.0,0.9,1.268437646745585,1.1996741809135545,1.1996741809135545
216,0.9,2,0,1.064946046259674,5,0.10721845945596337,0.04794955275726784,1.0,0.4,1.1324055743098402,0.9404281208247492,0.9404281208247492
216,0.9,3,0,1.1325427027937294,5,0.08725567333732788,0.03902192340095621,1.0,0.4,1.1324055743098402,1.0001210948506436,1.0001210948506436
217,0.1,1,1,1.9449022648484529,5,0.1373375361501531,0.061419213338815414,5.0,0.9,2.0206449227866248,0.9625156022792382,0.9625156022792382
217,0.1,2,0,1.8489430700117606,2,0.06368147442804072,0.04502960240402531,1.0,0.4,1.6835934556914482,1.0982123170895812,1.0982123170895812
217,0.1,2,1,1.965293108439466,3,0.015605195415421828,0.009009663773850507,5.0,0.9,2.0206449227866248,0.9726068574824991,0.9726068574824991
217,0.1,3,0,1.9508019024787377,2,0.017042039450683822,0.012050541660827195,1.0,0.4,1.6835934556914482,1.1587131655115324,1.1587131655115324
217,0.1,3,1,2.548038947304875,3,0.7223312398129988,0.417038135750111,5.0,0.9,2.0206449227866248,1.2610028207187105,1.2610028207187105
217,0.5,1,1,1.922767543998801,4,0.02225203535765376,0.01112601767882688,5.0,0.9,2.0206449227866248,0.9515613170408765,0.9515613170408765
217,0.5,2,0,1.839587464150063,3,0.4175340445599839,0.2410633930225399,1.0,0.4,1.6835934556914482,1.0926553901307179,1.0926553901307179
217,0.5,2,1,1.8771700752699347,2,0.014630617885526258,0.010345409119804805,5.0,0.9,2.0206449227866248,0.9289955172733529,0.9289955172733529
217,0.5,3,0,1.5749133998913007,5,0.49774053133774376,0.22259633264561188,1.0,0.4,1.6835934556914482,0.9354475657809487,0.9354475657809487
217,0.9,1,0,1.4053239142413787,2,0.5411122778622866,0.38262416105972213,1.0,0.4,1.6835934556914482,0.8347169024033865,0.8347169024033865
217,0.9,1,1,2.0653192029593224,3,0.12010977850425382,0.06934541295173727,5.0,0.9,2.0206449227866248,1.022108921596719,1.022108921596719
217,0.9,2,1,1.9538454190068402,4,0.09984688911463828,0.04992344455731914,5.0,0.9,2.0206449227866248,0.9669414932695533,0.9669414932695533
217,0.9,3,0,1.481990983375449,3,0.3045452459492113,0.17582927972919793,1.0,0.4,1.6835934556914482,0.8802546590838335,0.8802546590838335
217,0.9,3,1,1.8878228204653074,1,,,5.0,0.9,2.0206449227866248,0.9342674703390512,0.9342674703390512
218,0.1,1,1,0.8947479616213123,5,0.17875331026336763,0.07994091059040016,5.0,0.9,0.925397133663692,0.9668799794948163,0.9668799794948163
218,0.1,2,1,0.9365695451462805,5,0.006916774478775162,0.0030932755839153878,5.0,0.9,0.925397133663692,1.0120730992956033,1.0120730992956033
218,0.1,3,1,0.937621263952726,5,0.0049325925126661235,0.002205922432725589,5.0,0.9,0.925397133663692,1.0132096046598265,1.0132096046598265
218,0.5,1,1,0.9432466815342053,5,0.01867131814135266,0.008350067318717916,5.0,0.9,0.925397133663692,1.019288527294056,1.019288527294056
218,0.5,2,1,0.9113035294374086,5,0.09068891782858117,0.04055731701412002,5.0,0.9,0.925397133663692,0.9847702097687657,0.9847702097687657
218,0.5,3,0,0.9227399580738296,2,0.014256809529079317,0.010081086696096973,1.0,0.4,0.891883652855277,1.0345967830218314,1.0345967830218314
218,0.5,3,1,0.9309358298767658,3,0.006118269940826934,0.003532384797311226,5.0,0.9,0.925397133663692,1.0059852100374957,1.0059852100374957
218,0.9,1,0,0.930673114110798,4,0.009811310366636017,0.004905655183318008,1.0,0.4,0.891883652855277,1.043491615897814,1.043491615897814
218,0.9,1,1,0.9233551240771458,1,,,5.0,0.9,0.925397133663692,0.9977933694494365,0.9977933694494365
218,0.9,2,0,0.8592568517796793,5,0.1722251080033874,0.07702140978556345,1.0,0.4,0.891883652855277,0.9634180972247374,0.9634180972247374
218,0.9,3,0,0.8548646874568012,5,0.10219372343456919,0.045702422494701994,1.0,0.4,0.891883652855277,0.9584935038556169,0.9584935038556169
219,0.1,1,0,0.601983534221336,1,,,1.0,0.4,0.6717664304216017,0.8961202986036831,0.8961202986036831
219,0.1,1,1,0.8362323136811394,4,0.25847867132701424,0.12923933566350712,5.0,0.9,0.9606142914737974,0.8705182934538396,0.8705182934538396
219,0.1,2,0,0.6621699859896039,2,0.02494083166167847,0.017635831196404994,1.0,0.4,0.6717664304216017,0.9857146115116603,0.9857146115116603
219,0.1,2,1,1.0015453711584243,3,0.09107422323218806,0.052581727299339846,5.0,0.9,0.9606142914737974,1.0426092762182724,1.0426092762182724
219,0.1,3,0,0.5506662569477587,1,,,1.0,0.4,0.6717664304216017,0.8197287509620862,0.8197287509620862
219,0.1,3,1,0.9337466050063515,4,0.06186512410375412,0.03093256205187706,5.0,0.9,0.9606142914737974,0.9720307237713226,0.9720307237713226
219,0.5,1,0,0.6673543286170833,3,0.023938863955269528,0.013821109548668692,1.0,0.4,0.6717664304216017,0.9934320894812364,0.9934320894812364
219,0.5,1,1,1.0274700753157135,2,0.0012734987865415499,0.0009004996277963694,5.0,0.9,0.9606142914737974,1.0695969073490927,1.0695969073490927
219,0.5,2,0,0.5672983318388694,2,0.002892407777533808,0.0020452411534508663,1.0,0.4,0.6717664304216017,0.8444874678879563,0.8444874678879563
219,0.5,2,1,1.0040770922073583,3,0.09506362736502573,0.05488501084933988,5.0,0.9,0.9606142914737974,1.045244799207473,1.045244799207473
219,0.5,3,0,0.7460721874405968,5,0.20322957025750493,0.09088702682677009,1.0,0.4,0.6717664304216017,1.1106124891837192,1.1106124891837192
219,0.9,1,0,0.7490487062024556,5,0.11712313056964126,0.0523790563382603,1.0,0.4,0.6717664304216017,1.1150433726382418,1.1150433726382418
219,0.9,2,0,0.6737106755437822,5,0.06635639838252722,0.029675483505077586,1.0,0.4,0.6717664304216017,1.0028942278657185,1.0028942278657185
219,0.9,3,0,0.8275938669929293,5,0.13960332928196853,0.062432506831953706,1.0,0.4,0.6717664304216017,1.2319666918656982,1.2319666918656982
220,0.1,1,1,0.905420792681975,5,0.20606666252873806,0.0921558130621534,5.0,0.9,0.9291669760289197,0.9744435780009839,0.9744435780009839
220,0.1,2,1,0.9780745554070706,5,0.19890084713227735,0.08895116299401325,5.0,0.9,0.9291669760289197,1.0526359423439395,1.0526359423439395
220,0.1,3,0,0.42856887701452506,3,0.031454986388995486,0.01816054485904256,1.0,0.4,0.4853062427779879,0.8830895612661254,0.8830895612661254
220,0.1,3,1,0.9357970758218266,2,0.08865922617462824,0.06269154004283146,5.0,0.9,0.9291669760289197,1.0071355310336605,1.0071355310336605
220,0.5,1,0,0.4980696494860274,1,,,1.0,0.4,0.4853062427779879,1.0262996961155482,1.0262996961155482
220,0.5,1,1,1.0788511315783942,4,0.09520711871116473,0.047603559355582366,5.0,0.9,0.9291669760289197,1.161095001663959,1.161095001663959
220,0.5,2,0,0.4395694559851762,5,0.04331222510185454,0.019369815916903902,1.0,0.4,0.4853062427779879,0.9057568546182193,0.9057568546182193
220,0.5,3,0,0.6178201119825752,5,0.25988775959380395,0.11622533939437374,1.0,0.4,0.4853062427779879,1.2730520597593225,1.2730520597593225
220,0.9,1,0,0.4568817324602023,3,0.035557575428408435,0.020529175745322033,1.0,0.4,0.4853062427779879,0.9414297451541564,0.9414297451541564
220,0.9,1,1,0.7476913246553325,2,0.3532023168729551,0.24975175339166628,5.0,0.9,0.9291669760289197,0.8046899469574574,0.8046899469574574
220,0.9,2,0,0.4852985603471126,5,0.10220876477693526,0.04570914918750267,1.0,0.4,0.4853062427779879,0.9999841699318943,0.9999841699318943
220,0.9,3,0,0.4709353121702963,5,0.06304846762286163,0.028196131896382638,1.0,0.4,0.4853062427779879,0.9703879131547339,0.9703879131547339
221,0.1,1,0,0.7338134651904403,1,,,1.0,0.4,0.9489251649980337,0.7733101536957985,0.7733101536957985
221,0.1,1,1,1.0111498765452227,4,0.3914351210878068,0.1957175605439034,5.0,0.9,0.9819918327759053,1.0296927558825955,1.0296927558825955
221,0.1,2,0,0.9484450416543796,1,,,1.0,0.4,0.9489251649980337,0.9994940345547111,0.9994940345547111
221,0.1,2,1,1.1404092254531886,4,0.2947808357427765,0.14739041787138826,5.0,0.9,0.9819918327759053,1.161322515513665,1.161322515513665
221,0.1,3,0,0.9103084873083227,3,0.1600804355830162,0.09242248257584697,1.0,0.4,0.9489251649980337,0.9593048228520834,0.9593048228520834
221,0.1,3,1,0.7172677749029299,2,0.008392469512859092,0.0059343721034440244,5.0,0.9,0.9819918327759053,0.7304213242541432,0.7304213242541432
221,0.5,1,0,0.9076355608177805,3,0.12799178346579682,0.07389609063803809,1.0,0.4,0.9489251649980337,0.9564880290846342,0.9564880290846342
221,0.5,1,1,1.5850291326146024,2,0.0010237036212969455,0.0007238677725442955,5.0,0.9,0.9819918327759053,1.6140960440923675,1.6140960440923675
221,0.5,2,0,0.7841767662722061,4,0.21508698267607448,0.10754349133803724,1.0,0.4,0.9489251649980337,0.8263842030934347,0.8263842030934347
221,0.5,2,1,0.9749698688948536,1,,,5.0,0.9,0.9819918327759053,0.9928492644778909,0.9928492644778909
221,0.5,3,0,0.990764495988732,5,0.3454936478260994,0.15450945646670614,1.0,0.4,0.9489251649980337,1.044091286156148,1.044091286156148
221,0.9,1,0,1.0759003900138742,3,0.2713314638708335,0.15665329370544095,1.0,0.4,0.9489251649980337,1.1338095243960609,1.1338095243960609
221,0.9,1,1,0.723202147006374,1,,,5.0,0.9,0.9819918327759053,0.7364645232965107,0.7364645232965107
221,0.9,2,0,0.8994937469648686,4,0.47770100883097844,0.23885050441548922,1.0,0.4,0.9489251649980337,0.9479079912131243,0.9479079912131243
221,0.9,3,0,1.2897885307716999,3,0.3041092040989101,0.1755775308495486,1.0,0.4,0.9489251649980337,1.3592099549540058,1.3592099549540058
221,0.9,3,1,0.7219148040141666,2,0.332205156987599,0.23490451925107284,5.0,0.9,0.9819918327759053,0.735153572482828,0.735153572482828
222,0.1,1,1,0.9893436632653682,5,0.037157194621150205,0.01661720260521628,5.0,0.9,1.0056589655685613,0.9837765058913693,0.9837765058913693
222,0.1,2,1,1.0006369173205367,5,0.022813515434700588,0.010202514263546235,5.0,0.9,1.0056589655685613,0.9950062114295523,0.9950062114295523
222,0.1,3,0,0.9708191679903392,3,0.01253511440901461,0.007237151678367342,1.0,0.4,0.9974464803390143,0.9733045202188443,0.9733045202188443
222,0.1,3,1,0.9984685423054178,2,0.04036441255409158,0.028541949835609565,5.0,0.9,1.0056589655685613,0.9928500381249241,0.9928500381249241
222,0.5,1,0,1.0005138872892723,4,0.021834671144534527,0.010917335572267263,1.0,0.4,0.9974464803390143,1.0030752596863297,1.0030752596863297
222,0.5,1,1,1.034186739382922,1,,,5.0,0.9,1.0056589655685613,1.0283672445541538,1.0283672445541538
222,0.5,2,0,0.9969994665403051,5,0.024211766477587892,0.010827831139847432,1.0,0.4,0.9974464803390143,0.9995518418205684,0.9995518418205684
222,0.5,3,0,1.0300925660876377,5,0.009101221772589228,0.004070190112362129,1.0,0.4,0.9974464803390143,1.0327296615829729,1.0327296615829729
222,0.9,1,0,0.9983612465753238,5,0.019067491468004082,0.008527241416570876,1.0,0.4,0.9974464803390143,1.0009171080898482,1.0009171080898482
222,0.9,2,0,0.9907340028640291,5,0.0279457565800467,0.012497722279129292,1.0,0.4,0.9974464803390143,0.9932703382013001,0.9932703382013001
222,0.9,3,0,0.9946050250261933,5,0.032545751009904485,0.014554902327385771,1.0,0.4,0.9974464803390143,0.997151270400137,0.997151270400137
223,0.1,1,1,2.2915473346038775,5,0.2823659774847936,0.1262779040378347,5.0,0.9,2.2821844988706874,1.0041025761667486,1.0041025761667486
223,0.1,2,0,1.4927429136175148,2,0.3063110108202297,0.21659459290309035,1.0,0.4,2.049458239066172,0.7283597612106882,0.7283597612106882
223,0.1,2,1,2.4648878316951013,3,0.16698515432201408,0.09640892379848603,5.0,0.9,2.2821844988706874,1.0800563376514136,1.0800563376514136
223,0.1,3,0,1.8548896226840774,3,0.30779278717070957,0.17770424852763436,1.0,0.4,2.049458239066172,0.905063390571574,0.905063390571574
223,0.1,3,1,2.52024454399039,2,0.19880639284903967,0.14057734852679268,5.0,0.9,2.2821844988706874,1.104312357409098,1.104312357409098
223,0.5,1,1,2.069778678708746,5,0.4417238899390106,0.19754492903785262,5.0,0.9,2.2821844988706874,0.9069287254089019,0.9069287254089019
223,0.5,2,0,2.5991626409017714,1,,,1.0,0.4,2.049458239066172,1.268219372006365,1.268219372006365
223,0.5,2,1,2.158678474427776,4,0.5779777690169355,0.28898888450846777,5.0,0.9,2.2821844988706874,0.945882541703343,0.945882541703343
223,0.5,3,0,2.198527346497737,3,0.4077129246346725,0.23539316678991778,1.0,0.4,2.049458239066172,1.0727358599409607,1.0727358599409607
223,0.5,3,1,2.5399975636180727,2,0.16324540652418923,0.11543193395080886,5.0,0.9,2.2821844988706874,1.1129676697370265,1.1129676697370265
223,0.9,1,1,2.339120377489551,5,0.23967281229522383,0.10718494013013358,5.0,0.9,2.2821844988706874,1.0249479735959286,1.0249479735959286
223,0.9,2,0,1.7973940310583427,1,,,1.0,0.4,2.049458239066172,0.8770093465662996,0.8770093465662996
223,0.9,2,1,1.7600840478757704,4,1.1370181783606599,0.5685090891803299,5.0,0.9,2.2821844988706874,0.7712277639019666,0.7712277639019666
223,0.9,3,0,2.3540328796375904,4,0.44699661799061047,0.22349830899530523,1.0,0.4,2.049458239066172,1.1486122697041128,1.1486122697041128
223,0.9,3,1,2.3953216374269006,1,,,5.0,0.9,2.2821844988706874,1.0495740544255725,1.0495740544255725
224,0.1,1,1,1.0752045558013366,5,0.13185743989580226,0.058968439789221325,5.0,0.9,1.119244048977768,0.9606524660848956,0.9606524660848956
224,0.1,2,0,1.1198669345692227,2,0.0038971686293191336,0.002755714365219042,1.0,0.4,1.039710835846303,1.0770946074229133,1.0770946074229133
224,0.1,2,1,1.1306624182205958,3,0.008171595289918364,0.004717872740343045,5.0,0.9,1.119244048977768,1.0102018583464942,1.0102018583464942
224,0.1,3,0,0.569458347236125,1,,,1.0,0.4,1.039710835846303,0.5477083892971046,0.5477083892971046
224,0.1,3,1,1.1471215704721969,4,0.005986506988227878,0.002993253494113939,5.0,0.9,1.119244048977768,1.024907455634801,1.024907455634801
224,0.5,1,1,1.1316421471601636,5,0.01694441560894495,0.00757777302812188,5.0,0.9,1.119244048977768,1.0110772071504148,1.0110772071504148
224,0.5,2,0,1.156728934334305,1,,,1.0,0.4,1.039710835846303,1.112548695708025,1.112548695708025
224,0.5,2,1,1.149167291037803,4,0.007993024888573187,0.0039965124442865934,5.0,0.9,1.119244048977768,1.0267352255188353,1.0267352255188353
224,0.5,3,1,1.1460023434291111,5,0.006670419131315972,0.002983102123207522,5.0,0.9,1.119244048977768,1.0239074708288887,1.0239074708288887
224,0.9,1,0,1.1338119780339817,1,,,1.0,0.4,1.039710835846303,1.0905070322856474,1.0905070322856474
224,0.9,1,1,1.0101317360919437,4,0.28839007891573615,0.14419503945786807,5.0,0.9,1.119244048977768,0.9025124922616483,0.9025124922616483
224,0.9,2,0,1.1328044897738923,2,0.01674593177305297,0.011841161914013021,1.0,0.4,1.039710835846303,1.089538024148621,1.089538024148621
224,0.9,2,1,1.1471836410437326,3,0.00800559082249002,0.004622030016386611,5.0,0.9,1.119244048977768,1.0249629132194025,1.0249629132194025
224,0.9,3,0,1.1255943311302912,2,0.011219455491127725,0.007933353058997061,1.0,0.4,1.039710835846303,1.0826032511376884,1.0826032511376884
224,0.9,3,1,1.1360807375430273,3,0.0031548502612973746,0.0018214536476130006,5.0,0.9,1.119244048977768,1.0150429109546186,1.0150429109546186
225,0.1,1,1,1.06265537057656,5,0.08989331578509792,0.04020151296366676,5.0,0.9,1.040586356988053,1.0212082480615883,1.0212082480615883
225,0.1,2,1,1.0300774833462047,5,0.07355987345025951,0.03289697549021245,5.0,0.9,1.040586356988053,0.9899010076662298,0.9899010076662298
225,0.1,3,1,0.9961918745224148,5,0.0005935477968350191,0.00026544264432366746,5.0,0.9,1.040586356988053,0.9573370512043453,0.9573370512043453
225,0.5,1,1,1.1290973065340295,5,0.07359951376780571,0.032914703179149046,5.0,0.9,1.040586356988053,1.0850587257382165,1.0850587257382165
225,0.5,2,0,1.161656267725468,2,0.0,0.0,1.0,0.4,1.0934249561693243,1.0624014580709622,1.0624014580709622
225,0.5,2,1,0.9963997275469495,3,0.0,0.0,5.0,0.9,1.040586356988053,0.9575367972639961,0.9575367972639961
225,0.5,3,0,1.1075033034927768,3,0.09441015397657153,0.05450772781260759,1.0,0.4,1.0934249561693243,1.0128754582049913,1.0128754582049913
225,0.5,3,1,0.9963997275469495,2,0.0,0.0,5.0,0.9,1.040586356988053,0.9575367972639961,0.9575367972639961
225,0.9,1,0,1.0794660250519053,4,0.09531571068952106,0.04765785534476053,1.0,0.4,1.0934249561693243,0.987233754782475,0.987233754782475
225,0.9,1,1,1.161656267725468,1,,,5.0,0.9,1.040586356988053,1.1163477782736346,1.1163477782736346
225,0.9,2,0,1.1206967286111575,4,0.08286736491994937,0.04143368245997468,1.0,0.4,1.0934249561693243,1.0249416041658463,1.0249416041658463
225,0.9,2,1,0.9963997275469495,1,,,5.0,0.9,1.040586356988053,0.9575367972639961,0.9575367972639961
225,0.9,3,0,0.9978024559653147,4,0.000537455813317115,0.0002687279066585575,1.0,0.4,1.0934249561693243,0.9125477247757259,0.9125477247757259
225,0.9,3,1,0.9963997275469495,1,,,5.0,0.9,1.040586356988053,0.9575367972639961,0.9575367972639961
226,0.1,1,0,0.971893810049264,5,0.12950330573087732,0.05791563898503595,1.0,0.4,0.9591411597339687,1.0132959055983297,1.0132959055983297
226,0.1,2,0,0.9310278448937132,5,0.11245816164211264,0.05029281881128465,1.0,0.4,0.9591411597339687,0.9706890747467732,0.9706890747467732
226,0.1,3,0,0.8786297891173647,5,0.07113328254896634,0.031811771048437645,1.0,0.4,0.9591411597339687,0.9160588931050201,0.9160588931050201
226,0.5,1,0,1.011920152861943,5,0.10177340551857668,0.04551445060823794,1.0,0.4,0.9591411597339687,1.0550273466969275,1.0550273466969275
226,0.5,2,0,0.9508694252011046,4,0.06365617164227831,0.031828085821139156,1.0,0.4,0.9591411597339687,0.9913758945188439,0.9913758945188439
226,0.5,2,1,0.9362619323497594,1,,,5.0,0.9,0.9362619323497594,1.0,1.0
226,0.5,3,0,0.9669594907460223,5,0.13724630278603386,0.061378412538018096,1.0,0.4,0.9591411597339687,1.0081513872412922,1.0081513872412922
226,0.9,1,0,0.9084097337921729,5,0.13576144119710654,0.060714362248014124,1.0,0.4,0.9591411597339687,0.9471074456278501,0.9471074456278501
226,0.9,2,0,1.0051895949358405,5,0.12407952869605358,0.05549005215610233,1.0,0.4,0.9591411597339687,1.0480100710250448,1.0480100710250448
226,0.9,3,0,1.0073705960082933,5,0.08625809310396397,0.03857579195799385,1.0,0.4,0.9591411597339687,1.0502839814399183,1.0502839814399183
227,0.1,1,0,1.096851744487164,2,0.0006542927542859619,0.00046265484343682717,1.0,0.4,1.0492327702748532,1.0453845662863128,1.0453845662863128
227,0.1,1,1,0.9834460174303166,3,0.19938604775690197,0.11511558834510294,5.0,0.9,1.070766542902171,0.9184504539755382,0.9184504539755382
227,0.1,2,0,0.8976529198032877,3,0.19355263986289123,0.11174766872720295,1.0,0.4,1.0492327702748532,0.8555326760983092,0.8555326760983092
227,0.1,2,1,1.0291763693927853,2,0.11447241481348545,0.08094422077341495,5.0,0.9,1.070766542902171,0.9611585048252805,0.9611585048252805
227,0.1,3,0,1.1013417224597348,1,,,1.0,0.4,1.0492327702748532,1.0496638626443504,1.0496638626443504
227,0.1,3,1,1.0511265419882068,4,0.057025599439248544,0.028512799719624272,5.0,0.9,1.070766542902171,0.981657999080983,0.981657999080983
227,0.5,1,1,1.067970392779721,5,0.039776462735609794,0.017788574916262147,5.0,0.9,1.070766542902171,0.9973886463478103,0.9973886463478103
227,0.5,2,0,0.9968854312844084,3,0.17556839395586712,0.10136445951161016,1.0,0.4,1.0492327702748532,0.9501089362880536,0.9501089362880536
227,0.5,2,1,1.097932256537431,2,0.0004367681259526229,0.00030884170366723973,5.0,0.9,1.070766542902171,1.025370342223834,1.025370342223834
227,0.5,3,0,1.01439648044575,4,0.11523285745551287,0.057616428727756436,1.0,0.4,1.0492327702748532,0.9667983208149535,0.9667983208149535
227,0.5,3,1,1.1878661330549272,1,,,5.0,0.9,1.070766542902171,1.1093605239433173,1.1093605239433173
227,0.9,1,0,1.1128779484724816,4,0.02239949182813364,0.01119974591406682,1.0,0.4,1.0492327702748532,1.0606587784910264,1.0606587784910264
227,0.9,1,1,1.1007201977856604,1,,,5.0,0.9,1.070766542902171,1.0279740295230966,1.0279740295230966
227,0.9,2,0,1.0734419261943626,3,0.04619175726019089,0.02666882348851306,1.0,0.4,1.0492327702748532,1.0230731984411503,1.0230731984411503
227,0.9,2,1,1.0211917227624034,1,,,5.0,0.9,1.070766542902171,0.9537015603743075,0.9537015603743075
227,0.9,3,0,1.1004139890516373,2,0.0030729316538203673,0.0021728908105391738,1.0,0.4,1.0492327702748532,1.0487796609358444,1.0487796609358444
227,0.9,3,1,1.0974692543880882,2,0.0010915520449611123,0.0007718438530100457,5.0,0.9,1.070766542902171,1.0249379397058325,1.0249379397058325
228,0.1,1,1,0.9504678637026915,5,0.034040844109473556,0.015223528288051232,5.0,0.9,0.8538101491018323,1.1132075025139236,1.1132075025139236
228,0.1,2,0,0.8991530297464623,3,0.13310614265454368,0.07684886729239353,1.0,0.4,0.8877713403851077,1.0128205190273627,1.0128205190273627
228,0.1,2,1,0.7518407886048095,2,0.002810387947110633,0.001987244375166869,5.0,0.9,0.8538101491018323,0.8805713886110517,0.8805713886110517
228,0.1,3,0,0.9674981103552532,1,,,1.0,0.4,0.8877713403851077,1.0898055234983828,1.0898055234983828
228,0.1,3,1,0.8670494754916556,4,0.12460963643449666,0.06230481821724833,5.0,0.9,0.8538101491018323,1.0155061712533524,1.0155061712533524
228,0.5,1,0,0.8633334079918157,2,0.1651214197470271,0.11675847562227315,1.0,0.4,0.8877713403851077,0.9724727176001299,0.9724727176001299
228,0.5,1,1,0.7951419168742458,3,0.09102555440967355,0.05255362834155996,5.0,0.9,0.8538101491018323,0.9312865602624862,0.9312865602624862
228,0.5,2,0,0.8294924293848072,5,0.1410223968741285,0.06306713315210104,1.0,0.4,0.8877713403851077,0.9343536918244966,0.9343536918244966
228,0.5,3,0,0.858403672733375,5,0.13081591257999914,0.05850265461350959,1.0,0.4,0.8877713403851077,0.9669197840527345,0.9669197840527345
228,0.9,1,0,1.0094637223974763,1,,,1.0,0.4,0.8877713403851077,1.1370762678141642,1.1370762678141642
228,0.9,1,1,0.7812616132963693,4,0.06207566000772748,0.03103783000386374,5.0,0.9,0.8538101491018323,0.9150296633487192,0.9150296633487192
228,0.9,2,0,0.7785533458646285,4,0.034232023423914924,0.017116011711957462,1.0,0.4,0.8877713403851077,0.8769750840648884,0.8769750840648884
228,0.9,2,1,0.9770992366412213,1,,,5.0,0.9,0.8538101491018323,1.1443987140104663,1.1443987140104663
228,0.9,3,0,0.8962730046070433,5,0.10528984703336844,0.04708705106143328,1.0,0.4,0.8877713403851077,1.0095764121178405,1.0095764121178405
229,0.1,1,1,0.9843205152565349,5,0.04988293629043201,0.02230832729253943,5.0,0.9,0.9734827759156739,1.0111329543870633,1.0111329543870633
229,0.1,2,1,0.9673111204872888,5,0.06742500692241168,0.03015337977238128,5.0,0.9,0.9734827759156739,0.9936602315099208,0.9936602315099208
229,0.1,3,1,0.9798807309523305,5,0.05868024247379166,0.026242602221513714,5.0,0.9,0.9734827759156739,1.006572232395831,1.006572232395831
229,0.5,1,1,0.9663116991622422,5,0.049821753988402856,0.02228096573526801,5.0,0.9,0.9734827759156739,0.9926335864066147,0.9926335864066147
229,0.5,2,1,1.0015151409512093,5,0.049468674663114276,0.022123063860709006,5.0,0.9,0.9734827759156739,1.0287959537950404,1.0287959537950404
229,0.5,3,0,0.988223609524981,2,0.08105496954747721,0.057314518615890236,1.0,0.4,1.0065756054963775,0.9817678911835476,0.9817678911835476
229,0.5,3,1,0.9928423639928431,3,0.058679822484832535,0.03387881130761752,5.0,0.9,0.9734827759156739,1.019886934372269,1.019886934372269
229,0.9,1,0,0.9526603250776398,4,0.04719840141371627,0.023599200706858135,1.0,0.4,1.0065756054963775,0.9464369292039914,0.9464369292039914
229,0.9,1,1,0.9221978606072685,1,,,5.0,0.9,0.9734827759156739,0.9473181071332608,0.9473181071332608
229,0.9,2,0,1.04638400407725,5,0.04872279969239978,0.02178949843326235,1.0,0.4,1.0065756054963775,1.0395483442709121,1.0395483442709121
229,0.9,3,0,1.039034483305639,5,0.0653671034645951,0.029233057367819327,1.0,0.4,1.0065756054963775,1.032246835341549,1.032246835341549
230,0.1,1,0,0.9876662286148319,1,,,1.0,0.4,0.9874899606219351,1.0001785010480368,1.0001785010480368
230,0.1,1,1,0.9248437314523876,4,0.04090609832776902,0.02045304916388451,5.0,0.9,0.9657600394953839,0.9576330492361484,0.9576330492361484
230,0.1,2,0,0.9387605427209388,1,,,1.0,0.4,0.9874899606219351,0.9506532523426307,0.9506532523426307
230,0.1,2,1,0.9687908129671612,4,0.03677160886141432,0.01838580443070716,5.0,0.9,0.9657600394953839,1.003138226213378,1.003138226213378
230,0.1,3,0,0.9536676991924745,3,0.07613664566059002,0.043957512867336804,1.0,0.4,0.9874899606219351,0.965749260470295,0.965749260470295
230,0.1,3,1,0.9444931493019053,2,0.06773963573199164,0.04789915578119785,5.0,0.9,0.9657600394953839,0.9779791155941897,0.9779791155941897
230,0.5,1,0,1.0050636606098733,2,0.028248457025642066,0.019974675520888274,1.0,0.4,0.9874899606219351,1.017796332812204,1.017796332812204
230,0.5,1,1,0.9610810254932639,3,0.03672196827835548,0.021201438270681435,5.0,0.9,0.9657600394953839,0.9951550967002478,0.9951550967002478
230,0.5,2,0,0.9886108343211889,4,0.059538374863377874,0.029769187431688937,1.0,0.4,0.9874899606219351,1.001135073513606,1.001135073513606
230,0.5,2,1,0.9816957730410851,1,,,5.0,0.9,0.9657600394953839,1.0165007174598233,1.0165007174598233
230,0.5,3,0,0.9984227145739342,4,0.009464126027947023,0.0047320630139735115,1.0,0.4,0.9874899606219351,1.0110712557979966,1.0110712557979966
230,0.5,3,1,1.013655744716501,1,,,5.0,0.9,0.9657600394953839,1.0495937947962135,1.0495937947962135
230,0.9,1,0,0.9999260510650064,5,0.029715725450493665,0.013289276421604879,1.0,0.4,0.9874899606219351,1.0125936373421345,1.0125936373421345
230,0.9,2,0,0.9899681392461549,5,0.029711406541338803,0.013287344946713095,1.0,0.4,0.9874899606219351,1.002509573487369,1.002509573487369
230,0.9,3,0,1.025323775253012,5,0.01822477978465443,0.008150369294690258,1.0,0.4,0.9874899606219351,1.0383131131857266,1.0383131131857266
231,0.1,1,1,0.9188206493576146,5,0.07033087791501552,0.031452924787042674,5.0,0.9,0.9538425777868854,0.9632833244763208,0.9632833244763208
231,0.1,2,0,0.8649196528496316,1,,,1.0,0.4,0.936742108650828,0.9233273970093637,0.9233273970093637
231,0.1,2,1,0.945509073773771,4,0.08867104882565266,0.04433552441282633,5.0,0.9,0.9538425777868854,0.9912632291667564,0.9912632291667564
231,0.1,3,1,0.8982038135668834,5,0.039577976166269124,0.017699809023928856,5.0,0.9,0.9538425777868854,0.9416688188221838,0.9416688188221838
231,0.5,1,1,0.8992837831546409,5,0.047562249089922896,0.02127048442556902,5.0,0.9,0.9538425777868854,0.942801049247736,0.942801049247736
231,0.5,2,0,1.0264640545641222,1,,,1.0,0.4,0.936742108650828,1.0957808398754691,1.0957808398754691
231,0.5,2,1,0.9302194872311348,4,0.030135141309736335,0.015067570654868167,5.0,0.9,0.9538425777868854,0.9752337638244655,0.9752337638244655
231,0.5,3,0,0.908535658697152,4,0.07846368417142997,0.03923184208571499,1.0,0.4,0.936742108650828,0.9698887776121209,0.9698887776121209
231,0.5,3,1,0.9887390921270202,1,,,5.0,0.9,0.9538425777868854,1.036585192517933,1.036585192517933
231,0.9,1,0,0.9285807797306169,4,0.05681411242301811,0.028407056211509053,1.0,0.4,0.936742108650828,0.9912875391798436,0.9912875391798436
231,0.9,1,1,1.0220070861819452,1,,,5.0,0.9,0.9538425777868854,1.0714630589810907,1.0714630589810907
231,0.9,2,0,0.9900947826261179,5,0.05364714253120144,0.02399173149967731,1.0,0.4,0.936742108650828,1.0569555627771798,1.0569555627771798
231,0.9,3,0,0.9018577234373266,4,0.045445786411498185,0.022722893205749092,1.0,0.4,0.936742108650828,0.9627598835460224,0.9627598835460224
231,0.9,3,1,1.027957636902073,1,,,5.0,0.9,0.9538425777868854,1.0777015629635134,1.0777015629635134
232,0.1,1,1,0.6934741384367605,5,0.23091110838708517,0.10326658702266885,5.0,0.9,0.7704755737292607,0.9000598618333904,0.9000598618333904
232,0.1,2,0,0.8656758277675788,2,0.10936342588539745,0.07733162005735694,1.0,0.4,0.7978371208351247,1.085028265996755,1.085028265996755
232,0.1,2,1,0.7377656846298727,3,0.2041210941961377,0.11784936868142105,5.0,0.9,0.7704755737292607,0.9575458454301603,0.9575458454301603
232,0.1,3,0,0.6980328147380492,5,0.19146049075807076,0.08562373446810329,1.0,0.4,0.7978371208351247,0.8749064144914607,0.8749064144914607
232,0.5,1,1,0.7468397888358261,5,0.3115154567007827,0.13931394744496847,5.0,0.9,0.7704755737292607,0.9693231223683932,0.9693231223683932
232,0.5,2,0,0.9777621041781891,1,,,1.0,0.4,0.7978371208351247,1.2255159338220944,1.2255159338220944
232,0.5,2,1,0.7021379702238695,4,0.20884457177213092,0.10442228588606546,5.0,0.9,0.7704755737292607,0.911304646330807,0.911304646330807
232,0.5,3,0,0.8233202258250067,5,0.18507208440745448,0.08276675229452941,1.0,0.4,0.7978371208351247,1.031940234822877,1.031940234822877
232,0.9,1,0,0.7729468599033815,1,,,1.0,0.4,0.7978371208351247,0.9688028291969046,0.9688028291969046
232,0.9,1,1,0.795345913348147,4,0.2118136883210566,0.1059068441605283,5.0,0.9,0.7704755737292607,1.032279205813766,1.032279205813766
232,0.9,2,0,0.783533423953785,2,0.011812191175934846,0.008352480481175428,1.0,0.4,0.7978371208351247,0.9820719085289394,0.9820719085289394
232,0.9,2,1,0.7633479332661685,3,0.08281026192299469,0.047810527012904405,5.0,0.9,0.7704755737292607,0.9907490377292651,0.9907490377292651
232,0.9,3,0,0.6635885894798829,4,0.3130441461625047,0.15652207308125235,1.0,0.4,0.7978371208351247,0.8317344131409691,0.8317344131409691
232,0.9,3,1,0.9544175873641805,1,,,5.0,0.9,0.7704755737292607,1.238738280494218,1.238738280494218
233,0.1,1,1,1.008859757356296,5,0.3502927666464898,0.15665568764960444,5.0,0.9,0.927663587769199,1.0875276023093174,1.0875276023093174
233,0.1,2,1,0.8635441232408569,5,0.2691990769918092,0.120389487126777,5.0,0.9,0.927663587769199,0.9308806927708206,0.9308806927708206
233,0.1,3,1,0.74389835840066,5,0.010704726636536864,0.0047872992879698225,5.0,0.9,0.927663587769199,0.8019053115898956,0.8019053115898956
233,0.5,1,1,1.012604096114353,5,0.354463861402062,0.1585210579324149,5.0,0.9,0.927663587769199,1.0915639133248884,1.0915639133248884
233,0.5,2,0,0.9416873824455185,4,0.3214661685922586,0.1607330842961293,1.0,0.4,0.8632012121089467,1.0909245367540863,1.0909245367540863
233,0.5,2,1,0.7367701550527035,1,,,5.0,0.9,0.927663587769199,0.7942212724167099,0.7942212724167099
233,0.5,3,0,0.7470935008401547,5,0.011197551077736932,0.005007697078269162,1.0,0.4,0.8632012121089467,0.8654917189178625,0.8654917189178625
233,0.9,1,0,0.7451640302522489,2,0.00350590682465018,0.0024790504899183385,1.0,0.4,0.8632012121089467,0.8632564688268763,0.8632564688268763
233,0.9,1,1,1.2003050364503247,3,0.3755418310761039,0.21681917726375355,5.0,0.9,0.927663587769199,1.2939012075883682,1.2939012075883682
233,0.9,2,0,0.7477509707425842,5,0.007141770097048703,0.0031938966833352338,1.0,0.4,0.8632012121089467,0.866253383629643,0.866253383629643
233,0.9,3,0,1.1343101762642274,5,0.3592018758135235,0.1606399623928952,1.0,0.4,0.8632012121089467,1.314073891871532,1.314073891871532
234,0.1,1,1,1.0768011913749163,5,0.07363568226054625,0.03293087822083136,5.0,0.9,1.2950411714164598,0.8314802765669279,0.8314802765669279
234,0.1,2,0,0.9053963929097839,4,0.14029036224666025,0.07014518112333012,1.0,0.4,1.0832116664594995,0.8358443884463425,0.8358443884463425
234,0.1,2,1,1.5767794587519728,1,,,5.0,0.9,1.2950411714164598,1.217551606507892,1.217551606507892
234,0.1,3,0,0.9716737171144855,2,0.06777054612324632,0.04792101272846316,1.0,0.4,1.0832116664594995,0.8970303286064318,0.8970303286064318
234,0.1,3,1,1.0966038563327645,3,0.0035978793431908967,0.002077236607303058,5.0,0.9,1.2950411714164598,0.8467714235936968,0.8467714235936968
234,0.5,1,0,1.0251659057805456,4,0.09637043976487901,0.048185219882439505,1.0,0.4,1.0832116664594995,0.9464132796236605,0.9464132796236605
234,0.5,1,1,1.4299801792061855,1,,,5.0,0.9,1.2950411714164598,1.1041966933314833,1.1041966933314833
234,0.5,2,0,1.139429335300368,5,0.36186035295715235,0.16182886951485193,1.0,0.4,1.0832116664594995,1.0518990614499353,1.0518990614499353
234,0.5,3,0,1.1150078576131857,5,0.15462654937379666,0.06915109510520737,1.0,0.4,1.0832116664594995,1.0293536269394261,1.0293536269394261
234,0.9,1,0,1.2254742487461536,5,0.45548538547010364,0.20369925693376933,1.0,0.4,1.0832116664594995,1.131334056576073,1.131334056576073
234,0.9,2,0,1.0794581918861796,5,0.2938821579772505,0.13142809652229281,1.0,0.4,1.0832116664594995,0.9965348650780431,0.9965348650780431
234,0.9,3,0,1.2040876823252937,5,0.1515432445377125,0.06777219926343978,1.0,0.4,1.0832116664594995,1.1115903932800872,1.1115903932800872
235,0.1,1,0,1.0013445789023347,1,,,1.0,0.4,0.9884622708944135,1.0130326754872137,1.0130326754872137
235,0.1,1,1,0.9113860611035524,4,0.12965786810630528,0.06482893405315264,5.0,0.9,0.95574140481201,0.9535906433632201,0.9535906433632201
235,0.1,2,1,0.9988332070509598,5,0.02897810980047167,0.012959404674661505,5.0,0.9,0.95574140481201,1.0450873029273287,1.0450873029273287
235,0.1,3,0,0.9430451976706277,3,0.05223931236460639,0.030160381055986448,1.0,0.4,0.9884622708944135,0.9540528004344667,0.9540528004344667
235,0.1,3,1,0.9737142254531999,2,0.012252581659970388,0.008663883578806986,5.0,0.9,0.95574140481201,1.0188051083176888,1.0188051083176888
235,0.5,1,1,0.9378755027632991,5,0.06878915127152138,0.030763443671527578,5.0,0.9,0.95574140481201,0.9813067614746428,0.9813067614746428
235,0.5,2,0,0.9814245751493043,1,,,1.0,0.4,0.9884622708944135,0.9928801574401609,0.9928801574401609
235,0.5,2,1,0.8173293015591484,4,0.2428154682669588,0.1214077341334794,5.0,0.9,0.95574140481201,0.8551782913704711,0.8551782913704711
235,0.5,3,0,0.9863454313652653,3,0.06814863247376293,0.0393456313036319,1.0,0.4,0.9884622708944135,0.9978584518686456,0.9978584518686456
235,0.5,3,1,1.0019664964298136,2,0.0019302279489387755,0.001364877271930409,5.0,0.9,0.95574140481201,1.048365689071403,1.048365689071403
235,0.9,1,0,1.0154197035053796,1,,,1.0,0.4,0.9884622708944135,1.0272720906045039,1.0272720906045039
235,0.9,1,1,1.0004707746859922,4,0.012509715702661947,0.0062548578513309736,5.0,0.9,0.95574140481201,1.0468007032538056,1.0468007032538056
235,0.9,2,0,0.9958332352406405,3,0.010061459123926602,0.00580898613363944,1.0,0.4,0.9884622708944135,1.0074570012060828,1.0074570012060828
235,0.9,2,1,1.0014638755025438,2,0.015425582490937185,0.010907533983094159,5.0,0.9,0.95574140481201,1.0478397927099614,1.0478397927099614
235,0.9,3,0,0.9958231744273421,4,0.010475675308734967,0.005237837654367483,1.0,0.4,0.9884622708944135,1.007446822958926,1.007446822958926
235,0.9,3,1,0.9586331987595811,1,,,5.0,0.9,0.95574140481201,1.003025707511479,1.003025707511479
236,0.1,1,1,0.8793688057499611,5,0.04472808908329171,0.020003009538781303,5.0,0.9,0.8759709835191666,1.0038789209856518,1.0038789209856518
236,0.1,2,0,0.8341139575611942,1,,,1.0,0.4,0.8626489334071433,0.966921681879039,0.966921681879039
236,0.1,2,1,0.8668388532913693,4,0.010077044880982404,0.005038522440491202,5.0,0.9,0.8759709835191666,0.9895748484828694,0.9895748484828694
236,0.1,3,0,0.8763191772918856,1,,,1.0,0.4,0.8626489334071433,1.0158468217548822,1.0158468217548822
236,0.1,3,1,0.8730203222138792,4,0.011590377017794482,0.005795188508897241,5.0,0.9,0.8759709835191666,0.9966315536007445,0.9966315536007445
236,0.5,1,0,0.8786546378147619,3,0.01031150730058808,0.00595335151574532,1.0,0.4,0.8626489334071433,1.0185541345821898,1.0185541345821898
236,0.5,1,1,0.8920214023239962,2,0.05278654794278662,0.03732572600577322,5.0,0.9,0.8759709835191666,1.0183230028240753,1.0183230028240753
236,0.5,2,0,0.8615396271602617,3,0.010039260912783891,0.005796169990460668,1.0,0.4,0.8626489334071433,0.9987140698795044,0.9987140698795044
236,0.5,2,1,0.8801861912790936,2,0.033331824768690746,0.02356915932326295,5.0,0.9,0.8759709835191666,1.0048120403977225,1.0048120403977225
236,0.5,3,0,0.8571539587756958,5,0.018107021087809542,0.008097706004472864,1.0,0.4,0.8626489334071433,0.9936301148489868,0.9936301148489868
236,0.9,1,0,0.8410413274556994,4,0.07388858874985847,0.036944294374929236,1.0,0.4,0.8626489334071433,0.9749520284386118,0.9749520284386118
236,0.9,1,1,0.8643903262567003,1,,,5.0,0.9,0.8759709835191666,0.9867796337089368,0.9867796337089368
236,0.9,2,0,0.8787547419701511,5,0.03355300799630206,0.015005361345865081,1.0,0.4,0.8626489334071433,1.0186701773332008,1.0186701773332008
236,0.9,3,0,0.873614039227497,5,0.030167932956857595,0.013491509766437962,1.0,0.4,0.8626489334071433,1.0127109712835853,1.0127109712835853
237,0.1,1,0,1.4058209774848984,1,,,1.0,0.4,1.0952062079941782,1.2836130467700666,1.2836130467700666
237,0.1,1,1,1.075140175431434,4,0.24794956012921465,0.12397478006460733,5.0,0.9,1.0864691194807603,0.9895726957663182,0.9895726957663182
237,0.1,2,0,0.9069469065964756,3,0.0758861061404477,0.04381286380794,1.0,0.4,1.0952062079941782,0.8281060680412949,0.8281060680412949
237,0.1,2,1,1.186336968649894,2,0.0814433898354012,0.057589173235431716,5.0,0.9,1.0864691194807603,1.0919196389280368,1.0919196389280368
237,0.1,3,1,1.152931035926743,5,0.1580101354367498,0.0706642807941042,5.0,0.9,1.0864691194807603,1.0611723934480033,1.0611723934480033
237,0.5,1,1,1.1944685266862818,5,0.1431215112482817,0.06400588563873173,5.0,0.9,1.0864691194807603,1.099404028397177,1.099404028397177
237,0.5,2,0,1.117313981432141,4,0.28146363115888834,0.14073181557944417,1.0,0.4,1.0952062079941782,1.020185946058918,1.020185946058918
237,0.5,2,1,0.8961232169423297,1,,,5.0,0.9,1.0864691194807603,0.8248032096582738,0.8248032096582738
237,0.5,3,0,0.9495601158992729,3,0.019418363046271047,0.011211197131986471,1.0,0.4,1.0952062079941782,0.8670149136922355,0.8670149136922355
237,0.5,3,1,0.9549722549953495,2,0.014811958131027592,0.01047363603710083,5.0,0.9,1.0864691194807603,0.8789686129797641,0.8789686129797641
237,0.9,1,1,1.1453116577332898,5,0.13518020156858826,0.06045442398389741,5.0,0.9,1.0864691194807603,1.0541594208224263,1.0541594208224263
237,0.9,2,0,1.155781166060152,5,0.16764999144718237,0.07497535546063162,1.0,0.4,1.0952062079941782,1.0553091807038915,1.0553091807038915
237,0.9,3,0,1.0358141004921302,5,0.07696187907668761,0.03441839865831845,1.0,0.4,1.0952062079941782,0.945770844733594,0.945770844733594
238,0.1,1,1,1.0432479918980675,5,0.009420073953501848,0.004212785142621064,5.0,0.9,1.039706293103234,1.0034064416252233,1.0034064416252233
238,0.1,2,1,1.0377372644191012,5,0.012083574536625778,0.005403938815016152,5.0,0.9,1.039706293103234,0.9981061683504332,0.9981061683504332
238,0.1,3,1,1.051553872658682,5,0.015428359094691022,0.006899771943401248,5.0,0.9,1.039706293103234,1.0113951215204116,1.0113951215204116
238,0.5,1,1,1.0602286333556816,4,0.02073004422263595,0.010365022111317975,5.0,0.9,1.039706293103234,1.0197385938592276,1.0197385938592276
238,0.5,2,0,1.0330384155774484,1,,,1.0,0.4,1.0422389936314163,0.9911722953082854,0.9911722953082854
238,0.5,2,1,1.0335712812734874,4,0.01459203690508318,0.00729601845254159,5.0,0.9,1.039706293103234,0.9940992837396077,0.9940992837396077
238,0.5,3,0,1.0400690670864863,1,,,1.0,0.4,1.0422389936314163,0.9979180144302897,0.9979180144302897
238,0.5,3,1,1.0423933701389907,4,0.012782366742201262,0.006391183371100631,5.0,0.9,1.039706293103234,1.0025844577969578,1.0025844577969578
238,0.9,1,0,1.0313355103118438,1,,,1.0,0.4,1.0422389936314163,0.9895384039685734,0.9895384039685734
238,0.9,1,1,1.040820364149912,4,0.03439775212558223,0.017198876062791114,5.0,0.9,1.039706293103234,1.0010715247700896,1.0010715247700896
238,0.9,2,0,1.0381578780620715,1,,,1.0,0.4,1.0422389936314163,0.9960842804824207,0.9960842804824207
238,0.9,2,1,1.050485541183771,3,0.012809064776183522,0.007395316996596911,5.0,0.9,1.039706293103234,1.010367589531813,1.010367589531813
238,0.9,3,0,1.0685940971192316,1,,,1.0,0.4,1.0422389936314163,1.0252870058104309,1.0252870058104309
238,0.9,3,1,0.9973183188514114,4,0.08990698441027478,0.04495349220513739,5.0,0.9,1.039706293103234,0.959230818806236,0.959230818806236
239,0.1,1,0,0.8077928511293906,2,0.09674829093186456,0.06841137258613039,1.0,0.4,0.9299499220403878,0.868641237537851,0.868641237537851
239,0.1,1,1,0.8709379928524891,3,0.06372965011230695,0.03679433064770109,5.0,0.9,0.8846807829812404,0.9844658204483201,0.9844658204483201
239,0.1,2,0,0.8802019415147567,2,0.1940926923002308,0.13724425890424718,1.0,0.4,0.9299499220403878,0.946504667244361,0.946504667244361
239,0.1,2,1,0.874951880452964,3,0.00783451813637805,0.004523261155008873,5.0,0.9,0.8846807829812404,0.9890029231837822,0.9890029231837822
239,0.1,3,0,0.6784300454860466,2,0.0021930170775948405,0.0015506972468252167,1.0,0.4,0.9299499220403878,0.7295339559763759,0.7295339559763759
239,0.1,3,1,0.8597804966210716,3,0.040529420059000024,0.023399671581163083,5.0,0.9,0.8846807829812404,0.9718539310006727,0.9718539310006727
239,0.5,1,0,1.249075620001677,1,,,1.0,0.4,0.9299499220403878,1.3431643902513597,1.3431643902513597
239,0.5,1,1,0.9573919464706867,4,0.07962446493304219,0.039812232466521096,5.0,0.9,0.8846807829812404,1.082189152164491,1.082189152164491
239,0.5,2,0,0.973465758880474,1,,,1.0,0.4,0.9299499220403878,1.0467937421238864,1.0467937421238864
239,0.5,2,1,0.8692932676466282,4,0.008470304626284043,0.004235152313142022,5.0,0.9,0.8846807829812404,0.9826067033096857,0.9826067033096857
239,0.5,3,0,0.9736756443422463,5,0.14338275364974057,0.0641227167923852,1.0,0.4,0.9299499220403878,1.047019437569198,1.047019437569198
239,0.9,1,1,0.8400550192543867,5,0.03042445438801498,0.013606229637988652,5.0,0.9,0.8846807829812404,0.9495572136466313,0.9495572136466313
239,0.9,2,0,0.9608000807801677,5,0.20067576303351392,0.0897449295159153,1.0,0.4,0.9299499220403878,1.0331740000279714,1.0331740000279714
239,0.9,3,0,0.9161574341883436,3,0.21070108080246538,0.12164832571984849,1.0,0.4,0.9299499220403878,0.9851685692689964,0.9851685692689964
239,0.9,3,1,0.9203548775704571,2,0.00403590186063995,0.0028538135738619126,5.0,0.9,0.8846807829812404,1.0403242562464174,1.0403242562464174
240,0.1,1,0,0.6561074919031709,3,0.033093716521618716,0.019106666142241734,1.0,0.4,0.6851289368468405,0.957640900299388,0.957640900299388
240,0.1,1,1,0.6788620972262895,2,0.012806712331333176,0.009055713134191068,5.0,0.9,0.8435228241434674,0.8047939875433979,0.8047939875433979
240,0.1,2,0,0.824821365894973,5,0.24796009596552454,0.11089112605725684,1.0,0.4,0.6851289368468405,1.2038921749401463,1.2038921749401463
240,0.1,3,0,0.7094853319683844,3,0.015306627821079465,0.008837285692885645,1.0,0.4,0.6851289368468405,1.0355500896424532,1.0355500896424532
240,0.1,3,1,0.6328842936880301,2,0.03267604990769866,0.02310545647212378,5.0,0.9,0.8435228241434674,0.7502871002105669,0.7502871002105669
240,0.5,1,0,0.6312050256451538,4,0.07123979160845782,0.03561989580422891,1.0,0.4,0.6851289368468405,0.9212937765410114,0.9212937765410114
240,0.5,1,1,0.6981807238546649,1,,,5.0,0.9,0.8435228241434674,0.8276963039661835,0.8276963039661835
240,0.5,2,0,0.6722301401466731,5,0.03653597378769938,0.016339384202689256,1.0,0.4,0.6851289368468405,0.9811731836060942,0.9811731836060942
240,0.5,3,0,0.6540275228759811,4,0.047004027624210576,0.023502013812105288,1.0,0.4,0.6851289368468405,0.9546050206053228,0.9546050206053228
240,0.5,3,1,1.1090653092169394,1,,,5.0,0.9,0.8435228241434674,1.3148017782958155,1.3148017782958155
240,0.9,1,0,0.6517075330864017,2,0.0027397599847839263,0.0019373028640642664,1.0,0.4,0.6851289368468405,0.9512188115798267,0.9512188115798267
240,0.9,1,1,0.821181193015,3,0.2988322104480331,0.17253085714470281,5.0,0.9,0.8435228241434674,0.9735138985111002,0.9735138985111002
240,0.9,2,0,0.6617789216379135,4,0.0408485023909339,0.02042425119546695,1.0,0.4,0.6851289368468405,0.9659188016252963,0.9659188016252963
240,0.9,2,1,1.1209633278598796,1,,,5.0,0.9,0.8435228241434674,1.3289069314729354,1.3289069314729354
240,0.9,3,0,0.7047970984629129,5,0.04840709299087746,0.021648310104151122,1.0,0.4,0.6851289368468405,1.028707241160461,1.028707241160461
241,0.1,1,1,0.9590094881606076,5,0.0865606752837284,0.03871111082254052,5.0,0.9,0.9937392699920932,0.965051414510607,0.965051414510607
241,0.1,2,1,1.003395061058805,5,0.06232672573657779,0.027873359112394715,5.0,0.9,0.9937392699920932,1.009716624227589,1.009716624227589
241,0.1,3,0,0.9948871157746445,1,,,1.0,0.4,1.0363053355613083,0.9600328027219605,0.9600328027219605
241,0.1,3,1,1.0018362982362348,4,0.06530579263654442,0.03265289631827221,5.0,0.9,0.9937392699920932,1.0081480409284882,1.0081480409284882
241,0.5,1,1,0.971743863037301,5,0.11116276484980456,0.049713499754197435,5.0,0.9,0.9937392699920932,0.9778660181609133,0.9778660181609133
241,0.5,2,0,1.0174652933273625,1,,,1.0,0.4,1.0363053355613083,0.9818199891601047,0.9818199891601047
241,0.5,2,1,0.9259768422677116,3,0.09939058335746419,0.05738318005634589,5.0,0.9,0.9937392699920932,0.9318106572109999,0.9318106572109999
241,0.5,3,0,1.0632353396686256,5,0.07360815163383871,0.032918566150275115,1.0,0.4,1.0363053355613083,1.0259865535602313,1.0259865535602313
241,0.9,1,0,1.040286591641482,1,,,1.0,0.4,1.0363053355613083,1.0038417790042713,1.0038417790042713
241,0.9,1,1,1.0318624709115578,3,0.05950378762087081,0.03435452780071208,5.0,0.9,0.9937392699920932,1.0383633837070443,1.0383633837070443
241,0.9,2,0,1.0564659946839545,4,0.043992585538216666,0.021996292769108333,1.0,0.4,1.0363053355613083,1.0194543619827319,1.0194543619827319
241,0.9,2,1,1.062350866272435,1,,,5.0,0.9,0.9937392699920932,1.0690438612543587,1.0690438612543587
241,0.9,3,0,1.0454916782717807,5,0.12717219208456274,0.05687313326974859,1.0,0.4,1.0363053355613083,1.0088645135707004,1.0088645135707004
242,0.1,1,1,0.8014335142919675,5,0.04535291634754788,0.020282440786195705,5.0,0.9,0.7888315645592441,1.015975463329443,1.015975463329443
242,0.1,2,1,0.7748517632836875,5,0.012232669756652144,0.005470616224436,5.0,0.9,0.7888315645592441,0.9822778373690362,0.9822778373690362
242,0.1,3,1,0.775196442702657,5,0.00807617680729231,0.0036117760678825647,5.0,0.9,0.7888315645592441,0.9827147866931445,0.9827147866931445
242,0.5,1,0,0.7742866271004799,2,0.009453763866352797,0.006684820537634416,1.0,0.4,0.9097882015287633,0.8510625064156765,0.8510625064156765
242,0.5,1,1,0.8088547386717829,3,0.06020345333161959,0.034758479987155644,5.0,0.9,0.7888315645592441,1.025383332782489,1.025383332782489
242,0.5,2,0,1.3245196919213407,2,0.776596414526496,0.5491365909568443,1.0,0.4,0.9097882015287633,1.4558549887717636,1.4558549887717636
242,0.5,2,1,0.7838213638461254,3,0.005466135301919334,0.0031558746879900438,5.0,0.9,0.7888315645592441,0.9936485798258871,0.9936485798258871
242,0.5,3,0,0.8299120052134711,5,0.14631517032212923,0.06543413339594815,1.0,0.4,0.9097882015287633,0.9122035258524213,0.9122035258524213
242,0.9,1,0,0.8207214442309236,5,0.06099490400815576,0.027277750328662132,1.0,0.4,0.9097882015287633,0.902101657123959,0.902101657123959
242,0.9,2,0,0.8149306776675423,5,0.05631254819183282,0.025183737148634207,1.0,0.4,0.9097882015287633,0.8957366959674493,0.8957366959674493
242,0.9,3,0,0.8943587630388222,5,0.2615715209082374,0.11697834034576525,1.0,0.4,0.9097882015287633,0.9830406258687305,0.9830406258687305
243,0.1,1,1,0.9546877814373108,5,0.01171083491970788,0.005237244590749022,5.0,0.9,0.990657685420873,0.9636908848405283,0.9636908848405283
243,0.1,2,1,0.9750057008124337,5,0.017369740298387285,0.00776798401174229,5.0,0.9,0.990657685420873,0.9842004106577039,0.9842004106577039
243,0.1,3,0,0.6958919297211541,4,0.1507811313711583,0.07539056568557916,1.0,0.4,0.7475906120960145,0.9308462659397058,0.9308462659397058
243,0.1,3,1,0.9506073546264111,1,,,5.0,0.9,0.990657685420873,0.9595719779053177,0.9595719779053177
243,0.5,1,0,0.808906451410459,5,0.0719446561278081,0.032174628343925135,1.0,0.4,0.7475906120960145,1.0820179364512534,1.0820179364512534
243,0.5,2,0,0.647700805915515,5,0.0827321467069491,0.03699894079224471,1.0,0.4,0.7475906120960145,0.8663843491821825,0.8663843491821825
243,0.5,3,0,0.7255498531737029,4,0.17128507987208902,0.08564253993604451,1.0,0.4,0.7475906120960145,0.9705176087477663,0.9705176087477663
243,0.5,3,1,1.075926923127438,1,,,5.0,0.9,0.990657685420873,1.0860733621324898,1.0860733621324898
243,0.9,1,0,0.803523676293899,4,0.16048921197418942,0.08024460598709471,1.0,0.4,0.7475906120960145,1.074817772311326,1.074817772311326
243,0.9,1,1,0.997060667100771,1,,,5.0,0.9,0.990657685420873,1.00646336446396,1.00646336446396
243,0.9,2,0,0.7512611232359473,5,0.15117755826777798,0.06760865939183738,1.0,0.4,0.7475906120960145,1.004909787630481,1.004909787630481
243,0.9,3,0,0.8003004449214242,5,0.09050032604530632,0.040472976204639924,1.0,0.4,0.7475906120960145,1.0705062797372848,1.0705062797372848
244,0.1,1,1,1.0548947638717254,5,0.09347758933856516,0.04180444882676826,5.0,0.9,1.0530747653237411,1.0017282709717432,1.0017282709717432
244,0.1,2,1,1.0326430300710372,5,0.05013188900868972,0.022419662332780952,5.0,0.9,1.0530747653237411,0.9805980202683684,0.9805980202683684
244,0.1,3,1,0.9828802445439802,5,0.053244721226926174,0.023811763221286586,5.0,0.9,1.0530747653237411,0.9333432695463162,0.9333432695463162
244,0.5,1,0,1.035002594202028,1,,,1.0,0.4,1.075827250779688,0.9620527770159447,0.9620527770159447
244,0.5,1,1,1.0686206206400701,4,0.08033683528661632,0.04016841764330816,5.0,0.9,1.0530747653237411,1.014762347202907,1.014762347202907
244,0.5,2,0,1.047811907462249,2,0.025711978083885038,0.018181114060835002,1.0,0.4,1.075827250779688,0.9739592547993784,0.9739592547993784
244,0.5,2,1,1.123992636369031,3,0.10979138373894556,0.06338808495638172,5.0,0.9,1.0530747653237411,1.0673436240051655,1.0673436240051655
244,0.5,3,0,1.0336786284737816,3,0.04777015319502316,0.027580110806376283,1.0,0.4,1.075827250779688,0.9608221280178951,0.9608221280178951
244,0.5,3,1,0.9902355860218635,2,0.07156874660056473,0.050606746042280985,5.0,0.9,1.0530747653237411,0.9403279032305372,0.9403279032305372
244,0.9,1,0,1.0780773298656996,2,0.1364058115306765,0.0964534743265955,1.0,0.4,1.075827250779688,1.0020914873502051,1.0020914873502051
244,0.9,1,1,1.118256475748481,3,0.08996379620250772,0.051940621954838465,5.0,0.9,1.0530747653237411,1.061896564774963,1.061896564774963
244,0.9,2,0,1.1503433809593702,5,0.08911363934790655,0.03985283106086381,1.0,0.4,1.075827250779688,1.069264029262763,1.069264029262763
244,0.9,3,0,1.1100496637149995,5,0.06036474721397011,0.02699593564300564,1.0,0.4,1.075827250779688,1.0318103235538134,1.0318103235538134
245,0.1,1,0,0.8792105188424437,3,0.214607927813958,0.12390394489361643,1.0,0.4,0.9562210368751758,0.9194636856302661,0.9194636856302661
245,0.1,1,1,0.8307949624597621,2,0.2612412256203709,0.18472544216164907,5.0,0.9,1.085513899963184,0.7653471434017927,0.7653471434017927
245,0.1,2,0,0.8184949714492804,3,0.17338513533640085,0.10010395455995073,1.0,0.4,0.9562210368751758,0.8559683795746966,0.8559683795746966
245,0.1,2,1,1.1028714151618981,2,0.052163083568690594,0.03688487011902169,5.0,0.9,1.085513899963184,1.0159901362841166,1.0159901362841166
245,0.1,3,0,0.977830043194666,4,0.12929417934042456,0.06464708967021228,1.0,0.4,0.9562210368751758,1.0225983381312191,1.0225983381312191
245,0.1,3,1,1.1227608513904308,1,,,5.0,0.9,1.085513899963184,1.0343127355886554,1.0343127355886554
245,0.5,1,0,1.0214112838797433,3,0.13781102335662487,0.07956523143224518,1.0,0.4,0.9562210368751758,1.0681748722215965,1.0681748722215965
245,0.5,1,1,1.2320490256226408,2,0.09322457524463511,0.06591972932871702,5.0,0.9,1.085513899963184,1.1349914779206667,1.1349914779206667
245,0.5,2,0,0.9577876680219415,4,0.1584639046143378,0.0792319523071689,1.0,0.4,0.9562210368751758,1.0016383567045182,1.0016383567045182
245,0.5,2,1,1.0053710488445882,1,,,5.0,0.9,1.085513899963184,0.9261705896890736,0.9261705896890736
245,0.5,3,0,0.9345630600245374,5,0.24888234822826744,0.11130356980763606,1.0,0.4,0.9562210368751758,0.9773504493046772,0.9773504493046772
245,0.9,1,0,1.011846520619076,3,0.1505874581090052,0.08694170947581566,1.0,0.4,0.9562210368751758,1.0581722024498417,1.0581722024498417
245,0.9,1,1,1.2368144578430726,2,0.08648523636793065,0.061154297108285176,5.0,0.9,1.085513899963184,1.1393815020563258,1.1393815020563258
245,0.9,2,0,1.0657759715690978,3,0.11774507794193703,0.06798015244553082,1.0,0.4,0.9562210368751758,1.114570722112468,1.114570722112468
245,0.9,2,1,1.0679355384198947,2,0.06451975343200336,0.0456223551722536,5.0,0.9,1.085513899963184,0.9838064150593693,0.9838064150593693
245,0.9,3,0,0.9390692942757953,5,0.2186190212209316,0.09776939852489443,1.0,0.4,0.9562210368751758,0.9820629938707158,0.9820629938707158
246,0.1,1,0,0.7913975211579379,1,,,1.0,0.4,0.919687840683152,0.8605066699262666,0.8605066699262666
246,0.1,1,1,0.8514485589946142,4,0.13910863765562848,0.06955431882781424,5.0,0.9,0.9209080295900444,0.9245750190425085,0.9245750190425085
246,0.1,2,0,0.9624827046643407,3,0.1776174859582497,0.10254750333078004,1.0,0.4,0.919687840683152,1.0465319449579764,1.0465319449579764
246,0.1,2,1,0.8600151553422581,2,0.08839876641456479,0.06250736718026438,5.0,0.9,0.9209080295900444,0.9338773555108499,0.9338773555108499
246,0.1,3,0,0.8289744423395403,3,0.13837194388665292,0.07988907905125085,1.0,0.4,0.919687840683152,0.9013650128545475,0.9013650128545475
246,0.1,3,1,1.0116412488380144,2,0.08730507875048436,0.06173401321649304,5.0,0.9,0.9209080295900444,1.0985258205299406,1.0985258205299406
246,0.5,1,0,0.9716056809826742,4,0.09954115313175153,0.04977057656587577,1.0,0.4,0.919687840683152,1.0564515893359612,1.0564515893359612
246,0.5,1,1,1.0502663536065038,1,,,5.0,0.9,0.9209080295900444,1.1404682333740157,1.1404682333740157
246,0.5,2,0,0.8444812375264554,4,0.10348929077103726,0.05174464538551863,1.0,0.4,0.919687840683152,0.9182259459896388,0.9182259459896388
246,0.5,2,1,0.8311688311688312,1,,,5.0,0.9,0.9209080295900444,0.902553571542685,0.902553571542685
246,0.5,3,0,1.0065980400418992,3,0.08880786706255887,0.05127324595472487,1.0,0.4,0.919687840683152,1.094499672078071,1.094499672078071
246,0.9,1,0,0.9470745008281913,5,0.1271392846302512,0.056858416608787175,1.0,0.4,0.919687840683152,1.029778212708234,1.029778212708234
246,0.9,2,0,1.0456610121739949,4,0.04928644392331142,0.02464322196165571,1.0,0.4,0.919687840683152,1.136973836032527,1.136973836032527
246,0.9,3,0,0.8789154264333334,5,0.2106169849646732,0.09419077911941208,1.0,0.4,0.919687840683152,0.9556671161167767,0.9556671161167767
247,0.1,1,0,0.8871534509993139,2,0.11048558572364849,0.07812510688855945,1.0,0.4,0.9044356833751697,0.9808916955693721,0.9808916955693721
247,0.1,1,1,0.8861539310015193,3,0.017232906400569948,0.009949423149288684,5.0,0.9,0.8907853765686898,0.9948007166608293,0.9948007166608293
247,0.1,2,0,0.9148990875563486,3,0.11605288803516622,0.06700316614733673,1.0,0.4,0.9044356833751697,1.0115689864669333,1.0115689864669333
247,0.1,2,1,0.7209831184956073,2,0.17288618924697038,0.12224899679003352,5.0,0.9,0.8907853765686898,0.809379158504867,0.809379158504867
247,0.1,3,0,0.8793849346668711,4,0.11690026092006926,0.05845013046003463,1.0,0.4,0.9044356833751697,0.972302343694784,0.972302343694784
247,0.1,3,1,0.9403553882180082,1,,,5.0,0.9,0.8907853765686898,1.055647536379933,1.055647536379933
247,0.5,1,0,0.9808429118773947,1,,,1.0,0.4,0.9044356833751697,1.0844805550098253,1.0844805550098253
247,0.5,1,1,0.9149598753728756,4,0.19876882373400456,0.09938441186700228,5.0,0.9,0.8907853765686898,1.027138410036889,1.027138410036889
247,0.5,2,0,0.9240284256019023,4,0.1154539478345307,0.05772697391726535,1.0,0.4,0.9044356833751697,1.0216629469478875,1.0216629469478875
247,0.5,2,1,0.8098745545557531,1,,,5.0,0.9,0.8907853765686898,0.9091691173415917,0.9091691173415917
247,0.5,3,0,0.8810006312489593,5,0.09678239317371702,0.04328240203230857,1.0,0.4,0.9044356833751697,0.9740887577115981,0.9740887577115981
247,0.9,1,0,0.8564461922405965,2,0.1239991994703149,0.08768067480716302,1.0,0.4,0.9044356833751697,0.946939852090437,0.946939852090437
247,0.9,1,1,0.9795418444996971,3,0.051604628035871576,0.029793945887940966,5.0,0.9,0.8907853765686898,1.0996384429579409,1.0996384429579409
247,0.9,2,0,0.8349743393776311,3,0.20068965679111303,0.11586822737192272,1.0,0.4,0.9044356833751697,0.9231992442643097,0.9231992442643097
247,0.9,2,1,0.9965480884028204,2,0.016403909119603235,0.011599315376439295,5.0,0.9,0.8907853765686898,1.11872973514847,1.11872973514847
247,0.9,3,0,0.9811911768075094,1,,,1.0,0.4,0.9044356833751697,1.0848656182448528,1.0848656182448528
247,0.9,3,1,0.8778662120032377,3,0.028122894798079064,0.016236760882062475,5.0,0.9,0.8907853765686898,0.9854968829694792,0.9854968829694792
248,0.1,1,0,0.9201444465036871,1,,,1.0,0.4,0.967479824457062,0.9510735244738163,0.9510735244738163
248,0.1,1,1,0.9239714680772115,4,0.06551448715173802,0.03275724357586901,5.0,0.9,0.9639457789995722,0.9585305400021069,0.9585305400021069
248,0.1,2,1,0.963577803879374,5,0.027190303089621195,0.01215987320744311,5.0,0.9,0.9639457789995722,0.9996182615991325,0.9996182615991325
248,0.1,3,0,0.9385918218603407,2,0.06122310882043752,0.0432912754122533,1.0,0.4,0.967479824457062,0.9701409767248295,0.9701409767248295
248,0.1,3,1,0.9197328547882133,3,0.05537529434049148,0.03197094109393752,5.0,0.9,0.9639457789995722,0.9541333909286421,0.9541333909286421
248,0.5,1,0,0.981333797199099,1,,,1.0,0.4,0.967479824457062,1.014319650282952,1.014319650282952
248,0.5,1,1,0.9981432769296392,4,0.02830908533678139,0.014154542668390694,5.0,0.9,0.9639457789995722,1.0354765783253481,1.0354765783253481
248,0.5,2,0,0.9781142168041743,1,,,1.0,0.4,0.967479824457062,1.0109918492130625,1.0109918492130625
248,0.5,2,1,0.968361311168767,4,0.019389094146246056,0.009694547073123028,5.0,0.9,0.9639457789995722,1.0045806852059433,1.0045806852059433
248,0.5,3,0,0.9904922914929297,5,0.027358435130319183,0.012235064141882402,1.0,0.4,0.967479824457062,1.0237859916601175,1.0237859916601175
248,0.9,1,1,1.000772787791318,5,0.030525964161044482,0.013651626188563559,5.0,0.9,0.9639457789995722,1.0382044401189936,1.0382044401189936
248,0.9,2,0,0.9840676064195225,3,0.019746486875095642,0.011400639512885882,1.0,0.4,0.967479824457062,1.0171453518131701,1.0171453518131701
248,0.9,2,1,0.9730609503624826,2,0.021397098313350127,0.015130033315085112,5.0,0.9,0.9639457789995722,1.0094561038198337,1.0094561038198337
248,0.9,3,0,0.9796145909196816,5,0.011265561975739316,0.0050381124764979895,1.0,0.4,0.967479824457062,1.0125426558320525,1.0125426558320525
249,0.1,1,1,0.8695430429295028,5,0.13829643004670839,0.06184804372599687,5.0,0.9,0.954343454610918,0.911142669579069,0.911142669579069
249,0.1,2,1,0.8568633445421316,5,0.15288599304980344,0.06837269465338418,5.0,0.9,0.954343454610918,0.8978563643960564,0.8978563643960564
249,0.1,3,0,0.6342162178721318,1,,,1.0,0.4,0.7069963509797099,0.8970572719269001,0.8970572719269001
249,0.1,3,1,0.9994770922417782,4,0.024557065868450578,0.012278532934225289,5.0,0.9,0.954343454610918,1.0472928665385577,1.0472928665385577
249,0.5,1,1,0.9079626675654247,5,0.16156107430630998,0.07225230893336075,5.0,0.9,0.954343454610918,0.9514003194327952,0.9514003194327952
249,0.5,2,0,0.6314668471741022,2,0.05652557842860054,0.039969619817355466,1.0,0.4,0.7069963509797099,0.8931684672757592,0.8931684672757592
249,0.5,2,1,0.8586413813237755,3,0.13520144801805134,0.07805859240804915,5.0,0.9,0.954343454610918,0.8997194638630809,0.8997194638630809
249,0.5,3,0,0.8219399001205434,4,0.23247236952371017,0.11623618476185509,1.0,0.4,0.7069963509797099,1.1625801165473515,1.1625801165473515
249,0.5,3,1,1.0215482841181165,1,,,5.0,0.9,0.954343454610918,1.0704199616841272,1.0704199616841272
249,0.9,1,0,0.6604747601654088,1,,,1.0,0.4,0.7069963509797099,0.9341982589445695,0.9341982589445695
249,0.9,1,1,1.0522644118126916,4,0.022934598380637584,0.011467299190318792,5.0,0.9,0.954343454610918,1.1026055732123143,1.1026055732123143
249,0.9,2,0,0.7375244599216402,5,0.18711943050200833,0.08368235330270764,1.0,0.4,0.7069963509797099,1.0431800092031966,1.0431800092031966
249,0.9,3,0,0.756355920624433,4,0.1788296599252419,0.08941482996262096,1.0,0.4,0.7069963509797099,1.069815876102223,1.069815876102223
249,0.9,3,1,1.0684474123539232,1,,,5.0,0.9,0.954343454610918,1.1195627812939997,1.1195627812939997
250,0.1,1,0,0.49064026290094653,2,0.012568344629286009,0.008887161715657661,1.0,0.4,0.6507624933985191,0.7539467438245313,0.7539467438245313
250,0.1,1,1,0.6981599467367151,3,0.08857829823311762,0.051140704329249415,5.0,0.9,0.7697403235642822,0.9070071105329207,0.9070071105329207
250,0.1,2,0,0.6097531529886405,2,0.17122221346642155,0.12107238823187727,1.0,0.4,0.6507624933985191,0.9369826306434582,0.9369826306434582
250,0.1,2,1,0.8483254555422336,3,0.11852494337946864,0.06843040796582138,5.0,0.9,0.7697403235642822,1.102093043033088,1.102093043033088
250,0.1,3,0,0.7214125313724626,1,,,1.0,0.4,0.6507624933985191,1.108565012106004,1.108565012106004
250,0.1,3,1,0.7487391204783376,4,0.010704526765017021,0.0053522633825085104,5.0,0.9,0.7697403235642822,0.9727165091355763,0.9727165091355763
250,0.5,1,0,0.23739078777692454,1,,,1.0,0.4,0.6507624933985191,0.36478867510815394,0.36478867510815394
250,0.5,1,1,0.6997132176853298,4,0.0757494863191918,0.0378747431595959,5.0,0.9,0.7697403235642822,0.9090250260572397,0.9090250260572397
250,0.5,2,0,0.564506422773463,3,0.13913782811346764,0.08033126251577043,1.0,0.4,0.6507624933985191,0.8674538383818104,0.8674538383818104
250,0.5,2,1,0.7432711087239658,2,0.009147355939114223,0.006468157414474707,5.0,0.9,0.7697403235642822,0.9656127994987314,0.9656127994987314
250,0.5,3,0,0.7154143870150718,4,0.15890652739754849,0.07945326369877424,1.0,0.4,0.6507624933985191,1.0993479099862022,1.0993479099862022
250,0.5,3,1,0.9569584144926611,1,,,5.0,0.9,0.7697403235642822,1.243222402668819,1.243222402668819
250,0.9,1,0,0.9978683232840002,1,,,1.0,0.4,0.6507624933985191,1.533383274860799,1.533383274860799
250,0.9,1,1,0.7163343751510206,4,0.02706325849005552,0.01353162924502776,5.0,0.9,0.7697403235642822,0.9306182269808012,0.9306182269808012
250,0.9,2,0,0.8276324951354468,2,0.11916202496131195,0.08426027591006433,1.0,0.4,0.6507624933985191,1.2717888684906347,1.2717888684906347
250,0.9,2,1,0.7464209497039945,3,0.009749728782008674,0.00562900853681855,5.0,0.9,0.7697403235642822,0.969704882092824,0.969704882092824
250,0.9,3,0,0.6922440773397154,5,0.15819209591081362,0.07074565599194915,1.0,0.4,0.6507624933985191,1.0637430465984055,1.0637430465984055
251,0.1,1,1,1.168735292570184,5,0.00781470409974171,0.003494841918213752,5.0,0.9,1.1466680134050091,1.0192446975996534,1.0192446975996534
251,0.1,2,1,1.1711000286958346,5,0.0006981247015217247,0.00031221085787486543,5.0,0.9,1.1466680134050091,1.0213069650545803,1.0213069650545803
251,0.1,3,1,1.1359389390928092,5,0.06881642442765022,0.03077564059774059,5.0,0.9,1.1466680134050091,0.9906432601356515,0.9906432601356515
251,0.5,1,1,1.1740123792396324,5,0.008155556208834621,0.0036472756154549368,5.0,0.9,1.1466680134050091,1.0238468026621104,1.0238468026621104
251,0.5,2,0,1.1633649185305996,1,,,1.0,0.4,1.1642460565565171,0.9992431685544861,0.9992431685544861
251,0.5,2,1,1.0552210685803083,4,0.21773294481974692,0.10886647240987346,5.0,0.9,1.1466680134050091,0.9202498510853626,0.9202498510853626
251,0.5,3,0,1.1635613936113993,3,0.026046746873013945,0.015038096318648645,1.0,0.4,1.1642460565565171,0.9994119259058151,0.9994119259058151
251,0.5,3,1,1.1700360639386744,2,0.0015834266699404284,0.0011196517358265101,5.0,0.9,1.1466680134050091,1.0203790899026426,1.0203790899026426
251,0.9,1,1,1.1243309608126768,5,0.03429273319963122,0.015336176513727854,5.0,0.9,1.1466680134050091,0.9805200351529796,0.9805200351529796
251,0.9,2,0,1.1774537092854958,3,0.012892591243382186,0.0074435410249185175,1.0,0.4,1.1642460565565171,1.0113443826196353,1.0113443826196353
251,0.9,2,1,1.1739693743099533,2,0.0023911330930770328,0.0016907864248343338,5.0,0.9,1.1466680134050091,1.0238092984070195,1.0238092984070195
251,0.9,3,0,1.1526042047985743,5,0.052825926581948915,0.023624472562330176,1.0,0.4,1.1642460565565171,0.9900005229200639,0.9900005229200639
252,0.1,1,1,0.8350445335138733,5,0.18356548800293226,0.08209298189949572,5.0,0.9,0.8516461269914682,0.9805064651250844,0.9805064651250844
252,0.1,2,1,0.9069739519854341,5,0.040050887366696035,0.017911301342223976,5.0,0.9,0.8516461269914682,1.0649657448562788,1.0649657448562788
252,0.1,3,0,0.8736375304495285,4,0.04761647970146229,0.023808239850731144,1.0,0.4,0.8771034517105117,0.9960484464469681,0.9960484464469681
252,0.1,3,1,0.7577607577607577,1,,,5.0,0.9,0.8516461269914682,0.8897601171951891,0.8897601171951891
252,0.5,1,1,0.7743983806362307,5,0.10360150312098443,0.04633200070993556,5.0,0.9,0.8516461269914682,0.9092959576671551,0.9092959576671551
252,0.5,2,1,0.8249552563682714,5,0.1051252272519057,0.04701343085707491,5.0,0.9,0.8516461269914682,0.9686596700468947,0.9686596700468947
252,0.5,3,0,0.8274843366093937,3,0.18154826651283026,0.10481694054209248,1.0,0.4,0.8771034517105117,0.9434284348050943,0.9434284348050943
252,0.5,3,1,0.9272393768294667,2,0.002070593165464169,0.001464130468378233,5.0,0.9,0.8516461269914682,1.088761338121785,1.088761338121785
252,0.9,1,1,0.9351506318462436,5,0.17095507127035328,0.07645343209176625,5.0,0.9,0.8516461269914682,1.0980507069876124,1.0980507069876124
252,0.9,2,0,0.9835211772186762,5,0.05773343325592046,0.02581917626693703,1.0,0.4,0.8771034517105117,1.121328590487964,1.121328590487964
252,0.9,3,0,0.8237707625644486,5,0.12447135665468363,0.05566528294629868,1.0,0.4,0.8771034517105117,0.9391945282599736,0.9391945282599736
253,0.1,1,0,0.6378204582639078,2,0.054573676964736625,0.03858941705604935,1.0,0.4,0.8819524204927405,0.7231914595886727,0.7231914595886727
253,0.1,1,1,0.9528492125626427,3,0.245031741287179,0.14146914179215553,5.0,0.9,1.0178337348239022,0.9361540887888702,0.9361540887888702
253,0.1,2,0,0.6339183458693163,1,,,1.0,0.4,0.8819524204927405,0.7187670572015106,0.7187670572015106
253,0.1,2,1,1.0246078418331859,4,0.1488538638413351,0.07442693192066754,5.0,0.9,1.0178337348239022,1.0066554160837042,1.0066554160837042
253,0.1,3,0,0.9919014963284312,2,0.07195007434707755,0.05087638547769479,1.0,0.4,0.8819524204927405,1.1246655412252997,1.1246655412252997
253,0.1,3,1,1.0886514898783826,3,0.006043901289141607,0.0034894480362414335,5.0,0.9,1.0178337348239022,1.0695769383854552,1.0695769383854552
253,0.5,1,0,0.7947270636030433,3,0.31379118865723965,0.18116742724058996,1.0,0.4,0.8819524204927405,0.9010997023615345,0.9010997023615345
253,0.5,1,1,1.0052263950213973,2,0.22505468821119787,0.15913769617196216,5.0,0.9,1.0178337348239022,0.9876135567419702,0.9876135567419702
253,0.5,2,0,0.9849546625994352,5,0.29304311365192826,0.13105286449278164,1.0,0.4,0.8819524204927405,1.1167888876013834,1.1167888876013834
253,0.5,3,0,0.9488571351466939,5,0.23904479042385335,0.10690408021098537,1.0,0.4,0.8819524204927405,1.0758597778058983,1.0758597778058983
253,0.9,1,0,1.1017389739769072,5,0.0456259750350967,0.020404556343636915,1.0,0.4,0.8819524204927405,1.2492045470677133,1.2492045470677133
253,0.9,2,0,0.7975038235482206,5,0.2092515665425518,0.0935801454374933,1.0,0.4,0.8819524204927405,0.9042481261094119,0.9042481261094119
253,0.9,3,0,1.046149825098709,5,0.284653421975228,0.12730088031290845,1.0,0.4,0.8819524204927405,1.1861749010385758,1.1861749010385758
254,0.1,1,0,0.5549797099092874,1,,,1.0,0.4,0.568482407911203,0.9762478173220362,0.9762478173220362
254,0.1,1,1,0.5739214359739175,4,0.04377569320903866,0.02188784660451933,5.0,0.9,0.5827106129566696,0.9849167377642981,0.9849167377642981
254,0.1,2,0,0.5366436841846678,1,,,1.0,0.4,0.568482407911203,0.9439934758165667,0.9439934758165667
254,0.1,2,1,0.5912881947031638,4,0.014576268857145589,0.007288134428572794,5.0,0.9,0.5827106129566696,1.0147201399043886,1.0147201399043886
254,0.1,3,0,0.5841584937320125,4,0.017551405556072295,0.008775702778036147,1.0,0.4,0.568482407911203,1.0275753226531825,1.0275753226531825
254,0.1,3,1,0.6041431595094287,1,,,5.0,0.9,0.5827106129566696,1.036780772610285,1.036780772610285
254,0.5,1,1,0.588643618603202,5,0.011880529159667237,0.005313134161936879,5.0,0.9,0.5827106129566696,1.0101817360360548,1.0101817360360548
254,0.5,2,0,0.5781779181991079,2,0.02950428619349808,0.02086268084149112,1.0,0.4,0.568482407911203,1.0170550753250738,1.0170550753250738
254,0.5,2,1,0.5917169753641444,3,0.01971443424433973,0.01138213391789072,5.0,0.9,0.5827106129566696,1.0154559779884162,1.0154559779884162
254,0.5,3,0,0.5575425789392197,1,,,1.0,0.4,0.568482407911203,0.980756081771853,0.980756081771853
254,0.5,3,1,0.5741035078707538,4,0.018666830853231654,0.009333415426615827,5.0,0.9,0.5827106129566696,0.9852291945701085,0.9852291945701085
254,0.9,1,0,0.6023446998448108,2,0.024699294384123587,0.0174650385495366,1.0,0.4,0.568482407911203,1.059566121066137,1.059566121066137
254,0.9,1,1,0.595046951605798,3,0.011023065555061686,0.006364169865509756,5.0,0.9,0.5827106129566696,1.0211706091751682,1.0211706091751682
254,0.9,2,0,0.5912592926988074,2,0.007205454344611819,0.005095025628605088,1.0,0.4,0.568482407911203,1.040066120728862,1.040066120728862
254,0.9,2,1,0.5428210600229486,3,0.09885610706624673,0.05707460002573602,5.0,0.9,0.5827106129566696,0.9315448319512808,0.9315448319512808
254,0.9,3,0,0.5427528857817104,5,0.05595620274717541,0.025024374621088936,1.0,0.4,0.568482407911203,0.9547399853162888,0.9547399853162888
255,0.1,1,0,0.5674490853502787,1,,,1.0,0.4,0.7692647031618838,0.7376512701257593,0.7376512701257593
255,0.1,1,1,1.0753413194007122,4,0.0753859107052378,0.0376929553526189,5.0,0.9,0.961048105115451,1.11892559142139,1.11892559142139
255,0.1,2,0,0.7710952244242907,1,,,1.0,0.4,0.7692647031618838,1.0023795726683975,1.0023795726683975
255,0.1,2,1,0.9652763005441353,4,0.17017970861683102,0.08508985430841551,5.0,0.9,0.961048105115451,1.0043995668959529,1.0043995668959529
255,0.1,3,0,0.9114040613937157,3,0.07541900714516357,0.0435431840772745,1.0,0.4,0.7692647031618838,1.1847730146042073,1.1847730146042073
255,0.1,3,1,0.7940713050121849,2,0.4795750781181584,0.33911078982541804,5.0,0.9,0.961048105115451,0.8262555233036882,0.8262555233036882
255,0.5,1,1,1.0988794453563193,5,0.03448710985436098,0.015423104396370804,5.0,0.9,0.961048105115451,1.1434177326891566,1.1434177326891566
255,0.5,2,0,0.7236935147988578,2,0.21290812659799532,0.15054878008716643,1.0,0.4,0.7692647031618838,0.9407600684449499,0.9407600684449499
255,0.5,2,1,0.8499257540702976,3,0.15396816933085114,0.0888935640098008,5.0,0.9,0.961048105115451,0.8843737889355661,0.8843737889355661
255,0.5,3,0,0.6573271200680854,2,0.198165803979045,0.14012438379286685,1.0,0.4,0.7692647031618838,0.854487561129862,0.854487561129862
255,0.5,3,1,0.9542879896246537,3,0.17234373980050838,0.09950270456697034,5.0,0.9,0.961048105115451,0.9929658927010888,0.9929658927010888
255,0.9,1,1,0.9996240992519656,5,0.08468397165904339,0.03787182344685733,5.0,0.9,0.961048105115451,1.040139503872057,1.040139503872057
255,0.9,2,0,0.6602173586958717,2,0.4783877996490947,0.3382712571687863,1.0,0.4,0.7692647031618838,0.8582447056028981,0.8582447056028981
255,0.9,2,1,0.9926020913255527,3,0.11467978027985953,0.06621040201518404,5.0,0.9,0.961048105115451,1.0328328894694725,1.0328328894694725
255,0.9,3,0,1.0936665574020867,2,0.02364797675282678,0.01672164472326565,1.0,0.4,0.7692647031618838,1.4217038074239263,1.4217038074239263
255,0.9,3,1,0.919424641453238,3,0.15966864783403045,0.09218473680812105,5.0,0.9,0.961048105115451,0.9566895107116279,0.9566895107116279
256,0.1,1,1,1.030273211936526,5,0.03512217289711754,0.01570711322309111,5.0,0.9,1.0283171794473243,1.001902168444033,1.001902168444033
256,0.1,2,0,0.9666760501232083,4,0.14641145555456728,0.07320572777728364,1.0,0.4,1.0131906632497922,0.9540909575919413,0.9540909575919413
256,0.1,2,1,0.9976914291268741,1,,,5.0,0.9,1.0283171794473243,0.9702176031553706,0.9702176031553706
256,0.1,3,0,1.0440400097334763,3,0.014366727582119486,0.008294634036910708,1.0,0.4,1.0131906632497922,1.0304477208512122,1.0304477208512122
256,0.1,3,1,0.9575846675223908,2,0.07788577594079234,0.05507356032571031,5.0,0.9,1.0283171794473243,0.9312152774079403,0.9312152774079403
256,0.5,1,0,1.0385793545407829,2,0.008935856381249073,0.006318604642890302,1.0,0.4,1.0131906632497922,1.0250581575727877,1.0250581575727877
256,0.5,1,1,1.0357295101344983,3,0.014216528104375473,0.00820791632800306,5.0,0.9,1.0283171794473243,1.007208214386886,1.007208214386886
256,0.5,2,0,1.0544245905169582,3,0.034468389318413936,0.019900333851519108,1.0,0.4,1.0131906632497922,1.0406971054538825,1.0406971054538825
256,0.5,2,1,1.0558297596979087,2,0.01784405551144853,0.012617652656014442,5.0,0.9,1.0283171794473243,1.0267549553780393,1.0267549553780393
256,0.5,3,0,1.057849098035144,5,0.012884599842534768,0.005762168222158165,1.0,0.4,1.0131906632497922,1.0440770295317474,1.0440770295317474
256,0.9,1,1,1.0423056798778583,5,0.019572335149110706,0.008753014374364003,5.0,0.9,1.0283171794473243,1.0136032935266648,1.0136032935266648
256,0.9,2,0,1.0427096948613293,4,0.0116809100451357,0.00584045502256785,1.0,0.4,1.0131906632497922,1.0291347252617342,1.0291347252617342
256,0.9,2,1,1.0613715432956092,1,,,5.0,0.9,1.0283171794473243,1.0321441326751444,1.0321441326751444
256,0.9,3,0,0.8880558449376457,4,0.19653105911732294,0.09826552955866147,1.0,0.4,1.0131906632497922,0.8764943037366938,0.8764943037366938
256,0.9,3,1,1.0457516339869282,1,,,5.0,0.9,1.0283171794473243,1.0169543550259212,1.0169543550259212
257,0.1,1,1,2.20701957196989,5,0.21463237343351865,0.09598651543389353,5.0,0.9,2.369156305510617,0.9315635134906043,0.9315635134906043
257,0.1,2,0,2.4392716881252907,2,0.06859649054633417,0.048505043630911786,1.0,0.4,2.3743761253429168,1.0273316270702484,1.0273316270702484
257,0.1,2,1,2.40895927304667,3,0.14425299018872967,0.08328450271687152,5.0,0.9,2.369156305510617,1.016800481860767,1.016800481860767
257,0.1,3,0,2.082920221027638,2,0.06502258087998895,0.045977907870490935,1.0,0.4,2.3743761253429168,0.8772494798930875,0.8772494798930875
257,0.1,3,1,2.4636440005302616,3,0.025805100367479888,0.014898581643629824,5.0,0.9,2.369156305510617,1.0398824234601438,1.0398824234601438
257,0.5,1,0,2.43345584191768,2,0.1578149226797867,0.11159200199930784,1.0,0.4,2.3743761253429168,1.0248822062958667,1.0248822062958667
257,0.5,1,1,2.3706935599830112,2,0.024907075055736107,0.017611961671433307,5.0,0.9,2.369156305510617,1.0006488615668028,1.0006488615668028
257,0.5,2,0,2.3191785899537907,2,0.36367469370983946,0.25715684206816813,1.0,0.4,2.3743761253429168,0.9767528258054927,0.9767528258054927
257,0.5,2,1,2.485336311357748,3,0.0552965146185897,0.03192545760029084,5.0,0.9,2.369156305510617,1.049038556711897,1.049038556711897
257,0.5,3,0,2.4373883048780813,4,0.19769796916967045,0.09884898458483522,1.0,0.4,2.3743761253429168,1.0265384152336285,1.0265384152336285
257,0.5,3,1,2.453870117421519,1,,,5.0,0.9,2.369156305510617,1.035756953525548,1.035756953525548
257,0.9,1,0,2.329858753914635,2,0.234481651270026,0.1658035656768546,1.0,0.4,2.3743761253429168,0.981250918524186,0.981250918524186
257,0.9,1,1,2.160394863193661,3,0.5473672182786159,0.31602261081873556,5.0,0.9,2.369156305510617,0.911883634764249,0.911883634764249
257,0.9,2,0,2.298486490247276,5,0.46093565725927027,0.20613669257705453,1.0,0.4,2.3743761253429168,0.9680380735446115,0.9680380735446115
257,0.9,3,0,2.654449112678941,4,0.2709936370797897,0.13549681853989484,1.0,0.4,2.3743761253429168,1.1179564536328779,1.1179564536328779
257,0.9,3,1,2.4033327465821746,1,,,5.0,0.9,2.369156305510617,1.0144255746199875,1.0144255746199875
258,0.1,1,1,0.8512112799819098,5,0.0838926562643822,0.037517936444036434,5.0,0.9,0.8691916558104896,0.9793136810410199,0.9793136810410199
258,0.1,2,0,0.7634384552300008,1,,,1.0,0.4,0.8757926453361089,0.8717114254105328,0.8717114254105328
258,0.1,2,1,0.8699597888970039,4,0.12621775887129588,0.06310887943564794,5.0,0.9,0.8691916558104896,1.0008837326973623,1.0008837326973623
258,0.1,3,0,0.7538835308841935,1,,,1.0,0.4,0.8757926453361089,0.8608013950549567,0.8608013950549567
258,0.1,3,1,0.8542990045113722,4,0.10118268139595027,0.050591340697975135,5.0,0.9,0.8691916558104896,0.9828660903500844,0.9828660903500844
258,0.5,1,1,0.9047932305517381,5,0.11594594149967488,0.05185260138169739,5.0,0.9,0.8691916558104896,1.0409594069423633,1.0409594069423633
258,0.5,2,0,0.9689003843813755,2,0.013773945156620804,0.009739650023938172,1.0,0.4,0.8757926453361089,1.106312538180238,1.106312538180238
258,0.5,2,1,0.8504903202378534,3,0.11670864187097509,0.0673817658009631,5.0,0.9,0.8691916558104896,0.9784842210027915,0.9784842210027915
258,0.5,3,0,0.8846069200124209,2,0.16637406564566196,0.11764423003162337,1.0,0.4,0.8757926453361089,1.0100643396850282,1.0100643396850282
258,0.5,3,1,0.9255606467251308,3,0.1443622076545763,0.08334755945017829,5.0,0.9,0.8691916558104896,1.0648521997856493,1.0648521997856493
258,0.9,1,0,0.8298601917626292,2,0.1636935525905216,0.11574882107327455,1.0,0.4,0.8757926453361089,0.9475532778014458,0.9475532778014458
258,0.9,1,1,0.9103434717809118,3,0.1322749045489762,0.07636895174838347,5.0,0.9,0.8691916558104896,1.047344927548861,1.047344927548861
258,0.9,2,0,0.9983474554994469,5,0.018990508871421858,0.008492813752762417,1.0,0.4,0.8757926453361089,1.139935875022454,1.139935875022454
258,0.9,3,0,0.9315115795826956,4,0.05848826259895431,0.029244131299477154,1.0,0.4,0.8757926453361089,1.0636211488453446,1.0636211488453446
258,0.9,3,1,0.7868755037979969,1,,,5.0,0.9,0.8691916558104896,0.9052957406318679,0.9052957406318679
259,0.1,1,0,0.8840778811982923,2,0.012944442048913898,0.009153102751463305,1.0,0.4,0.8929116817772305,0.9901067476669635,0.9901067476669635
259,0.1,1,1,0.9138067664892532,3,0.002772647256669559,0.0016007886400060474,5.0,0.9,0.9098053229832312,1.0043981315617074,1.0043981315617074
259,0.1,2,0,0.8962366095741673,3,0.010859431128772669,0.006269695485443102,1.0,0.4,0.8929116817772305,1.0037236916761119,1.0037236916761119
259,0.1,2,1,0.9071634962858486,2,0.0018133186144695258,0.0012822098887431963,5.0,0.9,0.9098053229832312,0.9970962725424378,0.9970962725424378
259,0.1,3,0,0.905097101755296,4,0.005132007309519839,0.0025660036547599193,1.0,0.4,0.8929116817772305,1.0136468367776441,1.0136468367776441
259,0.1,3,1,0.9084457061745919,1,,,5.0,0.9,0.9098053229832312,0.9985055958958547,0.9985055958958547
259,0.5,1,0,0.8871623212272354,5,0.019621647536888154,0.008775067544604645,1.0,0.4,0.8929116817772305,0.9935611094945564,0.9935611094945564
259,0.5,2,0,0.9015967674648051,5,0.011840418202232488,0.005295195996443539,1.0,0.4,0.8929116817772305,1.0097267018282123,1.0097267018282123
259,0.5,3,0,0.8709977287564868,5,0.11331323853677235,0.050675220823774354,1.0,0.4,0.8929116817772305,0.9754578717380799,0.9754578717380799
259,0.9,1,0,0.882541949661171,5,0.019631868184959936,0.008779638357377165,1.0,0.4,0.8929116817772305,0.9883866094176081,0.9883866094176081
259,0.9,2,0,0.908592089955692,5,0.015403485782653156,0.006888648260092801,1.0,0.4,0.8929116817772305,1.0175609844718927,1.0175609844718927
259,0.9,3,0,0.8999026864019282,5,0.021528365806724736,0.009627777877663722,1.0,0.4,0.8929116817772305,1.0078294469289315,1.0078294469289315
260,0.1,1,1,0.9576142072838632,5,0.09528853086093231,0.042614326496226235,5.0,0.9,0.9441523248293962,1.0142581679888354,1.0142581679888354
260,0.1,2,1,0.9637071461610542,5,0.09379712483753776,0.041947349446153664,5.0,0.9,0.9441523248293962,1.0207115110744356,1.0207115110744356
260,0.1,3,0,0.820293459175226,2,0.05692062871971699,0.04024896255711363,1.0,0.4,0.8756893347331911,0.9367402646569364,0.9367402646569364
260,0.1,3,1,0.9943108389791909,3,0.04506133055936137,0.02601617132849,5.0,0.9,0.9441523248293962,1.053125446848694,1.053125446848694
260,0.5,1,0,0.8487559171471389,2,0.025149115202418675,0.01778310990047194,1.0,0.4,0.8756893347331911,0.9692431818936582,0.9692431818936582
260,0.5,1,1,0.9378791343883638,3,0.09652470229954482,0.055728562856090694,5.0,0.9,0.9441523248293962,0.9933557432672043,0.9933557432672043
260,0.5,2,0,0.9820294618717286,4,0.14326616615205667,0.07163308307602834,1.0,0.4,0.8756893347331911,1.1214359053155964,1.1214359053155964
260,0.5,2,1,0.9054935337680999,1,,,5.0,0.9,0.9441523248293962,0.9590544978340421,0.9590544978340421
260,0.5,3,0,0.8320460827450098,5,0.06781414319270829,0.030327406802960068,1.0,0.4,0.8756893347331911,0.950161261240576,0.950161261240576
260,0.9,1,0,0.9674127659901081,4,0.16089770515114735,0.08044885257557367,1.0,0.4,0.8756893347331911,1.1047442598862571,1.1047442598862571
260,0.9,1,1,0.9059090883958044,1,,,5.0,0.9,0.9441523248293962,0.9594946329867883,0.9594946329867883
260,0.9,2,0,0.8546812524579629,5,0.0623484132382519,0.02788305805799581,1.0,0.4,0.8756893347331911,0.9760096629683984,0.9760096629683984
260,0.9,3,0,0.8246064037451635,5,0.09214627567314379,0.04120906725571694,1.0,0.4,0.8756893347331911,0.9416654640385773,0.9416654640385773
261,0.1,1,1,1.0213590007557403,5,0.15321581798445827,0.0685201968482967,5.0,0.9,1.0179558776630138,1.0033430948898683,1.0033430948898683
261,0.1,2,1,0.9861019828288132,5,0.21029429763691324,0.09404646895934227,5.0,0.9,1.0179558776630138,0.9687079808337768,0.9687079808337768
261,0.1,3,1,1.0155789762480247,5,0.1400481361717627,0.0626314305204417,5.0,0.9,1.0179558776630138,0.9976650251085087,0.9976650251085087
261,0.5,1,1,1.0584049729716543,5,0.17296421069034945,0.07735194655564344,5.0,0.9,1.0179558776630138,1.0397356075997144,1.0397356075997144
261,0.5,2,0,0.8036730369265784,1,,,1.0,0.4,1.0873599648236147,0.7391048621667302,0.7391048621667302
261,0.5,2,1,0.9584619643819662,4,0.15121901409186575,0.07560950704593287,5.0,0.9,1.0179558776630138,0.9415555088520815,0.9415555088520815
261,0.5,3,0,1.1729181441775882,2,0.032271935326926376,0.022819704311683342,1.0,0.4,1.0873599648236147,1.0786843199325002,1.0786843199325002
261,0.5,3,1,1.067828368791884,3,0.19436702678082526,0.11221785523349667,5.0,0.9,1.0179558776630138,1.0489927827160501,1.0489927827160501
261,0.9,1,0,1.158958463835852,5,0.029108681502145024,0.013017798114837392,1.0,0.4,1.0873599648236147,1.065846179120501,1.065846179120501
261,0.9,2,0,1.1863767219433112,5,0.04909879448890474,0.021957648418096606,1.0,0.4,1.0873599648236147,1.0910616174246939,1.0910616174246939
261,0.9,3,0,1.1148734572347443,5,0.15578013037328076,0.0696669922116871,1.0,0.4,1.0873599648236147,1.0253030213555754,1.0253030213555754
262,0.1,1,0,0.7906568159503249,2,0.27029805504801857,0.19112958766598864,1.0,0.4,0.9939566592100137,0.795464076450507,0.795464076450507
262,0.1,1,1,0.8647172800635272,3,0.3295508212498222,0.1902662553602471,5.0,0.9,1.0670489881712133,0.8103819877525427,0.8103819877525427
262,0.1,2,0,0.8956813483080805,4,0.15470843097333112,0.07735421548666556,1.0,0.4,0.9939566592100137,0.9011271668726065,0.9011271668726065
262,0.1,2,1,0.981632449948844,1,,,5.0,0.9,1.0670489881712133,0.9199506872043781,0.9199506872043781
262,0.1,3,0,0.899351745233116,3,0.00010548675537483839,6.090280661160315e-05,1.0,0.4,0.9939566592100137,0.9048198801222492,0.9048198801222492
262,0.1,3,1,1.5442053033233152,2,0.10334088632378828,0.07307304149337884,5.0,0.9,1.0670489881712133,1.4471737665670696,1.4471737665670696
262,0.5,1,0,1.115672651254606,4,0.20795473249059268,0.10397736624529634,1.0,0.4,0.9939566592100137,1.1224560355995108,1.1224560355995108
262,0.5,1,1,1.1567681322607473,1,,,5.0,0.9,1.0670489881712133,1.0840815605320062,1.0840815605320062
262,0.5,2,0,1.0986622024815567,3,0.10077318166855904,0.058181423563437626,1.0,0.4,0.9939566592100137,1.1053421618551877,1.1053421618551877
262,0.5,2,1,1.059993134264856,2,0.40901479667539853,0.2892171363348112,5.0,0.9,1.0670489881712133,0.993387507054901,0.993387507054901
262,0.5,3,0,0.9749924264055321,4,0.25902958622939787,0.12951479311469893,1.0,0.4,0.9939566592100137,0.9809204630516242,0.9809204630516242
262,0.5,3,1,0.8091564076363724,1,,,5.0,0.9,1.0670489881712133,0.7583123329915377,0.7583123329915377
262,0.9,1,0,1.081795965950269,4,0.128554611241883,0.0642773056209415,1.0,0.4,0.9939566592100137,1.0883733771752875,1.0883733771752875
262,0.9,1,1,1.3492102705996674,1,,,5.0,0.9,1.0670489881712133,1.2644314230708777,1.2644314230708777
262,0.9,2,0,1.0341138678629984,4,0.23800235795424302,0.11900117897712151,1.0,0.4,0.9939566592100137,1.0404013678875106,1.0404013678875106
262,0.9,2,1,0.7707089272723762,1,,,5.0,0.9,1.0670489881712133,0.7222807348266864,0.7222807348266864
262,0.9,3,0,1.0546829094436407,5,0.2789866827004756,0.1247666374670856,1.0,0.4,0.9939566592100137,1.0610954709855172,1.0610954709855172
263,0.1,1,0,0.9924340960248035,5,0.04241149723289222,0.018966998168058247,1.0,0.4,0.846897980886509,1.171846100029606,1.171846100029606
263,0.1,2,0,0.7945638158257975,4,0.20990602855057094,0.10495301427528547,1.0,0.4,0.846897980886509,0.9382048768070865,0.9382048768070865
263,0.1,2,1,1.022176307666956,1,,,5.0,0.9,0.997542377834065,1.0246946198780829,1.0246946198780829
263,0.1,3,0,0.967667068637127,5,0.04688603732805346,0.020968073332224026,1.0,0.4,0.846897980886509,1.14260169521741,1.14260169521741
263,0.5,1,0,0.9032098684440572,5,0.1870587525407935,0.08365521729350514,1.0,0.4,0.846897980886509,1.0664919374333641,1.0664919374333641
263,0.5,2,0,0.8222470777881028,4,0.15282966070224527,0.07641483035112263,1.0,0.4,0.846897980886509,0.970892712398957,0.970892712398957
263,0.5,2,1,0.9768662055807299,1,,,5.0,0.9,0.997542377834065,0.9792728883376076,0.9792728883376076
263,0.5,3,0,0.6401246950938849,4,0.03599365597710444,0.01799682798855222,1.0,0.4,0.846897980886509,0.7558462879127665,0.7558462879127665
263,0.5,3,1,0.9726443768996961,1,,,5.0,0.9,0.997542377834065,0.9750406584345527,0.9750406584345527
263,0.9,1,0,0.885784047746998,3,0.278167885702152,0.16060030369004652,1.0,0.4,0.846897980886509,1.045915880942099,1.045915880942099
263,0.9,1,1,1.0184826211888778,2,0.06971551753538073,0.049296315203197376,5.0,0.9,0.997542377834065,1.0209918333497567,1.0209918333497567
263,0.9,2,0,0.7877962424725033,5,0.21848141959757703,0.0977078612081674,1.0,0.4,0.846897980886509,0.9302138631241751,0.9302138631241751
263,0.9,3,0,0.8282549159453074,5,0.18057676346999343,0.08075638365516122,1.0,0.4,0.846897980886509,0.9779866461345361,0.9779866461345361
264,0.1,1,0,0.7849826081123813,1,,,1.0,0.4,0.7972932712684891,0.9845594292592967,0.9845594292592967
264,0.1,1,1,0.8862148418663974,4,0.26482785412125504,0.13241392706062752,5.0,0.9,0.8088957649071795,1.0955859584307384,1.0955859584307384
264,0.1,2,0,0.7325567631526524,2,0.023225300909718073,0.016422767768359738,1.0,0.4,0.7972932712684891,0.9188046476137428,0.9188046476137428
264,0.1,2,1,0.7600653121029177,3,0.004116857965885343,0.002376869054819358,5.0,0.9,0.8088957649071795,0.9396331951251283,0.9396331951251283
264,0.1,3,0,0.7404341437136778,1,,,1.0,0.4,0.7972932712684891,0.9286848019369977,0.9286848019369977
264,0.1,3,1,0.7640438292601245,4,0.01982597600474613,0.009912988002373065,5.0,0.9,0.8088957649071795,0.9445516498010077,0.9445516498010077
264,0.5,1,0,0.7980656116031687,2,0.05976803967703351,0.04226238615385702,1.0,0.4,0.7972932712684891,1.0009687029384442,1.0009687029384442
264,0.5,1,1,0.8125779366491847,3,0.11567491487890108,0.06678494324382059,5.0,0.9,0.8088957649071795,1.00455209669991,1.00455209669991
264,0.5,2,0,0.7077802272383857,1,,,1.0,0.4,0.7972932712684891,0.8877288354789591,0.8877288354789591
264,0.5,2,1,0.8715190087838663,4,0.2295665562278076,0.1147832781139038,5.0,0.9,0.8088957649071795,1.0774181873530675,1.0774181873530675
264,0.5,3,0,0.8266749678952786,3,0.13083544827115906,0.07553788127889904,1.0,0.4,0.7972932712684891,1.0368518055847171,1.0368518055847171
264,0.5,3,1,0.7569065878222303,2,0.0,0.0,5.0,0.9,0.8088957649071795,0.9357282120386489,0.9357282120386489
264,0.9,1,0,0.7420282352259164,1,,,1.0,0.4,0.7972932712684891,0.9306841810484034,0.9306841810484034
264,0.9,1,1,0.9168435065232552,4,0.3258586214996587,0.16292931074982936,5.0,0.9,0.8088957649071795,1.1334507439638564,1.1334507439638564
264,0.9,2,0,0.7776035257108669,3,0.07567627280278218,0.04369171647395385,1.0,0.4,0.7972932712684891,0.9753042622242428,0.9753042622242428
264,0.9,2,1,0.7029950962494602,2,0.03709873862502175,0.02623276965522017,5.0,0.9,0.8088957649071795,0.8690799565876435,0.8690799565876435
264,0.9,3,0,1.0655133587640746,5,0.3095940373229554,0.13845466257654704,1.0,0.4,0.7972932712684891,1.3364133339151962,1.3364133339151962
265,0.1,1,1,1.0349138675161833,5,0.036028308842199396,0.01611234953710292,5.0,0.9,1.0590553816717114,0.9772046726041645,0.9772046726041645
265,0.1,2,1,1.0071150248660221,5,0.03422769139569343,0.01530708893473103,5.0,0.9,1.0590553816717114,0.9509559578237525,0.9509559578237525
265,0.1,3,0,0.978428876648888,2,0.02052978319249743,0.014516748911704541,1.0,0.4,1.0035908619092868,0.9749280446689906,0.9749280446689906
265,0.1,3,1,1.0261074500269156,3,0.05447273679110329,0.03144984924983912,5.0,0.9,1.0590553816717114,0.9688893213565586,0.9688893213565586
265,0.5,1,1,1.0968306840834596,5,0.05780440928286016,0.025850917711139038,5.0,0.9,1.0590553816717114,1.0356688640325118,1.0356688640325118
265,0.5,2,1,1.0507592559385277,5,0.044842233046731954,0.02005405627107603,5.0,0.9,1.0590553816717114,0.9921664854579292,0.9921664854579292
265,0.5,3,0,0.9694485530138142,3,0.10835537613123597,0.06255900557751225,1.0,0.4,1.0035908619092868,0.9659798527554162,0.9659798527554162
265,0.5,3,1,1.1069489243533965,2,0.02646327390194925,0.018712360428465302,5.0,0.9,1.0590553816717114,1.0452228877833427,1.0452228877833427
265,0.9,1,0,1.039493627947473,2,0.023502518588539648,0.01661879026891927,1.0,0.4,1.0035908619092868,1.0357743054474238,1.0357743054474238
265,0.9,1,1,1.0907124649174755,2,0.050979709743861026,0.036048098462806044,5.0,0.9,1.0590553816717114,1.029891810941741,1.029891810941741
265,0.9,2,0,0.986920479007251,5,0.146567951734706,0.06554718068034215,1.0,0.4,1.0035908619092868,0.9833892639573051,0.9833892639573051
265,0.9,3,0,1.0436627729290087,5,0.036141845385330815,0.016163124622777355,1.0,0.4,1.0035908619092868,1.039928533170865,1.039928533170865
266,0.1,1,1,0.8630573422594082,5,0.10658750595727012,0.047667381774523954,5.0,0.9,0.8514575831688225,1.0136234139197111,1.0136234139197111
266,0.1,2,0,0.8275898342060248,1,,,1.0,0.4,0.8990919300423869,0.92047298674676,0.92047298674676
266,0.1,2,1,0.8139931181721854,4,0.005490627535700112,0.002745313767850056,5.0,0.9,0.8514575831688225,0.9559996108588198,0.9559996108588198
266,0.1,3,0,1.1795335616585185,1,,,1.0,0.4,0.8990919300423869,1.3119165262699115,1.3119165262699115
266,0.1,3,1,0.8069720177444138,4,0.002860865429672393,0.0014304327148361965,5.0,0.9,0.8514575831688225,0.947753632942173,0.947753632942173
266,0.5,1,0,0.7843416909818549,1,,,1.0,0.4,0.8990919300423869,0.8723709609370844,0.8723709609370844
266,0.5,1,1,0.810666405374741,4,0.004994620660591562,0.002497310330295781,5.0,0.9,0.8514575831688225,0.9520925309722755,0.9520925309722755
266,0.5,2,0,0.8089999012948429,2,0.003650643100723079,0.0025813944922131733,1.0,0.4,0.8990919300423869,0.899796643994684,0.899796643994684
266,0.5,2,1,0.9283760896855145,3,0.19748467187342264,0.11401782846694548,5.0,0.9,0.8514575831688225,1.0903374496124971,1.0903374496124971
266,0.5,3,0,0.7720119752424021,3,0.05112244715400546,0.029515558625997473,1.0,0.4,0.8990919300423869,0.8586574402975747,0.8586574402975747
266,0.5,3,1,0.8191811861520804,2,0.0043002402277214245,0.0030407290257530024,5.0,0.9,0.8514575831688225,0.9620927716720534,0.9620927716720534
266,0.9,1,0,0.7985185616538413,3,0.01084265780531873,0.006260011402631767,1.0,0.4,0.8990919300423869,0.8881389488349605,0.8881389488349605
266,0.9,1,1,0.9179569227934142,2,0.18368616760296616,0.1298857347222261,5.0,0.9,0.8514575831688225,1.0781005900224705,1.0781005900224705
266,0.9,2,0,1.03241895319872,5,0.19848253543056396,0.0887640883138503,1.0,0.4,0.8990919300423869,1.1482907572644407,1.1482907572644407
266,0.9,3,0,0.9893209621028902,5,0.17288729237097897,0.07731754763747795,1.0,0.4,0.8990919300423869,1.1003557356545839,1.1003557356545839
267,0.1,1,0,1.1282192535463433,1,,,1.0,0.4,1.118191842207837,1.008967523246018,1.008967523246018
267,0.1,1,1,1.1226890345243075,3,0.0008888687854813765,0.0005131886325719285,5.0,0.9,1.1196657954363516,1.0027001263236568,1.0027001263236568
267,0.1,2,0,1.1168089632442635,1,,,1.0,0.4,1.118191842207837,0.9987632900622464,0.9987632900622464
267,0.1,2,1,1.1211684574657295,4,0.0033357345852679165,0.0016678672926339583,5.0,0.9,1.1196657954363516,1.00134206299371,1.00134206299371
267,0.1,3,0,1.1224839341746482,1,,,1.0,0.4,1.118191842207837,1.003838421820657,1.003838421820657
267,0.1,3,1,1.115166550856371,4,0.015905266669165228,0.007952633334582614,5.0,0.9,1.1196657954363516,0.9959816182665229,0.9959816182665229
267,0.5,1,1,1.1201112552778076,3,0.010623144054373975,0.006133275079432988,5.0,0.9,1.1196657954363516,1.0003978507187339,1.0003978507187339
267,0.5,2,0,1.1080475521269162,2,0.010111411240645716,0.007149847455626467,1.0,0.4,1.118191842207837,0.990927951986404,0.990927951986404
267,0.5,2,1,1.109633208926214,3,0.015774056231600164,0.00910715561152665,5.0,0.9,1.1196657954363516,0.9910396597350483,0.9910396597350483
267,0.5,3,0,1.1066491883310083,3,0.010133593945222088,0.005850633192132334,1.0,0.4,1.118191842207837,0.9896773939487539,0.9896773939487539
267,0.5,3,1,1.1269853280047324,2,0.0,0.0,5.0,0.9,1.1196657954363516,1.00653724763069,1.00653724763069
267,0.9,1,0,1.1184251913742114,1,,,1.0,0.4,1.118191842207837,1.0002086843755842,1.0002086843755842
267,0.9,1,1,1.1219082047997617,4,0.02568889942453869,0.012844449712269345,5.0,0.9,1.1196657954363516,1.002002748831437,1.002002748831437
267,0.9,2,0,1.124530769582341,2,0.0028938251968579735,0.002046243420266769,1.0,0.4,1.118191842207837,1.0056689086212505,1.0056689086212505
267,0.9,2,1,1.1135760204863039,2,0.021292037370953948,0.015055744010278925,5.0,0.9,1.1196657954363516,0.9945610779798141,0.9945610779798141
267,0.9,3,0,1.1203698852829638,3,0.00653846877383896,0.0037749867066638864,1.0,0.4,1.118191842207837,1.001947825939086,1.001947825939086
267,0.9,3,1,1.1257540985859364,1,,,5.0,0.9,1.1196657954363516,1.005437607520387,1.005437607520387
268,0.1,1,0,0.5267071368464824,4,0.01968893817858798,0.00984446908929399,1.0,0.4,0.5843577288034483,0.9013436648215242,0.9013436648215242
268,0.1,2,0,0.5152772842164384,4,0.027792874480987516,0.013896437240493758,1.0,0.4,0.5843577288034483,0.8817839806303898,0.8817839806303898
268,0.1,3,0,0.6751512384044044,4,0.17711669245367556,0.08855834622683778,1.0,0.4,0.5843577288034483,1.1553731646313092,1.1553731646313092
268,0.1,3,1,1.1132854968471406,1,,,5.0,0.9,1.0617304711904516,1.048557545493522,1.048557545493522
268,0.5,1,0,0.591690600807421,4,0.11765694152601228,0.05882847076300614,1.0,0.4,0.5843577288034483,1.0125486010409885,1.0125486010409885
268,0.5,1,1,1.0759130327477453,1,,,5.0,0.9,1.0617304711904516,1.0133579679044076,1.0133579679044076
268,0.5,2,0,0.668069899546595,5,0.1686974675935608,0.07544380103425397,1.0,0.4,0.5843577288034483,1.1432550073643395,1.1432550073643395
268,0.5,3,0,0.555375113141472,3,0.013634524303932277,0.007871896277147796,1.0,0.4,0.5843577288034483,0.9504026143004525,0.9504026143004525
268,0.5,3,1,0.9613302501504455,2,0.14077163121735808,0.09954057503248578,5.0,0.9,1.0617304711904516,0.9054371860238374,0.9054371860238374
268,0.9,1,0,0.6479223843028065,4,0.23078872117670327,0.11539436058835163,1.0,0.4,0.5843577288034483,1.108776956932726,1.108776956932726
268,0.9,1,1,1.0887835594984887,1,,,5.0,0.9,1.0617304711904516,1.0254801845120864,1.0254801845120864
268,0.9,2,0,0.5413715805501949,4,0.012208264500357007,0.006104132250178504,1.0,0.4,0.5843577288034483,0.9264386417181931,0.9264386417181931
268,0.9,2,1,1.0693400167084377,1,,,5.0,0.9,1.0617304711904516,1.0071671160661462,1.0071671160661462
268,0.9,3,0,0.5376543214152206,5,0.021290585152993695,0.009521439136568333,1.0,0.4,0.5843577288034483,0.9200773685600784,0.9200773685600784
269,0.1,1,1,0.9806956282811434,5,0.058377158085990685,0.026107058762705335,5.0,0.9,0.9969138656884561,0.9837315559894309,0.9837315559894309
269,0.1,2,0,1.0120583705489365,1,,,1.0,0.4,1.0084705434492416,1.0035576915191033,1.0035576915191033
269,0.1,2,1,1.0099937513322526,4,0.008757928846032232,0.004378964423016116,5.0,0.9,0.9969138656884561,1.0131203768890944,1.0131203768890944
269,0.1,3,1,0.9591390576969699,5,0.05246419574385084,0.023462701613621125,5.0,0.9,0.9969138656884561,0.9621082529879356,0.9621082529879356
269,0.5,1,0,0.9892341928673758,4,0.03178033819278616,0.01589016909639308,1.0,0.4,1.0084705434492416,0.9809252231442752,0.9809252231442752
269,0.5,1,1,1.0343434343434343,1,,,5.0,0.9,0.9969138656884561,1.0375454389222782,1.0375454389222782
269,0.5,2,0,1.0007791641465023,3,0.01557258490010318,0.008990836084052873,1.0,0.4,1.0084705434492416,0.9923732236378142,0.9923732236378142
269,0.5,2,1,0.9827675774874247,2,0.04425726619795753,0.03129461304535394,5.0,0.9,0.9969138656884561,0.9858099193040493,0.9858099193040493
269,0.5,3,0,1.0100655849223181,5,0.01475732649706888,0.0065996770427209734,1.0,0.4,1.0084705434492416,1.001581644088107,1.001581644088107
269,0.9,1,0,1.021345669571115,3,0.019133935244269883,0.011046982663936085,1.0,0.4,1.0084705434492416,1.0127669828390198,1.0127669828390198
269,0.9,1,1,1.0145437449895116,2,0.0312588567273412,0.022103349564041693,5.0,0.9,0.9969138656884561,1.0176844559072118,1.0176844559072118
269,0.9,2,0,1.0115554142626,5,0.005865618931269868,0.0026231845320858183,1.0,0.4,1.0084705434492416,1.0030589597617867,1.0030589597617867
269,0.9,3,0,1.0142554078258437,5,0.019125905668090276,0.008553365041019678,1.0,0.4,1.0084705434492416,1.005736275009894,1.005736275009894
270,0.1,1,0,0.9010427915278312,5,0.04439281377631198,0.019853069863264548,1.0,0.4,0.9440196545586024,0.9544746099053775,0.9544746099053775
270,0.1,2,0,0.8839489283118297,5,0.030866943263647195,0.013804116679028868,1.0,0.4,0.9440196545586024,0.9363670809641563,0.9363670809641563
270,0.1,3,0,0.926179489493418,5,0.0514722818585897,0.023019104238567158,1.0,0.4,0.9440196545586024,0.981101913525809,0.981101913525809
270,0.5,1,0,0.9525104767398599,5,0.036677755596865536,0.01640279095534294,1.0,0.4,0.9440196545586024,1.0089943277560547,1.0089943277560547
270,0.5,2,0,1.0113830083069102,5,0.15995658595092255,0.07153475992701012,1.0,0.4,0.9440196545586024,1.0713579991931472,1.0713579991931472
270,0.5,3,0,0.9915877250388438,5,0.16159829447269963,0.07226895429779698,1.0,0.4,0.9440196545586024,1.0503888560482175,1.0503888560482175
270,0.9,1,0,0.9279924566285465,5,0.028664321148366118,0.012819074123326293,1.0,0.4,0.9440196545586024,0.9830223895734991,0.9830223895734991
270,0.9,2,0,0.9690806069551131,5,0.1296218951806914,0.057968673799275665,1.0,0.4,0.9440196545586024,1.02654706634072,1.02654706634072
270,0.9,3,0,0.9324514080250687,5,0.026767083420630396,0.011970603617587432,1.0,0.4,0.9440196545586024,0.9877457566930186,0.9877457566930186
271,0.1,1,1,0.8852110527064584,5,0.09018297321464405,0.04033105170419737,5.0,0.9,0.913429532959338,0.9691071076260726,0.9691071076260726
271,0.1,2,1,0.9113373685090694,5,0.08347023413562946,0.03732902352501817,5.0,0.9,0.913429532959338,0.9977095502446802,0.9977095502446802
271,0.1,3,1,0.9340440666227305,5,0.0770723221144307,0.034467790286325475,5.0,0.9,0.913429532959338,1.0225682802225644,1.0225682802225644
271,0.5,1,0,0.9907120743034056,1,,,1.0,0.4,0.9727773242035537,1.0184366449069273,1.0184366449069273
271,0.5,1,1,0.9067319844776666,4,0.10904448986594188,0.05452224493297094,5.0,0.9,0.913429532959338,0.9926676900187662,0.9926676900187662
271,0.5,2,0,1.000796202294084,1,,,1.0,0.4,0.9727773242035537,1.0288029720609189,1.0288029720609189
271,0.5,2,1,0.9372793811357449,4,0.07852858858396744,0.03926429429198372,5.0,0.9,0.913429532959338,1.026110222316918,1.026110222316918
271,0.5,3,0,0.9061045646237351,5,0.10718020597658345,0.047932445281213966,1.0,0.4,0.9727773242035537,0.9314614373495951,0.9314614373495951
271,0.9,1,0,0.9976402886799685,2,0.022923937681803005,0.016209671786300728,1.0,0.4,0.9727773242035537,1.0255587418187107,1.0255587418187107
271,0.9,1,1,0.9766893852115359,3,0.025173467958248714,0.014533908502131316,5.0,0.9,0.913429532959338,1.0692553174268933,1.0692553174268933
271,0.9,2,0,0.9905189126731462,4,0.011995656327238712,0.005997828163619356,1.0,0.4,0.9727773242035537,1.0182380777472564,1.0182380777472564
271,0.9,2,1,0.8128919584027943,1,,,5.0,0.9,0.913429532959338,0.8899339566667818,0.8899339566667818
271,0.9,3,0,0.950891902646983,3,0.04282508924835635,0.02472507680560829,1.0,0.4,0.9727773242035537,0.9775021261165919,0.9775021261165919
271,0.9,3,1,0.9432510666087042,2,0.04668287585977622,0.033009778085737546,5.0,0.9,0.913429532959338,1.0326478754773234,1.0326478754773234
272,0.1,1,1,1.0761917908715106,5,0.2595509315943477,0.11607470533367187,5.0,0.9,1.189265562965611,0.9049213433775598,0.9049213433775598
272,0.1,2,0,0.9555029694635158,1,,,1.0,0.4,1.006779826963496,0.949068449598723,0.949068449598723
272,0.1,2,1,1.109241165236606,4,0.25624788870015985,0.12812394435007993,5.0,0.9,1.189265562965611,0.9327110779787047,0.9327110779787047
272,0.1,3,0,0.944771833215712,5,0.017596500426443097,0.00786939422392616,1.0,0.4,1.006779826963496,0.9384095786515672,0.9384095786515672
272,0.5,1,1,0.9880279383106221,5,0.04690228310464774,0.020975338664386445,5.0,0.9,1.189265562965611,0.8307883193446105,0.8307883193446105
272,0.5,2,0,0.9493812620507156,3,0.012672661708598446,0.007316564648808375,1.0,0.4,1.006779826963496,0.9429879668071045,0.9429879668071045
272,0.5,2,1,1.5754434013173255,2,0.011112493729804577,0.007857719672237806,5.0,0.9,1.189265562965611,1.3247196003798534,1.3247196003798534
272,0.5,3,0,0.962540845953162,5,0.06127112652901311,0.02740128079537281,1.0,0.4,1.006779826963496,0.9560589318284602,0.9560589318284602
272,0.9,1,0,1.1537642189649464,2,0.034073265931566024,0.0240934373973829,1.0,0.4,1.006779826963496,1.14599457405177,1.14599457405177
272,0.9,1,1,1.1974235190919906,3,0.3300959347655646,0.19058097679529987,5.0,0.9,1.189265562965611,1.0068596589192715,1.0068596589192715
272,0.9,2,0,1.1225028226573892,5,0.25320765582217736,0.11323790616835179,1.0,0.4,1.006779826963496,1.1149436973155493,1.1149436973155493
272,0.9,3,0,0.9589948364390312,5,0.03611638385378447,0.016151737879707577,1.0,0.4,1.006779826963496,0.9525368017468258,0.9525368017468258
273,0.1,1,1,0.8006021679251193,5,0.08163353093616739,0.03650762488332046,5.0,0.9,0.8125084777569331,0.9853462331067816,0.9853462331067816
273,0.1,2,0,0.7449770991940952,2,0.05247098121719528,0.03710258663419075,1.0,0.4,0.8757214872024037,0.8507009478253331,0.8507009478253331
273,0.1,2,1,0.9557135313278905,3,0.35964137441344385,0.2076390443293288,5.0,0.9,0.8125084777569331,1.1762505345990963,1.1762505345990963
273,0.1,3,0,0.7962764658575775,4,0.07162259485590286,0.03581129742795143,1.0,0.4,0.8757214872024037,0.9092804932780366,0.9092804932780366
273,0.1,3,1,0.7952784470889012,1,,,5.0,0.9,0.8125084777569331,0.9787940296751139,0.9787940296751139
273,0.5,1,0,1.1117627458941652,4,0.34337246086787665,0.17168623043393832,1.0,0.4,0.8757214872024037,1.2695391881336877,1.2695391881336877
273,0.5,1,1,0.6984397646858215,1,,,5.0,0.9,0.8125084777569331,0.8596092026190082,0.8596092026190082
273,0.5,2,0,0.9156851164089899,5,0.28840578714203696,0.1289789890307859,1.0,0.4,0.8757214872024037,1.0456350903690335,1.0456350903690335
273,0.5,3,0,0.9243675035114871,5,0.25963015605661355,0.11611013559029332,1.0,0.4,0.8757214872024037,1.0555496433740468,1.0555496433740468
273,0.9,1,0,0.8572785071621674,5,0.1711143885905941,0.07652468096337657,1.0,0.4,0.8757214872024037,0.978939673960548,0.978939673960548
273,0.9,2,0,0.8755970844017172,5,0.21033012119035915,0.0940624897394824,1.0,0.4,0.8757214872024037,0.9998579425051178,0.9998579425051178
273,0.9,3,0,0.7798273751890303,5,0.04826415125988192,0.021584384618685618,1.0,0.4,0.8757214872024037,0.8904970205541964,0.8904970205541964
274,0.1,1,0,0.7542237311774653,1,,,1.0,0.4,0.981357077622656,0.7685517823997126,0.7685517823997126
274,0.1,1,1,0.9964702043496163,4,0.049834695405815026,0.024917347702907513,5.0,0.9,1.0092375281502082,0.9873495352238907,0.9873495352238907
274,0.1,2,1,0.914683547978387,5,0.166857943747325,0.07462114096097093,5.0,0.9,1.0092375281502082,0.9063114702590128,0.9063114702590128
274,0.1,3,1,1.0519145501947003,5,0.033079425359322144,0.014793568752014943,5.0,0.9,1.0092375281502082,1.0422864002319783,1.0422864002319783
274,0.5,1,0,0.9715520766056798,4,0.14695639338119265,0.07347819669059633,1.0,0.4,0.981357077622656,0.9900087325596827,0.9900087325596827
274,0.5,1,1,1.0738818100781293,1,,,5.0,0.9,1.0092375281502082,1.0640525942851184,1.0640525942851184
274,0.5,2,0,1.0166901384470899,5,0.04974700633206611,0.022247537567122458,1.0,0.4,0.981357077622656,1.036004285932322,1.036004285932322
274,0.5,3,0,1.0055809341195476,5,0.06826767858689162,0.030530233997279287,1.0,0.4,0.981357077622656,1.0246840391222063,1.0246840391222063
274,0.9,1,0,1.0395399471585756,5,0.013689355013027902,0.006122065675451581,1.0,0.4,0.981357077622656,1.0592881743685671,1.0592881743685671
274,0.9,2,0,1.056678821979793,5,0.01963838080008666,0.008782550887404096,1.0,0.4,0.981357077622656,1.0767526378263907,1.0767526378263907
274,0.9,3,0,1.0252338938704413,5,0.03910358306066132,0.0174876539774896,1.0,0.4,0.981357077622656,1.0447103477911193,1.0447103477911193
275,0.1,1,0,0.8758859120430886,4,0.0772009435516554,0.0386004717758277,1.0,0.4,0.9000614855009835,0.9731400867081447,0.9731400867081447
275,0.1,1,1,0.8081338053733843,1,,,5.0,0.9,0.8599761459042087,0.939716536583331,0.939716536583331
275,0.1,2,0,0.8953278516450345,4,0.08388141367705144,0.04194070683852572,1.0,0.4,0.9000614855009835,0.9947407661229786,0.9947407661229786
275,0.1,2,1,0.844657991875116,1,,,5.0,0.9,0.8599761459042087,0.98218769892392,0.98218769892392
275,0.1,3,0,0.8242274615436878,4,0.03855456529141704,0.01927728264570852,1.0,0.4,0.9000614855009835,0.9157457293986024,0.9157457293986024
275,0.1,3,1,0.8499469417527739,1,,,5.0,0.9,0.8599761459042087,0.988337811229764,0.988337811229764
275,0.5,1,0,0.8986202189656912,4,0.09220909136165818,0.04610454568082909,1.0,0.4,0.9000614855009835,0.998398702134788,0.998398702134788
275,0.5,1,1,0.9546709723452388,1,,,5.0,0.9,0.8599761459042087,1.1101133175519242,1.1101133175519242
275,0.5,2,0,0.9077765210691041,3,0.09123402261023168,0.05267398751326967,1.0,0.4,0.9000614855009835,1.0085716761492425,1.0085716761492425
275,0.5,2,1,0.854685635939531,2,0.005372035635160769,0.0037986028263979617,5.0,0.9,0.8599761459042087,0.9938480735891633,0.9938480735891633
275,0.5,3,0,0.9510867669295748,5,0.09378232191346532,0.04194072937725532,1.0,0.4,0.9000614855009835,1.0566908841790847,1.0566908841790847
275,0.9,1,0,0.8934313647895649,4,0.08435162707382095,0.042175813536910474,1.0,0.4,0.9000614855009835,0.9926337024545292,0.9926337024545292
275,0.9,1,1,0.8477615281392076,1,,,5.0,0.9,0.8599761459042087,0.9857965621218967,0.9857965621218967
275,0.9,2,0,0.9230280712150183,5,0.10425496926499064,0.04662423965373407,1.0,0.4,0.9000614855009835,1.025516685342059,1.025516685342059
275,0.9,3,0,0.9311692013080878,5,0.09431744854299946,0.042180045281297054,1.0,0.4,0.9000614855009835,1.0345617675105712,1.0345617675105712
276,0.1,1,0,0.7590025859375519,2,0.0030630828603196666,0.0021659266618683226,1.0,0.4,0.8129118364127916,0.933683767340466,0.933683767340466
276,0.1,1,1,0.8058013415346542,3,0.19921788286877637,0.11501849830167538,5.0,0.9,0.7886865406023953,1.0217003841845542,1.0217003841845542
276,0.1,2,0,0.680489101541733,1,,,1.0,0.4,0.8129118364127916,0.8371007421230177,0.8371007421230177
276,0.1,2,1,0.7297332210501699,4,0.13679837581558119,0.06839918790779059,5.0,0.9,0.7886865406023953,0.9252512671165948,0.9252512671165948
276,0.1,3,0,0.7035663441610637,3,0.07918304205029664,0.045716350642992225,1.0,0.4,0.8129118364127916,0.8654891128978432,0.8654891128978432
276,0.1,3,1,0.75899955859751,1,,,5.0,0.9,0.7886865406023953,0.9623589595148784,0.9623589595148784
276,0.5,1,0,0.9763073842780187,1,,,1.0,0.4,0.8129118364127916,1.2010003305970511,1.2010003305970511
276,0.5,1,1,0.8537133983140971,4,0.10291073487025262,0.05145536743512631,5.0,0.9,0.7886865406023953,1.0824495593167276,1.0824495593167276
276,0.5,2,0,0.7247892228733267,5,0.14173508306183608,0.0633858561045689,1.0,0.4,0.8129118364127916,0.8915963458862508,0.8915963458862508
276,0.5,3,0,0.9059942490599424,2,0.3203173386131496,0.2264985622649856,1.0,0.4,0.8129118364127916,1.1145049296586746,1.1145049296586746
276,0.5,3,1,0.7906073593627744,3,0.06447509721851136,0.03722471473513483,5.0,0.9,0.7886865406023953,1.002435465373749,1.002435465373749
276,0.9,1,0,0.8283766948160635,3,0.1401165498286374,0.0808963277614854,1.0,0.4,0.8129118364127916,1.019024029065089,1.019024029065089
276,0.9,1,1,0.8753493043031645,2,0.3501321838983251,0.24758084154616097,5.0,0.9,0.7886865406023953,1.1098823921029215,1.1098823921029215
276,0.9,2,0,0.8787201041492825,5,0.24290702925864366,0.10863132592697151,1.0,0.4,0.8129118364127916,1.0809537575770687,1.0809537575770687
276,0.9,3,0,0.8589608408981425,3,0.26426470868449387,0.1525733006963106,1.0,0.4,0.8129118364127916,1.056646984854539,1.056646984854539
276,0.9,3,1,0.7066016010543967,2,0.12593175028667494,0.08904719459439879,5.0,0.9,0.7886865406023953,0.8959219723905743,0.8959219723905743
277,0.1,1,1,0.8473980406634845,5,0.2595574895965933,0.11607763816143542,5.0,0.9,0.825367599449614,1.0266916719635726,1.0266916719635726
277,0.1,2,0,1.303265322356123,1,,,1.0,0.4,0.9010692462885583,1.4463542371734275,1.4463542371734275
277,0.1,2,1,0.8758760024565775,4,0.2928265805523632,0.1464132902761816,5.0,0.9,0.825367599449614,1.061195039689763,1.061195039689763
277,0.1,3,0,0.7248745077234151,2,0.0015783349882704336,0.0011160513731900135,1.0,0.4,0.9010692462885583,0.8044603793871813,0.8044603793871813
277,0.1,3,1,0.7359364915627165,3,0.011090248886071966,0.006402958179753598,5.0,0.9,0.825367599449614,0.8916469365328448,0.8916469365328448
277,0.5,1,0,0.7402588014169017,1,,,1.0,0.4,0.9010692462885583,0.8215337549982715,0.8215337549982715
277,0.5,1,1,1.0197126661144487,4,0.33369419484580504,0.16684709742290252,5.0,0.9,0.825367599449614,1.2354648604990446,1.2354648604990446
277,0.5,2,0,0.7444302841121113,4,0.025483580838415194,0.012741790419207597,1.0,0.4,0.9010692462885583,0.8261632357095395,0.8261632357095395
277,0.5,2,1,0.7356321839080461,1,,,5.0,0.9,0.825367599449614,0.8912782430502398,0.8912782430502398
277,0.5,3,0,0.8926077454959771,4,0.29963610071527236,0.14981805035763618,1.0,0.4,0.9010692462885583,0.9906094888628887,0.9906094888628887
277,0.5,3,1,0.7376502119924113,1,,,5.0,0.9,0.825367599449614,0.8937232482645358,0.8937232482645358
277,0.9,1,0,0.8501808412493942,5,0.2513117843363242,0.11239004666455754,1.0,0.4,0.9010692462885583,0.9435244236236339,0.9435244236236339
277,0.9,2,0,1.1072485979537716,5,0.340662119186819,0.1523487311721725,1.0,0.4,0.9010692462885583,1.2288163229568112,1.2288163229568112
277,0.9,3,0,0.8456878700007724,5,0.24508272776144355,0.10960432787713252,1.0,0.4,0.9010692462885583,0.9385381572882462,0.9385381572882462
278,0.1,1,1,0.8585650314829698,5,0.1869603853830471,0.08361122616321028,5.0,0.9,0.8625985906325802,0.995323944192104,0.995323944192104
278,0.1,2,1,0.7908341104204706,5,0.11594494253333346,0.051852154630368054,5.0,0.9,0.8625985906325802,0.916804315481803,0.916804315481803
278,0.1,3,0,1.0695913304608957,1,,,1.0,0.4,0.9592271420840316,1.1150553227018631,1.1150553227018631
278,0.1,3,1,0.8515034989056431,4,0.1521011591907472,0.0760505795953736,5.0,0.9,0.8625985906325802,0.9871375958094245,0.9871375958094245
278,0.5,1,0,0.6720897095542608,1,,,1.0,0.4,0.9592271420840316,0.7006575190252315,0.7006575190252315
278,0.5,1,1,0.8346554716561047,4,0.12446689337434373,0.062233446687171866,5.0,0.9,0.8625985906325802,0.96760588380282,0.96760588380282
278,0.5,2,1,0.9655132820791794,5,0.04253375236670047,0.019021672326016963,5.0,0.9,0.8625985906325802,1.1193077435602203,1.1193077435602203
278,0.5,3,0,0.9860850305744138,1,,,1.0,0.4,0.9592271420840316,1.0279995084709868,1.0279995084709868
278,0.5,3,1,0.907315806490233,4,0.18247031205319575,0.09123515602659787,5.0,0.9,0.8625985906325802,1.0518401216316153,1.0518401216316153
278,0.9,1,1,0.9242558795854928,4,0.17599929414610613,0.08799964707305306,5.0,0.9,0.8625985906325802,1.071478541261813,1.071478541261813
278,0.9,2,0,1.15314755239601,1,,,1.0,0.4,0.9592271420840316,1.2021631809653175,1.2021631809653175
278,0.9,2,1,0.9181488173449308,4,0.1566867650021847,0.07834338250109235,5.0,0.9,0.8625985906325802,1.0643986986712015,1.0643986986712015
278,0.9,3,0,0.9152220874345773,4,0.12713065204868276,0.06356532602434138,1.0,0.4,0.9592271420840316,0.9541244688366008,0.9541244688366008
278,0.9,3,1,0.7125954177281971,1,,,5.0,0.9,0.8625985906325802,0.8261031555889984,0.8261031555889984
279,0.1,1,0,0.7677306499896333,2,0.27492090532574553,0.19439843644577948,1.0,0.4,0.7175561223878013,1.0699241857694237,1.0699241857694237
279,0.1,1,1,0.8339325096590319,3,0.26432920853707087,0.1526105397035586,5.0,0.9,0.855361247424301,0.9749477336858594,0.9749477336858594
279,0.1,2,0,0.75380950332557,1,,,1.0,0.4,0.7175561223878013,1.0505234082835622,1.0505234082835622
279,0.1,2,1,0.7821931790044448,4,0.23830170802628658,0.11915085401314329,5.0,0.9,0.855361247424301,0.9144594536633699,0.9144594536633699
279,0.1,3,1,0.8086593568861336,5,0.18810527056437282,0.08412323438158556,5.0,0.9,0.855361247424301,0.9454009745253271,0.9454009745253271
279,0.5,1,1,0.8243348970974572,4,0.20408381493769256,0.10204190746884628,5.0,0.9,0.855361247424301,0.9637271966432059,0.9637271966432059
279,0.5,2,0,0.6822851719270413,4,0.22549887874017638,0.11274943937008819,1.0,0.4,0.7175561223878013,0.9508457257065979,0.9508457257065979
279,0.5,2,1,0.973655904393456,1,,,5.0,0.9,0.855361247424301,1.1382978914761088,1.1382978914761088
279,0.5,3,0,0.9315447877369853,4,0.11797604460558482,0.05898802230279241,1.0,0.4,0.7175561223878013,1.298218715822669,1.298218715822669
279,0.5,3,1,0.9918516097005801,1,,,5.0,0.9,0.855361247424301,1.1595704302565548,1.1595704302565548
279,0.9,1,0,0.47483082168335305,3,0.13002258338123773,0.07506857351588817,1.0,0.4,0.7175561223878013,0.6617333569718077,0.6617333569718077
279,0.9,1,1,0.772901275229003,2,0.23951922826823305,0.1693656705330362,5.0,0.9,0.855361247424301,0.9035963197495738,0.9035963197495738
279,0.9,2,0,0.6472285312303045,5,0.19104617802616472,0.08543844818160617,1.0,0.4,0.7175561223878013,0.9019901176183005,0.9019901176183005
279,0.9,3,0,0.7654633908217215,5,0.20097639838050022,0.08987937773037542,1.0,0.4,0.7175561223878013,1.0667644898276387,1.0667644898276387
280,0.1,1,0,1.4917084694302347,2,0.1149136205033674,0.08125620030862857,1.0,0.4,1.4499717884284231,1.0287844779704636,1.0287844779704636
280,0.1,1,1,1.4887979935699978,2,0.14320908938437837,0.10126411823124436,5.0,0.9,1.4883106864245619,1.0003274229970132,1.0003274229970132
280,0.1,2,0,1.348965294541267,3,0.24104488456780618,0.13916732899200518,1.0,0.4,1.4499717884284231,0.9303389937009506,0.9303389937009506
280,0.1,2,1,1.5239689267201815,2,0.06929044427556671,0.048995743018681814,5.0,0.9,1.4883106864245619,1.0239588686830456,1.0239588686830456
280,0.1,3,0,1.0745027570776737,1,,,1.0,0.4,1.4499717884284231,0.7410508022658097,0.7410508022658097
280,0.1,3,1,1.4543741931222571,4,0.25101787724776675,0.12550893862388338,5.0,0.9,1.4883106864245619,0.9771979778067496,0.9771979778067496
280,0.5,1,0,1.6483497975708503,1,,,1.0,0.4,1.4499717884284231,1.1368150820075213,1.1368150820075213
280,0.5,1,1,1.5751702848606555,4,0.037236191329167105,0.018618095664583553,5.0,0.9,1.4883106864245619,1.0583612005398957,1.0583612005398957
280,0.5,2,0,1.5699619390178727,2,0.0059576624859933505,0.004212703543866603,1.0,0.4,1.4499717884284231,1.0827534380648212,1.0827534380648212
280,0.5,2,1,1.311795144516703,2,0.3323863612944543,0.2350326500452304,5.0,0.9,1.4883106864245619,0.8813987270817021,0.8813987270817021
280,0.5,3,0,1.4194345777961217,4,0.18683439121476703,0.09341719560738351,1.0,0.4,1.4499717884284231,0.9789394449767883,0.9789394449767883
280,0.9,1,0,1.4873251512982602,3,0.12359628495227562,0.07135834838803402,1.0,0.4,1.4499717884284231,1.0257614411314326,1.0257614411314326
280,0.9,1,1,1.5757575757575757,2,0.03428396514843865,0.02424242424242423,5.0,0.9,1.4883106864245619,1.0587558028915935,1.0587558028915935
280,0.9,2,0,1.5609756097560976,1,,,1.0,0.4,1.4499717884284231,1.076555849026544,1.076555849026544
280,0.9,3,0,1.448522499367429,4,0.24191878531067149,0.12095939265533574,1.0,0.4,1.4499717884284231,0.9990004708556676,0.9990004708556676
281,0.1,1,0,1.0226302238538796,3,0.22111433149416843,0.1276604188098423,1.0,0.4,1.039151795759312,0.9841009061689973,0.9841009061689973
281,0.1,1,1,0.9907037796071085,2,0.24482077563181123,0.173114430624604,5.0,0.9,1.0291577838619583,0.962635462843657,0.962635462843657
281,0.1,2,0,1.07362847631779,2,0.0,0.0,1.0,0.4,1.039151795759312,1.0331777134959246,1.0331777134959246
281,0.1,2,1,0.9645509168338052,3,0.1835675831134818,0.10598279352505773,5.0,0.9,1.0291577838619583,0.9372235549871536,0.9372235549871536
281,0.1,3,0,1.0828244375710472,1,,,1.0,0.4,1.039151795759312,1.042027201405954,1.042027201405954
281,0.1,3,1,1.1363709780470228,4,0.045519563620110184,0.022759781810055092,5.0,0.9,1.0291577838619583,1.1041756627275776,1.1041756627275776
281,0.5,1,0,1.0854275869436785,3,0.037806259384200465,0.021827454032520954,1.0,0.4,1.039151795759312,1.0445322727374518,1.0445322727374518
281,0.5,1,1,1.1598386538240222,2,0.007524126396341713,0.005320360797357926,5.0,0.9,1.0291577838619583,1.1269784594852679,1.1269784594852679
281,0.5,2,0,0.9236369679258972,4,0.22747523041717932,0.11373761520858966,1.0,0.4,1.039151795759312,0.8888373880458844,0.8888373880458844
281,0.5,2,1,0.9876543209876544,1,,,5.0,0.9,1.0291577838619583,0.9596724005540137,0.9596724005540137
281,0.5,3,0,1.0116912464413965,4,0.09596928778209014,0.04798464389104507,1.0,0.4,1.039151795759312,0.9735740731720047,0.9735740731720047
281,0.5,3,1,0.796344901331778,1,,,5.0,0.9,1.0291577838619583,0.7737831009191418,0.7737831009191418
281,0.9,1,0,0.9981569285660804,5,0.15996939152504436,0.07154048675385559,1.0,0.4,1.039151795759312,0.9605496835394713,0.9605496835394713
281,0.9,2,0,1.1393757552425303,3,0.04981151335226627,0.028758690642673574,1.0,0.4,1.039151795759312,1.0964478528471235,1.0964478528471235
281,0.9,2,1,1.168640936402317,2,0.051054743178142695,0.036101155113002326,5.0,0.9,1.0291577838619583,1.135531358483188,1.135531358483188
281,0.9,3,0,1.014994538971508,5,0.13732457360598474,0.06141341631283106,1.0,0.4,1.039151795759312,0.9767529085871886,0.9767529085871886
282,0.1,1,1,0.9534222217091883,5,0.15349121312890976,0.06864335730103008,5.0,0.9,1.034594512667582,0.9215419278137285,0.9215419278137285
282,0.1,2,0,0.822330386762057,3,0.1901224304314983,0.10976723638861144,1.0,0.4,0.8678695748428757,0.9475276131335018,0.9475276131335018
282,0.1,2,1,1.0633435428711606,2,0.0060265982569107784,0.004261448494948639,5.0,0.9,1.034594512667582,1.0277877273188436,1.0277877273188436
282,0.1,3,0,0.7262008348658036,5,0.036713875536845186,0.016418944283570484,1.0,0.4,0.8678695748428757,0.8367626379773473,0.8367626379773473
282,0.5,1,0,0.9128685636354297,1,,,1.0,0.4,0.8678695748428757,1.051849943928154,1.051849943928154
282,0.5,1,1,1.047668059624291,4,0.006501993567880338,0.003250996783940169,5.0,0.9,1.034594512667582,1.0126363969619367,1.0126363969619367
282,0.5,2,0,0.7986533210086096,5,0.1431342730251604,0.06401159287885462,1.0,0.4,0.8678695748428757,0.9202457882605258,0.9202457882605258
282,0.5,3,0,0.8025451682405522,4,0.1800737069927907,0.09003685349639536,1.0,0.4,0.8678695748428757,0.9247301570467541,0.9247301570467541
282,0.5,3,1,1.048072924996002,1,,,5.0,0.9,1.034594512667582,1.013027724546564,1.013027724546564
282,0.9,1,0,1.0367730610509243,3,0.00790287928249557,0.004562729481121935,1.0,0.4,0.8678695748428757,1.1946185130854803,1.1946185130854803
282,0.9,1,1,1.0604658141372671,2,0.03156679146084506,0.022321092302265144,5.0,0.9,1.034594512667582,1.0250062233589263,1.0250062233589263
282,0.9,2,0,0.910482710302474,5,0.15982462495559444,0.0714757451758237,1.0,0.4,0.8678695748428757,1.0491008518962233,1.0491008518962233
282,0.9,3,0,0.9331025528771557,5,0.15330201227715307,0.06855874410784431,1.0,0.4,0.8678695748428757,1.0751644946720136,1.0751644946720136
283,0.1,1,0,1.2848986762030241,1,,,1.0,0.4,1.3113484181576336,0.9798301186867104,0.9798301186867104
283,0.1,1,1,1.3004060942064604,4,0.029192867203785697,0.014596433601892849,5.0,0.9,1.348517993177489,0.9643223900500849,0.9643223900500849
283,0.1,2,1,1.2915404957589214,5,0.02217788350422198,0.009918251022502317,5.0,0.9,1.348517993177489,0.957748062905477,0.957748062905477
283,0.1,3,0,1.2980098871846877,1,,,1.0,0.4,1.3113484181576336,0.9898283852039218,0.9898283852039218
283,0.1,3,1,1.281205291118265,4,0.020165037438927533,0.010082518719463767,5.0,0.9,1.348517993177489,0.9500839422241476,0.9500839422241476
283,0.5,1,0,1.68324155502589,1,,,1.0,0.4,1.3113484181576336,1.2835959777880726,1.2835959777880726
283,0.5,1,1,1.29976134810263,3,0.015275016521618733,0.008819034900632556,5.0,0.9,1.348517993177489,0.9638442754775747,0.9638442754775747
283,0.5,2,0,1.277603006605603,3,0.018903292809647605,0.010913821192220362,1.0,0.4,1.3113484181576336,0.9742666318998265,0.9742666318998265
283,0.5,2,1,1.3226357491824245,2,0.05205248767703054,0.03680666701405749,5.0,0.9,1.348517993177489,0.9808068975527137,0.9808068975527137
283,0.5,3,0,1.2898954755912933,4,0.02418894996136052,0.01209447498068026,1.0,0.4,1.3113484181576336,0.9836405471884578,0.9836405471884578
283,0.5,3,1,1.6386062804815282,1,,,5.0,0.9,1.348517993177489,1.2151163638688345,1.2151163638688345
283,0.9,1,0,0.9741630919608808,2,0.4769128926845179,0.3372283404525148,1.0,0.4,1.3113484181576336,0.7428712907051216,0.7428712907051216
283,0.9,1,1,1.3054706933921931,3,0.017983650509872995,0.010382865462887325,5.0,0.9,1.348517993177489,0.968078067921167,0.968078067921167
283,0.9,2,0,1.3007901397788744,5,0.03206814869327362,0.014341312078146172,1.0,0.4,1.3113484181576336,0.9919485331033586,0.9919485331033586
283,0.9,3,0,1.3821855129108154,5,0.1894952122942502,0.08474483522013947,1.0,0.4,1.3113484181576336,1.0540185154245305,1.0540185154245305
284,0.1,1,0,1.21564447239492,5,0.2723427793902521,0.12179539357956647,1.0,0.4,1.2437485449105445,0.9774037343556081,0.9774037343556081
284,0.1,2,0,1.2040883445104933,5,0.2744240454279071,0.12272616404745812,1.0,0.4,1.2437485449105445,0.968112364382381,0.968112364382381
284,0.1,3,0,1.188783058074592,5,0.2189392795481058,0.09791262240287879,1.0,0.4,1.2437485449105445,0.9558065920471843,0.9558065920471843
284,0.5,1,0,1.2655302685869203,5,0.26913290858611805,0.12035989571615935,1.0,0.4,1.2437485449105445,1.017512964148185,1.017512964148185
284,0.5,2,0,1.397217978027479,5,0.38596337529654284,0.17260806879766658,1.0,0.4,1.2437485449105445,1.1233926533984187,1.1233926533984187
284,0.5,3,0,1.1709755875602703,5,0.43891759300809086,0.1962899148973355,1.0,0.4,1.2437485449105445,0.9414890110641229,0.9414890110641229
284,0.9,1,0,1.112433798906676,5,0.39339469297700347,0.17593145509684777,1.0,0.4,1.2437485449105445,0.8944201812004425,0.8944201812004425
284,0.9,2,0,1.3198031474695697,5,0.3064462305999009,0.1370469206139909,1.0,0.4,1.2437485449105445,1.0611495007332816,1.0611495007332816
284,0.9,3,0,1.3192602486639813,5,0.3772110110421511,0.16869389251033473,1.0,0.4,1.2437485449105445,1.0607129986703767,1.0607129986703767
285,0.1,1,1,0.7098547017844652,5,0.19566374540349238,0.0875034870908842,5.0,0.9,0.764101939961386,0.9290052343282074,0.9290052343282074
285,0.1,2,0,0.6817350536237798,1,,,1.0,0.4,0.6130622414070901,1.1120160524958658,1.1120160524958658
285,0.1,2,1,0.7981801465882475,4,0.14875031332410077,0.07437515666205038,5.0,0.9,0.764101939961386,1.0445990316797045,1.0445990316797045
285,0.1,3,1,0.7394822480693176,5,0.08352870963379716,0.0373551745628024,5.0,0.9,0.764101939961386,0.9677795715407914,0.9677795715407914
285,0.5,1,0,0.6329988360801613,2,0.12580643161580732,0.08895858091241901,1.0,0.4,0.6130622414070901,1.0325196910305763,1.0325196910305763
285,0.5,1,1,0.6645014465066313,3,0.12475323104262973,0.07202631152473786,5.0,0.9,0.764101939961386,0.8696502544414585,0.8696502544414585
285,0.5,2,0,0.6001819642284308,5,0.04957055517199215,0.022168626209395643,1.0,0.4,0.6130622414070901,0.9789902618221983,0.9789902618221983
285,0.5,3,0,0.5695649351538244,5,0.1827989798156295,0.0817501890170719,1.0,0.4,0.6130622414070901,0.9290491188081794,0.9290491188081794
285,0.9,1,0,0.6021662588862317,3,0.030521349449100583,0.01762150932046886,1.0,0.4,0.6130622414070901,0.9822269554623848,0.9822269554623848
285,0.9,1,1,0.9084911568582683,2,0.07699844037081634,0.054446119326992254,5.0,0.9,0.764101939961386,1.1889659080098385,1.1889659080098385
285,0.9,2,0,0.6089810415483136,5,0.044344020261545686,0.01983124874008883,1.0,0.4,0.6130622414070901,0.9933429273846495,0.9933429273846495
285,0.9,3,0,0.5958076003288889,4,0.21262945925182228,0.10631472962591114,1.0,0.4,0.6130622414070901,0.9718549929961456,0.9718549929961456
286,0.1,1,0,0.7630046675382789,2,0.2578403136181593,0.18232063422266653,1.0,0.4,0.7132840502061454,1.0697066159235775,1.0697066159235775
286,0.1,1,1,0.8896719057744719,3,0.02663116101746647,0.015375507982266536,5.0,0.9,0.925680096935571,0.9611008259977687,0.9611008259977687
286,0.1,2,0,0.636029782839929,1,,,1.0,0.4,0.7132840502061454,0.8916921423605515,0.8916921423605515
286,0.1,2,1,0.942603843019197,4,0.07883890950455498,0.03941945475227749,5.0,0.9,0.925680096935571,1.0182824996882307,1.0182824996882307
286,0.1,3,0,0.6535590414275623,2,0.01642408964084232,0.011613585159855331,1.0,0.4,0.7132840502061454,0.9162675672317051,0.9162675672317051
286,0.1,3,1,0.9433113928528801,3,0.028999245516478506,0.016742722205234914,5.0,0.9,0.925680096935571,1.0190468564417414,1.0190468564417414
286,0.5,1,0,0.7401969428172147,3,0.15126320605459398,0.08733185273410567,1.0,0.4,0.7132840502061454,1.037730960903011,1.037730960903011
286,0.5,1,1,0.7279705269459729,2,0.2697828943876775,0.1907653140696609,5.0,0.9,0.925680096935571,0.7864169591156727,0.7864169591156727
286,0.5,2,0,0.6286710775620169,3,0.04346235251616658,0.025093000924823184,1.0,0.4,0.7132840502061454,0.8813754876200097,0.8813754876200097
286,0.5,2,1,0.9398869371780838,2,0.04323751468184888,0.03057353983318825,5.0,0.9,0.925680096935571,1.0153474621411263,1.0153474621411263
286,0.5,3,0,0.6844662445930041,5,0.1299092289432877,0.058097173364354895,1.0,0.4,0.7132840502061454,0.9595984157996906,0.9595984157996906
286,0.9,1,0,0.6896922836662005,4,0.31517656416331824,0.15758828208165912,1.0,0.4,0.7132840502061454,0.9669251449921996,0.9669251449921996
286,0.9,1,1,1.040288354111346,1,,,5.0,0.9,0.925680096935571,1.1238097886680087,1.1238097886680087
286,0.9,2,0,0.7469547784877526,4,0.18595176820403106,0.09297588410201553,1.0,0.4,0.7132840502061454,1.047205216872403,1.047205216872403
286,0.9,2,1,0.9835278298035827,1,,,5.0,0.9,0.925680096935571,1.0624921428682699,1.0624921428682699
286,0.9,3,0,0.8769816329233499,4,0.19814705386325174,0.09907352693162587,1.0,0.4,0.7132840502061454,1.2294984482968523,1.2294984482968523
286,0.9,3,1,0.9381799857990335,1,,,5.0,0.9,0.925680096935571,1.0135034650791812,1.0135034650791812
287,0.1,1,0,0.8778821769068318,2,0.17637370795776966,0.12471504491995465,1.0,0.4,0.9222107790272247,0.9519322446359259,0.9519322446359259
287,0.1,1,1,0.8422632879674857,3,0.07474284852876195,0.04315280371808014,5.0,0.9,0.896555573796875,0.9394434796724717,0.9394434796724717
287,0.1,2,0,0.8829102089923726,2,0.17040552336427178,0.12049490112251923,1.0,0.4,0.9222107790272247,0.9573843952720792,0.9573843952720792
287,0.1,2,1,0.92458594811322,3,0.14287266453472836,0.08248757132896452,5.0,0.9,0.896555573796875,1.0312645140307786,1.0312645140307786
287,0.1,3,0,0.9140686417862485,4,0.10511985641841491,0.052559928209207456,1.0,0.4,0.9222107790272247,0.9911710669337819,0.9911710669337819
287,0.1,3,1,0.7281824217547699,1,,,5.0,0.9,0.896555573796875,0.8121999829535921,0.8121999829535921
287,0.5,1,0,0.9006610167151754,2,0.15106113707369373,0.10681635439855941,1.0,0.4,0.9222107790272247,0.9766324979038082,0.9766324979038082
287,0.5,1,1,0.9304673806403891,2,0.0928997172126728,0.06569002001139357,5.0,0.9,0.896555573796875,1.0378245452202133,1.0378245452202133
287,0.5,2,0,0.9205559151988786,4,0.1173687179126305,0.05868435895631525,1.0,0.4,0.9222107790272247,0.9982055470766762,0.9982055470766762
287,0.5,2,1,0.9560754644242586,1,,,5.0,0.9,0.896555573796875,1.0663872852580898,1.0663872852580898
287,0.5,3,0,1.0045124703082282,3,0.005975907176135324,0.003450191616793946,1.0,0.4,0.9222107790272247,1.0892439051382785,1.0892439051382785
287,0.9,1,0,0.8896713115748198,5,0.12145384802760288,0.054315812063729756,1.0,0.4,0.9222107790272247,0.9647158022955138,0.9647158022955138
287,0.9,2,0,0.9441086803432763,4,0.12488007061865511,0.062440035309327555,1.0,0.4,0.9222107790272247,1.0237450069052003,1.0237450069052003
287,0.9,2,1,0.9977589398811264,1,,,5.0,0.9,0.896555573796875,1.1128801928648544,1.1128801928648544
287,0.9,3,0,0.9655265894191917,5,0.056214824941000385,0.02514003398226549,1.0,0.4,0.9222107790272247,1.0469695338387368,1.0469695338387368
288,0.1,1,0,0.8447777781739673,3,0.08102248760009698,0.046778355026329106,1.0,0.4,0.848800431742961,0.995260778130457,0.995260778130457
288,0.1,1,1,0.8543370192141996,2,0.09529856461210771,0.0673862612745657,5.0,0.9,0.8626997476303913,0.9903063279673352,0.9903063279673352
288,0.1,2,0,0.8711759003262833,4,0.023747358122831342,0.011873679061415671,1.0,0.4,0.848800431742961,1.0263612832257585,1.0263612832257585
288,0.1,2,1,0.900982149731091,1,,,5.0,0.9,0.8626997476303913,1.0443751168420432,1.0443751168420432
288,0.1,3,0,0.8007496378031485,5,0.09465842170246828,0.04233253311391209,1.0,0.4,0.848800431742961,0.9433897626075152,0.9433897626075152
288,0.5,1,0,0.7277357307701715,3,0.29787522116089826,0.17197833912216393,1.0,0.4,0.848800431742961,0.8573696519873459,0.8573696519873459
288,0.5,1,1,0.8747975368374932,2,0.0370306346796155,0.026184612893597855,5.0,0.9,0.8626997476303913,1.014023174621682,1.014023174621682
288,0.5,2,0,0.8457248773843684,5,0.13030763191596254,0.058275344590222676,1.0,0.4,0.848800431742961,0.9963765871887257,0.9963765871887257
288,0.5,3,0,0.882993885265801,5,0.06251339175891811,0.027956838695403205,1.0,0.4,0.848800431742961,1.0402844440743577,1.0402844440743577
288,0.9,1,0,0.8764193250484538,4,0.036251567569444865,0.018125783784722432,1.0,0.4,0.848800431742961,1.0325387361653187,1.0325387361653187
288,0.9,1,1,0.8206822847387811,1,,,5.0,0.9,0.8626997476303913,0.9512953805689395,0.9512953805689395
288,0.9,2,0,0.8847514926160999,5,0.045865771191681344,0.020511796445010205,1.0,0.4,0.848800431742961,1.0423551397108923,1.0423551397108923
288,0.9,3,0,0.9048752582983557,5,0.057923364817486396,0.025904116243483856,1.0,0.4,0.848800431742961,1.066063616909629,1.066063616909629
289,0.1,1,1,0.8383700015741541,5,0.04649466896944034,0.02079304808140374,5.0,0.9,0.8279583780569693,1.012575056661204,1.012575056661204
289,0.1,2,1,0.821047208319689,5,0.14297455519775434,0.06394016489499492,5.0,0.9,0.8279583780569693,0.9916527570461945,0.9916527570461945
289,0.1,3,1,0.8814123050018623,5,0.10061414396610785,0.04499601308123349,5.0,0.9,0.8279583780569693,1.0645611281455203,1.0645611281455203
289,0.5,1,0,0.688280634104849,3,0.1870218443933626,0.10797711220484821,1.0,0.4,0.7238276563381385,0.9508902127156583,0.9508902127156583
289,0.5,1,1,0.7600883932216465,2,0.051406022401348145,0.03634954703382084,5.0,0.9,0.8279583780569693,0.9180272986733967,0.9180272986733967
289,0.5,2,0,0.673942877033414,4,0.1837684155094724,0.0918842077547362,1.0,0.4,0.7238276563381385,0.9310819656199754,0.9310819656199754
289,0.5,2,1,0.7189379194444163,1,,,5.0,0.9,0.8279583780569693,0.8683261604666659,0.8683261604666659
289,0.5,3,0,0.8003917667042626,4,0.09942009463295773,0.049710047316478864,1.0,0.4,0.7238276563381385,1.1057767131384062,1.1057767131384062
289,0.5,3,1,0.8943038058318207,1,,,5.0,0.9,0.8279583780569693,1.0801313562772914,1.0801313562772914
289,0.9,1,0,0.711333402799486,1,,,1.0,0.4,0.7238276563381385,0.982738634771347,0.982738634771347
289,0.9,1,1,0.8815490130051953,4,0.19895617087482773,0.09947808543741386,5.0,0.9,0.8279583780569693,1.0647262427297264,1.0647262427297264
289,0.9,2,0,0.8359369592714068,5,0.1444159467167461,0.06458477477872636,1.0,0.4,0.7238276563381385,1.154883972657845,1.154883972657845
289,0.9,3,0,0.6330802981154131,5,0.05404796557517872,0.024170985014333627,1.0,0.4,0.7238276563381385,0.8746285010967687,0.8746285010967687
290,0.1,1,1,0.7463826173690351,5,0.059181472200912695,0.026466758969950974,5.0,0.9,0.773326952947136,0.9651578992877249,0.9651578992877249
290,0.1,2,0,0.5673322850533401,2,0.11748468720989969,0.0830742190117005,1.0,0.4,0.728029153741697,0.7792713823856404,0.7792713823856404
290,0.1,2,1,0.7906934368460133,3,0.003923310007175082,0.0022651240887568863,5.0,0.9,0.773326952947136,1.0224568454942555,1.0224568454942555
290,0.1,3,0,0.753549901925003,4,0.059953072552522246,0.029976536276261123,1.0,0.4,0.728029153741697,1.0350545689717816,1.0350545689717816
290,0.1,3,1,0.7055256993247899,1,,,5.0,0.9,0.773326952947136,0.9123252417829785,0.9123252417829785
290,0.5,1,0,0.6154829002260853,3,0.2985601015343271,0.17237375499012578,1.0,0.4,0.728029153741697,0.8454096886955947,0.8454096886955947
290,0.5,1,1,0.8306405623415354,2,0.06245433098554966,0.04416188095435127,5.0,0.9,0.773326952947136,1.0741130374106038,1.0741130374106038
290,0.5,2,0,0.7598365185236059,3,0.03644121953426477,0.021039347907706014,1.0,0.4,0.728029153741697,1.043689685527613,1.043689685527613
290,0.5,2,1,0.7187341581592588,2,0.08047709043667017,0.05690589637793253,5.0,0.9,0.773326952947136,0.9294052863671374,0.9294052863671374
290,0.5,3,0,0.7481441329303241,4,0.09939766223244133,0.049698831116220664,1.0,0.4,0.728029153741697,1.0276293594634864,1.0276293594634864
290,0.5,3,1,0.8044484269704298,1,,,5.0,0.9,0.773326952947136,1.04024361740489,1.04024361740489
290,0.9,1,0,0.8280453780972754,4,0.04121725684119265,0.020608628420596325,1.0,0.4,0.728029153741697,1.1373794220211462,1.1373794220211462
290,0.9,1,1,0.8168637696188901,1,,,5.0,0.9,0.773326952947136,1.05629807225241,1.05629807225241
290,0.9,2,0,0.798420123441379,5,0.05360264584362931,0.023971831976040338,1.0,0.4,0.728029153741697,1.096687020482502,1.096687020482502
290,0.9,3,0,0.7534219897365628,5,0.07909680337500401,0.035373165829888746,1.0,0.4,0.728029153741697,1.0348788724522358,1.0348788724522358
291,0.1,1,0,0.8299771912675138,1,,,1.0,0.4,0.9951128540920973,0.834053331593986,0.834053331593986
291,0.1,1,1,0.8353154504215738,4,0.01649358100010995,0.008246790500054975,5.0,0.9,0.9113662194271106,0.9165530086759824,0.9165530086759824
291,0.1,2,0,0.9345734086611484,2,0.13528213938669334,0.09565891813375459,1.0,0.4,0.9951128540920973,0.9391632364289146,0.9391632364289146
291,0.1,2,1,0.8610257205559521,3,0.02263891388874817,0.013070583027829513,5.0,0.9,0.9113662194271106,0.9447636989411317,0.9447636989411317
291,0.1,3,0,0.9739949840571327,2,0.15293711664425702,0.10814287227427213,1.0,0.4,0.9951128540920973,0.978778416992481,0.978778416992481
291,0.1,3,1,0.8662219686321059,3,0.02434547575985746,0.014055866983503215,5.0,0.9,0.9113662194271106,0.9504653016178473,0.9504653016178473
291,0.5,1,1,0.9102919028926675,5,0.12462709673489031,0.05573493202753136,5.0,0.9,0.9113662194271106,0.9988212021561229,0.9988212021561229
291,0.5,2,0,1.0054884112119002,2,0.2312819837310898,0.16354105906253036,1.0,0.4,0.9951128540920973,1.0104265130101944,1.0104265130101944
291,0.5,2,1,1.0315542435280474,3,0.12321836809573633,0.07114015798917978,5.0,0.9,0.9113662194271106,1.1318767599006332,1.1318767599006332
291,0.5,3,0,1.1627790593498764,3,0.0513893863152489,0.029669676022598623,1.0,0.4,0.9951128540920973,1.1684896387061057,1.1684896387061057
291,0.5,3,1,0.83468053462686,2,3.76848149400108e-06,2.6647188191841753e-06,5.0,0.9,0.9113662194271106,0.915856344940615,0.915856344940615
291,0.9,1,0,0.9496384267704194,2,0.08213682317367463,0.05807950465122569,1.0,0.4,0.9951128540920973,0.9543022410627315,0.9543022410627315
291,0.9,1,1,1.1303588344688629,3,0.0069982308410619035,0.004040430459938231,5.0,0.9,0.9113662194271106,1.2402904676227875,1.2402904676227875
291,0.9,2,0,1.0257397702982136,3,0.18441400810263545,0.1064714772203944,1.0,0.4,0.9951128540920973,1.030777329506068,1.030777329506068
291,0.9,2,1,0.8436882870257012,2,0.046783213003224425,0.03308072716027466,5.0,0.9,0.9113662194271106,0.9257401350206373,0.9257401350206373
291,0.9,3,0,1.0787115811205736,4,0.17590842479290364,0.08795421239645182,1.0,0.4,0.9951128540920973,1.0840092926995186,1.0840092926995186
291,0.9,3,1,0.8891590326922242,1,,,5.0,0.9,0.9113662194271106,0.9756330811242423,0.9756330811242423
292,0.1,1,0,0.6987996707090163,5,0.18347863084993216,0.08205413819980766,1.0,0.4,0.7209627661198081,0.9692590291034408,0.9692590291034408
292,0.1,2,0,0.7491775825683693,5,0.2303727176288062,0.10302581135587496,1.0,0.4,0.7209627661198081,1.0391349148311946,1.0391349148311946
292,0.1,3,0,0.8478299611853803,5,0.39658917906836216,0.1773600727075389,1.0,0.4,0.7209627661198081,1.1759691360323172,1.1759691360323172
292,0.5,1,0,0.7595077291291693,5,0.26189354919960345,0.11712235577579978,1.0,0.4,0.7209627661198081,1.0534631812081068,1.0534631812081068
292,0.5,2,0,0.6612885330625563,4,0.1574401334693317,0.07872006673466585,1.0,0.4,0.7209627661198081,0.9172297990110972,0.9172297990110972
292,0.5,2,1,0.9936923823386706,1,,,5.0,0.9,0.9936923823386706,1.0,1.0
292,0.5,3,0,0.5914955746170175,5,0.08015640825221433,0.03584703553683527,1.0,0.4,0.7209627661198081,0.820424580038193,0.820424580038193
292,0.9,1,0,0.7180119121117697,5,0.1890264651112419,0.08453520510704585,1.0,0.4,0.7209627661198081,0.9959070646270406,0.9959070646270406
292,0.9,2,0,0.758941067489167,5,0.23181117949015279,0.10366911105687733,1.0,0.4,0.7209627661198081,1.0526772021442334,1.0526772021442334
292,0.9,3,0,0.7036128642058276,5,0.23018627913663559,0.10294243352745175,1.0,0.4,0.7209627661198081,0.9759350930043766,0.9759350930043766
293,0.1,1,1,1.1894482263085644,5,0.10494389729161026,0.04693233763355932,5.0,0.9,1.0520547152235789,1.1305954044945155,1.1305954044945155
293,0.1,2,0,1.1387267167083681,1,,,1.0,0.4,1.0378178999016314,1.0972317174489872,1.0972317174489872
293,0.1,2,1,1.0326686228828017,4,0.20514106480501612,0.10257053240250806,5.0,0.9,1.0520547152235789,0.9815731139642702,0.9815731139642702
293,0.1,3,0,1.1118035810490445,3,0.19379985302706876,0.11189039731408806,1.0,0.4,1.0378178999016314,1.071289656070131,1.071289656070131
293,0.1,3,1,1.0926410041507544,2,0.17172301983265367,0.1214265118095014,5.0,0.9,1.0520547152235789,1.0385781160807308,1.0385781160807308
293,0.5,1,1,1.1569957555364558,5,0.13517740026213493,0.06045317120156631,5.0,0.9,1.0520547152235789,1.09974865260746,1.09974865260746
293,0.5,2,0,1.1547688329347832,2,0.17516697451017751,0.12386175551607763,1.0,0.4,1.0378178999016314,1.1126892618100312,1.1126892618100312
293,0.5,2,1,1.0240719595626955,3,0.26224277228021703,0.15140593516901704,5.0,0.9,1.0520547152235789,0.9734018057654572,0.9734018057654572
293,0.5,3,0,1.0418145776163699,3,0.24459418865075525,0.14121652065973164,1.0,0.4,1.0378178999016314,1.0038510394888325,1.0038510394888325
293,0.5,3,1,0.9836370032898039,2,0.2571328579462911,0.18182038751969964,5.0,0.9,1.0520547152235789,0.9349675345362288,0.9349675345362288
293,0.9,1,0,0.8324695648639311,1,,,1.0,0.4,1.0378178999016314,0.8021345218104601,0.8021345218104601
293,0.9,1,1,1.161525851750364,4,0.10560956218683598,0.05280478109341799,5.0,0.9,1.0520547152235789,1.1040546037603383,1.1040546037603383
293,0.9,2,0,0.9261445358750372,2,0.3197221983172646,0.22607773452600796,1.0,0.4,1.0378178999016314,0.8923959935194998,0.8923959935194998
293,0.9,2,1,1.0660241845662781,3,0.1958491297148404,0.11307354776141704,5.0,0.9,1.0520547152235789,1.0132782726416758,1.0132782726416758
293,0.9,3,0,1.0589974902638866,4,0.1592413765991597,0.07962068829957986,1.0,0.4,1.0378178999016314,1.0204078098520584,1.0204078098520584
293,0.9,3,1,0.7614798289644916,1,,,5.0,0.9,1.0520547152235789,0.7238024961493231,0.7238024961493231
