subj_idx,T_round,actual_dist,actual_R,actual_req,is_heavy,mean_rate,n_trials
0,0.1,1,5.0,0.9,1,1.055372955583738,5
0,0.1,2,1.0,0.4,0,0.9557706790300348,2
0,0.1,2,5.0,0.9,1,1.0154345033400254,3
0,0.1,3,1.0,0.4,0,0.9787452657737846,1
0,0.1,3,5.0,0.9,1,1.1154441980230188,4
0,0.5,1,1.0,0.4,0,1.181800978260193,2
0,0.5,1,5.0,0.9,1,1.1714506197842052,3
0,0.5,2,1.0,0.4,0,1.0696596718355873,5
0,0.5,3,1.0,0.4,0,1.0208117677818098,5
0,0.9,1,1.0,0.4,0,1.105480777194106,5
0,0.9,2,1.0,0.4,0,1.107623721026515,5
0,0.9,3,1.0,0.4,0,1.1099557509912867,5
1,0.1,1,1.0,0.4,0,0.7089233263965975,2
1,0.1,1,5.0,0.9,1,0.5762823958425541,3
1,0.1,2,1.0,0.4,0,0.5904715947183564,5
1,0.1,3,1.0,0.4,0,0.5092192872956226,5
1,0.5,1,1.0,0.4,0,0.5469202407431198,3
1,0.5,1,5.0,0.9,1,0.7145424642625573,2
1,0.5,2,1.0,0.4,0,0.4218116519212446,5
1,0.5,3,1.0,0.4,0,0.4738278448352032,5
1,0.9,1,1.0,0.4,0,0.4444464493032058,4
1,0.9,1,5.0,0.9,1,0.4710482433442585,1
1,0.9,2,1.0,0.4,0,0.6699444157349599,5
1,0.9,3,1.0,0.4,0,0.569803999446417,5
2,0.1,1,5.0,0.9,1,0.8232777731051965,5
2,0.1,2,1.0,0.4,0,0.8478396436556012,3
2,0.1,2,5.0,0.9,1,0.8688549206462142,2
2,0.1,3,1.0,0.4,0,0.9356438706491876,4
2,0.1,3,5.0,0.9,1,0.7805809619142953,1
2,0.5,1,1.0,0.4,0,0.9308771378349132,1
2,0.5,1,5.0,0.9,1,0.8943513403119094,4
2,0.5,2,1.0,0.4,0,0.9377443097282784,4
2,0.5,2,5.0,0.9,1,0.9050933598497404,1
2,0.5,3,1.0,0.4,0,0.9192452320129344,4
2,0.5,3,5.0,0.9,1,0.7701822463896346,1
2,0.9,1,1.0,0.4,0,0.9685791552974066,1
2,0.9,1,5.0,0.9,1,0.9864687737938136,4
2,0.9,2,1.0,0.4,0,0.8955753688591974,5
2,0.9,3,1.0,0.4,0,0.933279893293538,4
2,0.9,3,5.0,0.9,1,0.8930070311222543,1
3,0.1,1,5.0,0.9,1,0.9750350133584468,5
3,0.1,2,5.0,0.9,1,0.9918072322523054,5
3,0.1,3,5.0,0.9,1,1.0012784344873586,5
3,0.5,1,5.0,0.9,1,1.0157008062133477,5
3,0.5,2,1.0,0.4,0,0.9150617753526572,3
3,0.5,2,5.0,0.9,1,0.9571562898503934,2
3,0.5,3,1.0,0.4,0,0.9437435176805083,5
3,0.9,1,1.0,0.4,0,0.9702234345807514,5
3,0.9,2,1.0,0.4,0,1.014858897236471,5
3,0.9,3,1.0,0.4,0,0.9663040495196732,5
4,0.1,1,5.0,0.9,1,0.8773566029732622,5
4,0.1,2,5.0,0.9,1,0.892690222046413,5
4,0.1,3,1.0,0.4,0,0.8499561663392614,1
4,0.1,3,5.0,0.9,1,0.9245666522175076,4
4,0.5,1,1.0,0.4,0,0.8591234675364173,1
4,0.5,1,5.0,0.9,1,0.990185609428924,4
4,0.5,2,1.0,0.4,0,1.0213843972570245,1
4,0.5,2,5.0,0.9,1,0.967646363173242,4
4,0.5,3,1.0,0.4,0,0.8746466368390061,2
4,0.5,3,5.0,0.9,1,0.944071398606304,3
4,0.9,1,5.0,0.9,1,0.9691424163418596,4
4,0.9,2,1.0,0.4,0,1.1495220866875575,4
4,0.9,2,5.0,0.9,1,0.93806099131773,1
4,0.9,3,1.0,0.4,0,1.060315402343201,4
4,0.9,3,5.0,0.9,1,0.9679553833065508,1
5,0.1,1,5.0,0.9,1,1.0083155458648858,5
5,0.1,2,1.0,0.4,0,1.1845466518105603,2
5,0.1,2,5.0,0.9,1,1.1454623866035358,3
5,0.1,3,1.0,0.4,0,1.025602503912363,1
5,0.1,3,5.0,0.9,1,1.1715154076476593,4
5,0.5,1,1.0,0.4,0,1.1794891236991456,3
5,0.5,1,5.0,0.9,1,1.1356376366396563,2
5,0.5,2,1.0,0.4,0,1.1394523010602664,5
5,0.5,3,1.0,0.4,0,1.003712871218786,5
5,0.9,1,1.0,0.4,0,0.9761809663732804,4
5,0.9,1,5.0,0.9,1,1.663265824069844,1
5,0.9,2,1.0,0.4,0,1.0437443119360583,5
5,0.9,3,1.0,0.4,0,1.0093368203900692,5
6,0.1,1,5.0,0.9,1,1.0447887635567052,5
6,0.1,2,1.0,0.4,0,0.7325175631869517,2
6,0.1,2,5.0,0.9,1,1.079341236386912,3
6,0.1,3,1.0,0.4,0,0.6589446589446589,1
6,0.1,3,5.0,0.9,1,0.9953131349243374,4
6,0.5,1,1.0,0.4,0,0.8749858528122109,4
6,0.5,1,5.0,0.9,1,1.1428571428571428,1
6,0.5,2,1.0,0.4,0,0.8214895129961932,4
6,0.5,2,5.0,0.9,1,1.0084325131638685,1
6,0.5,3,1.0,0.4,0,0.8595316861877402,4
6,0.5,3,5.0,0.9,1,0.9507755238427223,1
6,0.9,1,1.0,0.4,0,0.8889171068526114,3
6,0.9,1,5.0,0.9,1,0.9713924284346972,2
6,0.9,2,1.0,0.4,0,0.8258753976127726,5
6,0.9,3,1.0,0.4,0,0.7051520381664982,5
7,0.1,1,1.0,0.4,0,0.974595504795373,2
7,0.1,1,5.0,0.9,1,0.8634314078971776,3
7,0.1,2,1.0,0.4,0,0.8774611378064137,5
7,0.1,3,1.0,0.4,0,0.8450566404303977,3
7,0.1,3,5.0,0.9,1,0.931251850367788,2
7,0.5,1,1.0,0.4,0,0.9306433380256636,5
7,0.5,2,1.0,0.4,0,0.8679436074146143,5
7,0.5,3,1.0,0.4,0,0.9449690580076918,5
7,0.9,1,1.0,0.4,0,1.0102146314687297,4
7,0.9,1,5.0,0.9,1,0.8993558456898189,1
7,0.9,2,1.0,0.4,0,0.9655898361539682,5
7,0.9,3,1.0,0.4,0,1.0583277763773515,5
8,0.1,1,1.0,0.4,0,1.01388675169902,3
8,0.1,1,5.0,0.9,1,1.082909455825996,2
8,0.1,2,1.0,0.4,0,0.9728063052825155,3
8,0.1,2,5.0,0.9,1,1.066058264234226,2
8,0.1,3,1.0,0.4,0,1.0496672700233871,2
8,0.1,3,5.0,0.9,1,0.9783915479220338,3
8,0.5,1,1.0,0.4,0,1.0617984459360192,2
8,0.5,1,5.0,0.9,1,0.9733221570852092,3
8,0.5,2,1.0,0.4,0,1.0379185832564204,2
8,0.5,2,5.0,0.9,1,1.005855131390204,3
8,0.5,3,1.0,0.4,0,1.0399848211498843,4
8,0.5,3,5.0,0.9,1,1.060425620048672,1
8,0.9,1,1.0,0.4,0,1.0259609348116554,4
8,0.9,1,5.0,0.9,1,1.0768192317457566,1
8,0.9,2,1.0,0.4,0,1.038204360264836,4
8,0.9,2,5.0,0.9,1,1.073656618610747,1
8,0.9,3,1.0,0.4,0,1.0514273428459835,3
8,0.9,3,5.0,0.9,1,1.1079017586455506,2
9,0.1,1,5.0,0.9,1,1.234983969315294,5
9,0.1,2,5.0,0.9,1,1.1292485449685348,5
9,0.1,3,5.0,0.9,1,1.2192762634547134,5
9,0.5,1,1.0,0.4,0,1.1736409915549866,5
9,0.5,2,1.0,0.4,0,1.0418154906804895,5
9,0.5,3,1.0,0.4,0,1.1215728923732078,5
9,0.9,1,1.0,0.4,0,1.2216611398130937,5
9,0.9,2,1.0,0.4,0,1.2063609374449382,5
9,0.9,3,1.0,0.4,0,1.1597315024176793,5
10,0.1,1,5.0,0.9,1,0.9678712297820736,5
10,0.1,2,1.0,0.4,0,1.0464883193462342,3
10,0.1,2,5.0,0.9,1,0.9387717679394906,2
10,0.1,3,1.0,0.4,0,1.161003702180173,1
10,0.1,3,5.0,0.9,1,1.0722094997982852,4
10,0.5,1,1.0,0.4,0,1.105237899406629,2
10,0.5,1,5.0,0.9,1,1.0835288481056309,3
10,0.5,2,1.0,0.4,0,1.0257454670665291,4
10,0.5,2,5.0,0.9,1,0.942562592047128,1
10,0.5,3,1.0,0.4,0,1.0192416493483365,4
10,0.5,3,5.0,0.9,1,1.0398050365556455,1
10,0.9,1,1.0,0.4,0,1.0500438437989792,2
10,0.9,1,5.0,0.9,1,1.1261897572525303,3
10,0.9,2,1.0,0.4,0,1.0496873023619138,5
10,0.9,3,1.0,0.4,0,1.093253096139912,5
11,0.1,1,5.0,0.9,1,0.9261520847086002,5
11,0.1,2,1.0,0.4,0,0.8681144121813301,3
11,0.1,2,5.0,0.9,1,0.9261520372631484,2
11,0.1,3,1.0,0.4,0,0.9056465935410268,5
11,0.5,1,1.0,0.4,0,0.8549095728582907,1
11,0.5,1,5.0,0.9,1,0.9991666543705188,4
11,0.5,2,1.0,0.4,0,0.9283473299794888,5
11,0.5,3,1.0,0.4,0,0.9427755556266236,5
11,0.9,1,1.0,0.4,0,0.9290601048785876,4
11,0.9,1,5.0,0.9,1,1.0100113429008235,1
11,0.9,2,1.0,0.4,0,0.9257425047703274,5
11,0.9,3,1.0,0.4,0,0.911701732027248,5
12,0.1,1,5.0,0.9,1,1.01399576588093,5
12,0.1,2,5.0,0.9,1,0.9808938708129268,5
12,0.1,3,5.0,0.9,1,0.9484018103342476,5
12,0.5,1,1.0,0.4,0,1.0034833918454198,4
12,0.5,1,5.0,0.9,1,1.2093612131251243,1
12,0.5,2,1.0,0.4,0,0.9462568877640706,3
12,0.5,2,5.0,0.9,1,1.0206584908152851,2
12,0.5,3,1.0,0.4,0,0.9469411408669994,4
12,0.5,3,5.0,0.9,1,1.005054718555234,1
12,0.9,1,1.0,0.4,0,0.9419799883685206,3
12,0.9,1,5.0,0.9,1,1.0470713047484717,2
12,0.9,2,1.0,0.4,0,0.9653835234513716,3
12,0.9,2,5.0,0.9,1,0.9104049722807,2
12,0.9,3,1.0,0.4,0,1.0116690977508824,4
12,0.9,3,5.0,0.9,1,0.9004390207694086,1
13,0.1,1,5.0,0.9,1,1.4425095601211595,5
13,0.1,2,5.0,0.9,1,1.445752525352061,5
13,0.1,3,5.0,0.9,1,1.4626664781047558,5
13,0.5,1,1.0,0.4,0,1.48003613369467,1
13,0.5,1,5.0,0.9,1,1.4103314918518028,4
13,0.5,2,1.0,0.4,0,1.432555457593965,1
13,0.5,2,5.0,0.9,1,1.459603305560068,4
13,0.5,3,1.0,0.4,0,1.3927884037123155,4
13,0.5,3,5.0,0.9,1,1.5323850454089822,1
13,0.9,1,1.0,0.4,0,1.4619095239792532,5
13,0.9,2,1.0,0.4,0,1.4425091507884895,5
13,0.9,3,1.0,0.4,0,1.479640199344706,5
14,0.1,1,1.0,0.4,0,1.0582992889076572,3
14,0.1,1,5.0,0.9,1,1.1159321740389618,2
14,0.1,2,1.0,0.4,0,1.1114177302256725,4
14,0.1,2,5.0,0.9,1,1.024160025003907,1
14,0.1,3,1.0,0.4,0,1.0842789354406257,4
14,0.1,3,5.0,0.9,1,1.2079923320799233,1
14,0.5,1,1.0,0.4,0,1.069916801633391,2
14,0.5,1,5.0,0.9,1,1.1799739366700397,3
14,0.5,2,1.0,0.4,0,1.1380685136157185,4
14,0.5,2,5.0,0.9,1,1.1110434018711424,1
14,0.5,3,1.0,0.4,0,1.101366303566786,5
14,0.9,1,1.0,0.4,0,1.1802740062663948,4
14,0.9,1,5.0,0.9,1,1.1168370824812544,1
14,0.9,2,1.0,0.4,0,1.1810083644420488,5
14,0.9,3,1.0,0.4,0,1.1526186484781245,5
15,0.1,1,1.0,0.4,0,0.6466130182935153,5
15,0.1,2,1.0,0.4,0,0.6752838720844394,4
15,0.1,2,5.0,0.9,1,0.9076782769455471,1
15,0.1,3,1.0,0.4,0,0.7642828767588745,5
15,0.5,1,1.0,0.4,0,0.7911441194487343,5
15,0.5,2,1.0,0.4,0,0.7083769631792048,5
15,0.5,3,1.0,0.4,0,0.8637240034995377,5
15,0.9,1,1.0,0.4,0,0.8659240522412384,5
15,0.9,2,1.0,0.4,0,0.8709078246355936,4
15,0.9,2,5.0,0.9,1,1.245066193116322,1
15,0.9,3,1.0,0.4,0,0.7822667685880114,5
16,0.1,1,5.0,0.9,1,0.8054299905005085,5
16,0.1,2,5.0,0.9,1,0.8875904722293244,5
16,0.1,3,1.0,0.4,0,0.619046169839327,4
16,0.1,3,5.0,0.9,1,0.9258066338927502,1
16,0.5,1,5.0,0.9,1,0.87800153650998,5
16,0.5,2,1.0,0.4,0,0.7858550653089772,3
16,0.5,2,5.0,0.9,1,0.8749816219041675,2
16,0.5,3,1.0,0.4,0,0.8045981726452641,5
16,0.9,1,1.0,0.4,0,0.9058060120840504,5
16,0.9,2,1.0,0.4,0,0.9395673669667456,5
16,0.9,3,1.0,0.4,0,0.9215600117716232,5
17,0.1,1,5.0,0.9,1,1.0507358364552222,5
17,0.1,2,5.0,0.9,1,0.9947397174887712,5
17,0.1,3,1.0,0.4,0,0.991527475187606,1
17,0.1,3,5.0,0.9,1,0.9926111099134756,4
17,0.5,1,1.0,0.4,0,0.9953105818419776,2
17,0.5,1,5.0,0.9,1,1.1259022083796142,3
17,0.5,2,1.0,0.4,0,0.9535290313541877,3
17,0.5,2,5.0,0.9,1,1.0565125876749524,2
17,0.5,3,1.0,0.4,0,0.8986854939775193,4
17,0.5,3,5.0,0.9,1,0.991527475187606,1
17,0.9,1,1.0,0.4,0,1.0211397990380977,4
17,0.9,1,5.0,0.9,1,1.1358846367165836,1
17,0.9,2,1.0,0.4,0,0.9955888586397064,5
17,0.9,3,1.0,0.4,0,0.9437018320214448,4
17,0.9,3,5.0,0.9,1,0.9874043594024924,1
18,0.1,1,5.0,0.9,1,0.8202999075348713,5
18,0.1,2,5.0,0.9,1,0.818248012404983,5
18,0.1,3,1.0,0.4,0,0.8211708099438653,1
18,0.1,3,5.0,0.9,1,0.8174871879836516,4
18,0.5,1,1.0,0.4,0,0.8226830606383322,2
18,0.5,1,5.0,0.9,1,0.9922919509597844,3
18,0.5,2,1.0,0.4,0,0.820203429771906,5
18,0.5,3,1.0,0.4,0,0.8697226830114207,5
18,0.9,1,1.0,0.4,0,0.8713220255645062,5
18,0.9,2,1.0,0.4,0,0.8490273933352862,5
18,0.9,3,1.0,0.4,0,0.8246284854231378,5
19,0.1,1,5.0,0.9,1,0.8794321153628715,5
19,0.1,2,5.0,0.9,1,0.909613392625824,5
19,0.1,3,5.0,0.9,1,0.9143845106328186,5
19,0.5,1,1.0,0.4,0,0.804684703310419,1
19,0.5,1,5.0,0.9,1,1.16249235094815,4
19,0.5,2,1.0,0.4,0,0.7692706800207995,5
19,0.5,3,1.0,0.4,0,0.936589496844878,5
19,0.9,1,1.0,0.4,0,0.9014176796531576,5
19,0.9,2,1.0,0.4,0,1.0097884303642697,5
19,0.9,3,1.0,0.4,0,1.000622140088892,5
20,0.1,1,5.0,0.9,1,0.9418512372187866,5
20,0.1,2,1.0,0.4,0,0.8819223150460771,1
20,0.1,2,5.0,0.9,1,1.1624686265665356,4
20,0.1,3,1.0,0.4,0,0.8822452452236844,1
20,0.1,3,5.0,0.9,1,1.1479885084238128,4
20,0.5,1,1.0,0.4,0,0.8465958414286305,1
20,0.5,1,5.0,0.9,1,0.9086644358450412,4
20,0.5,2,1.0,0.4,0,0.8288944525335357,3
20,0.5,2,5.0,0.9,1,1.0036650896570896,2
20,0.5,3,1.0,0.4,0,0.8831713865699109,5
20,0.9,1,1.0,0.4,0,0.9004502229738313,2
20,0.9,1,5.0,0.9,1,0.9556875053864268,3
20,0.9,2,1.0,0.4,0,0.8121278326790702,4
20,0.9,2,5.0,0.9,1,1.0085440622460788,1
20,0.9,3,1.0,0.4,0,0.8841716171000498,5
21,0.1,1,5.0,0.9,1,0.964385306143098,5
21,0.1,2,5.0,0.9,1,0.9640455307594644,5
21,0.1,3,5.0,0.9,1,0.9399811434430956,5
21,0.5,1,5.0,0.9,1,0.9906259693975134,5
21,0.5,2,1.0,0.4,0,0.918853317926464,3
21,0.5,2,5.0,0.9,1,1.0502576289827366,2
21,0.5,3,1.0,0.4,0,0.9597176285872788,4
21,0.5,3,5.0,0.9,1,1.0451112471933048,1
21,0.9,1,1.0,0.4,0,1.0091963344199333,3
21,0.9,1,5.0,0.9,1,1.0679933710613343,2
21,0.9,2,1.0,0.4,0,0.9679403866224074,5
21,0.9,3,1.0,0.4,0,0.9768905854898992,5
22,0.1,1,5.0,0.9,1,1.288143689106254,5
22,0.1,2,5.0,0.9,1,1.2365524551128448,5
22,0.1,3,5.0,0.9,1,1.2931021008727814,5
22,0.5,1,1.0,0.4,0,1.3637370678692105,2
22,0.5,1,5.0,0.9,1,1.2675247901290976,3
22,0.5,2,1.0,0.4,0,1.3083595296043309,4
22,0.5,2,5.0,0.9,1,1.3569204266878687,1
22,0.5,3,1.0,0.4,0,1.3118393404441768,4
22,0.5,3,5.0,0.9,1,1.372562160713089,1
22,0.9,1,1.0,0.4,0,1.273821963477136,2
22,0.9,1,5.0,0.9,1,1.2234149440590791,3
22,0.9,2,1.0,0.4,0,1.2145473347724762,4
22,0.9,2,5.0,0.9,1,1.1745637165853606,1
22,0.9,3,1.0,0.4,0,1.2785396424129776,5
23,0.1,1,5.0,0.9,1,1.0250521461003568,5
23,0.1,2,5.0,0.9,1,1.0427131474384117,5
23,0.1,3,5.0,0.9,1,0.9955769180002708,5
23,0.5,1,5.0,0.9,1,1.0445585683506065,5
23,0.5,2,1.0,0.4,0,0.8264187679379378,1
23,0.5,2,5.0,0.9,1,1.052111804863626,4
23,0.5,3,1.0,0.4,0,0.9333485245528084,1
23,0.5,3,5.0,0.9,1,0.9660303358083298,4
23,0.9,1,1.0,0.4,0,1.0117466137009368,3
23,0.9,1,5.0,0.9,1,1.1287217204724531,2
23,0.9,2,1.0,0.4,0,1.0295175481525771,4
23,0.9,2,5.0,0.9,1,1.0734737200739062,1
23,0.9,3,1.0,0.4,0,0.9697568870072626,3
23,0.9,3,5.0,0.9,1,1.02252705629853,2
24,0.1,1,5.0,0.9,1,1.0765155318418362,5
24,0.1,2,5.0,0.9,1,1.0277928190281314,5
24,0.1,3,5.0,0.9,1,1.1466427403016952,5
24,0.5,1,1.0,0.4,0,1.0190476025104471,5
24,0.5,2,1.0,0.4,0,1.0399649388803751,5
24,0.5,3,1.0,0.4,0,1.0738229455788073,5
24,0.9,1,1.0,0.4,0,1.0525488301814974,5
24,0.9,2,1.0,0.4,0,1.0901371718216208,5
24,0.9,3,1.0,0.4,0,1.0747613948445682,5
25,0.1,1,1.0,0.4,0,1.5494003835675327,2
25,0.1,1,5.0,0.9,1,1.3348049336979513,3
25,0.1,2,1.0,0.4,0,1.319228929424093,2
25,0.1,2,5.0,0.9,1,1.3412767711045828,3
25,0.1,3,1.0,0.4,0,1.3013292325257355,3
25,0.1,3,5.0,0.9,1,1.4261274227350635,2
25,0.5,1,1.0,0.4,0,1.530620447600487,3
25,0.5,1,5.0,0.9,1,1.2267389719815085,2
25,0.5,2,1.0,0.4,0,1.0890197276179372,4
25,0.5,2,5.0,0.9,1,1.424442417966275,1
25,0.5,3,1.0,0.4,0,1.4617070563400278,5
25,0.9,1,1.0,0.4,0,1.2627558862840984,4
25,0.9,1,5.0,0.9,1,1.5486993345432547,1
25,0.9,2,1.0,0.4,0,1.4191106613056432,5
25,0.9,3,1.0,0.4,0,1.3790349865188891,5
26,0.1,1,1.0,0.4,0,0.9073985312708588,2
26,0.1,1,5.0,0.9,1,0.9539015872452908,3
26,0.1,2,1.0,0.4,0,0.9046215468909744,1
26,0.1,2,5.0,0.9,1,0.94175954787091,4
26,0.1,3,1.0,0.4,0,0.8661573978032938,3
26,0.1,3,5.0,0.9,1,0.9573493151754138,2
26,0.5,1,1.0,0.4,0,0.965129931158294,4
26,0.5,1,5.0,0.9,1,1.0571686669247644,1
26,0.5,2,1.0,0.4,0,0.953500339384974,3
26,0.5,2,5.0,0.9,1,0.951224376701184,2
26,0.5,3,1.0,0.4,0,0.9624370054195792,5
26,0.9,1,1.0,0.4,0,0.966674180680526,4
26,0.9,1,5.0,0.9,1,1.058890439997932,1
26,0.9,2,1.0,0.4,0,0.9540161463611948,5
26,0.9,3,1.0,0.4,0,0.9969222247043577,5
27,0.1,1,5.0,0.9,1,1.0406733699773447,5
27,0.1,2,5.0,0.9,1,1.0194891934737544,5
27,0.1,3,5.0,0.9,1,1.0103478443777885,5
27,0.5,1,1.0,0.4,0,1.0526857778001373,3
27,0.5,1,5.0,0.9,1,1.1356164181676285,2
27,0.5,2,1.0,0.4,0,0.9942200890359444,5
27,0.5,3,1.0,0.4,0,1.0102437368751,5
27,0.9,1,1.0,0.4,0,1.0370971435692649,5
27,0.9,2,1.0,0.4,0,1.0126659553292496,5
27,0.9,3,1.0,0.4,0,1.0858187879935952,5
28,0.1,1,1.0,0.4,0,0.9966875537853394,1
28,0.1,1,5.0,0.9,1,1.1680589430452888,4
28,0.1,2,5.0,0.9,1,1.0968770219479704,5
28,0.1,3,1.0,0.4,0,1.005416190960883,3
28,0.1,3,5.0,0.9,1,1.1583710407239818,2
28,0.5,1,5.0,0.9,1,1.1731994865845288,5
28,0.5,2,1.0,0.4,0,1.141364658072421,2
28,0.5,2,5.0,0.9,1,1.2782736660324232,3
28,0.5,3,1.0,0.4,0,1.0411643536784485,4
28,0.5,3,5.0,0.9,1,1.2448808105819942,1
28,0.9,1,5.0,0.9,1,1.1764291382183132,5
28,0.9,2,1.0,0.4,0,0.9975150727571616,3
28,0.9,2,5.0,0.9,1,1.203357816865314,2
28,0.9,3,1.0,0.4,0,1.1925949897483736,5
29,0.1,1,5.0,0.9,1,0.9344799204414856,5
29,0.1,2,5.0,0.9,1,0.9385145627507137,5
29,0.1,3,1.0,0.4,0,0.9446494464944648,1
29,0.1,3,5.0,0.9,1,0.9346562365220918,4
29,0.5,1,1.0,0.4,0,0.935159817351598,1
29,0.5,1,5.0,0.9,1,0.9420353728537776,4
29,0.5,2,1.0,0.4,0,0.9382084859694536,4
29,0.5,2,5.0,0.9,1,0.9343065693430656,1
29,0.5,3,1.0,0.4,0,0.9292630017784504,4
29,0.5,3,5.0,0.9,1,0.9437796035418916,1
29,0.9,1,1.0,0.4,0,0.9418180229750638,3
29,0.9,1,5.0,0.9,1,0.9327563779234916,2
29,0.9,2,1.0,0.4,0,0.9501746125135396,5
29,0.9,3,1.0,0.4,0,0.9450762268809768,5
30,0.1,1,5.0,0.9,1,0.8940710715323494,5
30,0.1,2,5.0,0.9,1,1.1365343231353888,5
30,0.1,3,1.0,0.4,0,0.8992350636196531,2
30,0.1,3,5.0,0.9,1,0.993757989120204,3
30,0.5,1,1.0,0.4,0,0.7744656472906081,2
30,0.5,1,5.0,0.9,1,1.12246598629321,3
30,0.5,2,1.0,0.4,0,0.8205172804275943,2
30,0.5,2,5.0,0.9,1,1.0918649348714098,3
30,0.5,3,1.0,0.4,0,0.9953631200123711,3
30,0.5,3,5.0,0.9,1,1.0107181098767608,2
30,0.9,1,1.0,0.4,0,1.1749891377335389,1
30,0.9,1,5.0,0.9,1,1.0141333043830516,4
30,0.9,2,1.0,0.4,0,1.0092715400682046,3
30,0.9,2,5.0,0.9,1,1.035838605861921,2
30,0.9,3,1.0,0.4,0,0.9402132226753036,4
30,0.9,3,5.0,0.9,1,0.9655822725129656,1
31,0.1,1,1.0,0.4,0,0.6038565182121026,3
31,0.1,1,5.0,0.9,1,0.6643736728739084,2
31,0.1,2,1.0,0.4,0,0.6225160305590767,3
31,0.1,2,5.0,0.9,1,0.6234523958457062,2
31,0.1,3,1.0,0.4,0,0.5992827488647252,5
31,0.5,1,1.0,0.4,0,0.6320676547060651,4
31,0.5,1,5.0,0.9,1,0.7455405897342555,1
31,0.5,2,1.0,0.4,0,0.5983136978718248,5
31,0.5,3,1.0,0.4,0,0.644418984686969,5
31,0.9,1,1.0,0.4,0,0.620021560597352,5
31,0.9,2,1.0,0.4,0,0.6587826299059811,5
31,0.9,3,1.0,0.4,0,0.6147676491376843,5
32,0.1,1,5.0,0.9,1,0.9064975610807444,5
32,0.1,2,5.0,0.9,1,0.9132443206608272,5
32,0.1,3,5.0,0.9,1,0.9304894336915218,5
32,0.5,1,5.0,0.9,1,0.9733117603418204,5
32,0.5,2,5.0,0.9,1,0.9789304863345264,5
32,0.5,3,1.0,0.4,0,0.9338257132773128,5
32,0.9,1,1.0,0.4,0,0.8275079968306228,2
32,0.9,1,5.0,0.9,1,0.9929325735854412,3
32,0.9,2,1.0,0.4,0,0.9040867002163652,5
32,0.9,3,1.0,0.4,0,0.9706187117313192,5
33,0.1,1,5.0,0.9,1,0.7116575897040216,5
33,0.1,2,1.0,0.4,0,0.6958137635869196,2
33,0.1,2,5.0,0.9,1,0.6815485102066186,3
33,0.1,3,1.0,0.4,0,0.6908208559926027,5
33,0.5,1,1.0,0.4,0,0.7014959787771988,2
33,0.5,1,5.0,0.9,1,1.09379861157075,3
33,0.5,2,1.0,0.4,0,0.6940124284855855,3
33,0.5,2,5.0,0.9,1,0.6848764481163235,2
33,0.5,3,1.0,0.4,0,0.7584718378342696,5
33,0.9,1,1.0,0.4,0,0.8319319667590106,3
33,0.9,1,5.0,0.9,1,0.9925739804543304,2
33,0.9,2,1.0,0.4,0,0.6915001270953093,5
33,0.9,3,1.0,0.4,0,0.7677873503653612,5
34,0.1,1,1.0,0.4,0,1.1190620741899924,5
34,0.1,2,1.0,0.4,0,1.0450098802669152,5
34,0.1,3,1.0,0.4,0,1.0132354854321477,5
34,0.5,1,1.0,0.4,0,1.0881633294739792,4
34,0.5,1,5.0,0.9,1,1.1194201247140214,1
34,0.5,2,1.0,0.4,0,1.0944043762569915,5
34,0.5,3,1.0,0.4,0,1.0693499439742,5
34,0.9,1,1.0,0.4,0,1.0945683729441449,5
34,0.9,2,1.0,0.4,0,1.088786502701375,5
34,0.9,3,1.0,0.4,0,1.094342539436108,5
35,0.1,1,5.0,0.9,1,0.972211021201202,5
35,0.1,2,5.0,0.9,1,0.944227292967568,5
35,0.1,3,1.0,0.4,0,0.8712547064853785,3
35,0.1,3,5.0,0.9,1,1.0462519936204149,2
35,0.5,1,1.0,0.4,0,1.0790305584826132,1
35,0.5,1,5.0,0.9,1,0.9881750976772194,4
35,0.5,2,1.0,0.4,0,0.8950681022481636,5
35,0.5,3,1.0,0.4,0,0.9173192747962056,3
35,0.5,3,5.0,0.9,1,1.1174493486783437,2
35,0.9,1,1.0,0.4,0,0.9096870371943276,2
35,0.9,1,5.0,0.9,1,1.0363396169745414,3
35,0.9,2,1.0,0.4,0,1.0435587260704096,4
35,0.9,3,1.0,0.4,0,0.9428551041599128,5
36,0.1,1,1.0,0.4,0,0.8262267239559627,3
36,0.1,1,5.0,0.9,1,0.9214757723000652,2
36,0.1,2,1.0,0.4,0,0.8523694700089661,5
36,0.1,3,1.0,0.4,0,0.8127405199969437,5
36,0.5,1,1.0,0.4,0,0.8977884188420906,4
36,0.5,1,5.0,0.9,1,0.8556194415286678,1
36,0.5,2,1.0,0.4,0,0.8135244769215524,4
36,0.5,2,5.0,0.9,1,0.9210160182809088,1
36,0.5,3,1.0,0.4,0,0.8629193777561002,5
36,0.9,1,1.0,0.4,0,0.8744676628135863,5
36,0.9,2,1.0,0.4,0,0.8829451944605211,5
36,0.9,3,1.0,0.4,0,0.8984411847094365,5
37,0.1,1,5.0,0.9,1,0.9769537686581544,5
37,0.1,2,5.0,0.9,1,0.9742648100376604,5
37,0.1,3,1.0,0.4,0,0.976053389110762,3
37,0.1,3,5.0,0.9,1,0.974933479710624,2
37,0.5,1,1.0,0.4,0,0.9807797141219826,2
37,0.5,1,5.0,0.9,1,0.9785963703877356,3
37,0.5,2,1.0,0.4,0,0.9482139963423384,1
37,0.5,2,5.0,0.9,1,0.9759412333292888,4
37,0.5,3,1.0,0.4,0,0.964470357743582,5
37,0.9,1,1.0,0.4,0,1.0323470771294236,5
37,0.9,2,1.0,0.4,0,0.9711285451338206,5
37,0.9,3,1.0,0.4,0,0.9667649561681864,5
38,0.1,1,5.0,0.9,1,0.969628486100914,5
38,0.1,2,1.0,0.4,0,0.7605952258740051,2
38,0.1,2,5.0,0.9,1,0.913641847684744,3
38,0.1,3,1.0,0.4,0,0.9776829833445932,1
38,0.1,3,5.0,0.9,1,0.9582871834879778,4
38,0.5,1,5.0,0.9,1,0.976239111793053,5
38,0.5,2,1.0,0.4,0,0.9739780595415783,2
38,0.5,2,5.0,0.9,1,0.971474395653748,3
38,0.5,3,1.0,0.4,0,0.9600375014649012,1
38,0.5,3,5.0,0.9,1,0.9535456674936084,4
38,0.9,1,5.0,0.9,1,1.058681823879258,5
38,0.9,2,1.0,0.4,0,1.0548801011370932,2
38,0.9,2,5.0,0.9,1,0.9667881187144548,3
38,0.9,3,1.0,0.4,0,0.9884169884169884,1
38,0.9,3,5.0,0.9,1,0.9744105136502356,4
39,0.1,1,5.0,0.9,1,0.946819447726852,5
39,0.1,2,5.0,0.9,1,0.8789361544253641,5
39,0.1,3,1.0,0.4,0,0.6882414221863763,1
39,0.1,3,5.0,0.9,1,0.9883633714757682,4
39,0.5,1,1.0,0.4,0,0.7780120424715558,1
39,0.5,1,5.0,0.9,1,0.8332058520895331,4
39,0.5,2,1.0,0.4,0,0.8444875634642601,2
39,0.5,2,5.0,0.9,1,1.0506393208445426,3
39,0.5,3,1.0,0.4,0,0.9581004687787033,4
39,0.5,3,5.0,0.9,1,1.1453177865391606,1
39,0.9,1,1.0,0.4,0,0.8767767589101103,2
39,0.9,1,5.0,0.9,1,0.9776803193175612,3
39,0.9,2,1.0,0.4,0,0.7454873445094274,3
39,0.9,2,5.0,0.9,1,0.947479126627438,2
39,0.9,3,1.0,0.4,0,0.8755511377364348,5
40,0.1,1,1.0,0.4,0,0.6208910818906763,3
40,0.1,1,5.0,0.9,1,0.9547974038043924,2
40,0.1,2,1.0,0.4,0,0.5552403477490393,4
40,0.1,2,5.0,0.9,1,0.9410319507071804,1
40,0.1,3,1.0,0.4,0,0.4961804776437567,4
40,0.1,3,5.0,0.9,1,1.1044156053975065,1
40,0.5,1,1.0,0.4,0,0.4777028321750963,3
40,0.5,1,5.0,0.9,1,1.0415718941417809,2
40,0.5,2,1.0,0.4,0,0.6393654264761951,5
40,0.5,3,1.0,0.4,0,0.6997610584475428,5
40,0.9,1,1.0,0.4,0,0.4563509560285188,3
40,0.9,1,5.0,0.9,1,0.9995269644913513,2
40,0.9,2,1.0,0.4,0,0.5940276234302371,5
40,0.9,3,1.0,0.4,0,0.6720695764571072,5
41,0.1,1,5.0,0.9,1,1.2444627811597428,5
41,0.1,2,1.0,0.4,0,1.3139195843768852,1
41,0.1,2,5.0,0.9,1,1.1437509247908948,4
41,0.1,3,1.0,0.4,0,1.1526891944133095,4
41,0.1,3,5.0,0.9,1,1.0149667955198731,1
41,0.5,1,5.0,0.9,1,1.1056854605849018,5
41,0.5,2,5.0,0.9,1,1.2864400430055003,5
41,0.5,3,1.0,0.4,0,1.2268681108804214,5
41,0.9,1,1.0,0.4,0,1.299645381720911,2
41,0.9,1,5.0,0.9,1,1.137013399965655,3
41,0.9,2,1.0,0.4,0,0.9937881375881984,3
41,0.9,2,5.0,0.9,1,1.0488844382701843,2
41,0.9,3,1.0,0.4,0,1.1813069754070602,4
41,0.9,3,5.0,0.9,1,1.160931919959186,1
42,0.1,1,1.0,0.4,0,0.8319635291042478,5
42,0.1,2,1.0,0.4,0,0.8346015376207111,5
42,0.1,3,1.0,0.4,0,0.8311342193857401,5
42,0.5,1,1.0,0.4,0,0.8304948389254969,2
42,0.5,1,5.0,0.9,1,1.0385198892372118,3
42,0.5,2,1.0,0.4,0,0.8246542179106727,5
42,0.5,3,1.0,0.4,0,0.8580631520381224,5
42,0.9,1,1.0,0.4,0,0.8553250399823933,5
42,0.9,2,1.0,0.4,0,0.9064044759240087,4
42,0.9,2,5.0,0.9,1,0.9517170872252428,1
42,0.9,3,1.0,0.4,0,0.9535133119405292,5
43,0.1,1,5.0,0.9,1,0.963865060571355,5
43,0.1,2,1.0,0.4,0,0.7159180151616381,3
43,0.1,2,5.0,0.9,1,1.0037140761927437,2
43,0.1,3,1.0,0.4,0,0.7957222045681028,2
43,0.1,3,5.0,0.9,1,1.0640188491506548,3
43,0.5,1,1.0,0.4,0,0.6016451233842538,1
43,0.5,1,5.0,0.9,1,0.8991696369353124,4
43,0.5,2,1.0,0.4,0,0.6727286975756746,5
43,0.5,3,1.0,0.4,0,0.6731521081664648,5
43,0.9,1,1.0,0.4,0,0.7416441749233815,3
43,0.9,1,5.0,0.9,1,1.1887787832962018,2
43,0.9,2,1.0,0.4,0,0.8778284602688519,5
43,0.9,3,1.0,0.4,0,0.8028846944628973,5
44,0.1,1,5.0,0.9,1,0.8445020455262915,5
44,0.1,2,1.0,0.4,0,0.9075078652204824,2
44,0.1,2,5.0,0.9,1,0.9247079015901032,3
44,0.1,3,1.0,0.4,0,0.8409290352858655,5
44,0.5,1,1.0,0.4,0,0.9346839127598424,4
44,0.5,1,5.0,0.9,1,0.963096203811472,1
44,0.5,2,1.0,0.4,0,0.858387833350519,5
44,0.5,3,1.0,0.4,0,0.8014067768288768,4
44,0.5,3,5.0,0.9,1,0.7703357401393693,1
44,0.9,1,1.0,0.4,0,0.8611361868240754,4
44,0.9,1,5.0,0.9,1,0.960894134849978,1
44,0.9,2,1.0,0.4,0,0.9085863531811568,5
44,0.9,3,1.0,0.4,0,0.9504534106660586,5
45,0.1,1,5.0,0.9,1,0.9913079602451722,5
45,0.1,2,5.0,0.9,1,0.9969724797776028,5
45,0.1,3,1.0,0.4,0,0.9612992712947352,2
45,0.1,3,5.0,0.9,1,0.8934906800000416,3
45,0.5,1,1.0,0.4,0,0.8949329465980638,5
45,0.5,2,1.0,0.4,0,0.8418004319646819,5
45,0.5,3,1.0,0.4,0,0.9064858956653156,5
45,0.9,1,1.0,0.4,0,0.8461435685576413,5
45,0.9,2,1.0,0.4,0,1.0231978432058249,5
45,0.9,3,1.0,0.4,0,0.8744260390382659,5
46,0.1,1,1.0,0.4,0,0.9247890395802808,2
46,0.1,1,5.0,0.9,1,0.8312947134785182,3
46,0.1,2,5.0,0.9,1,0.8429674615530471,5
46,0.1,3,1.0,0.4,0,0.7038429315198084,3
46,0.1,3,5.0,0.9,1,0.8968180166283188,2
46,0.5,1,1.0,0.4,0,0.9213008651253548,1
46,0.5,1,5.0,0.9,1,0.9147757251792172,4
46,0.5,2,1.0,0.4,0,0.928277214035207,1
46,0.5,2,5.0,0.9,1,0.9238514404288222,4
46,0.5,3,1.0,0.4,0,0.8047207842736587,5
46,0.9,1,1.0,0.4,0,0.6583695177041046,2
46,0.9,1,5.0,0.9,1,0.9257399033344776,3
46,0.9,2,1.0,0.4,0,0.6937693471226852,3
46,0.9,2,5.0,0.9,1,0.9507515488579756,2
46,0.9,3,1.0,0.4,0,0.8098516604750108,3
46,0.9,3,5.0,0.9,1,0.7837999261001212,2
47,0.1,1,5.0,0.9,1,0.9423214419273724,5
47,0.1,2,1.0,0.4,0,0.9926508454859956,1
47,0.1,2,5.0,0.9,1,0.9392260417183056,4
47,0.1,3,1.0,0.4,0,0.9590941254432866,3
47,0.1,3,5.0,0.9,1,0.9786351561217552,2
47,0.5,1,1.0,0.4,0,0.9505090780295264,3
47,0.5,1,5.0,0.9,1,0.9652497249794492,2
47,0.5,2,1.0,0.4,0,0.9906810924435602,5
47,0.5,3,1.0,0.4,0,0.9723986186918876,5
47,0.9,1,1.0,0.4,0,0.9723618061396392,5
47,0.9,2,1.0,0.4,0,1.0162760478985966,5
47,0.9,3,1.0,0.4,0,0.9656393905818034,5
48,0.1,1,1.0,0.4,0,1.0156339608252087,1
48,0.1,1,5.0,0.9,1,1.043176219320391,4
48,0.1,2,5.0,0.9,1,1.0358302184803692,5
48,0.1,3,5.0,0.9,1,1.0167886808302415,5
48,0.5,1,1.0,0.4,0,0.9928764123654904,2
48,0.5,1,5.0,0.9,1,1.0638969862338763,3
48,0.5,2,1.0,0.4,0,0.9988756690486138,5
48,0.5,3,1.0,0.4,0,1.0001341738482687,5
48,0.9,1,1.0,0.4,0,1.0260154126862016,4
48,0.9,1,5.0,0.9,1,1.0712417616905534,1
48,0.9,2,1.0,0.4,0,1.0064710449656222,5
48,0.9,3,1.0,0.4,0,1.0275871046335905,5
49,0.1,1,5.0,0.9,1,0.9779402318985986,5
49,0.1,2,1.0,0.4,0,0.7626211149194625,1
49,0.1,2,5.0,0.9,1,1.0325787150427312,4
49,0.1,3,1.0,0.4,0,0.7963559670582654,4
49,0.1,3,5.0,0.9,1,1.0486431131592422,1
49,0.5,1,1.0,0.4,0,0.8957649248756945,3
49,0.5,1,5.0,0.9,1,1.0065646008354874,2
49,0.5,2,1.0,0.4,0,0.8604202658177669,4
49,0.5,2,5.0,0.9,1,0.9505244592963892,1
49,0.5,3,1.0,0.4,0,0.827473747227053,5
49,0.9,1,1.0,0.4,0,0.8695686498705912,3
49,0.9,1,5.0,0.9,1,1.0529473126315052,2
49,0.9,2,1.0,0.4,0,0.9342664061340225,4
49,0.9,3,1.0,0.4,0,0.8442857661756336,5
50,0.1,1,5.0,0.9,1,1.1780889815699096,5
50,0.1,2,5.0,0.9,1,1.108917731610374,5
50,0.1,3,5.0,0.9,1,1.168728870704696,5
50,0.5,1,5.0,0.9,1,1.201729545257907,5
50,0.5,2,5.0,0.9,1,1.1826368637495803,5
50,0.5,3,1.0,0.4,0,1.2111252251557445,3
50,0.5,3,5.0,0.9,1,1.078317380911446,2
50,0.9,1,1.0,0.4,0,1.1545447683256942,1
50,0.9,1,5.0,0.9,1,1.1948991579111043,4
50,0.9,2,1.0,0.4,0,1.197143858413216,4
50,0.9,2,5.0,0.9,1,0.9796500797662496,1
50,0.9,3,1.0,0.4,0,1.1423742766107114,5
51,0.1,1,1.0,0.4,0,1.0349152614633612,3
51,0.1,1,5.0,0.9,1,1.0136390999794107,2
51,0.1,2,1.0,0.4,0,0.9780844151657172,4
51,0.1,2,5.0,0.9,1,0.7312199535433679,1
51,0.1,3,1.0,0.4,0,1.0902541474696352,5
51,0.5,1,1.0,0.4,0,0.9366824963105866,2
51,0.5,1,5.0,0.9,1,1.1761600166515092,3
51,0.5,2,1.0,0.4,0,1.0171590791720562,3
51,0.5,2,5.0,0.9,1,1.354044559605719,2
51,0.5,3,1.0,0.4,0,1.0677241932350394,5
51,0.9,1,1.0,0.4,0,1.1916971916971917,2
51,0.9,1,5.0,0.9,1,1.3669348909656744,3
51,0.9,2,1.0,0.4,0,1.102588957449257,5
51,0.9,3,1.0,0.4,0,1.1939799865986174,5
52,0.1,1,1.0,0.4,0,0.803082141421667,1
52,0.1,1,5.0,0.9,1,1.0001953309243214,4
52,0.1,2,1.0,0.4,0,0.8854486901773455,2
52,0.1,2,5.0,0.9,1,1.0407575188679106,3
52,0.1,3,1.0,0.4,0,0.789472498461896,3
52,0.1,3,5.0,0.9,1,1.049474670032314,2
52,0.5,1,1.0,0.4,0,0.9006201342611405,5
52,0.5,2,1.0,0.4,0,0.8239707540946168,5
52,0.5,3,1.0,0.4,0,0.8312511209528697,5
52,0.9,1,1.0,0.4,0,0.901355195831177,5
52,0.9,2,1.0,0.4,0,0.9929039924655784,5
52,0.9,3,1.0,0.4,0,0.8893668765309016,5
53,0.1,1,1.0,0.4,0,0.8241485477200177,1
53,0.1,1,5.0,0.9,1,0.8466051738987195,4
53,0.1,2,5.0,0.9,1,0.8356053400251581,5
53,0.1,3,1.0,0.4,0,0.8383886262526239,1
53,0.1,3,5.0,0.9,1,0.8370578676546999,4
53,0.5,1,1.0,0.4,0,0.8215925802596099,2
53,0.5,1,5.0,0.9,1,0.9515412209579902,3
53,0.5,2,1.0,0.4,0,0.8389350654261083,2
53,0.5,2,5.0,0.9,1,0.8634173971412104,3
53,0.5,3,1.0,0.4,0,0.8628354756570074,5
53,0.9,1,1.0,0.4,0,0.8323725280667639,3
53,0.9,1,5.0,0.9,1,1.0156380902717366,2
53,0.9,2,1.0,0.4,0,1.0168311363585223,4
53,0.9,2,5.0,0.9,1,0.831464095407257,1
53,0.9,3,1.0,0.4,0,0.8389173252407028,5
54,0.1,1,1.0,0.4,0,0.6479337390836906,5
54,0.1,2,1.0,0.4,0,0.5934034186624813,4
54,0.1,2,5.0,0.9,1,0.7540014910674017,1
54,0.1,3,1.0,0.4,0,0.621144350952111,4
54,0.1,3,5.0,0.9,1,0.8207800015028931,1
54,0.5,1,1.0,0.4,0,0.620420996114374,5
54,0.5,2,1.0,0.4,0,0.6813038267327189,4
54,0.5,2,5.0,0.9,1,0.7531384599826241,1
54,0.5,3,1.0,0.4,0,0.803471473943003,4
54,0.5,3,5.0,0.9,1,0.7537135943545085,1
54,0.9,1,1.0,0.4,0,0.7498225935595844,5
54,0.9,2,1.0,0.4,0,0.5680253203172765,5
54,0.9,3,1.0,0.4,0,0.720716338695824,5
55,0.1,1,5.0,0.9,1,0.9394294087143756,5
55,0.1,2,1.0,0.4,0,0.9816891956667626,1
55,0.1,2,5.0,0.9,1,0.9336682328893,4
55,0.1,3,1.0,0.4,0,0.9224284528599968,2
55,0.1,3,5.0,0.9,1,0.9095902104603536,3
55,0.5,1,1.0,0.4,0,0.951852987953676,2
55,0.5,1,5.0,0.9,1,0.9842331462121736,3
55,0.5,2,1.0,0.4,0,0.988239091212228,3
55,0.5,2,5.0,0.9,1,0.964724026500464,2
55,0.5,3,1.0,0.4,0,0.9880334015018514,5
55,0.9,1,1.0,0.4,0,0.9892473960837832,5
55,0.9,2,1.0,0.4,0,1.0227041276124762,5
55,0.9,3,1.0,0.4,0,1.0184200617557289,5
56,0.1,1,1.0,0.4,0,0.6173614054919694,1
56,0.1,1,5.0,0.9,1,0.6818526181223689,4
56,0.1,2,1.0,0.4,0,0.6384513313688056,4
56,0.1,2,5.0,0.9,1,0.6923948138005647,1
56,0.1,3,1.0,0.4,0,0.6309417773507217,2
56,0.1,3,5.0,0.9,1,0.6945149672770091,3
56,0.5,1,1.0,0.4,0,0.6178013914540496,1
56,0.5,1,5.0,0.9,1,0.7097019500410172,4
56,0.5,2,1.0,0.4,0,0.6530539059943281,5
56,0.5,3,1.0,0.4,0,0.6425631244530701,4
56,0.5,3,5.0,0.9,1,0.84545998720251,1
56,0.9,1,1.0,0.4,0,0.6837151315315797,2
56,0.9,1,5.0,0.9,1,0.7878325955225743,3
56,0.9,2,1.0,0.4,0,0.6871812642348077,3
56,0.9,2,5.0,0.9,1,0.8520149739097588,2
56,0.9,3,1.0,0.4,0,0.6696673191388625,5
57,0.1,1,5.0,0.9,1,0.885499235332406,5
57,0.1,2,1.0,0.4,0,0.906897033497608,1
57,0.1,2,5.0,0.9,1,0.9312249663758608,4
57,0.1,3,1.0,0.4,0,0.8796808071207393,3
57,0.1,3,5.0,0.9,1,0.953833246971155,2
57,0.5,1,1.0,0.4,0,0.9772722822991802,4
57,0.5,1,5.0,0.9,1,0.907952366464066,1
57,0.5,2,1.0,0.4,0,0.9486004238771112,3
57,0.5,2,5.0,0.9,1,0.9041942604856512,1
57,0.5,3,1.0,0.4,0,0.8901417560042318,4
57,0.5,3,5.0,0.9,1,0.9141836848566008,1
57,0.9,1,1.0,0.4,0,0.8952314507089465,3
57,0.9,1,5.0,0.9,1,0.95711881473493,2
57,0.9,2,1.0,0.4,0,0.9076291180086712,4
57,0.9,2,5.0,0.9,1,0.907801819763942,1
57,0.9,3,1.0,0.4,0,0.9673133896060794,5
58,0.1,1,5.0,0.9,1,0.8871337536660624,5
58,0.1,2,1.0,0.4,0,0.7971675387405723,2
58,0.1,2,5.0,0.9,1,0.8500271805055569,3
58,0.1,3,1.0,0.4,0,0.8413684739092,4
58,0.1,3,5.0,0.9,1,0.7924698256228041,1
58,0.5,1,1.0,0.4,0,0.903286985478162,1
58,0.5,1,5.0,0.9,1,0.8788030150829478,4
58,0.5,2,1.0,0.4,0,0.8781079951650679,4
58,0.5,2,5.0,0.9,1,0.7904247384234597,1
58,0.5,3,1.0,0.4,0,0.8109729497078343,5
58,0.9,1,1.0,0.4,0,0.8529798198710399,4
58,0.9,1,5.0,0.9,1,0.8936402312643176,1
58,0.9,2,1.0,0.4,0,0.8772844053557356,3
58,0.9,2,5.0,0.9,1,0.849268177024928,2
58,0.9,3,1.0,0.4,0,0.8703786238319389,5
59,0.1,1,5.0,0.9,1,0.6782433518944927,5
59,0.1,2,1.0,0.4,0,0.671160268888941,1
59,0.1,2,5.0,0.9,1,0.6804649881533212,4
59,0.1,3,1.0,0.4,0,0.7203784800998962,1
59,0.1,3,5.0,0.9,1,0.6967331858335342,4
59,0.5,1,1.0,0.4,0,1.1202275462203262,1
59,0.5,1,5.0,0.9,1,0.6875387129568574,3
59,0.5,2,1.0,0.4,0,0.6415045596631275,1
59,0.5,2,5.0,0.9,1,0.6667191303898659,4
59,0.5,3,1.0,0.4,0,1.2463577755087176,2
59,0.5,3,5.0,0.9,1,0.7057333458247571,3
59,0.9,1,1.0,0.4,0,0.6939836770778418,5
59,0.9,2,1.0,0.4,0,0.7128530394358668,2
59,0.9,2,5.0,0.9,1,0.6885099696805376,2
59,0.9,3,1.0,0.4,0,0.6640917197881956,4
60,0.1,1,1.0,0.4,0,0.9341927468577492,2
60,0.1,1,5.0,0.9,1,0.922343211069624,3
60,0.1,2,1.0,0.4,0,0.9710079971330972,2
60,0.1,2,5.0,0.9,1,0.8353826251281609,3
60,0.1,3,1.0,0.4,0,0.9114628010669652,3
60,0.1,3,5.0,0.9,1,0.8294452272482566,2
60,0.5,1,1.0,0.4,0,0.9392357755691229,2
60,0.5,1,5.0,0.9,1,1.0012867706974828,3
60,0.5,2,1.0,0.4,0,1.0501498840549233,2
60,0.5,2,5.0,0.9,1,0.8633713956153711,3
60,0.5,3,1.0,0.4,0,0.990106425034808,5
60,0.9,1,1.0,0.4,0,1.0187945779618677,4
60,0.9,1,5.0,0.9,1,1.0708496732026145,1
60,0.9,2,1.0,0.4,0,0.978874129877938,5
60,0.9,3,1.0,0.4,0,1.0202601407445149,5
61,0.1,1,5.0,0.9,1,0.6285658862675911,5
61,0.1,2,5.0,0.9,1,0.6773037727388559,5
61,0.1,3,5.0,0.9,1,0.7540649027527457,5
61,0.5,1,5.0,0.9,1,0.7589801495803487,5
61,0.5,2,5.0,0.9,1,0.9016906956548038,5
61,0.5,3,1.0,0.4,0,0.7814407814407814,1
61,0.5,3,5.0,0.9,1,0.9749895425898694,4
61,0.9,1,5.0,0.9,1,0.7046234358547049,5
61,0.9,2,1.0,0.4,0,0.7053534595602203,3
61,0.9,2,5.0,0.9,1,0.8510721342962357,2
61,0.9,3,1.0,0.4,0,1.083604651870549,4
61,0.9,3,5.0,0.9,1,1.167883211678832,1
62,0.1,1,5.0,0.9,1,0.9144715603675728,5
62,0.1,2,5.0,0.9,1,0.911948577149517,5
62,0.1,3,5.0,0.9,1,0.920714367542933,5
62,0.5,1,1.0,0.4,0,3.246413568994214,1
62,0.5,1,5.0,0.9,1,0.9718597372931432,4
62,0.5,2,1.0,0.4,0,1.0123641752844423,2
62,0.5,2,5.0,0.9,1,1.00873596062502,3
62,0.5,3,1.0,0.4,0,0.933477495165136,5
62,0.9,1,1.0,0.4,0,1.0355711321982752,4
62,0.9,1,5.0,0.9,1,1.010061156046557,1
62,0.9,2,1.0,0.4,0,1.894906446545536,5
62,0.9,3,1.0,0.4,0,1.0423707980408476,5
63,0.1,1,1.0,0.4,0,0.953935850389522,3
63,0.1,1,5.0,0.9,1,0.8936006677230015,2
63,0.1,2,1.0,0.4,0,0.9709113894519102,5
63,0.1,3,1.0,0.4,0,0.8377411508828103,2
63,0.1,3,5.0,0.9,1,0.953996079510956,3
63,0.5,1,1.0,0.4,0,1.0079653935337216,5
63,0.5,2,1.0,0.4,0,0.979632266036562,5
63,0.5,3,1.0,0.4,0,0.9955418081807736,4
63,0.5,3,5.0,0.9,1,0.8720304842327791,1
63,0.9,1,1.0,0.4,0,1.0080041954652337,4
63,0.9,1,5.0,0.9,1,0.9644965885878108,1
63,0.9,2,1.0,0.4,0,1.0212032926191204,5
63,0.9,3,1.0,0.4,0,1.018121025238219,5
64,0.1,1,1.0,0.4,0,0.960803171401093,1
64,0.1,1,5.0,0.9,1,1.0260128810109106,4
64,0.1,2,1.0,0.4,0,0.8314199323483408,4
64,0.1,2,5.0,0.9,1,0.9678753293399024,1
64,0.1,3,1.0,0.4,0,0.8967564590977226,4
64,0.1,3,5.0,0.9,1,1.1123256050782442,1
64,0.5,1,1.0,0.4,0,0.8160227736321137,3
64,0.5,1,5.0,0.9,1,1.157075316143635,2
64,0.5,2,1.0,0.4,0,0.9148911022069228,4
64,0.5,2,5.0,0.9,1,1.078188105539625,1
64,0.5,3,1.0,0.4,0,0.8330666065354421,4
64,0.5,3,5.0,0.9,1,0.981326255714692,1
64,0.9,1,1.0,0.4,0,0.9737223926746708,4
64,0.9,1,5.0,0.9,1,1.1748826162418926,1
64,0.9,2,1.0,0.4,0,1.0196363769967474,5
64,0.9,3,1.0,0.4,0,0.9156194203087192,5
65,0.1,1,5.0,0.9,1,0.9304083085772318,5
65,0.1,2,5.0,0.9,1,0.9184791390986388,5
65,0.1,3,5.0,0.9,1,0.9170241112859324,5
65,0.5,1,5.0,0.9,1,0.9731021371211206,5
65,0.5,2,1.0,0.4,0,0.944861909677568,1
65,0.5,2,5.0,0.9,1,0.926377981105573,4
65,0.5,3,1.0,0.4,0,1.0208167880032373,3
65,0.5,3,5.0,0.9,1,0.9027800716765032,2
65,0.9,1,1.0,0.4,0,0.9679691464380624,1
65,0.9,1,5.0,0.9,1,0.9272972151105816,4
65,0.9,2,1.0,0.4,0,1.0828833031266525,2
65,0.9,2,5.0,0.9,1,0.904997596043592,3
65,0.9,3,1.0,0.4,0,0.940444494333377,1
65,0.9,3,5.0,0.9,1,0.9215254630032972,4
66,0.1,1,5.0,0.9,1,0.8224758964271807,5
66,0.1,2,1.0,0.4,0,0.8259729784230693,1
66,0.1,2,5.0,0.9,1,0.6677897452542437,4
66,0.1,3,5.0,0.9,1,0.9252324864136028,5
66,0.5,1,5.0,0.9,1,0.8229718705112317,5
66,0.5,2,1.0,0.4,0,0.6770960253802345,2
66,0.5,2,5.0,0.9,1,0.8688409152389839,3
66,0.5,3,1.0,0.4,0,0.6857055018294153,5
66,0.9,1,5.0,0.9,1,0.7417320911283638,5
66,0.9,2,1.0,0.4,0,0.6703479753816262,3
66,0.9,2,5.0,0.9,1,0.6960514096098867,2
66,0.9,3,1.0,0.4,0,0.6799053113737329,3
66,0.9,3,5.0,0.9,1,0.8275714843067805,2
67,0.1,1,5.0,0.9,1,0.4829875392483977,5
67,0.1,2,5.0,0.9,1,0.5858207944951849,5
67,0.1,3,1.0,0.4,0,0.5265123418381951,2
67,0.1,3,5.0,0.9,1,0.5291713172320561,3
67,0.5,1,1.0,0.4,0,0.4371305468320919,1
67,0.5,1,5.0,0.9,1,0.4960513977891294,4
67,0.5,2,1.0,0.4,0,0.7334258471731053,1
67,0.5,2,5.0,0.9,1,0.5774248438324331,4
67,0.5,3,1.0,0.4,0,0.4978163257738532,5
67,0.9,1,1.0,0.4,0,0.4747031656535571,1
67,0.9,1,5.0,0.9,1,0.5989134665517892,4
67,0.9,2,1.0,0.4,0,0.655940679594981,4
67,0.9,2,5.0,0.9,1,0.708038029386344,1
67,0.9,3,1.0,0.4,0,0.6427374715660656,4
67,0.9,3,5.0,0.9,1,0.5206161980781941,1
68,0.1,1,5.0,0.9,1,1.1941125567854467,5
68,0.1,2,1.0,0.4,0,1.191737770853722,1
68,0.1,2,5.0,0.9,1,0.9914744206046966,4
68,0.1,3,5.0,0.9,1,1.3481955580362726,5
68,0.5,1,5.0,0.9,1,1.2500319978679286,5
68,0.5,2,1.0,0.4,0,1.3569858819087872,2
68,0.5,2,5.0,0.9,1,1.495641886911408,3
68,0.5,3,1.0,0.4,0,1.1888363927166563,2
68,0.5,3,5.0,0.9,1,1.3852982359247932,3
68,0.9,1,1.0,0.4,0,0.7952242936307733,3
68,0.9,1,5.0,0.9,1,1.489059992612567,2
68,0.9,2,1.0,0.4,0,1.2084966479910642,4
68,0.9,2,5.0,0.9,1,1.5240065256871982,1
68,0.9,3,1.0,0.4,0,1.1009308386708134,5
69,0.1,1,1.0,0.4,0,0.791812031460017,3
69,0.1,1,5.0,0.9,1,0.8332884910500223,2
69,0.1,2,1.0,0.4,0,0.7340081021365074,4
69,0.1,2,5.0,0.9,1,0.8809549413915475,1
69,0.1,3,1.0,0.4,0,0.7442122595299607,4
69,0.1,3,5.0,0.9,1,0.8395162943226071,1
69,0.5,1,1.0,0.4,0,0.7769275502375821,5
69,0.5,2,1.0,0.4,0,0.835462937543288,5
69,0.5,3,1.0,0.4,0,0.7677138872502315,4
69,0.5,3,5.0,0.9,1,0.877350657839062,1
69,0.9,1,1.0,0.4,0,0.8100923453576705,4
69,0.9,1,5.0,0.9,1,0.9153560201735004,1
69,0.9,2,1.0,0.4,0,0.8112520100416105,5
69,0.9,3,1.0,0.4,0,0.8246064889952324,5
70,0.1,1,5.0,0.9,1,0.8458950735137533,5
70,0.1,2,1.0,0.4,0,0.8883572852420896,3
70,0.1,2,5.0,0.9,1,0.999492654260314,2
70,0.1,3,1.0,0.4,0,0.8610511753899737,2
70,0.1,3,5.0,0.9,1,0.9043391982553428,3
70,0.5,1,1.0,0.4,0,0.9308630840826247,2
70,0.5,1,5.0,0.9,1,0.8294921378821779,3
70,0.5,2,1.0,0.4,0,0.8031916101328017,3
70,0.5,2,5.0,0.9,1,0.7252290857030201,2
70,0.5,3,1.0,0.4,0,0.8520858999590215,4
70,0.5,3,5.0,0.9,1,0.7779677113010446,1
70,0.9,1,1.0,0.4,0,0.9187421604315544,3
70,0.9,1,5.0,0.9,1,0.836794384522709,2
70,0.9,2,1.0,0.4,0,0.9113602951679788,5
70,0.9,3,1.0,0.4,0,0.9018138394751252,4
70,0.9,3,5.0,0.9,1,0.8552576630752527,1
71,0.1,1,1.0,0.4,0,1.1370950469670789,5
71,0.1,2,1.0,0.4,0,1.114862700443931,5
71,0.1,3,1.0,0.4,0,1.0908771064710752,5
71,0.5,1,1.0,0.4,0,1.0646465992156646,4
71,0.5,1,5.0,0.9,1,1.2642170344036523,1
71,0.5,2,1.0,0.4,0,1.097947296272719,5
71,0.5,3,1.0,0.4,0,1.1073338804049164,5
71,0.9,1,1.0,0.4,0,1.1182342982589344,5
71,0.9,2,1.0,0.4,0,1.0237186028807694,5
71,0.9,3,1.0,0.4,0,1.119309170678006,5
72,0.1,1,1.0,0.4,0,0.9698232487658194,1
72,0.1,1,5.0,0.9,1,0.917456438260914,4
72,0.1,2,1.0,0.4,0,0.8770784038714788,1
72,0.1,2,5.0,0.9,1,0.9519514570922156,4
72,0.1,3,1.0,0.4,0,0.9348248644618304,2
72,0.1,3,5.0,0.9,1,0.9691622419310448,3
72,0.5,1,1.0,0.4,0,0.9742643760854088,3
72,0.5,1,5.0,0.9,1,0.9693916732706708,2
72,0.5,2,1.0,0.4,0,1.0031318478117703,5
72,0.5,3,1.0,0.4,0,0.9725162544437638,5
72,0.9,1,1.0,0.4,0,0.9742947601226076,5
72,0.9,2,1.0,0.4,0,1.003880005582357,5
72,0.9,3,1.0,0.4,0,0.9748597509180724,5
73,0.1,1,1.0,0.4,0,0.61167640029604,2
73,0.1,1,5.0,0.9,1,0.8958276426243083,3
73,0.1,2,1.0,0.4,0,0.521198325932932,5
73,0.1,3,1.0,0.4,0,0.5431792545564577,5
73,0.5,1,1.0,0.4,0,0.5195362168520246,4
73,0.5,1,5.0,0.9,1,0.5843623160492769,1
73,0.5,2,1.0,0.4,0,0.5718801667387827,5
73,0.5,3,1.0,0.4,0,0.5353106894810266,5
73,0.9,1,1.0,0.4,0,0.5828380740051856,4
73,0.9,1,5.0,0.9,1,0.7115991000773099,1
73,0.9,2,1.0,0.4,0,0.6197151272460352,5
73,0.9,3,1.0,0.4,0,0.5376299774837504,5
74,0.1,1,1.0,0.4,0,0.4355284036538898,1
74,0.1,1,5.0,0.9,1,0.8652947512463897,4
74,0.1,2,1.0,0.4,0,0.9484610085502742,1
74,0.1,2,5.0,0.9,1,0.8242898727218072,4
74,0.1,3,1.0,0.4,0,0.9247089191713072,2
74,0.1,3,5.0,0.9,1,0.8316476941452574,3
74,0.5,1,1.0,0.4,0,0.7384622375167766,2
74,0.5,1,5.0,0.9,1,0.8841529505612621,3
74,0.5,2,1.0,0.4,0,0.9065347337391272,4
74,0.5,2,5.0,0.9,1,0.9551347822031528,1
74,0.5,3,1.0,0.4,0,0.8719205860822168,5
74,0.9,1,1.0,0.4,0,0.9396812120144334,4
74,0.9,1,5.0,0.9,1,0.906365135036456,1
74,0.9,2,1.0,0.4,0,0.9443439186719303,4
74,0.9,3,1.0,0.4,0,0.9139034737780908,5
75,0.1,1,1.0,0.4,0,0.3928779025762796,1
75,0.1,1,5.0,0.9,1,1.1192967092487982,4
75,0.1,2,1.0,0.4,0,0.4724148671100328,3
75,0.1,2,5.0,0.9,1,0.956770787318603,2
75,0.1,3,1.0,0.4,0,0.4776054393072979,3
75,0.1,3,5.0,0.9,1,1.283754007932287,2
75,0.5,1,1.0,0.4,0,0.5016489025411377,2
75,0.5,1,5.0,0.9,1,0.987357000728326,3
75,0.5,2,1.0,0.4,0,0.5108187316829831,1
75,0.5,2,5.0,0.9,1,1.1198720500132389,4
75,0.5,3,1.0,0.4,0,0.4704467142670365,1
75,0.5,3,5.0,0.9,1,1.0744025965298694,4
75,0.9,1,1.0,0.4,0,0.5202309289410528,3
75,0.9,1,5.0,0.9,1,1.0261424676238713,2
75,0.9,2,1.0,0.4,0,0.4806560521070572,5
75,0.9,3,1.0,0.4,0,0.4751824078329969,5
76,0.1,1,1.0,0.4,0,1.4408394284759871,5
76,0.1,2,1.0,0.4,0,1.3953606890160073,5
76,0.1,3,1.0,0.4,0,1.3328357028156488,5
76,0.5,1,1.0,0.4,0,1.37073138258914,5
76,0.5,2,1.0,0.4,0,1.4321400108053488,5
76,0.5,3,1.0,0.4,0,1.5026957968241872,5
76,0.9,1,1.0,0.4,0,1.4631194570097017,5
76,0.9,2,1.0,0.4,0,1.4463793124861417,5
76,0.9,3,1.0,0.4,0,1.4607106723105108,4
76,0.9,3,5.0,0.9,1,1.6691116544417277,1
77,0.1,1,5.0,0.9,1,1.1008410715071624,5
77,0.1,2,5.0,0.9,1,1.0753158200832384,5
77,0.1,3,5.0,0.9,1,1.074132475002379,5
77,0.5,1,1.0,0.4,0,1.1193862410587718,3
77,0.5,1,5.0,0.9,1,1.0781730721439868,2
77,0.5,2,1.0,0.4,0,1.1078258004750805,4
77,0.5,2,5.0,0.9,1,1.0755313981120431,1
77,0.5,3,1.0,0.4,0,1.0740031507210048,5
77,0.9,1,1.0,0.4,0,1.0751839462858848,5
77,0.9,2,1.0,0.4,0,1.0750991044460707,5
77,0.9,3,1.0,0.4,0,1.065931793451866,5
78,0.1,1,5.0,0.9,1,1.180701141507598,4
78,0.1,2,5.0,0.9,1,1.4059863324986954,5
78,0.1,3,1.0,0.4,0,1.4976234003656308,1
78,0.1,3,5.0,0.9,1,1.4616194557178492,4
78,0.5,1,1.0,0.4,0,0.997503805175038,1
78,0.5,1,5.0,0.9,1,1.63862996912301,3
78,0.5,2,5.0,0.9,1,1.5812182348378194,4
78,0.5,3,1.0,0.4,0,0.997503805175038,1
78,0.5,3,5.0,0.9,1,1.0430708394645956,2
78,0.9,1,1.0,0.4,0,0.9977316498084724,1
78,0.9,1,5.0,0.9,1,1.7147057533573675,4
78,0.9,2,1.0,0.4,0,1.5985302912155934,3
78,0.9,2,5.0,0.9,1,1.3516123415848198,2
78,0.9,3,1.0,0.4,0,1.2758270097308488,3
78,0.9,3,5.0,0.9,1,1.7066666666666666,1
79,0.1,1,1.0,0.4,0,0.8200753708845734,2
79,0.1,1,5.0,0.9,1,0.7086860324511783,3
79,0.1,2,1.0,0.4,0,0.7848990478773039,2
79,0.1,2,5.0,0.9,1,0.7812982126167892,3
79,0.1,3,1.0,0.4,0,0.8297889765160334,3
79,0.1,3,5.0,0.9,1,0.8131105809382663,2
79,0.5,1,1.0,0.4,0,0.7809660906513318,4
79,0.5,1,5.0,0.9,1,0.829485621709194,1
79,0.5,2,1.0,0.4,0,0.7730430310279693,5
79,0.5,3,1.0,0.4,0,0.7740625868412682,5
79,0.9,1,1.0,0.4,0,0.7803555569579598,5
79,0.9,2,1.0,0.4,0,0.8239725642803457,5
79,0.9,3,1.0,0.4,0,0.9018914197956958,5
80,0.1,1,5.0,0.9,1,0.9968123106887208,5
80,0.1,2,1.0,0.4,0,1.0583954083194396,1
80,0.1,2,5.0,0.9,1,0.968789035701644,4
80,0.1,3,5.0,0.9,1,1.01919824062198,5
80,0.5,1,1.0,0.4,0,1.110253174364127,1
80,0.5,1,5.0,0.9,1,1.0798858906096165,4
80,0.5,2,1.0,0.4,0,0.9439808129223352,2
80,0.5,2,5.0,0.9,1,1.0116695840035252,3
80,0.5,3,1.0,0.4,0,1.0410130737950851,4
80,0.5,3,5.0,0.9,1,1.0173869846000994,1
80,0.9,1,1.0,0.4,0,1.0859355165301436,5
80,0.9,2,1.0,0.4,0,1.092924010993783,5
80,0.9,3,1.0,0.4,0,1.1208052904590329,5
81,0.1,1,1.0,0.4,0,0.725768539347623,2
81,0.1,1,5.0,0.9,1,0.6450334512157264,3
81,0.1,2,1.0,0.4,0,0.6494475440729951,3
81,0.1,2,5.0,0.9,1,0.6329071460030103,2
81,0.1,3,1.0,0.4,0,0.7160455754809666,5
81,0.5,1,1.0,0.4,0,0.6959976166750395,4
81,0.5,1,5.0,0.9,1,0.6568602688540627,1
81,0.5,2,1.0,0.4,0,0.7301881092442004,5
81,0.5,3,1.0,0.4,0,0.7194319138862426,5
81,0.9,1,1.0,0.4,0,0.7442283710943286,3
81,0.9,1,5.0,0.9,1,0.7170549104259485,2
81,0.9,2,1.0,0.4,0,0.6988534120109643,5
81,0.9,3,1.0,0.4,0,0.702472258708371,5
82,0.1,1,5.0,0.9,1,0.893498071389369,5
82,0.1,2,5.0,0.9,1,0.9320496139763774,5
82,0.1,3,5.0,0.9,1,0.938625658836914,5
82,0.5,1,5.0,0.9,1,0.9258586021773102,5
82,0.5,2,5.0,0.9,1,0.930907518438451,5
82,0.5,3,5.0,0.9,1,0.9328291010103272,5
82,0.9,1,5.0,0.9,1,0.8923642776804129,5
82,0.9,2,5.0,0.9,1,0.8641396626146486,5
82,0.9,3,1.0,0.4,0,0.9536781569052026,1
82,0.9,3,5.0,0.9,1,0.9225683629161604,4
83,0.1,1,5.0,0.9,1,0.6289230075702543,5
83,0.1,2,5.0,0.9,1,0.8385458853693178,5
83,0.1,3,1.0,0.4,0,0.516358413385726,2
83,0.1,3,5.0,0.9,1,0.7927477596855473,3
83,0.5,1,1.0,0.4,0,0.5198463580033532,3
83,0.5,1,5.0,0.9,1,0.54917017706047,2
83,0.5,2,1.0,0.4,0,0.5243664785780734,5
83,0.5,3,1.0,0.4,0,0.523624412344521,5
83,0.9,1,1.0,0.4,0,0.5638867244398437,5
83,0.9,2,1.0,0.4,0,0.6238477050612314,5
83,0.9,3,1.0,0.4,0,0.5702174040706447,5
84,0.1,1,5.0,0.9,1,0.7567160298971136,5
84,0.1,2,1.0,0.4,0,0.6051930513780615,1
84,0.1,2,5.0,0.9,1,0.773787234632395,4
84,0.1,3,1.0,0.4,0,0.7516866823619135,4
84,0.1,3,5.0,0.9,1,0.7882430972413994,1
84,0.5,1,5.0,0.9,1,0.7881495640082029,5
84,0.5,2,1.0,0.4,0,0.7589904560947734,4
84,0.5,2,5.0,0.9,1,0.7233170869534505,1
84,0.5,3,1.0,0.4,0,0.7829519187281899,5
84,0.9,1,1.0,0.4,0,0.7618755501599966,3
84,0.9,1,5.0,0.9,1,0.8487792705895363,2
84,0.9,2,1.0,0.4,0,0.8629735324219601,5
84,0.9,3,1.0,0.4,0,0.8225873126100263,5
85,0.1,1,5.0,0.9,1,0.931562504750332,5
85,0.1,2,5.0,0.9,1,0.9313217539468536,5
85,0.1,3,5.0,0.9,1,0.984726163004552,5
85,0.5,1,5.0,0.9,1,1.0046598927017008,5
85,0.5,2,5.0,0.9,1,0.984087255637696,5
85,0.5,3,1.0,0.4,0,0.987240577062077,3
85,0.5,3,5.0,0.9,1,0.985550541876133,2
85,0.9,1,1.0,0.4,0,0.9934718439583644,2
85,0.9,1,5.0,0.9,1,1.0011153369102992,3
85,0.9,2,1.0,0.4,0,1.025100335826166,4
85,0.9,2,5.0,0.9,1,1.0364309364975588,1
85,0.9,3,1.0,0.4,0,1.0179900480202932,4
85,0.9,3,5.0,0.9,1,0.9850889850889852,1
86,0.1,1,5.0,0.9,1,0.9522059368134071,5
86,0.1,2,5.0,0.9,1,0.9565760159784388,5
86,0.1,3,5.0,0.9,1,0.9788497642659708,5
86,0.5,1,5.0,0.9,1,0.9961472534777002,5
86,0.5,2,1.0,0.4,0,0.9970523001925132,2
86,0.5,2,5.0,0.9,1,0.9998900033956962,3
86,0.5,3,1.0,0.4,0,0.9933861555302446,5
86,0.9,1,1.0,0.4,0,1.0069324942229216,1
86,0.9,1,5.0,0.9,1,0.997578691781999,4
86,0.9,2,1.0,0.4,0,0.9988099826008874,5
86,0.9,3,1.0,0.4,0,0.99508284984012,5
87,0.1,1,5.0,0.9,1,0.9856437660905716,5
87,0.1,2,1.0,0.4,0,0.8606233190950798,1
87,0.1,2,5.0,0.9,1,1.0147909020395889,4
87,0.1,3,1.0,0.4,0,0.8815329447050223,3
87,0.1,3,5.0,0.9,1,1.0049150625736192,2
87,0.5,1,1.0,0.4,0,1.003306754918139,4
87,0.5,1,5.0,0.9,1,1.1061301647312989,1
87,0.5,2,1.0,0.4,0,0.931695414093042,5
87,0.5,3,1.0,0.4,0,0.8847082641028792,5
87,0.9,1,1.0,0.4,0,1.0327790327669215,5
87,0.9,2,1.0,0.4,0,1.036296199061938,5
87,0.9,3,1.0,0.4,0,1.0328727010132046,5
88,0.1,1,5.0,0.9,1,0.9055277224114188,5
88,0.1,2,1.0,0.4,0,0.9112051852708744,4
88,0.1,2,5.0,0.9,1,0.920925422128291,1
88,0.1,3,1.0,0.4,0,0.9325625837635896,4
88,0.1,3,5.0,0.9,1,0.9487301238027958,1
88,0.5,1,1.0,0.4,0,0.9644531934921252,2
88,0.5,1,5.0,0.9,1,0.9867662746791624,3
88,0.5,2,1.0,0.4,0,0.9437231204745296,5
88,0.5,3,1.0,0.4,0,0.9508024640225972,5
88,0.9,1,1.0,0.4,0,0.9574717529392884,4
88,0.9,1,5.0,0.9,1,1.0146438322164308,1
88,0.9,2,1.0,0.4,0,0.9585819205033432,5
88,0.9,3,1.0,0.4,0,0.9709185278448504,5
89,0.1,1,1.0,0.4,0,0.9470500153879138,1
89,0.1,1,5.0,0.9,1,1.0077578960950464,4
89,0.1,2,5.0,0.9,1,0.9863003092650514,5
89,0.1,3,1.0,0.4,0,0.8595110691427972,1
89,0.1,3,5.0,0.9,1,0.981769353014026,4
89,0.5,1,5.0,0.9,1,0.9875925245452336,5
89,0.5,2,1.0,0.4,0,0.9702607416665878,1
89,0.5,2,5.0,0.9,1,1.0036102885083702,4
89,0.5,3,1.0,0.4,0,1.0046386627221346,3
89,0.5,3,5.0,0.9,1,1.0067903273389978,2
89,0.9,1,1.0,0.4,0,1.012720453238662,2
89,0.9,1,5.0,0.9,1,0.9949886678590912,3
89,0.9,2,1.0,0.4,0,0.9623558109106376,3
89,0.9,2,5.0,0.9,1,1.046852312512032,2
89,0.9,3,1.0,0.4,0,1.001501331652603,4
89,0.9,3,5.0,0.9,1,1.0284996861268048,1
90,0.1,1,5.0,0.9,1,1.0179456667313866,5
90,0.1,2,5.0,0.9,1,1.1904811076439514,5
90,0.1,3,5.0,0.9,1,1.161730854533733,5
90,0.5,1,5.0,0.9,1,1.1592621415140072,5
90,0.5,2,5.0,0.9,1,1.1373034601697851,5
90,0.5,3,1.0,0.4,0,0.9619765612156228,1
90,0.5,3,5.0,0.9,1,1.089026465354995,4
90,0.9,1,5.0,0.9,1,1.147334470075096,5
90,0.9,2,1.0,0.4,0,1.1819021237303784,1
90,0.9,2,5.0,0.9,1,1.2668555450523016,4
90,0.9,3,1.0,0.4,0,1.110256711788876,2
90,0.9,3,5.0,0.9,1,1.115352909864611,3
91,0.1,1,1.0,0.4,0,0.9597788009794616,1
91,0.1,1,5.0,0.9,1,0.9178445960023224,4
91,0.1,2,5.0,0.9,1,0.914673956142909,5
91,0.1,3,5.0,0.9,1,0.9335234521083798,5
91,0.5,1,1.0,0.4,0,0.9418852652214156,1
91,0.5,1,5.0,0.9,1,0.9301433843835912,4
91,0.5,2,1.0,0.4,0,0.851294180035695,2
91,0.5,2,5.0,0.9,1,1.0280366357530115,3
91,0.5,3,1.0,0.4,0,0.9345406924823338,2
91,0.5,3,5.0,0.9,1,0.934338111782478,3
91,0.9,1,1.0,0.4,0,0.924286786151494,1
91,0.9,1,5.0,0.9,1,0.935771667168202,3
91,0.9,2,1.0,0.4,0,0.9276488687301448,5
91,0.9,3,1.0,0.4,0,0.9528651232338023,5
92,0.1,1,1.0,0.4,0,0.6410804357519223,1
92,0.1,1,5.0,0.9,1,1.0313358162219337,4
92,0.1,2,1.0,0.4,0,1.0002442002442002,1
92,0.1,2,5.0,0.9,1,0.9212983885242396,4
92,0.1,3,1.0,0.4,0,0.9211069442889536,3
92,0.1,3,5.0,0.9,1,1.142838073129283,2
92,0.5,1,5.0,0.9,1,0.9226949843289682,5
92,0.5,2,5.0,0.9,1,1.0206388589964883,5
92,0.5,3,1.0,0.4,0,0.8007820136852395,1
92,0.5,3,5.0,0.9,1,1.001341040657945,4
92,0.9,1,1.0,0.4,0,1.0666666666666669,1
92,0.9,1,5.0,0.9,1,1.0511838457252285,4
92,0.9,2,1.0,0.4,0,0.9528953641710648,5
92,0.9,3,1.0,0.4,0,0.8992474911476056,4
92,0.9,3,5.0,0.9,1,1.1425383542538354,1
93,0.1,1,5.0,0.9,1,0.7324146077923277,5
93,0.1,2,5.0,0.9,1,0.8573149705400496,5
93,0.1,3,1.0,0.4,0,0.9994020405547186,2
93,0.1,3,5.0,0.9,1,0.8360828568009793,3
93,0.5,1,1.0,0.4,0,0.9536850550120296,5
93,0.5,2,1.0,0.4,0,0.8885153470581291,5
93,0.5,3,1.0,0.4,0,0.880579910166597,5
93,0.9,1,1.0,0.4,0,0.7441706170984004,5
93,0.9,2,1.0,0.4,0,0.8135227824072147,5
93,0.9,3,1.0,0.4,0,0.8677013268254441,5
94,0.1,1,5.0,0.9,1,0.9553097768466772,5
94,0.1,2,5.0,0.9,1,0.9509266655714644,5
94,0.1,3,1.0,0.4,0,0.7167104111986001,1
94,0.1,3,5.0,0.9,1,0.9959471957443936,4
94,0.5,1,1.0,0.4,0,0.7759265506316687,5
94,0.5,2,1.0,0.4,0,0.7454088570289794,5
94,0.5,3,1.0,0.4,0,0.7265714185345129,5
94,0.9,1,1.0,0.4,0,0.7697381936277035,5
94,0.9,2,1.0,0.4,0,0.7241392943326395,5
94,0.9,3,1.0,0.4,0,0.7431647819829048,5
95,0.1,1,5.0,0.9,1,0.8000263968896206,5
95,0.1,2,5.0,0.9,1,0.9014176095037624,5
95,0.1,3,1.0,0.4,0,0.8068074377560669,1
95,0.1,3,5.0,0.9,1,0.9814961480308158,4
95,0.5,1,5.0,0.9,1,0.7347884023494452,5
95,0.5,2,1.0,0.4,0,1.0609200165768753,1
95,0.5,2,5.0,0.9,1,0.8317260089232077,4
95,0.5,3,1.0,0.4,0,0.9149819676135468,1
95,0.5,3,5.0,0.9,1,0.9779415120212728,4
95,0.9,1,1.0,0.4,0,1.0444716442268462,1
95,0.9,1,5.0,0.9,1,0.9830991749492334,4
95,0.9,2,1.0,0.4,0,1.0523373781925296,3
95,0.9,2,5.0,0.9,1,1.060985797827903,2
95,0.9,3,1.0,0.4,0,0.973764349495272,3
95,0.9,3,5.0,0.9,1,1.0693400167084377,2
96,0.1,1,5.0,0.9,1,0.704850796293411,5
96,0.1,2,5.0,0.9,1,0.8020582377745441,5
96,0.1,3,1.0,0.4,0,0.8910546467107553,1
96,0.1,3,5.0,0.9,1,0.7135738570406239,4
96,0.5,1,5.0,0.9,1,0.6930342580217441,5
96,0.5,2,1.0,0.4,0,0.5863656138686411,1
96,0.5,2,5.0,0.9,1,0.4582573942516921,4
96,0.5,3,1.0,0.4,0,0.6327236777063766,1
96,0.5,3,5.0,0.9,1,0.921751296267322,4
96,0.9,1,1.0,0.4,0,0.6130818739709625,1
96,0.9,1,5.0,0.9,1,0.5969366634530298,3
96,0.9,2,1.0,0.4,0,1.008755585081675,1
96,0.9,2,5.0,0.9,1,0.8188695308963808,4
96,0.9,3,1.0,0.4,0,0.8198311060104444,5
97,0.1,1,1.0,0.4,0,0.7580038307016332,5
97,0.1,2,1.0,0.4,0,0.7565248787583183,5
97,0.1,3,1.0,0.4,0,0.7846462862982784,5
97,0.5,1,1.0,0.4,0,0.7230583130072893,5
97,0.5,2,1.0,0.4,0,0.789476498699127,5
97,0.5,3,1.0,0.4,0,0.8032617349382019,5
97,0.9,1,1.0,0.4,0,0.7730803079349824,5
97,0.9,2,1.0,0.4,0,0.8105865114353333,5
97,0.9,3,1.0,0.4,0,0.8416662097435971,5
98,0.1,1,5.0,0.9,1,0.8845895186602915,5
98,0.1,2,1.0,0.4,0,0.573657416160725,1
98,0.1,2,5.0,0.9,1,0.9420064077981444,4
98,0.1,3,1.0,0.4,0,0.5405319188650485,4
98,0.1,3,5.0,0.9,1,1.0447913478216508,1
98,0.5,1,1.0,0.4,0,0.4870175017413691,1
98,0.5,1,5.0,0.9,1,1.0158668372010649,4
98,0.5,2,1.0,0.4,0,0.5465206032977172,5
98,0.5,3,1.0,0.4,0,0.5918729068417935,5
98,0.9,1,1.0,0.4,0,0.6097466509211833,4
98,0.9,1,5.0,0.9,1,0.9876543209876544,1
98,0.9,2,1.0,0.4,0,0.5771274094502166,5
98,0.9,3,1.0,0.4,0,0.5550451783250339,5
99,0.1,1,5.0,0.9,1,0.9921438664986798,5
99,0.1,2,5.0,0.9,1,0.9602854610490666,5
99,0.1,3,5.0,0.9,1,0.9218003851277236,5
99,0.5,1,1.0,0.4,0,0.9041429210021736,3
99,0.5,1,5.0,0.9,1,0.9747807318940068,2
99,0.5,2,1.0,0.4,0,0.920276213624862,4
99,0.5,2,5.0,0.9,1,0.965673330818559,1
99,0.5,3,1.0,0.4,0,1.0191403725419217,3
99,0.5,3,5.0,0.9,1,0.973120928990941,2
99,0.9,1,1.0,0.4,0,1.0182120257615046,4
99,0.9,1,5.0,0.9,1,0.9903333032908086,1
99,0.9,2,1.0,0.4,0,1.0237454063459754,5
99,0.9,3,1.0,0.4,0,1.0295129657133533,4
99,0.9,3,5.0,0.9,1,0.7549952075499521,1
100,0.1,1,5.0,0.9,1,1.212050047947113,5
100,0.1,2,5.0,0.9,1,1.1754793001858812,5
100,0.1,3,5.0,0.9,1,1.3141279563206578,5
100,0.5,1,5.0,0.9,1,1.3565228609203317,5
100,0.5,2,1.0,0.4,0,1.4813910798739958,1
100,0.5,2,5.0,0.9,1,1.37067045409809,4
100,0.5,3,1.0,0.4,0,1.5730336433524457,2
100,0.5,3,5.0,0.9,1,1.3621589159958438,3
100,0.9,1,5.0,0.9,1,1.4441769194871104,5
100,0.9,2,1.0,0.4,0,1.4812403941777417,1
100,0.9,2,5.0,0.9,1,1.536621271218681,4
100,0.9,3,1.0,0.4,0,1.3420183385651887,3
100,0.9,3,5.0,0.9,1,1.5018350877381712,2
101,0.1,1,5.0,0.9,1,0.9630293130687616,5
101,0.1,2,5.0,0.9,1,1.027921690554317,5
101,0.1,3,5.0,0.9,1,1.0015569136040772,5
101,0.5,1,1.0,0.4,0,1.0083673361672112,5
101,0.5,2,1.0,0.4,0,0.9176295254144332,5
101,0.5,3,1.0,0.4,0,0.9259316810476932,5
101,0.9,1,1.0,0.4,0,1.0342899120429707,5
101,0.9,2,1.0,0.4,0,0.8739040386891883,5
101,0.9,3,1.0,0.4,0,0.9830147888806352,5
102,0.1,1,5.0,0.9,1,0.9513752466921324,5
102,0.1,2,5.0,0.9,1,0.9655124962279872,5
102,0.1,3,1.0,0.4,0,1.003921568627451,1
102,0.1,3,5.0,0.9,1,0.9737150160349484,4
102,0.5,1,5.0,0.9,1,1.0367868961952185,5
102,0.5,2,5.0,0.9,1,0.9848689783236124,5
102,0.5,3,1.0,0.4,0,0.9893754512646318,4
102,0.5,3,5.0,0.9,1,1.0087427656692525,1
102,0.9,1,5.0,0.9,1,1.0122297174153958,4
102,0.9,2,1.0,0.4,0,0.9524426943585216,3
102,0.9,2,5.0,0.9,1,0.9629925921079524,2
102,0.9,3,1.0,0.4,0,1.0009811679568343,5
103,0.1,1,1.0,0.4,0,1.0553242687607738,4
103,0.1,1,5.0,0.9,1,0.9453525742739932,1
103,0.1,2,1.0,0.4,0,1.0003935024973756,3
103,0.1,2,5.0,0.9,1,0.9862976816646848,2
103,0.1,3,1.0,0.4,0,1.0100084281683213,4
103,0.1,3,5.0,0.9,1,0.9920918460029308,1
103,0.5,1,1.0,0.4,0,1.1025705144693363,3
103,0.5,1,5.0,0.9,1,1.1053518892267693,2
103,0.5,2,1.0,0.4,0,1.0915220770017406,5
103,0.5,3,1.0,0.4,0,1.078282667855512,4
103,0.5,3,5.0,0.9,1,1.1882825924336624,1
103,0.9,1,1.0,0.4,0,1.1182221723248278,4
103,0.9,1,5.0,0.9,1,1.0059309650404609,1
103,0.9,2,1.0,0.4,0,1.0892362171273071,5
103,0.9,3,1.0,0.4,0,1.079872245790703,5
104,0.1,1,5.0,0.9,1,0.8879225402752132,5
104,0.1,2,5.0,0.9,1,0.9816715023613556,5
104,0.1,3,1.0,0.4,0,0.6921053455206096,1
104,0.1,3,5.0,0.9,1,0.983277019402579,4
104,0.5,1,1.0,0.4,0,0.7649145546538314,1
104,0.5,1,5.0,0.9,1,0.9821298522393134,4
104,0.5,2,1.0,0.4,0,0.8797155177320534,5
104,0.5,3,1.0,0.4,0,0.90874887621985,5
104,0.9,1,1.0,0.4,0,0.7488507931409909,5
104,0.9,2,1.0,0.4,0,0.887778417352807,5
104,0.9,3,1.0,0.4,0,0.917252424900244,5
105,0.1,1,5.0,0.9,1,0.9769538480670408,5
105,0.1,2,5.0,0.9,1,0.9552931641545384,5
105,0.1,3,1.0,0.4,0,0.9045326095232616,1
105,0.1,3,5.0,0.9,1,0.9644160921583016,4
105,0.5,1,5.0,0.9,1,0.9955360841765802,5
105,0.5,2,1.0,0.4,0,0.9974014094998516,2
105,0.5,2,5.0,0.9,1,0.9602760868926304,3
105,0.5,3,1.0,0.4,0,0.997566450248389,4
105,0.5,3,5.0,0.9,1,0.9908319020779408,1
105,0.9,1,1.0,0.4,0,0.9948629513134084,1
105,0.9,1,5.0,0.9,1,0.9953990708833342,4
105,0.9,2,1.0,0.4,0,0.9315413645940174,4
105,0.9,2,5.0,0.9,1,0.8977140728077673,1
105,0.9,3,1.0,0.4,0,0.9664350797154106,4
105,0.9,3,5.0,0.9,1,0.9387118385745428,1
106,0.1,1,5.0,0.9,1,1.1262835057233258,5
106,0.1,2,5.0,0.9,1,1.088352434771322,5
106,0.1,3,1.0,0.4,0,1.1409470752089137,1
106,0.1,3,5.0,0.9,1,1.0836283564078997,4
106,0.5,1,5.0,0.9,1,1.132073334300593,5
106,0.5,2,1.0,0.4,0,1.0459444354025311,2
106,0.5,2,5.0,0.9,1,1.1603311165632884,3
106,0.5,3,1.0,0.4,0,1.0934512424510152,2
106,0.5,3,5.0,0.9,1,1.0681872026015735,3
106,0.9,1,1.0,0.4,0,1.1201612077253174,4
106,0.9,1,5.0,0.9,1,1.195100128693118,1
106,0.9,2,1.0,0.4,0,1.1454466334679698,4
106,0.9,2,5.0,0.9,1,1.1934731934731937,1
106,0.9,3,1.0,0.4,0,1.120030420772414,5
107,0.1,1,5.0,0.9,1,0.9802958365207092,5
107,0.1,2,1.0,0.4,0,0.9138777331548416,1
107,0.1,2,5.0,0.9,1,1.0083178617583743,4
107,0.1,3,1.0,0.4,0,0.8905891090234791,2
107,0.1,3,5.0,0.9,1,0.9128916932390028,3
107,0.5,1,1.0,0.4,0,0.9643135977950142,3
107,0.5,1,5.0,0.9,1,1.1369110838636174,2
107,0.5,2,1.0,0.4,0,1.0005821193255326,5
107,0.5,3,1.0,0.4,0,0.923197165602666,5
107,0.9,1,1.0,0.4,0,0.966780008634594,5
107,0.9,2,1.0,0.4,0,1.0038398581219263,5
107,0.9,3,1.0,0.4,0,0.9679799076973878,5
108,0.1,1,1.0,0.4,0,0.975842188021156,1
108,0.1,1,5.0,0.9,1,0.9303405849886054,4
108,0.1,2,1.0,0.4,0,0.8769648672445449,2
108,0.1,2,5.0,0.9,1,1.0216211757494091,3
108,0.1,3,1.0,0.4,0,0.9536397361123026,4
108,0.1,3,5.0,0.9,1,0.9862218597874844,1
108,0.5,1,1.0,0.4,0,1.0070816236077331,1
108,0.5,1,5.0,0.9,1,1.1057319318960976,4
108,0.5,2,1.0,0.4,0,0.904525340146932,4
108,0.5,2,5.0,0.9,1,1.0729893478841586,1
108,0.5,3,1.0,0.4,0,0.9696057235107514,4
108,0.5,3,5.0,0.9,1,1.125237153375902,1
108,0.9,1,1.0,0.4,0,0.9097156698308908,2
108,0.9,1,5.0,0.9,1,1.1235154130619671,3
108,0.9,2,1.0,0.4,0,0.8565050868107242,5
108,0.9,3,1.0,0.4,0,1.1239627002160624,5
109,0.1,1,1.0,0.4,0,0.968212706310608,5
109,0.1,2,1.0,0.4,0,0.9348312052221984,4
109,0.1,2,5.0,0.9,1,0.9948387880259882,1
109,0.1,3,1.0,0.4,0,0.9323083392870778,5
109,0.5,1,1.0,0.4,0,1.1021132582001787,5
109,0.5,2,1.0,0.4,0,0.9417418328016056,5
109,0.5,3,1.0,0.4,0,0.9329420487009664,5
109,0.9,1,1.0,0.4,0,0.9159379227829382,5
109,0.9,2,1.0,0.4,0,0.9584887419687904,5
109,0.9,3,1.0,0.4,0,0.9685188864509588,5
110,0.1,1,1.0,0.4,0,0.6616028848211726,1
110,0.1,1,5.0,0.9,1,0.6155817667705628,4
110,0.1,2,1.0,0.4,0,0.5842040565525242,2
110,0.1,2,5.0,0.9,1,0.5852785140723511,3
110,0.1,3,1.0,0.4,0,0.6207569270210599,3
110,0.1,3,5.0,0.9,1,0.6428481842517106,2
110,0.5,1,5.0,0.9,1,0.5943840691630721,3
110,0.5,2,1.0,0.4,0,0.5695400893608101,2
110,0.5,2,5.0,0.9,1,0.5431136215972526,1
110,0.5,3,1.0,0.4,0,0.6400999431256853,5
110,0.9,1,1.0,0.4,0,0.6230629109480945,1
110,0.9,1,5.0,0.9,1,0.2995827344969957,1
110,0.9,2,1.0,0.4,0,0.5379218075892753,4
110,0.9,3,1.0,0.4,0,0.5493505815934628,4
111,0.1,1,5.0,0.9,1,1.0046524691143832,5
111,0.1,2,5.0,0.9,1,0.9640249809779804,5
111,0.1,3,1.0,0.4,0,0.9842074019757786,2
111,0.1,3,5.0,0.9,1,0.9892383665057624,3
111,0.5,1,1.0,0.4,0,0.9995739003030572,3
111,0.5,1,5.0,0.9,1,1.0918299346927895,2
111,0.5,2,1.0,0.4,0,0.9897237495778312,5
111,0.5,3,1.0,0.4,0,1.0242541633331217,4
111,0.5,3,5.0,0.9,1,0.9845680496129996,1
111,0.9,1,1.0,0.4,0,1.0491009353468594,5
111,0.9,2,1.0,0.4,0,0.9468492681620126,5
111,0.9,3,1.0,0.4,0,0.9751781688505644,5
112,0.1,1,1.0,0.4,0,0.7635290592582336,2
112,0.1,1,5.0,0.9,1,0.7274331001262753,3
112,0.1,2,1.0,0.4,0,0.6436415886015301,2
112,0.1,2,5.0,0.9,1,0.7588038640514586,3
112,0.1,3,1.0,0.4,0,0.7147861209307882,3
112,0.1,3,5.0,0.9,1,0.780129153932303,2
112,0.5,1,1.0,0.4,0,0.8870504921441024,1
112,0.5,1,5.0,0.9,1,0.8197432924753522,4
112,0.5,2,5.0,0.9,1,0.7750256823127002,5
112,0.5,3,1.0,0.4,0,0.7300524958460008,4
112,0.5,3,5.0,0.9,1,0.8041582204858128,1
112,0.9,1,5.0,0.9,1,0.8182853765859825,5
112,0.9,2,1.0,0.4,0,0.760643888774122,5
112,0.9,3,1.0,0.4,0,0.7778545164308259,5
113,0.1,1,1.0,0.4,0,0.9760025232770329,2
113,0.1,1,5.0,0.9,1,0.9363470466771528,3
113,0.1,2,1.0,0.4,0,0.8155338065866655,2
113,0.1,2,5.0,0.9,1,0.9164498372190616,3
113,0.1,3,1.0,0.4,0,0.4921886008287983,2
113,0.1,3,5.0,0.9,1,0.8968382395855942,3
113,0.5,1,1.0,0.4,0,0.8787436711576418,1
113,0.5,1,5.0,0.9,1,1.0732231284245168,4
113,0.5,2,1.0,0.4,0,0.7238252434760111,4
113,0.5,2,5.0,0.9,1,0.9338805289557685,1
113,0.5,3,1.0,0.4,0,0.819996609053335,4
113,0.5,3,5.0,0.9,1,1.3967128145672782,1
113,0.9,1,1.0,0.4,0,0.7877543393327711,4
113,0.9,1,5.0,0.9,1,0.9284192393127522,1
113,0.9,2,1.0,0.4,0,0.8500789924231235,5
113,0.9,3,1.0,0.4,0,0.848556599885695,5
114,0.1,1,5.0,0.9,1,0.939274667214401,5
114,0.1,2,5.0,0.9,1,0.93016296480927,5
114,0.1,3,1.0,0.4,0,0.7987325869742226,1
114,0.1,3,5.0,0.9,1,0.9495469744140445,4
114,0.5,1,1.0,0.4,0,0.7996095656417765,1
114,0.5,1,5.0,0.9,1,1.071363523355819,4
114,0.5,2,1.0,0.4,0,0.7753930364214175,5
114,0.5,3,1.0,0.4,0,0.7863480003616539,5
114,0.9,1,1.0,0.4,0,0.7996714144077101,2
114,0.9,1,5.0,0.9,1,0.9574658340922442,3
114,0.9,2,1.0,0.4,0,0.8001968498727872,5
114,0.9,3,1.0,0.4,0,0.8024493075036766,5
115,0.1,1,1.0,0.4,0,0.9672717093714958,1
115,0.1,1,5.0,0.9,1,0.894319605906243,4
115,0.1,2,1.0,0.4,0,0.8170225668378464,2
115,0.1,2,5.0,0.9,1,0.8909214036700527,3
115,0.1,3,1.0,0.4,0,0.8583600476787874,3
115,0.1,3,5.0,0.9,1,0.8847661797979669,2
115,0.5,1,1.0,0.4,0,0.8528009703035899,4
115,0.5,1,5.0,0.9,1,1.032258064516129,1
115,0.5,2,1.0,0.4,0,0.88729659255628,2
115,0.5,2,5.0,0.9,1,0.9414279023590666,3
115,0.5,3,1.0,0.4,0,0.7754813712345553,3
115,0.5,3,5.0,0.9,1,0.893237380996262,2
115,0.9,1,1.0,0.4,0,0.8381499836352428,4
115,0.9,1,5.0,0.9,1,0.9533119210538564,1
115,0.9,2,1.0,0.4,0,0.8604491840579014,5
115,0.9,3,1.0,0.4,0,0.8524943967362155,5
116,0.1,1,1.0,0.4,0,1.0430076665461676,3
116,0.1,1,5.0,0.9,1,1.115969784073246,2
116,0.1,2,1.0,0.4,0,1.0463469295019014,5
116,0.1,3,1.0,0.4,0,1.107897424602886,5
116,0.5,1,1.0,0.4,0,1.0769594825546236,1
116,0.5,1,5.0,0.9,1,1.082059974887868,4
116,0.5,2,1.0,0.4,0,1.0539748143691283,4
116,0.5,2,5.0,0.9,1,0.8920449045465948,1
116,0.5,3,1.0,0.4,0,1.082115101573962,5
116,0.9,1,1.0,0.4,0,1.107244256483285,1
116,0.9,1,5.0,0.9,1,1.118199120853967,4
116,0.9,2,1.0,0.4,0,1.0923878047677953,5
116,0.9,3,1.0,0.4,0,1.051257297895794,5
117,0.1,1,5.0,0.9,1,0.7787109787263948,5
117,0.1,2,1.0,0.4,0,0.7256497974119087,2
117,0.1,2,5.0,0.9,1,0.782082523795366,3
117,0.1,3,1.0,0.4,0,0.7982758414473883,4
117,0.1,3,5.0,0.9,1,0.8810378794779372,1
117,0.5,1,1.0,0.4,0,1.0285142769996845,1
117,0.5,1,5.0,0.9,1,0.8123053874997261,4
117,0.5,2,1.0,0.4,0,0.74102494520451,5
117,0.5,3,1.0,0.4,0,0.7300064272720609,5
117,0.9,1,1.0,0.4,0,0.8007690300861299,4
117,0.9,1,5.0,0.9,1,0.8920103443582416,1
117,0.9,2,1.0,0.4,0,0.7872031386596967,5
117,0.9,3,1.0,0.4,0,0.7401468477041278,4
118,0.1,1,1.0,0.4,0,0.8584325082571865,3
118,0.1,1,5.0,0.9,1,0.9304540479223156,2
118,0.1,2,1.0,0.4,0,0.8590464288975896,3
118,0.1,2,5.0,0.9,1,0.9025077428799664,2
118,0.1,3,1.0,0.4,0,0.8632058589280853,4
118,0.1,3,5.0,0.9,1,0.9680468897712234,1
118,0.5,1,1.0,0.4,0,0.8827116036404077,4
118,0.5,2,1.0,0.4,0,0.8605327843449568,5
118,0.5,3,1.0,0.4,0,0.7024121851618743,5
118,0.9,1,1.0,0.4,0,1.0041920286922672,4
118,0.9,2,1.0,0.4,0,0.907212785685471,5
118,0.9,3,1.0,0.4,0,0.8722253212061786,5
119,0.1,1,5.0,0.9,1,0.983024788787464,5
119,0.1,2,1.0,0.4,0,0.8609382882125441,1
119,0.1,2,5.0,0.9,1,0.9089108183630048,4
119,0.1,3,5.0,0.9,1,0.9650725662567202,5
119,0.5,1,5.0,0.9,1,1.0031927921104415,5
119,0.5,2,1.0,0.4,0,0.9629418433019452,5
119,0.5,3,1.0,0.4,0,0.9034810158024996,5
119,0.9,1,1.0,0.4,0,0.9254830518679216,3
119,0.9,1,5.0,0.9,1,1.09350908802431,2
119,0.9,2,1.0,0.4,0,1.0072196596972076,5
119,0.9,3,1.0,0.4,0,0.9485296086152882,5
120,0.1,1,5.0,0.9,1,0.7282405121328048,5
120,0.1,2,1.0,0.4,0,0.6826704771506639,2
120,0.1,2,5.0,0.9,1,0.920368227365995,2
120,0.1,3,1.0,0.4,0,0.6798916395936003,2
120,0.1,3,5.0,0.9,1,1.0399804802067758,3
120,0.5,1,1.0,0.4,0,0.8685709033619592,5
120,0.5,2,1.0,0.4,0,0.8511484201337702,4
120,0.5,2,5.0,0.9,1,0.9002008183699197,1
120,0.5,3,1.0,0.4,0,0.8993721221780329,5
120,0.9,1,1.0,0.4,0,0.9446693819962716,5
120,0.9,2,1.0,0.4,0,0.840041462170927,5
120,0.9,3,1.0,0.4,0,0.8567350037166099,5
121,0.1,1,5.0,0.9,1,1.3944082246543326,5
121,0.1,2,5.0,0.9,1,1.430681506811937,5
121,0.1,3,5.0,0.9,1,1.5927458989595478,5
121,0.5,1,5.0,0.9,1,1.1355613830413551,5
121,0.5,2,1.0,0.4,0,1.9588713534194169,2
121,0.5,2,5.0,0.9,1,1.0382557758118858,3
121,0.5,3,1.0,0.4,0,1.2694157529532792,4
121,0.5,3,5.0,0.9,1,1.0687123669774603,1
121,0.9,1,1.0,0.4,0,1.9588713534194169,1
121,0.9,1,5.0,0.9,1,1.502782070663646,4
121,0.9,2,1.0,0.4,0,1.4715119239717436,5
121,0.9,3,1.0,0.4,0,1.2685234981351043,5
122,0.1,1,1.0,0.4,0,1.1296584168102657,1
122,0.1,1,5.0,0.9,1,1.105170902473914,4
122,0.1,2,1.0,0.4,0,1.1334488506303295,3
122,0.1,2,5.0,0.9,1,1.133021727954664,2
122,0.1,3,1.0,0.4,0,1.150338656182739,4
122,0.1,3,5.0,0.9,1,1.1102076218355288,1
122,0.5,1,5.0,0.9,1,1.13712656342813,4
122,0.5,2,1.0,0.4,0,1.142144418301915,2
122,0.5,2,5.0,0.9,1,1.137195723795159,3
122,0.5,3,1.0,0.4,0,1.1356219112977812,5
122,0.9,1,1.0,0.4,0,1.1418781744114357,1
122,0.9,1,5.0,0.9,1,1.146648368705022,4
122,0.9,2,1.0,0.4,0,1.1263447381109186,3
122,0.9,2,5.0,0.9,1,1.13747254077829,2
122,0.9,3,1.0,0.4,0,1.1337905186530082,4
122,0.9,3,5.0,0.9,1,1.1376829708635392,1
123,0.1,1,1.0,0.4,0,1.029283016070191,5
123,0.1,2,1.0,0.4,0,1.0155805412223864,5
123,0.1,3,1.0,0.4,0,1.007300426211415,5
123,0.5,1,1.0,0.4,0,1.0317807454521877,5
123,0.5,2,1.0,0.4,0,1.08642437990253,5
123,0.5,3,1.0,0.4,0,1.0733275511074671,5
123,0.9,1,1.0,0.4,0,1.0694949345790916,5
123,0.9,2,1.0,0.4,0,1.087225160506765,5
123,0.9,3,1.0,0.4,0,1.080938197894763,5
124,0.1,1,5.0,0.9,1,0.8520601727975501,5
124,0.1,2,1.0,0.4,0,0.5734847318090811,1
124,0.1,2,5.0,0.9,1,0.8962512844723536,4
124,0.1,3,1.0,0.4,0,0.925311993096112,1
124,0.1,3,5.0,0.9,1,0.9783787398775088,4
124,0.5,1,1.0,0.4,0,0.942636368256907,4
124,0.5,1,5.0,0.9,1,1.130636390550264,1
124,0.5,2,1.0,0.4,0,0.8880860731625023,3
124,0.5,2,5.0,0.9,1,0.9861230739783712,2
124,0.5,3,1.0,0.4,0,0.809179387014785,5
124,0.9,1,1.0,0.4,0,0.9212395501473584,3
124,0.9,1,5.0,0.9,1,0.9749837640441994,1
124,0.9,2,1.0,0.4,0,0.9635384151108164,5
124,0.9,3,1.0,0.4,0,0.8877406035595115,5
125,0.1,1,1.0,0.4,0,0.8779149519890259,1
125,0.1,1,5.0,0.9,1,0.963310090610574,4
125,0.1,2,5.0,0.9,1,0.9924908391079365,5
125,0.1,3,1.0,0.4,0,0.9739176294672892,2
125,0.1,3,5.0,0.9,1,1.134328463767324,3
125,0.5,1,1.0,0.4,0,0.8918936413114994,2
125,0.5,1,5.0,0.9,1,1.0381307927599412,3
125,0.5,2,1.0,0.4,0,0.9945073119714424,5
125,0.5,3,1.0,0.4,0,1.0135912469068882,5
125,0.9,1,1.0,0.4,0,0.9403525138685168,4
125,0.9,1,5.0,0.9,1,1.131272958267738,1
125,0.9,2,1.0,0.4,0,0.967143078846985,5
125,0.9,3,1.0,0.4,0,0.9243980816461476,5
126,0.1,1,1.0,0.4,0,0.9280430714932856,1
126,0.1,1,5.0,0.9,1,0.8206156118745158,4
126,0.1,2,1.0,0.4,0,0.8235815612126953,1
126,0.1,2,5.0,0.9,1,0.8285835313594542,4
126,0.1,3,1.0,0.4,0,0.8643724101930297,4
126,0.1,3,5.0,0.9,1,0.8164997675931314,1
126,0.5,1,1.0,0.4,0,0.8913068183262673,4
126,0.5,1,5.0,0.9,1,0.9541113440484508,1
126,0.5,2,1.0,0.4,0,0.872895302011861,4
126,0.5,2,5.0,0.9,1,0.8645727794663964,1
126,0.5,3,1.0,0.4,0,0.8667528828709881,4
126,0.5,3,5.0,0.9,1,0.9127862618986964,1
126,0.9,1,1.0,0.4,0,0.8599015228700935,4
126,0.9,1,5.0,0.9,1,0.941995544796785,1
126,0.9,2,1.0,0.4,0,0.93819627470869,5
126,0.9,3,1.0,0.4,0,0.9189724603502064,5
127,0.1,1,1.0,0.4,0,0.5844007644356408,2
127,0.1,1,5.0,0.9,1,1.0105183622911371,3
127,0.1,2,1.0,0.4,0,0.8749056149121252,2
127,0.1,2,5.0,0.9,1,1.1051467836393511,3
127,0.1,3,1.0,0.4,0,1.189729290112699,1
127,0.1,3,5.0,0.9,1,1.0133647432380166,4
127,0.5,1,1.0,0.4,0,1.039090624331731,4
127,0.5,1,5.0,0.9,1,1.2432465246160385,1
127,0.5,2,1.0,0.4,0,0.9664524358120647,5
127,0.5,3,1.0,0.4,0,0.9083799185461728,5
127,0.9,1,1.0,0.4,0,1.0636711172520932,4
127,0.9,1,5.0,0.9,1,1.1877627954182977,1
127,0.9,2,1.0,0.4,0,1.0220714755992504,5
127,0.9,3,1.0,0.4,0,0.9655416237642684,5
128,0.1,1,5.0,0.9,1,0.979258636637438,5
128,0.1,2,5.0,0.9,1,0.979347154456064,5
128,0.1,3,1.0,0.4,0,0.890280641187593,1
128,0.1,3,5.0,0.9,1,0.9978634512477736,4
128,0.5,1,1.0,0.4,0,0.9878956832361852,2
128,0.5,1,5.0,0.9,1,1.0364433341664252,3
128,0.5,2,1.0,0.4,0,1.0113053879516285,5
128,0.5,3,1.0,0.4,0,0.9911708874141352,5
128,0.9,1,1.0,0.4,0,1.0104533119270074,4
128,0.9,1,5.0,0.9,1,1.110163823614116,1
128,0.9,2,1.0,0.4,0,1.0092346932300376,5
128,0.9,3,1.0,0.4,0,1.0239504148600689,5
129,0.1,1,5.0,0.9,1,1.2252475279578636,5
129,0.1,2,5.0,0.9,1,0.995602212434909,5
129,0.1,3,5.0,0.9,1,1.05606743148538,5
129,0.5,1,5.0,0.9,1,1.0486479131231154,5
129,0.5,2,5.0,0.9,1,1.0177174639196545,5
129,0.5,3,1.0,0.4,0,1.083024854574299,1
129,0.5,3,5.0,0.9,1,0.9219953026792114,4
129,0.9,1,5.0,0.9,1,1.0521157005457145,5
129,0.9,2,1.0,0.4,0,1.5494150390326364,3
129,0.9,2,5.0,0.9,1,1.0804230958166483,2
129,0.9,3,1.0,0.4,0,1.5313506074108287,3
129,0.9,3,5.0,0.9,1,1.1563835562225493,2
130,0.1,1,5.0,0.9,1,1.025084243267226,5
130,0.1,2,1.0,0.4,0,1.035284602163583,1
130,0.1,2,5.0,0.9,1,1.0098575092189153,4
130,0.1,3,5.0,0.9,1,1.005538114920102,5
130,0.5,1,1.0,0.4,0,1.0002442002442002,1
130,0.5,1,5.0,0.9,1,1.011907143334854,4
130,0.5,2,1.0,0.4,0,1.0177283189329018,2
130,0.5,2,5.0,0.9,1,1.0286786135366652,3
130,0.5,3,1.0,0.4,0,1.0148293257197405,4
130,0.5,3,5.0,0.9,1,1.0158730158730158,1
130,0.9,1,1.0,0.4,0,1.0135130235442251,2
130,0.9,1,5.0,0.9,1,1.069297226841872,3
130,0.9,2,1.0,0.4,0,1.0049883236824728,4
130,0.9,2,5.0,0.9,1,1.0179938363654435,1
130,0.9,3,1.0,0.4,0,1.0255631776072387,4
130,0.9,3,5.0,0.9,1,1.0179938363654435,1
131,0.1,1,5.0,0.9,1,0.9055203428229844,5
131,0.1,2,1.0,0.4,0,0.9045936395759716,1
131,0.1,2,5.0,0.9,1,0.907434717829472,4
131,0.1,3,1.0,0.4,0,0.8943231441048035,1
131,0.1,3,5.0,0.9,1,0.900910332248175,4
131,0.5,1,1.0,0.4,0,0.919210053859964,1
131,0.5,1,5.0,0.9,1,0.9517478903751742,4
131,0.5,2,1.0,0.4,0,0.9225225225225224,1
131,0.5,2,5.0,0.9,1,0.9072309367672596,4
131,0.5,3,1.0,0.4,0,0.9936428074234088,5
131,0.9,1,1.0,0.4,0,0.909543318556101,2
131,0.9,1,5.0,0.9,1,0.8862848156274582,3
131,0.9,2,1.0,0.4,0,0.9617942890375232,2
131,0.9,2,5.0,0.9,1,0.8804721001258479,3
131,0.9,3,1.0,0.4,0,0.942939473170224,5
132,0.1,1,5.0,0.9,1,0.8998394260356288,5
132,0.1,2,5.0,0.9,1,0.952656286095397,5
132,0.1,3,1.0,0.4,0,0.7962776661075357,2
132,0.1,3,5.0,0.9,1,0.9636658057639484,3
132,0.5,1,5.0,0.9,1,0.9958678426852364,5
132,0.5,2,1.0,0.4,0,0.8989500030168218,2
132,0.5,2,5.0,0.9,1,0.9725830294689908,3
132,0.5,3,1.0,0.4,0,0.8182239776482172,2
132,0.5,3,5.0,0.9,1,0.9579101842269891,2
132,0.9,1,1.0,0.4,0,0.9264137049587892,3
132,0.9,1,5.0,0.9,1,1.3085881097226826,2
132,0.9,2,1.0,0.4,0,0.9836233022132824,5
132,0.9,3,1.0,0.4,0,0.9876122736550832,4
132,0.9,3,5.0,0.9,1,0.963674007152268,1
133,0.1,1,1.0,0.4,0,0.6103035554879648,5
133,0.1,2,1.0,0.4,0,0.5865558815631621,5
133,0.1,3,1.0,0.4,0,0.6091692870039107,5
133,0.5,1,1.0,0.4,0,0.5883799296341525,5
133,0.5,2,1.0,0.4,0,0.6170170948251761,4
133,0.5,2,5.0,0.9,1,0.6504615067292322,1
133,0.5,3,1.0,0.4,0,0.6429194502936074,5
133,0.9,1,1.0,0.4,0,0.6138613872815409,4
133,0.9,1,5.0,0.9,1,0.5501147542670797,1
133,0.9,2,1.0,0.4,0,0.616568392702517,5
133,0.9,3,1.0,0.4,0,0.6909980782225791,5
134,0.1,1,5.0,0.9,1,1.0234205479930618,5
134,0.1,2,5.0,0.9,1,1.030166942431337,5
134,0.1,3,1.0,0.4,0,1.072279415049424,1
134,0.1,3,5.0,0.9,1,0.9826865046001956,4
134,0.5,1,5.0,0.9,1,0.9462478052087332,5
134,0.5,2,1.0,0.4,0,1.0074773711137348,1
134,0.5,2,5.0,0.9,1,1.046243876762035,4
134,0.5,3,1.0,0.4,0,1.026539803465833,5
134,0.9,1,1.0,0.4,0,1.0651599553942757,2
134,0.9,1,5.0,0.9,1,1.0963486413639487,3
134,0.9,2,1.0,0.4,0,1.028458317481045,5
134,0.9,3,1.0,0.4,0,0.9350360403400622,5
135,0.1,1,5.0,0.9,1,0.8645126900947672,5
135,0.1,2,5.0,0.9,1,0.9319894042396442,5
135,0.1,3,5.0,0.9,1,0.9753620880144694,5
135,0.5,1,5.0,0.9,1,1.038300072691276,5
135,0.5,2,1.0,0.4,0,0.7847703310111273,3
135,0.5,2,5.0,0.9,1,1.0801056935815398,2
135,0.5,3,1.0,0.4,0,0.6737778014371385,4
135,0.5,3,5.0,0.9,1,1.035376195953034,1
135,0.9,1,1.0,0.4,0,1.0811822383962495,1
135,0.9,1,5.0,0.9,1,1.0788379520378888,4
135,0.9,2,1.0,0.4,0,0.6849124357042778,5
135,0.9,3,1.0,0.4,0,0.7028630510879174,5
136,0.1,1,5.0,0.9,1,1.0019713315119954,5
136,0.1,2,5.0,0.9,1,1.106039939624735,5
136,0.1,3,5.0,0.9,1,1.1346710689164137,5
136,0.5,1,5.0,0.9,1,1.1692632608874385,5
136,0.5,2,1.0,0.4,0,0.8634190655757785,2
136,0.5,2,5.0,0.9,1,1.0394613636557055,3
136,0.5,3,1.0,0.4,0,0.8647941138777778,3
136,0.5,3,5.0,0.9,1,0.8864899663250925,2
136,0.9,1,1.0,0.4,0,0.8179848133769909,5
136,0.9,2,1.0,0.4,0,0.835519028041803,5
136,0.9,3,1.0,0.4,0,0.8622084145953233,5
137,0.1,1,5.0,0.9,1,1.064962268061878,5
137,0.1,2,1.0,0.4,0,0.8865800865800866,1
137,0.1,2,5.0,0.9,1,0.899593222407111,4
137,0.1,3,1.0,0.4,0,0.8983878874122119,4
137,0.1,3,5.0,0.9,1,0.8981274393720124,1
137,0.5,1,1.0,0.4,0,0.894581351133286,1
137,0.5,1,5.0,0.9,1,1.0925189254158725,4
137,0.5,2,1.0,0.4,0,0.885236782996563,2
137,0.5,2,5.0,0.9,1,0.9025381780663628,3
137,0.5,3,1.0,0.4,0,1.1413943769920976,3
137,0.5,3,5.0,0.9,1,0.8981744660843887,2
137,0.9,1,1.0,0.4,0,0.90237158939449,1
137,0.9,1,5.0,0.9,1,1.0966736795901562,4
137,0.9,2,1.0,0.4,0,0.8959538499408689,5
137,0.9,3,1.0,0.4,0,1.048500950056145,5
138,0.1,1,1.0,0.4,0,0.7470393722262653,3
138,0.1,1,5.0,0.9,1,1.0374205014543518,2
138,0.1,2,1.0,0.4,0,0.7992317571146602,5
138,0.1,3,1.0,0.4,0,0.7950279044188805,5
138,0.5,1,1.0,0.4,0,0.8087991535777777,3
138,0.5,1,5.0,0.9,1,0.9501356933178916,2
138,0.5,2,1.0,0.4,0,0.8674330180117023,4
138,0.5,2,5.0,0.9,1,1.1694837825491091,1
138,0.5,3,1.0,0.4,0,0.8024535643286634,4
138,0.5,3,5.0,0.9,1,1.0657792567942317,1
138,0.9,1,1.0,0.4,0,0.8433727946498919,4
138,0.9,1,5.0,0.9,1,0.9759818421982848,1
138,0.9,2,1.0,0.4,0,0.8192566759725777,5
138,0.9,3,1.0,0.4,0,0.8136629111741422,5
139,0.1,1,1.0,0.4,0,0.9906728349971592,1
139,0.1,1,5.0,0.9,1,0.9728477421703158,4
139,0.1,2,1.0,0.4,0,0.9116812724470332,3
139,0.1,2,5.0,0.9,1,1.0115003940307354,2
139,0.1,3,1.0,0.4,0,1.0678292548066417,1
139,0.1,3,5.0,0.9,1,0.99449701922376,4
139,0.5,1,5.0,0.9,1,1.0134571877959542,5
139,0.5,2,1.0,0.4,0,1.0308305658445716,1
139,0.5,2,5.0,0.9,1,1.00261081474891,4
139,0.5,3,1.0,0.4,0,1.0004955781303737,4
139,0.5,3,5.0,0.9,1,0.9947783849423194,1
139,0.9,1,1.0,0.4,0,1.021895667346736,3
139,0.9,1,5.0,0.9,1,0.8921568300080698,2
139,0.9,2,1.0,0.4,0,0.896954001139382,5
139,0.9,3,1.0,0.4,0,1.0056740120677596,5
140,0.1,1,5.0,0.9,1,1.4070482807091191,5
140,0.1,2,1.0,0.4,0,0.7253583399426984,4
140,0.1,2,5.0,0.9,1,1.3864771092493864,1
140,0.1,3,1.0,0.4,0,0.7407790381255615,5
140,0.5,1,1.0,0.4,0,0.7344490328189524,1
140,0.5,1,5.0,0.9,1,1.28810137490114,4
140,0.5,2,1.0,0.4,0,0.8052242414104637,5
140,0.5,3,1.0,0.4,0,0.8425651780533766,5
140,0.9,1,1.0,0.4,0,0.8841082923457431,3
140,0.9,1,5.0,0.9,1,1.4328557449461088,2
140,0.9,2,1.0,0.4,0,0.7817619396388874,5
140,0.9,3,1.0,0.4,0,0.812576171665629,5
141,0.1,1,5.0,0.9,1,0.9575029737332998,5
141,0.1,2,1.0,0.4,0,1.0533687408862822,2
141,0.1,2,5.0,0.9,1,0.9993718297578428,3
141,0.1,3,5.0,0.9,1,1.0633057763848337,5
141,0.5,1,1.0,0.4,0,1.04984391910285,4
141,0.5,1,5.0,0.9,1,1.0984767217335336,1
141,0.5,2,1.0,0.4,0,0.904850863900828,2
141,0.5,2,5.0,0.9,1,1.0267937237297724,3
141,0.5,3,1.0,0.4,0,0.9953186439852784,4
141,0.5,3,5.0,0.9,1,0.7946069159513071,1
141,0.9,1,1.0,0.4,0,1.025971391039024,4
141,0.9,1,5.0,0.9,1,1.0448003968580224,1
141,0.9,2,1.0,0.4,0,0.9736251560584538,5
141,0.9,3,1.0,0.4,0,0.9632361993427128,5
142,0.1,1,5.0,0.9,1,1.015817360530069,5
142,0.1,2,1.0,0.4,0,1.1025068776160287,1
142,0.1,2,5.0,0.9,1,1.0428948105722882,4
142,0.1,3,1.0,0.4,0,1.042315256593633,3
142,0.1,3,5.0,0.9,1,1.253050116646414,2
142,0.5,1,5.0,0.9,1,1.10539893910273,5
142,0.5,2,1.0,0.4,0,0.929669060531928,5
142,0.5,3,1.0,0.4,0,1.2243089339299895,5
142,0.9,1,1.0,0.4,0,1.473831927028048,1
142,0.9,1,5.0,0.9,1,1.1699064205254923,4
142,0.9,2,1.0,0.4,0,1.1046201472773047,5
142,0.9,3,1.0,0.4,0,1.062155809042148,5
143,0.1,1,1.0,0.4,0,0.7930122631021904,2
143,0.1,1,5.0,0.9,1,0.928732292404222,3
143,0.1,2,1.0,0.4,0,0.8789909661234303,2
143,0.1,2,5.0,0.9,1,0.9441074952321976,3
143,0.1,3,5.0,0.9,1,0.9489849732484076,5
143,0.5,1,1.0,0.4,0,0.8279149801108783,1
143,0.5,1,5.0,0.9,1,0.9464300753705428,4
143,0.5,2,1.0,0.4,0,0.8306521929078542,3
143,0.5,2,5.0,0.9,1,0.9623800275130968,2
143,0.5,3,1.0,0.4,0,0.7550159724894525,5
143,0.9,1,1.0,0.4,0,0.792481602389586,2
143,0.9,1,5.0,0.9,1,0.9628264736525386,3
143,0.9,2,1.0,0.4,0,0.7863326529734964,5
143,0.9,3,1.0,0.4,0,0.7846482662711806,4
144,0.1,1,5.0,0.9,1,0.915155961220812,5
144,0.1,2,5.0,0.9,1,0.948465709766958,5
144,0.1,3,5.0,0.9,1,0.9472554898216768,5
144,0.5,1,5.0,0.9,1,0.9599393490832246,4
144,0.5,2,1.0,0.4,0,0.9395869235467342,1
144,0.5,2,5.0,0.9,1,0.992757688952659,4
144,0.5,3,1.0,0.4,0,1.0150127426387403,2
144,0.5,3,5.0,0.9,1,0.9062768734369712,3
144,0.9,1,1.0,0.4,0,0.9945604209020326,2
144,0.9,1,5.0,0.9,1,1.0987720843222528,3
144,0.9,2,1.0,0.4,0,0.8845222498461199,1
144,0.9,2,5.0,0.9,1,0.9612242971034194,4
144,0.9,3,1.0,0.4,0,1.0620848094472062,2
144,0.9,3,5.0,0.9,1,0.9425488460192448,3
145,0.1,1,1.0,0.4,0,0.8808696952219008,4
145,0.1,1,5.0,0.9,1,1.0173364462768864,1
145,0.1,2,1.0,0.4,0,0.8980937623877091,4
145,0.1,2,5.0,0.9,1,0.914857500223354,1
145,0.1,3,1.0,0.4,0,0.9341478632300756,5
145,0.5,1,1.0,0.4,0,0.8944127307820547,5
145,0.5,2,1.0,0.4,0,0.955077328589092,5
145,0.5,3,1.0,0.4,0,0.8911719595781324,5
145,0.9,1,1.0,0.4,0,1.0379913423472298,4
145,0.9,1,5.0,0.9,1,1.0450045923053373,1
145,0.9,2,1.0,0.4,0,0.9856675134346906,5
145,0.9,3,1.0,0.4,0,0.957517280817452,5
146,0.1,1,1.0,0.4,0,0.9619184140550496,2
146,0.1,1,5.0,0.9,1,0.9548482605645642,3
146,0.1,2,1.0,0.4,0,0.9561514989808936,3
146,0.1,2,5.0,0.9,1,0.9479874554363524,2
146,0.1,3,1.0,0.4,0,0.954955228172524,2
146,0.1,3,5.0,0.9,1,0.9536853273813204,3
146,0.5,1,1.0,0.4,0,0.951065345398725,1
146,0.5,1,5.0,0.9,1,0.9852133604393,4
146,0.5,2,1.0,0.4,0,0.9125010932552856,3
146,0.5,2,5.0,0.9,1,0.9506795179269047,2
146,0.5,3,1.0,0.4,0,0.9523244602445512,5
146,0.9,1,1.0,0.4,0,0.9792837264882326,4
146,0.9,1,5.0,0.9,1,1.1030025582334724,1
146,0.9,2,1.0,0.4,0,0.9749295325009067,5
146,0.9,3,1.0,0.4,0,0.9563154267042288,5
147,0.1,1,1.0,0.4,0,0.7694186155724617,1
147,0.1,1,5.0,0.9,1,0.7268327085713367,4
147,0.1,2,1.0,0.4,0,0.7710662650619755,1
147,0.1,2,5.0,0.9,1,0.7248745555726782,4
147,0.1,3,1.0,0.4,0,0.8271047908502366,4
147,0.1,3,5.0,0.9,1,0.6139613720431645,1
147,0.5,1,1.0,0.4,0,0.7696536243127099,2
147,0.5,1,5.0,0.9,1,0.7266156682975887,3
147,0.5,2,1.0,0.4,0,0.8015364199431992,3
147,0.5,2,5.0,0.9,1,0.7527051954736661,2
147,0.5,3,1.0,0.4,0,0.7898481549558926,4
147,0.5,3,5.0,0.9,1,0.7713021372752095,1
147,0.9,1,1.0,0.4,0,0.8059848117173583,2
147,0.9,1,5.0,0.9,1,0.750699670836656,3
147,0.9,2,1.0,0.4,0,0.8776977749709565,4
147,0.9,2,5.0,0.9,1,0.8378312960735904,1
147,0.9,3,1.0,0.4,0,0.8149351895823089,5
148,0.1,1,5.0,0.9,1,0.842887899844572,5
148,0.1,2,5.0,0.9,1,0.985806410649164,5
148,0.1,3,5.0,0.9,1,0.9770674745789524,5
148,0.5,1,1.0,0.4,0,0.9036058158062498,3
148,0.5,1,5.0,0.9,1,0.8129769257154065,2
148,0.5,2,1.0,0.4,0,0.9974068388081618,2
148,0.5,2,5.0,0.9,1,0.9977985016663092,3
148,0.5,3,1.0,0.4,0,0.8347991057886448,5
148,0.9,1,1.0,0.4,0,0.8272325074880271,4
148,0.9,1,5.0,0.9,1,1.053701202649688,1
148,0.9,2,1.0,0.4,0,0.9573632731547466,5
148,0.9,3,1.0,0.4,0,0.9106589768366906,5
149,0.1,1,1.0,0.4,0,0.7996095656417765,1
149,0.1,1,5.0,0.9,1,0.9636898504082396,4
149,0.1,2,5.0,0.9,1,0.89432702324352,5
149,0.1,3,5.0,0.9,1,0.9332135702797316,5
149,0.5,1,1.0,0.4,0,1.0027699651204771,1
149,0.5,1,5.0,0.9,1,0.9229230884968916,4
149,0.5,2,1.0,0.4,0,0.9455022850227568,2
149,0.5,2,5.0,0.9,1,1.0466823494207185,3
149,0.5,3,1.0,0.4,0,0.9424684795199544,2
149,0.5,3,5.0,0.9,1,0.9255433876098258,3
149,0.9,1,1.0,0.4,0,0.9459548945234404,2
149,0.9,1,5.0,0.9,1,1.008417807719758,3
149,0.9,2,1.0,0.4,0,0.9162296469711728,4
149,0.9,2,5.0,0.9,1,0.8901982039428238,1
149,0.9,3,1.0,0.4,0,1.0709337089963902,2
149,0.9,3,5.0,0.9,1,0.9641721977721618,3
150,0.1,1,1.0,0.4,0,0.8331977217249796,1
150,0.1,1,5.0,0.9,1,0.886183203107516,4
150,0.1,2,1.0,0.4,0,0.835577315381477,1
150,0.1,2,5.0,0.9,1,0.9123469868833516,4
150,0.1,3,5.0,0.9,1,0.93764625059973,5
150,0.5,1,5.0,0.9,1,1.0527582591864009,5
150,0.5,2,1.0,0.4,0,0.9808791274363716,3
150,0.5,2,5.0,0.9,1,1.0711297071129706,2
150,0.5,3,1.0,0.4,0,0.8856452379588546,4
150,0.5,3,5.0,0.9,1,1.0711297071129706,1
150,0.9,1,1.0,0.4,0,1.00414950797291,4
150,0.9,1,5.0,0.9,1,1.0697310732243657,1
150,0.9,2,1.0,0.4,0,0.9636897637913964,5
150,0.9,3,1.0,0.4,0,0.9635678565367414,5
151,0.1,1,5.0,0.9,1,3.3070272045993994,4
151,0.1,2,1.0,0.4,0,4.198569146584869,5
151,0.1,3,1.0,0.4,0,3.476414870541487,4
151,0.1,3,5.0,0.9,1,2.167711889074118,1
151,0.5,1,1.0,0.4,0,7.323312957368383,1
151,0.5,1,5.0,0.9,1,4.476928323054809,4
151,0.5,2,1.0,0.4,0,3.732898081478524,2
151,0.5,2,5.0,0.9,1,4.808732802932268,3
151,0.5,3,1.0,0.4,0,4.404740561332694,4
151,0.9,1,1.0,0.4,0,3.646767478272059,2
151,0.9,1,5.0,0.9,1,2.424379823640922,2
151,0.9,2,1.0,0.4,0,4.3906378625691485,3
151,0.9,3,1.0,0.4,0,4.288153611416096,4
152,0.1,1,1.0,0.4,0,1.0016057154195117,5
152,0.1,2,1.0,0.4,0,1.004784733987116,4
152,0.1,2,5.0,0.9,1,1.0341867393829218,1
152,0.1,3,1.0,0.4,0,1.0561740251047964,5
152,0.5,1,1.0,0.4,0,0.9741106580607276,5
152,0.5,2,1.0,0.4,0,1.0417952097418453,5
152,0.5,3,1.0,0.4,0,1.004149307553697,5
152,0.9,1,1.0,0.4,0,1.1242375030105791,5
152,0.9,2,1.0,0.4,0,1.0328546396267877,5
152,0.9,3,1.0,0.4,0,1.0647451655300704,5
153,0.1,1,5.0,0.9,1,1.6634952833533716,5
153,0.1,2,1.0,0.4,0,2.1819651873317834,1
153,0.1,2,5.0,0.9,1,2.163696383950654,4
153,0.1,3,1.0,0.4,0,2.0965704137816936,1
153,0.1,3,5.0,0.9,1,2.811434026234779,4
153,0.5,1,1.0,0.4,0,2.24326751146294,4
153,0.5,1,5.0,0.9,1,0.7908099237378124,1
153,0.5,2,1.0,0.4,0,2.475384953338042,5
153,0.5,3,1.0,0.4,0,2.174768899108691,5
153,0.9,1,1.0,0.4,0,2.168394171199069,4
153,0.9,1,5.0,0.9,1,1.996101364522417,1
153,0.9,2,1.0,0.4,0,1.7757884187828512,5
153,0.9,3,1.0,0.4,0,1.9091095499065696,5
154,0.1,1,5.0,0.9,1,1.0412765356563831,5
154,0.1,2,1.0,0.4,0,0.8811823677473486,1
154,0.1,2,5.0,0.9,1,1.0755667652178886,4
154,0.1,3,5.0,0.9,1,1.0583104566985917,5
154,0.5,1,1.0,0.4,0,0.9855748986393004,1
154,0.5,1,5.0,0.9,1,1.1169632998441237,4
154,0.5,2,1.0,0.4,0,1.04907824474487,4
154,0.5,2,5.0,0.9,1,1.0464796918812236,1
154,0.5,3,1.0,0.4,0,1.0541185007836091,3
154,0.5,3,5.0,0.9,1,1.0150232714330731,2
154,0.9,1,1.0,0.4,0,0.9860913841059076,2
154,0.9,1,5.0,0.9,1,1.1180316490790827,3
154,0.9,2,1.0,0.4,0,1.0851420584016722,4
154,0.9,2,5.0,0.9,1,1.1955547327500389,1
154,0.9,3,1.0,0.4,0,1.019741401008518,5
155,0.1,1,5.0,0.9,1,0.96536293370945,5
155,0.1,2,5.0,0.9,1,0.9427778825814258,5
155,0.1,3,1.0,0.4,0,0.9594711870869902,4
155,0.1,3,5.0,0.9,1,0.8777644436824962,1
155,0.5,1,1.0,0.4,0,0.9870830923462502,1
155,0.5,1,5.0,0.9,1,1.0218895241757633,4
155,0.5,2,1.0,0.4,0,1.0338903798494197,3
155,0.5,2,5.0,0.9,1,0.9866319574777191,2
155,0.5,3,1.0,0.4,0,1.0143300474190495,5
155,0.9,1,1.0,0.4,0,0.9873092455015268,3
155,0.9,1,5.0,0.9,1,1.0572940236010044,2
155,0.9,2,1.0,0.4,0,1.0431066792078567,5
155,0.9,3,1.0,0.4,0,0.9869937756923672,5
156,0.1,1,1.0,0.4,0,0.9178402966847052,1
156,0.1,1,5.0,0.9,1,1.0906416141723774,4
156,0.1,2,5.0,0.9,1,1.0664763064966127,5
156,0.1,3,1.0,0.4,0,0.9180825975592982,1
156,0.1,3,5.0,0.9,1,1.0685136196625558,4
156,0.5,1,1.0,0.4,0,1.167434363926911,1
156,0.5,1,5.0,0.9,1,1.1491810352192118,4
156,0.5,2,1.0,0.4,0,0.9151406770994576,1
156,0.5,2,5.0,0.9,1,1.109035441956448,4
156,0.5,3,1.0,0.4,0,1.049111771430175,4
156,0.5,3,5.0,0.9,1,1.160438564183925,1
156,0.9,1,1.0,0.4,0,1.1277855428054286,5
156,0.9,2,1.0,0.4,0,1.137595731702957,5
156,0.9,3,1.0,0.4,0,1.1211012511981673,5
157,0.1,1,5.0,0.9,1,1.576267992660617,5
157,0.1,2,1.0,0.4,0,1.7368674210779471,1
157,0.1,2,5.0,0.9,1,1.2431161197393177,4
157,0.1,3,5.0,0.9,1,1.605766973161148,5
157,0.5,1,1.0,0.4,0,0.7574524742954359,1
157,0.5,1,5.0,0.9,1,0.9498158957488774,4
157,0.5,2,1.0,0.4,0,1.1232184405172378,1
157,0.5,2,5.0,0.9,1,1.438792154631649,4
157,0.5,3,1.0,0.4,0,1.2519993055427374,2
157,0.5,3,5.0,0.9,1,1.7742787088159353,3
157,0.9,1,1.0,0.4,0,1.5245594250615682,3
157,0.9,1,5.0,0.9,1,0.8109065129034128,2
157,0.9,2,1.0,0.4,0,1.3168796105649263,2
157,0.9,2,5.0,0.9,1,1.729681259225427,3
157,0.9,3,1.0,0.4,0,1.3923036327129397,3
157,0.9,3,5.0,0.9,1,1.4355259309048587,2
158,0.1,1,1.0,0.4,0,0.8161963972580902,1
158,0.1,1,5.0,0.9,1,0.8054374488262658,4
158,0.1,2,1.0,0.4,0,0.8430253389081991,2
158,0.1,2,5.0,0.9,1,0.8204781722295519,3
158,0.1,3,1.0,0.4,0,0.831979200519987,2
158,0.1,3,5.0,0.9,1,0.8099233730571558,3
158,0.5,1,1.0,0.4,0,0.8502078575018895,3
158,0.5,1,5.0,0.9,1,0.8062658505732496,2
158,0.5,2,1.0,0.4,0,0.8314213582239398,4
158,0.5,2,5.0,0.9,1,0.812070025178929,1
158,0.5,3,1.0,0.4,0,0.8398143247084079,5
158,0.9,1,1.0,0.4,0,0.8107680101738228,4
158,0.9,1,5.0,0.9,1,0.829130368311277,1
158,0.9,2,1.0,0.4,0,0.9872831244747544,3
158,0.9,2,5.0,0.9,1,0.8181387809361033,2
158,0.9,3,1.0,0.4,0,0.8419130752084041,5
159,0.1,1,1.0,0.4,0,0.9088598212710606,2
159,0.1,1,5.0,0.9,1,0.9431088754802164,3
159,0.1,2,1.0,0.4,0,0.9371957013894558,2
159,0.1,2,5.0,0.9,1,0.96871790880053,3
159,0.1,3,1.0,0.4,0,0.937173009071774,4
159,0.1,3,5.0,0.9,1,0.935672514619883,1
159,0.5,1,5.0,0.9,1,0.9855184941785964,5
159,0.5,2,1.0,0.4,0,0.9326583831876054,2
159,0.5,2,5.0,0.9,1,0.9709672832244084,3
159,0.5,3,1.0,0.4,0,0.9573742561826132,4
159,0.9,1,1.0,0.4,0,1.008115013239697,1
159,0.9,1,5.0,0.9,1,0.9752512685095102,4
159,0.9,2,1.0,0.4,0,0.9841183126018882,1
159,0.9,2,5.0,0.9,1,0.9871358744119658,4
159,0.9,3,1.0,0.4,0,0.9110029427908878,3
159,0.9,3,5.0,0.9,1,1.001564945226917,1
160,0.1,1,5.0,0.9,1,0.7981030845933641,5
160,0.1,2,1.0,0.4,0,0.8127863164742868,2
160,0.1,2,5.0,0.9,1,0.8086056127185669,3
160,0.1,3,1.0,0.4,0,0.8077507027513522,4
160,0.1,3,5.0,0.9,1,0.8063761616900086,1
160,0.5,1,5.0,0.9,1,0.793145518961627,5
160,0.5,2,1.0,0.4,0,0.8161575556984254,3
160,0.5,2,5.0,0.9,1,0.8020358912228762,2
160,0.5,3,1.0,0.4,0,0.8002482275850347,2
160,0.5,3,5.0,0.9,1,0.8063704288110131,3
160,0.9,1,1.0,0.4,0,0.8030879822628716,2
160,0.9,1,5.0,0.9,1,0.8222661494941573,3
160,0.9,2,1.0,0.4,0,0.8138076228384019,4
160,0.9,2,5.0,0.9,1,0.8123363130837752,1
160,0.9,3,1.0,0.4,0,0.8108118900526783,5
161,0.1,1,1.0,0.4,0,0.8838574351243673,1
161,0.1,1,5.0,0.9,1,1.0000798423447526,4
161,0.1,2,5.0,0.9,1,0.9247155649585952,5
161,0.1,3,1.0,0.4,0,0.8989258704937015,1
161,0.1,3,5.0,0.9,1,0.93604835386125,4
161,0.5,1,1.0,0.4,0,1.035572522943898,1
161,0.5,1,5.0,0.9,1,1.0173560518581402,4
161,0.5,2,1.0,0.4,0,1.0524682712259037,2
161,0.5,2,5.0,0.9,1,1.0066190204168632,3
161,0.5,3,1.0,0.4,0,1.0557874673506715,2
161,0.5,3,5.0,0.9,1,0.9677148510153408,3
161,0.9,1,1.0,0.4,0,1.005511534582509,3
161,0.9,1,5.0,0.9,1,1.15346303028152,2
161,0.9,2,1.0,0.4,0,1.020820630848486,2
161,0.9,2,5.0,0.9,1,1.031476733561318,3
161,0.9,3,1.0,0.4,0,1.090039336938963,3
161,0.9,3,5.0,0.9,1,1.0611066159751754,2
162,0.1,1,1.0,0.4,0,1.011147834403466,2
162,0.1,1,5.0,0.9,1,0.9236112927167288,3
162,0.1,2,1.0,0.4,0,0.9482388759891104,4
162,0.1,2,5.0,0.9,1,0.8885803540437348,1
162,0.1,3,1.0,0.4,0,0.8783689753882884,3
162,0.1,3,5.0,0.9,1,0.9909985050118864,2
162,0.5,1,1.0,0.4,0,1.004736238370974,4
162,0.5,1,5.0,0.9,1,0.9972973631029194,1
162,0.5,2,1.0,0.4,0,0.98102856540488,5
162,0.5,3,1.0,0.4,0,1.016089521283962,5
162,0.9,1,1.0,0.4,0,0.961358689623958,2
162,0.9,1,5.0,0.9,1,0.9748368042130964,3
162,0.9,2,1.0,0.4,0,0.98792846643768,5
162,0.9,3,1.0,0.4,0,0.99868124862011,4
163,0.1,1,5.0,0.9,1,0.8286056703618598,5
163,0.1,2,1.0,0.4,0,0.7128128401544276,2
163,0.1,2,5.0,0.9,1,0.8929199683763379,3
163,0.1,3,1.0,0.4,0,0.5896389085768048,1
163,0.1,3,5.0,0.9,1,0.9131601150280892,4
163,0.5,1,1.0,0.4,0,0.8920397539542273,2
163,0.5,1,5.0,0.9,1,0.9255421338351668,3
163,0.5,2,1.0,0.4,0,0.6543013097354283,3
163,0.5,2,5.0,0.9,1,0.8948970912581471,2
163,0.5,3,1.0,0.4,0,0.8035091306093983,3
163,0.5,3,5.0,0.9,1,1.0065430482374165,2
163,0.9,1,1.0,0.4,0,0.7643869399789847,2
163,0.9,1,5.0,0.9,1,0.8841897881102986,3
163,0.9,2,1.0,0.4,0,0.79260112929596,5
163,0.9,3,1.0,0.4,0,0.791749300590906,5
164,0.1,1,5.0,0.9,1,1.019635926432723,5
164,0.1,2,5.0,0.9,1,0.96610592334427,5
164,0.1,3,5.0,0.9,1,1.0031941942272442,5
164,0.5,1,5.0,0.9,1,1.0204491399591322,5
164,0.5,2,1.0,0.4,0,0.9407527779422736,3
164,0.5,2,5.0,0.9,1,1.0041556188931118,2
164,0.5,3,1.0,0.4,0,1.0033067973055727,1
164,0.5,3,5.0,0.9,1,1.0030950897685238,4
164,0.9,1,1.0,0.4,0,1.0457490988615004,4
164,0.9,1,5.0,0.9,1,1.0033067973055727,1
164,0.9,2,1.0,0.4,0,0.9776802575081724,5
164,0.9,3,1.0,0.4,0,1.01160759576036,5
165,0.1,1,1.0,0.4,0,0.8987602490094029,1
165,0.1,1,5.0,0.9,1,0.9970660340708064,4
165,0.1,2,1.0,0.4,0,0.8843978792103394,3
165,0.1,2,5.0,0.9,1,1.1036105983162443,2
165,0.1,3,1.0,0.4,0,0.953755019583248,4
165,0.5,1,1.0,0.4,0,1.0302358081916312,1
165,0.5,1,5.0,0.9,1,1.0349778061828614,3
165,0.5,2,1.0,0.4,0,1.0660721694687214,4
165,0.5,2,5.0,0.9,1,0.9102222222222224,1
165,0.5,3,1.0,0.4,0,1.1063428697603048,5
165,0.9,1,1.0,0.4,0,1.0630477606716977,3
165,0.9,1,5.0,0.9,1,1.1160949388117245,1
165,0.9,2,1.0,0.4,0,1.084493769770805,5
165,0.9,3,1.0,0.4,0,1.018554584040289,4
166,0.1,1,5.0,0.9,1,0.4825635796500592,5
166,0.1,2,1.0,0.4,0,0.8920443408759282,1
166,0.1,2,5.0,0.9,1,0.4260447534797064,4
166,0.1,3,1.0,0.4,0,0.5192434460727143,1
166,0.1,3,5.0,0.9,1,0.5309353828761798,4
166,0.5,1,1.0,0.4,0,0.483500403944166,5
166,0.5,2,1.0,0.4,0,0.5978592321541489,5
166,0.5,3,1.0,0.4,0,0.589951176949519,5
166,0.9,1,1.0,0.4,0,0.4954029082704292,5
166,0.9,2,1.0,0.4,0,0.485276080472082,5
166,0.9,3,1.0,0.4,0,0.4242844291246156,5
167,0.1,1,5.0,0.9,1,0.8880923831357175,5
167,0.1,2,5.0,0.9,1,0.9295730068121656,5
167,0.1,3,1.0,0.4,0,0.8504763622018412,2
167,0.1,3,5.0,0.9,1,0.9169322183107068,3
167,0.5,1,5.0,0.9,1,0.9442799981476452,5
167,0.5,2,1.0,0.4,0,0.9269427672897402,4
167,0.5,2,5.0,0.9,1,0.8574419091480008,1
167,0.5,3,1.0,0.4,0,0.965304653276748,5
167,0.9,1,5.0,0.9,1,0.8814661010862792,5
167,0.9,2,1.0,0.4,0,0.9685513613256608,5
167,0.9,3,1.0,0.4,0,0.9125032787206608,5
168,0.1,1,5.0,0.9,1,0.8341682408809689,5
168,0.1,2,1.0,0.4,0,0.8721109727145945,1
168,0.1,2,5.0,0.9,1,0.882193926168038,4
168,0.1,3,1.0,0.4,0,0.9350819728051007,3
168,0.1,3,5.0,0.9,1,0.9760277502039496,2
168,0.5,1,5.0,0.9,1,0.8323870753185385,5
168,0.5,2,5.0,0.9,1,0.8995909486794333,5
168,0.5,3,1.0,0.4,0,0.8983554155540455,3
168,0.5,3,5.0,0.9,1,1.0316707944342205,2
168,0.9,1,1.0,0.4,0,0.9140516307832768,2
168,0.9,1,5.0,0.9,1,0.9011173234504573,2
168,0.9,2,1.0,0.4,0,0.8859372346380466,4
168,0.9,2,5.0,0.9,1,0.9740205695261877,1
168,0.9,3,1.0,0.4,0,0.9325149706982634,3
168,0.9,3,5.0,0.9,1,0.8397271296851536,1
169,0.1,1,1.0,0.4,0,0.8701821531400684,3
169,0.1,1,5.0,0.9,1,0.7964049374473527,2
169,0.1,2,1.0,0.4,0,0.8170209874027689,2
169,0.1,2,5.0,0.9,1,0.9287793726259236,3
169,0.1,3,1.0,0.4,0,0.8737317650698492,3
169,0.1,3,5.0,0.9,1,0.8692287153809709,2
169,0.5,1,1.0,0.4,0,0.9752075890981136,2
169,0.5,1,5.0,0.9,1,0.9487352084093836,3
169,0.5,2,1.0,0.4,0,0.824399705064741,4
169,0.5,2,5.0,0.9,1,0.8895551875417647,1
169,0.5,3,1.0,0.4,0,0.7662723656100693,4
169,0.5,3,5.0,0.9,1,1.0299091034812236,1
169,0.9,1,1.0,0.4,0,0.774655299949643,3
169,0.9,1,5.0,0.9,1,0.9736830710420332,2
169,0.9,2,1.0,0.4,0,0.8572580585649587,4
169,0.9,2,5.0,0.9,1,0.8635543081524818,1
169,0.9,3,1.0,0.4,0,1.0175449298024195,5
170,0.1,1,5.0,0.9,1,0.9699210944595528,5
170,0.1,2,5.0,0.9,1,0.9573240809358876,5
170,0.1,3,5.0,0.9,1,0.9752799821244912,5
170,0.5,1,1.0,0.4,0,1.0326326786192834,1
170,0.5,1,5.0,0.9,1,1.0112245955843089,4
170,0.5,2,1.0,0.4,0,0.9691807157645668,1
170,0.5,2,5.0,0.9,1,0.9875481254380608,4
170,0.5,3,1.0,0.4,0,0.915964530010634,3
170,0.5,3,5.0,0.9,1,0.9683245571291594,2
170,0.9,1,5.0,0.9,1,1.0053895033269498,5
170,0.9,2,1.0,0.4,0,1.0244404222637709,4
170,0.9,2,5.0,0.9,1,1.0002442002442002,1
170,0.9,3,1.0,0.4,0,1.031234327881274,3
170,0.9,3,5.0,0.9,1,0.9687982877473912,2
171,0.1,1,5.0,0.9,1,0.8383725680741829,5
171,0.1,2,5.0,0.9,1,0.8575031955562515,5
171,0.1,3,5.0,0.9,1,0.8424789276596008,5
171,0.5,1,1.0,0.4,0,0.854357395052129,3
171,0.5,1,5.0,0.9,1,0.9796526860547284,2
171,0.5,2,1.0,0.4,0,0.8615825040202891,5
171,0.5,3,1.0,0.4,0,0.8274741119524748,5
171,0.9,1,1.0,0.4,0,0.8480557094050092,5
171,0.9,2,1.0,0.4,0,0.8596389650609554,5
171,0.9,3,1.0,0.4,0,0.8274783178089826,5
172,0.1,1,5.0,0.9,1,1.0839597512079162,5
172,0.1,2,5.0,0.9,1,1.0107134420673225,5
172,0.1,3,5.0,0.9,1,1.0037354072567362,5
172,0.5,1,1.0,0.4,0,1.1730339652901085,1
172,0.5,1,5.0,0.9,1,1.1549709030510442,4
172,0.5,2,1.0,0.4,0,1.0907109136470952,3
172,0.5,2,5.0,0.9,1,1.1063670203716185,2
172,0.5,3,1.0,0.4,0,1.1100476147313847,5
172,0.9,1,1.0,0.4,0,1.0530083854339347,4
172,0.9,1,5.0,0.9,1,1.0292429585228096,1
172,0.9,2,1.0,0.4,0,1.1496111382851752,5
172,0.9,3,1.0,0.4,0,1.0176521220544636,5
173,0.1,1,1.0,0.4,0,1.072974583652593,1
173,0.1,1,5.0,0.9,1,0.9349142395849248,4
173,0.1,2,5.0,0.9,1,0.9524844542031716,5
173,0.1,3,5.0,0.9,1,0.9145543156689044,5
173,0.5,1,5.0,0.9,1,0.9621570812080712,5
173,0.5,2,1.0,0.4,0,1.0344892662541132,2
173,0.5,2,5.0,0.9,1,1.0393633198749868,3
173,0.5,3,1.0,0.4,0,1.0054212444539088,4
173,0.5,3,5.0,0.9,1,0.8666031947529884,1
173,0.9,1,1.0,0.4,0,1.0583999340472596,4
173,0.9,1,5.0,0.9,1,1.0654922564032951,1
173,0.9,2,1.0,0.4,0,1.049770937722855,5
173,0.9,3,1.0,0.4,0,1.0736715560327568,5
174,0.1,1,1.0,0.4,0,0.6316351299740004,2
174,0.1,1,5.0,0.9,1,0.6817677139493364,3
174,0.1,2,1.0,0.4,0,0.6843776106934001,2
174,0.1,2,5.0,0.9,1,0.6839738851634448,3
174,0.1,3,1.0,0.4,0,0.6367012018482269,3
174,0.1,3,5.0,0.9,1,0.8113524507126058,2
174,0.5,1,1.0,0.4,0,0.7304746876174573,4
174,0.5,1,5.0,0.9,1,0.8086563879978327,1
174,0.5,2,1.0,0.4,0,0.6911598536795172,4
174,0.5,2,5.0,0.9,1,0.9422590292155508,1
174,0.5,3,1.0,0.4,0,0.7793864374693229,4
174,0.5,3,5.0,0.9,1,0.6723461532148192,1
174,0.9,1,1.0,0.4,0,0.8181117641880904,4
174,0.9,1,5.0,0.9,1,0.6753726421316448,1
174,0.9,2,1.0,0.4,0,0.7000649927076794,5
174,0.9,3,1.0,0.4,0,0.7350018448939648,5
175,0.1,1,5.0,0.9,1,0.7487858876765535,5
175,0.1,2,1.0,0.4,0,0.7663168368757101,2
175,0.1,2,5.0,0.9,1,0.7794501783087773,3
175,0.1,3,1.0,0.4,0,0.7392980479794518,1
175,0.1,3,5.0,0.9,1,0.7412737744351103,4
175,0.5,1,5.0,0.9,1,0.7635555782041804,5
175,0.5,2,1.0,0.4,0,0.7769425594192498,2
175,0.5,2,5.0,0.9,1,0.7531033565268143,2
175,0.5,3,1.0,0.4,0,0.7847937950865099,3
175,0.5,3,5.0,0.9,1,0.7578188941831101,2
175,0.9,1,1.0,0.4,0,0.7973979014526156,2
175,0.9,1,5.0,0.9,1,0.7658831267677678,3
175,0.9,2,1.0,0.4,0,0.7210202598252555,2
175,0.9,2,5.0,0.9,1,0.8100953833603389,3
175,0.9,3,1.0,0.4,0,0.7756465640080573,4
175,0.9,3,5.0,0.9,1,0.7315134792431265,1
176,0.1,1,5.0,0.9,1,1.0614829884921717,5
176,0.1,2,5.0,0.9,1,1.0231167000081964,5
176,0.1,3,1.0,0.4,0,1.0680883365889575,2
176,0.1,3,5.0,0.9,1,1.043124905609747,3
176,0.5,1,1.0,0.4,0,1.0862354264507068,1
176,0.5,1,5.0,0.9,1,1.0858703487020165,4
176,0.5,2,5.0,0.9,1,1.0262818810734022,5
176,0.5,3,1.0,0.4,0,0.9116539531667982,3
176,0.5,3,5.0,0.9,1,0.9380779200014334,2
176,0.9,1,5.0,0.9,1,1.094536606320803,5
176,0.9,2,1.0,0.4,0,1.030152448599521,3
176,0.9,2,5.0,0.9,1,1.031184813669267,2
176,0.9,3,1.0,0.4,0,1.0035533035512585,5
177,0.1,1,1.0,0.4,0,0.9524549063913658,1
177,0.1,1,5.0,0.9,1,0.960117422331899,4
177,0.1,2,1.0,0.4,0,0.9578010632362036,2
177,0.1,2,5.0,0.9,1,0.9621050574792264,3
177,0.1,3,1.0,0.4,0,0.9614636461700884,1
177,0.1,3,5.0,0.9,1,0.9597259034521716,4
177,0.5,1,1.0,0.4,0,0.9575435602248424,1
177,0.5,1,5.0,0.9,1,0.9419740076316016,4
177,0.5,2,1.0,0.4,0,0.9606327625274484,1
177,0.5,2,5.0,0.9,1,0.959907215774504,4
177,0.5,3,1.0,0.4,0,0.9556447632987324,3
177,0.5,3,5.0,0.9,1,0.9604146491168246,2
177,0.9,1,5.0,0.9,1,0.951343234697222,5
177,0.9,2,1.0,0.4,0,0.94809073995441,1
177,0.9,2,5.0,0.9,1,0.8462994550589431,4
177,0.9,3,1.0,0.4,0,0.9586807942783832,3
177,0.9,3,5.0,0.9,1,0.9612911558205804,2
178,0.1,1,1.0,0.4,0,0.9899701499512236,1
178,0.1,1,5.0,0.9,1,0.81609390722138,4
178,0.1,2,1.0,0.4,0,0.85067497403946,1
178,0.1,2,5.0,0.9,1,0.8568294341056575,4
178,0.1,3,1.0,0.4,0,0.8178720033382691,4
178,0.1,3,5.0,0.9,1,0.9875918519207516,1
178,0.5,1,1.0,0.4,0,0.7576857292797854,1
178,0.5,1,5.0,0.9,1,0.8066876480091608,3
178,0.5,2,1.0,0.4,0,0.8253215741986022,2
178,0.5,2,5.0,0.9,1,0.9780402743146248,3
178,0.5,3,1.0,0.4,0,0.8204802406786678,4
178,0.9,1,1.0,0.4,0,0.6863405995042561,2
178,0.9,1,5.0,0.9,1,0.6735866124842502,3
178,0.9,2,1.0,0.4,0,0.7320912174698854,4
178,0.9,2,5.0,0.9,1,0.6395056413588998,1
178,0.9,3,1.0,0.4,0,0.8579298126128928,4
178,0.9,3,5.0,0.9,1,0.8623157894736841,1
179,0.1,1,5.0,0.9,1,0.8908239029169099,5
179,0.1,2,5.0,0.9,1,0.8821741085803755,5
179,0.1,3,5.0,0.9,1,0.8894607784418044,5
179,0.5,1,5.0,0.9,1,0.914116609119914,5
179,0.5,2,1.0,0.4,0,0.8805924988846496,2
179,0.5,2,5.0,0.9,1,0.8688696086188529,3
179,0.5,3,1.0,0.4,0,0.9064003882930154,2
179,0.5,3,5.0,0.9,1,0.866368199823435,3
179,0.9,1,1.0,0.4,0,0.8756770310218613,2
179,0.9,1,5.0,0.9,1,0.9570128676373836,3
179,0.9,2,1.0,0.4,0,1.1385836875584951,5
179,0.9,3,1.0,0.4,0,0.9314442353648662,5
180,0.1,1,5.0,0.9,1,1.01752921597841,5
180,0.1,2,1.0,0.4,0,0.8662183310070635,1
180,0.1,2,5.0,0.9,1,0.9785071623602112,4
180,0.1,3,1.0,0.4,0,1.003088734537195,1
180,0.1,3,5.0,0.9,1,0.9793640874793754,4
180,0.5,1,1.0,0.4,0,0.9488535675413232,1
180,0.5,1,5.0,0.9,1,1.046888791365515,4
180,0.5,2,1.0,0.4,0,0.991239533420454,1
180,0.5,2,5.0,0.9,1,1.0064635269522813,4
180,0.5,3,1.0,0.4,0,1.0072349593481902,5
180,0.9,1,1.0,0.4,0,1.0504126141373509,3
180,0.9,1,5.0,0.9,1,1.081483695828935,2
180,0.9,2,1.0,0.4,0,1.033740659873159,3
180,0.9,2,5.0,0.9,1,0.8871486733280711,2
180,0.9,3,1.0,0.4,0,1.099309294185174,5
181,0.1,1,5.0,0.9,1,1.0114285019442018,5
181,0.1,2,5.0,0.9,1,1.0447040476862814,5
181,0.1,3,1.0,0.4,0,0.7777891152659786,4
181,0.1,3,5.0,0.9,1,0.9997866319915724,1
181,0.5,1,1.0,0.4,0,0.992969696969697,1
181,0.5,1,5.0,0.9,1,1.0718293267079344,4
181,0.5,2,1.0,0.4,0,0.8386800922973844,5
181,0.5,3,1.0,0.4,0,0.8665317576040825,5
181,0.9,1,1.0,0.4,0,0.9979594944419063,1
181,0.9,1,5.0,0.9,1,1.00199111149988,4
181,0.9,2,1.0,0.4,0,0.8205219564195971,5
181,0.9,3,1.0,0.4,0,0.8230207497317791,5
182,0.1,1,5.0,0.9,1,1.0566710733789204,5
182,0.1,2,5.0,0.9,1,1.0168746356141587,5
182,0.1,3,1.0,0.4,0,1.004729995302599,2
182,0.1,3,5.0,0.9,1,1.070943164147608,3
182,0.5,1,5.0,0.9,1,1.0709058555545354,5
182,0.5,2,1.0,0.4,0,1.0266627839849596,3
182,0.5,2,5.0,0.9,1,1.0694519887522551,2
182,0.5,3,1.0,0.4,0,1.0434987391141568,5
182,0.9,1,1.0,0.4,0,1.0694519887522551,2
182,0.9,1,5.0,0.9,1,1.0711297071129706,3
182,0.9,2,1.0,0.4,0,1.0703604728952447,4
182,0.9,2,5.0,0.9,1,1.070709875767094,1
182,0.9,3,1.0,0.4,0,1.0177433663955011,5
183,0.1,1,1.0,0.4,0,0.889145515824241,5
183,0.1,2,1.0,0.4,0,0.949029854587973,5
183,0.1,3,1.0,0.4,0,0.9153174666960456,5
183,0.5,1,1.0,0.4,0,0.9590581401352408,5
183,0.5,2,1.0,0.4,0,0.9346775196431676,5
183,0.5,3,1.0,0.4,0,0.9766769716732148,5
183,0.9,1,1.0,0.4,0,0.9488147978499372,5
183,0.9,2,1.0,0.4,0,1.0233559432121702,4
183,0.9,2,5.0,0.9,1,1.02685704123002,1
183,0.9,3,1.0,0.4,0,0.9397082323731184,5
184,0.1,1,5.0,0.9,1,0.6774403370332264,5
184,0.1,2,5.0,0.9,1,0.7359046135107046,5
184,0.1,3,1.0,0.4,0,0.9397223226607324,1
184,0.1,3,5.0,0.9,1,0.7413615787110259,4
184,0.5,1,1.0,0.4,0,0.6889243966024725,1
184,0.5,1,5.0,0.9,1,0.5717632676393152,4
184,0.5,2,1.0,0.4,0,0.5932583189401011,3
184,0.5,2,5.0,0.9,1,0.8232684581668464,2
184,0.5,3,1.0,0.4,0,0.6363857214592658,5
184,0.9,1,1.0,0.4,0,0.7086437812109674,2
184,0.9,1,5.0,0.9,1,0.8671711105275967,3
184,0.9,2,1.0,0.4,0,0.7520693944014967,5
184,0.9,3,1.0,0.4,0,0.6201927025127253,5
185,0.1,1,1.0,0.4,0,0.7018570688787484,2
185,0.1,1,5.0,0.9,1,0.9158209776728578,3
185,0.1,2,1.0,0.4,0,0.6448901731134049,5
185,0.1,3,1.0,0.4,0,0.87743481110692,4
185,0.1,3,5.0,0.9,1,0.5681673196198617,1
185,0.5,1,1.0,0.4,0,0.6251722705564543,4
185,0.5,1,5.0,0.9,1,0.4236008693537421,1
185,0.5,2,1.0,0.4,0,0.9312519165344676,4
185,0.5,2,5.0,0.9,1,0.816221755021745,1
185,0.5,3,1.0,0.4,0,1.089791095355434,5
185,0.9,1,1.0,0.4,0,0.647432183332928,5
185,0.9,2,1.0,0.4,0,0.9037555129289944,4
185,0.9,2,5.0,0.9,1,0.5379175394475051,1
185,0.9,3,1.0,0.4,0,0.9855569768378618,4
186,0.1,1,5.0,0.9,1,0.8700059740794271,5
186,0.1,2,5.0,0.9,1,0.8947436926183393,5
186,0.1,3,1.0,0.4,0,0.8843483611891448,3
186,0.1,3,5.0,0.9,1,0.9063314456771574,2
186,0.5,1,1.0,0.4,0,0.8567270877075019,3
186,0.5,1,5.0,0.9,1,0.9677701151482292,2
186,0.5,2,1.0,0.4,0,0.9359395131314892,5
186,0.5,3,1.0,0.4,0,0.8539033040191127,4
186,0.5,3,5.0,0.9,1,0.8661908538197198,1
186,0.9,1,1.0,0.4,0,1.0293871850742384,5
186,0.9,2,1.0,0.4,0,0.9578248526317538,5
186,0.9,3,1.0,0.4,0,0.9626523341676528,5
187,0.1,1,1.0,0.4,0,0.9459629325899568,4
187,0.1,1,5.0,0.9,1,0.8923747276688453,1
187,0.1,2,1.0,0.4,0,0.9540286620095954,5
187,0.1,3,1.0,0.4,0,0.9107891379148416,5
187,0.5,1,1.0,0.4,0,0.9713773809733176,4
187,0.5,1,5.0,0.9,1,0.9657530209254348,1
187,0.5,2,1.0,0.4,0,0.9745594846073502,5
187,0.5,3,1.0,0.4,0,0.980414751458564,5
187,0.9,1,1.0,0.4,0,0.950318928600224,5
187,0.9,2,1.0,0.4,0,0.922185748981086,4
187,0.9,3,1.0,0.4,0,0.9775265291794676,5
188,0.1,1,1.0,0.4,0,0.8271186846963581,2
188,0.1,1,5.0,0.9,1,0.9767313474953876,3
188,0.1,2,1.0,0.4,0,0.8372998770686704,4
188,0.1,2,5.0,0.9,1,1.0403332317382912,1
188,0.1,3,1.0,0.4,0,0.8414609766585089,4
188,0.1,3,5.0,0.9,1,0.9626095743930811,1
188,0.5,1,1.0,0.4,0,0.8247009409180036,5
188,0.5,2,1.0,0.4,0,0.8822787997732877,4
188,0.5,2,5.0,0.9,1,0.9799897331354686,1
188,0.5,3,1.0,0.4,0,0.8696231503118833,5
188,0.9,1,1.0,0.4,0,0.8713817357419582,5
188,0.9,2,1.0,0.4,0,0.9174834822904564,5
188,0.9,3,1.0,0.4,0,0.8886546766361165,5
189,0.1,1,5.0,0.9,1,0.9344024492240424,5
189,0.1,2,5.0,0.9,1,0.93821885713956,5
189,0.1,3,5.0,0.9,1,0.9302924511214604,5
189,0.5,1,1.0,0.4,0,0.8796025088408221,2
189,0.5,1,5.0,0.9,1,0.9973338952003256,3
189,0.5,2,1.0,0.4,0,1.004784444195238,3
189,0.5,2,5.0,0.9,1,0.9658764430455,2
189,0.5,3,1.0,0.4,0,0.8488785844101797,4
189,0.5,3,5.0,0.9,1,0.8860622579877561,1
189,0.9,1,1.0,0.4,0,0.9345228722919516,2
189,0.9,1,5.0,0.9,1,1.0537344128919384,3
189,0.9,2,1.0,0.4,0,0.934576029272,4
189,0.9,2,5.0,0.9,1,0.9971574817891944,1
189,0.9,3,1.0,0.4,0,0.9567362588992732,5
190,0.1,1,5.0,0.9,1,0.8358833017250143,5
190,0.1,2,1.0,0.4,0,0.9378148182067956,1
190,0.1,2,5.0,0.9,1,0.8480340713938013,4
190,0.1,3,1.0,0.4,0,0.909734825668991,5
190,0.5,1,5.0,0.9,1,0.8699220249131232,5
190,0.5,2,1.0,0.4,0,0.9074743239666738,5
190,0.5,3,1.0,0.4,0,0.8863260191530079,5
190,0.9,1,1.0,0.4,0,0.8781237614467292,2
190,0.9,1,5.0,0.9,1,0.9128082410536804,3
190,0.9,2,1.0,0.4,0,0.9283317593315392,5
190,0.9,3,1.0,0.4,0,0.9310381405718732,5
191,0.1,1,1.0,0.4,0,0.6629555292491734,1
191,0.1,1,5.0,0.9,1,0.6232007735632585,4
191,0.1,2,5.0,0.9,1,0.8012749529431822,5
191,0.1,3,1.0,0.4,0,0.6362934902415875,3
191,0.1,3,5.0,0.9,1,0.8297169682578672,2
191,0.5,1,1.0,0.4,0,0.7419466999697917,2
191,0.5,1,5.0,0.9,1,0.662717263761521,3
191,0.5,2,1.0,0.4,0,0.6243932448404216,1
191,0.5,2,5.0,0.9,1,0.7583180650874456,4
191,0.5,3,1.0,0.4,0,0.6817690290988072,5
191,0.9,1,1.0,0.4,0,0.5996725244539949,3
191,0.9,1,5.0,0.9,1,0.6343610389771709,2
191,0.9,2,1.0,0.4,0,0.5523530468850608,4
191,0.9,2,5.0,0.9,1,1.062888430449055,1
191,0.9,3,1.0,0.4,0,0.6262550619470082,4
191,0.9,3,5.0,0.9,1,0.6057379473528542,1
192,0.1,1,1.0,0.4,0,0.6878083986990157,1
192,0.1,1,5.0,0.9,1,0.6991212590903365,4
192,0.1,2,1.0,0.4,0,0.6137055206630375,3
192,0.1,2,5.0,0.9,1,0.7318341291710622,2
192,0.1,3,1.0,0.4,0,0.6919862291320538,2
192,0.1,3,5.0,0.9,1,0.6670133360416908,3
192,0.5,1,1.0,0.4,0,0.6035956380783968,1
192,0.5,1,5.0,0.9,1,0.8480324946778994,2
192,0.5,2,1.0,0.4,0,0.3242455907032709,1
192,0.5,2,5.0,0.9,1,0.6513895464015607,4
192,0.5,3,1.0,0.4,0,0.5679587379453944,3
192,0.5,3,5.0,0.9,1,0.7277294351294614,2
192,0.9,1,1.0,0.4,0,0.7791491134330992,2
192,0.9,1,5.0,0.9,1,0.722737532567003,3
192,0.9,2,1.0,0.4,0,0.64670781079124,5
192,0.9,3,1.0,0.4,0,0.783280638787009,5
193,0.1,1,1.0,0.4,0,1.6243654822335023,1
193,0.1,1,5.0,0.9,1,0.8737016425654136,4
193,0.1,2,1.0,0.4,0,0.8780544010421201,3
193,0.1,2,5.0,0.9,1,0.862243472771927,2
193,0.1,3,1.0,0.4,0,0.8837012530214521,3
193,0.1,3,5.0,0.9,1,0.8743047063092508,2
193,0.5,1,1.0,0.4,0,1.6797900262467191,1
193,0.5,1,5.0,0.9,1,1.0638088296994854,4
193,0.5,2,1.0,0.4,0,1.3606007753689326,1
193,0.5,2,5.0,0.9,1,0.8020368047137302,4
193,0.5,3,1.0,0.4,0,0.8016448701497156,5
193,0.9,1,1.0,0.4,0,1.4114153179063316,3
193,0.9,1,5.0,0.9,1,1.2652446049668251,2
193,0.9,2,1.0,0.4,0,1.2765298214647602,2
193,0.9,2,5.0,0.9,1,1.3984861406606452,3
193,0.9,3,1.0,0.4,0,1.0474988261388622,4
193,0.9,3,5.0,0.9,1,1.5880893300248138,1
194,0.1,1,1.0,0.4,0,1.084133843047829,2
194,0.1,1,5.0,0.9,1,0.9850520683220872,3
194,0.1,2,5.0,0.9,1,0.9271433167342458,5
194,0.1,3,1.0,0.4,0,0.9291922630168762,3
194,0.1,3,5.0,0.9,1,0.9481924160416708,2
194,0.5,1,5.0,0.9,1,1.044358109698047,5
194,0.5,2,1.0,0.4,0,1.0714221628013367,3
194,0.5,2,5.0,0.9,1,0.9159455896467013,2
194,0.5,3,1.0,0.4,0,1.0274893308252395,5
194,0.9,1,1.0,0.4,0,1.134395437805107,3
194,0.9,1,5.0,0.9,1,1.064130839091852,2
194,0.9,2,1.0,0.4,0,1.011432608399036,4
194,0.9,2,5.0,0.9,1,0.914321565533909,1
194,0.9,3,1.0,0.4,0,1.100353909196041,5
195,0.1,1,5.0,0.9,1,0.8670924146564314,5
195,0.1,2,5.0,0.9,1,0.9436739506713768,5
195,0.1,3,5.0,0.9,1,0.9685219635227272,5
195,0.5,1,5.0,0.9,1,1.0124198152562325,5
195,0.5,2,1.0,0.4,0,0.9945612783658736,1
195,0.5,2,5.0,0.9,1,1.005520885495208,4
195,0.5,3,1.0,0.4,0,0.7974206073663194,3
195,0.5,3,5.0,0.9,1,1.0100477567997808,2
195,0.9,1,1.0,0.4,0,0.6641809611431101,5
195,0.9,2,1.0,0.4,0,0.7636776364305904,5
195,0.9,3,1.0,0.4,0,0.6739786329033206,5
196,0.1,1,5.0,0.9,1,0.190358637226102,5
196,0.1,2,5.0,0.9,1,0.1924768167992562,5
196,0.1,3,5.0,0.9,1,0.1912576206669209,5
196,0.5,1,5.0,0.9,1,0.1924802008965822,5
196,0.5,2,5.0,0.9,1,0.1921941871176603,5
196,0.5,3,1.0,0.4,0,0.1918298405979802,3
196,0.5,3,5.0,0.9,1,0.192192279935198,2
196,0.9,1,5.0,0.9,1,0.1921654185513901,5
196,0.9,2,5.0,0.9,1,0.191901592204595,5
196,0.9,3,1.0,0.4,0,0.1919645870684093,4
196,0.9,3,5.0,0.9,1,0.1919328235117708,1
197,0.1,1,5.0,0.9,1,1.2271744772179285,5
197,0.1,2,5.0,0.9,1,1.2386783874600902,5
197,0.1,3,1.0,0.4,0,0.9732274634042912,3
197,0.1,3,5.0,0.9,1,1.0818793427489075,2
197,0.5,1,5.0,0.9,1,1.197440215949642,5
197,0.5,2,1.0,0.4,0,1.1899310987675862,2
197,0.5,2,5.0,0.9,1,1.2376093111049216,3
197,0.5,3,1.0,0.4,0,1.0039126163571084,2
197,0.5,3,5.0,0.9,1,1.228135897869968,3
197,0.9,1,1.0,0.4,0,1.2165132165132164,2
197,0.9,1,5.0,0.9,1,1.3149453251716583,3
197,0.9,2,1.0,0.4,0,1.2974468039473472,5
197,0.9,3,1.0,0.4,0,1.2203742297018652,5
198,0.1,1,1.0,0.4,0,0.8825684119801767,1
198,0.1,1,5.0,0.9,1,0.9766728194909892,4
198,0.1,2,1.0,0.4,0,1.0089143494543464,4
198,0.1,2,5.0,0.9,1,1.0075953677335363,1
198,0.1,3,1.0,0.4,0,0.9821694886253762,5
198,0.5,1,5.0,0.9,1,1.0419787382875971,5
198,0.5,2,1.0,0.4,0,0.9915025488418217,5
198,0.5,3,1.0,0.4,0,0.9627749686337538,5
198,0.9,1,1.0,0.4,0,1.008122077282796,3
198,0.9,1,5.0,0.9,1,1.008122077282796,2
198,0.9,2,1.0,0.4,0,0.983458852099632,5
198,0.9,3,1.0,0.4,0,0.9705632539922344,5
199,0.1,1,5.0,0.9,1,1.9591066429498212,5
199,0.1,2,1.0,0.4,0,2.0585500691041587,1
199,0.1,2,5.0,0.9,1,1.755729618595595,3
199,0.1,3,1.0,0.4,0,1.852914872899932,3
199,0.1,3,5.0,0.9,1,1.8543259557344065,2
199,0.5,1,5.0,0.9,1,1.976103938079496,5
199,0.5,2,1.0,0.4,0,1.7829712440993009,3
199,0.5,2,5.0,0.9,1,1.9876507407118615,2
199,0.5,3,1.0,0.4,0,1.5855893324717814,3
199,0.5,3,5.0,0.9,1,1.3406390382237203,2
199,0.9,1,5.0,0.9,1,2.011573354908366,4
199,0.9,2,1.0,0.4,0,1.912236664796451,1
199,0.9,2,5.0,0.9,1,1.9238169175090232,4
199,0.9,3,1.0,0.4,0,1.667386710276898,3
199,0.9,3,5.0,0.9,1,1.9862968661643063,2
200,0.1,1,5.0,0.9,1,0.9204687785589034,5
200,0.1,2,1.0,0.4,0,0.8874790667058927,2
200,0.1,2,5.0,0.9,1,0.90993214219713,3
200,0.1,3,1.0,0.4,0,0.9047772128547528,2
200,0.1,3,5.0,0.9,1,0.8704412109892674,3
200,0.5,1,5.0,0.9,1,0.9559450943111224,5
200,0.5,2,5.0,0.9,1,0.8771620219944778,5
200,0.5,3,1.0,0.4,0,0.9274147036078156,5
200,0.9,1,5.0,0.9,1,0.9739434165344976,4
200,0.9,2,1.0,0.4,0,0.9761041142202194,4
200,0.9,2,5.0,0.9,1,0.9891757287469368,1
200,0.9,3,1.0,0.4,0,0.9817466228485122,4
200,0.9,3,5.0,0.9,1,0.9875114518539948,1
201,0.1,1,5.0,0.9,1,0.867251256215041,5
201,0.1,2,1.0,0.4,0,0.8749967991593324,2
201,0.1,2,5.0,0.9,1,0.8300049211358678,3
201,0.1,3,1.0,0.4,0,0.8329963957863654,4
201,0.1,3,5.0,0.9,1,0.8381077099361598,1
201,0.5,1,5.0,0.9,1,0.8399404737281569,5
201,0.5,2,1.0,0.4,0,0.8396337349631258,2
201,0.5,2,5.0,0.9,1,0.8372040281785461,3
201,0.5,3,1.0,0.4,0,0.8742944562081726,4
201,0.5,3,5.0,0.9,1,0.836703844425379,1
201,0.9,1,1.0,0.4,0,0.8342583634604614,1
201,0.9,1,5.0,0.9,1,0.8367398825436606,3
201,0.9,2,1.0,0.4,0,0.7683747155175077,4
201,0.9,2,5.0,0.9,1,0.8388167329214027,1
201,0.9,3,1.0,0.4,0,0.8469163069257135,5
202,0.1,1,1.0,0.4,0,0.8035446534565929,2
202,0.1,1,5.0,0.9,1,1.2200707279384704,3
202,0.1,2,1.0,0.4,0,0.8029291903253996,2
202,0.1,2,5.0,0.9,1,1.7077633100209415,3
202,0.1,3,1.0,0.4,0,0.7078135216296101,3
202,0.1,3,5.0,0.9,1,1.66243431549554,2
202,0.5,1,1.0,0.4,0,0.7880661085418442,4
202,0.5,1,5.0,0.9,1,1.1330096953100148,1
202,0.5,2,1.0,0.4,0,0.860622371022489,4
202,0.5,2,5.0,0.9,1,1.2974342730440291,1
202,0.5,3,1.0,0.4,0,0.8697191723188485,5
202,0.9,1,1.0,0.4,0,0.9248239496813576,4
202,0.9,1,5.0,0.9,1,1.4043251648573156,1
202,0.9,2,1.0,0.4,0,0.9822412402039178,4
202,0.9,2,5.0,0.9,1,1.1330096953100148,1
202,0.9,3,1.0,0.4,0,1.1829232811419363,5
203,0.1,1,5.0,0.9,1,1.0452841755417397,5
203,0.1,2,5.0,0.9,1,0.9750542267859424,5
203,0.1,3,5.0,0.9,1,1.0241225899798092,5
203,0.5,1,5.0,0.9,1,1.077200952515018,5
203,0.5,2,1.0,0.4,0,1.1047330277745642,4
203,0.5,2,5.0,0.9,1,1.1469258223087977,1
203,0.5,3,1.0,0.4,0,1.0321802331605388,4
203,0.5,3,5.0,0.9,1,1.056595986173451,1
203,0.9,1,1.0,0.4,0,1.0370316812222202,2
203,0.9,1,5.0,0.9,1,1.0969399789392382,3
203,0.9,2,1.0,0.4,0,1.11955869428575,4
203,0.9,2,5.0,0.9,1,1.0936519591482543,1
203,0.9,3,1.0,0.4,0,1.0505810271141685,4
203,0.9,3,5.0,0.9,1,1.088493223491895,1
204,0.1,1,5.0,0.9,1,1.3776457152197996,5
204,0.1,2,5.0,0.9,1,1.4121735024427486,5
204,0.1,3,5.0,0.9,1,1.3440099901312257,5
204,0.5,1,1.0,0.4,0,1.4695956619852864,1
204,0.5,1,5.0,0.9,1,1.386330636560964,4
204,0.5,2,1.0,0.4,0,1.4096521416682175,4
204,0.5,2,5.0,0.9,1,1.3019849848884248,1
204,0.5,3,1.0,0.4,0,1.3706442390515854,4
204,0.5,3,5.0,0.9,1,1.4295686165014658,1
204,0.9,1,1.0,0.4,0,1.4796031657947326,3
204,0.9,1,5.0,0.9,1,1.4302178302237645,1
204,0.9,2,1.0,0.4,0,1.4132836465702032,5
204,0.9,3,1.0,0.4,0,1.433293373713721,5
205,0.1,1,1.0,0.4,0,0.5572731286107308,5
205,0.1,2,1.0,0.4,0,0.6017862399641317,3
205,0.1,2,5.0,0.9,1,0.6718058061341644,1
205,0.1,3,1.0,0.4,0,0.6373135973085041,5
205,0.5,1,1.0,0.4,0,0.5478451370772172,5
205,0.5,2,1.0,0.4,0,0.6812434598951206,5
205,0.5,3,1.0,0.4,0,0.599933257071863,4
205,0.9,1,1.0,0.4,0,0.6610427636979208,5
205,0.9,2,1.0,0.4,0,0.641568727944104,2
205,0.9,3,1.0,0.4,0,0.7141073383406786,5
206,0.1,1,1.0,0.4,0,0.935159817351598,1
206,0.1,1,5.0,0.9,1,0.936606667121198,4
206,0.1,2,1.0,0.4,0,0.90145425115657,3
206,0.1,2,5.0,0.9,1,0.9377320832564616,2
206,0.1,3,1.0,0.4,0,0.8547487503625663,5
206,0.5,1,1.0,0.4,0,0.9355872212900588,2
206,0.5,1,5.0,0.9,1,0.980768149401236,3
206,0.5,2,1.0,0.4,0,0.906088566154842,5
206,0.5,3,1.0,0.4,0,0.9363615545400924,5
206,0.9,1,1.0,0.4,0,0.9109728576895187,4
206,0.9,1,5.0,0.9,1,0.9420455074414018,1
206,0.9,2,1.0,0.4,0,0.9152899965513028,5
206,0.9,3,1.0,0.4,0,0.9161337614711712,5
207,0.1,1,5.0,0.9,1,1.3299038729432564,5
207,0.1,2,5.0,0.9,1,1.4960249173097755,5
207,0.1,3,1.0,0.4,0,1.2053116764809195,3
207,0.1,3,5.0,0.9,1,1.234619415666888,1
207,0.5,1,5.0,0.9,1,1.253704613167729,5
207,0.5,2,5.0,0.9,1,1.5357498335125492,5
207,0.5,3,1.0,0.4,0,1.3471567783509375,2
207,0.5,3,5.0,0.9,1,1.7807483800032686,3
207,0.9,1,5.0,0.9,1,1.1554678668938116,4
207,0.9,2,1.0,0.4,0,1.2035749445736013,4
207,0.9,2,5.0,0.9,1,1.1346574697360037,1
207,0.9,3,1.0,0.4,0,1.290238451111962,5
208,0.1,1,1.0,0.4,0,0.9718064114925724,3
208,0.1,1,5.0,0.9,1,0.8709506538243212,2
208,0.1,2,1.0,0.4,0,0.865325492215424,3
208,0.1,2,5.0,0.9,1,1.063573265121086,2
208,0.1,3,1.0,0.4,0,0.8868539944179812,4
208,0.1,3,5.0,0.9,1,1.0046849321788611,1
208,0.5,1,5.0,0.9,1,1.0622798687692376,5
208,0.5,2,1.0,0.4,0,0.7530746873165839,2
208,0.5,2,5.0,0.9,1,1.0019129750804032,3
208,0.5,3,1.0,0.4,0,0.8984741709433388,4
208,0.5,3,5.0,0.9,1,1.0254612823273164,1
208,0.9,1,1.0,0.4,0,0.9327936828322728,3
208,0.9,1,5.0,0.9,1,1.1609672813328271,2
208,0.9,2,1.0,0.4,0,0.9270320548204533,4
208,0.9,2,5.0,0.9,1,0.743023142650832,1
208,0.9,3,1.0,0.4,0,1.102406907060642,4
208,0.9,3,5.0,0.9,1,0.9331146345908512,1
209,0.1,1,1.0,0.4,0,1.0704049829036704,2
209,0.1,1,5.0,0.9,1,1.0229292731329571,3
209,0.1,2,1.0,0.4,0,1.065335610530027,3
209,0.1,2,5.0,0.9,1,1.074845151048296,2
209,0.1,3,1.0,0.4,0,1.0717045942464578,2
209,0.1,3,5.0,0.9,1,1.017555895264559,3
209,0.5,1,1.0,0.4,0,1.0653755739765507,3
209,0.5,1,5.0,0.9,1,1.0684221352098402,2
209,0.5,2,1.0,0.4,0,1.0723964316654335,2
209,0.5,2,5.0,0.9,1,1.07131457489865,3
209,0.5,3,1.0,0.4,0,1.0549993683600394,4
209,0.5,3,5.0,0.9,1,1.0244097639055625,1
209,0.9,1,1.0,0.4,0,1.017883650243868,1
209,0.9,1,5.0,0.9,1,0.9234091284696389,4
209,0.9,2,1.0,0.4,0,1.0787684896591576,3
209,0.9,2,5.0,0.9,1,1.0485230418112677,2
209,0.9,3,1.0,0.4,0,1.0537323287382794,3
209,0.9,3,5.0,0.9,1,1.050240171521636,2
210,0.1,1,5.0,0.9,1,0.8090712925188731,5
210,0.1,2,5.0,0.9,1,0.8085972401887538,5
210,0.1,3,5.0,0.9,1,0.8095558064419224,5
210,0.5,1,5.0,0.9,1,0.8180766869824975,5
210,0.5,2,1.0,0.4,0,0.8003676043314515,2
210,0.5,2,5.0,0.9,1,0.8079470847205451,3
210,0.5,3,1.0,0.4,0,0.8062526827786357,3
210,0.5,3,5.0,0.9,1,0.8113625852837548,2
210,0.9,1,1.0,0.4,0,0.8114040077938611,4
210,0.9,1,5.0,0.9,1,0.8032002510000785,1
210,0.9,2,1.0,0.4,0,0.8061297872079353,5
210,0.9,3,1.0,0.4,0,0.8192102790569356,5
211,0.1,1,5.0,0.9,1,0.9005834169477265,5
211,0.1,2,5.0,0.9,1,0.938441680002752,5
211,0.1,3,5.0,0.9,1,0.9420504385609506,5
211,0.5,1,5.0,0.9,1,0.949090779118928,3
211,0.5,2,5.0,0.9,1,0.8741821460632426,5
211,0.5,3,1.0,0.4,0,0.8985711543492745,1
211,0.5,3,5.0,0.9,1,0.8713497417909802,4
211,0.9,1,1.0,0.4,0,0.8538492005586709,1
211,0.9,1,5.0,0.9,1,0.9792597697716258,4
211,0.9,2,1.0,0.4,0,0.9342194888984052,5
211,0.9,3,1.0,0.4,0,0.9230759442580504,5
212,0.1,1,1.0,0.4,0,0.9328057448827068,2
212,0.1,1,5.0,0.9,1,1.063181730146881,3
212,0.1,2,1.0,0.4,0,0.998219169686694,2
212,0.1,2,5.0,0.9,1,1.0808017082323722,3
212,0.1,3,1.0,0.4,0,1.0338355175645078,3
212,0.1,3,5.0,0.9,1,1.0478323779864889,2
212,0.5,1,1.0,0.4,0,1.0426226100104274,2
212,0.5,1,5.0,0.9,1,1.2659813407425202,3
212,0.5,2,1.0,0.4,0,1.0305781410310668,3
212,0.5,2,5.0,0.9,1,1.3406590050942735,2
212,0.5,3,1.0,0.4,0,1.11122638163104,4
212,0.5,3,5.0,0.9,1,1.0919754732071447,1
212,0.9,1,1.0,0.4,0,1.0908936433322194,4
212,0.9,1,5.0,0.9,1,1.0338734918471402,1
212,0.9,2,1.0,0.4,0,1.2585196166871306,5
212,0.9,3,1.0,0.4,0,1.2299538873586973,5
213,0.1,1,5.0,0.9,1,1.1181272498046697,5
213,0.1,2,5.0,0.9,1,1.111021313850688,5
213,0.1,3,5.0,0.9,1,1.1169910107088852,5
213,0.5,1,5.0,0.9,1,1.2212393243909152,5
213,0.5,2,5.0,0.9,1,1.1662231275019723,5
213,0.5,3,1.0,0.4,0,1.1112323414222198,3
213,0.5,3,5.0,0.9,1,1.1801887045923718,2
213,0.9,1,1.0,0.4,0,1.2039577468419365,3
213,0.9,1,5.0,0.9,1,1.2480236713813355,2
213,0.9,2,1.0,0.4,0,1.1104034009888466,3
213,0.9,2,5.0,0.9,1,1.2490185357402477,2
213,0.9,3,1.0,0.4,0,1.152695397688224,5
214,0.1,1,5.0,0.9,1,0.7984940754932958,5
214,0.1,2,1.0,0.4,0,0.7743153014091271,2
214,0.1,2,5.0,0.9,1,0.7530571785293111,3
214,0.1,3,1.0,0.4,0,0.7193021875356116,4
214,0.1,3,5.0,0.9,1,0.7901691841734668,1
214,0.5,1,5.0,0.9,1,0.8157269327379687,5
214,0.5,2,1.0,0.4,0,0.7464965457260309,5
214,0.5,3,1.0,0.4,0,0.7994531507164871,5
214,0.9,1,1.0,0.4,0,0.7266483589671642,5
214,0.9,2,1.0,0.4,0,0.7337075073514421,5
214,0.9,3,1.0,0.4,0,0.7331273129404888,5
215,0.1,1,5.0,0.9,1,1.197202544876434,5
215,0.1,2,1.0,0.4,0,1.1741734261671877,1
215,0.1,2,5.0,0.9,1,1.1057974524255954,4
215,0.1,3,1.0,0.4,0,1.117809877551918,4
215,0.1,3,5.0,0.9,1,0.9566237906451256,1
215,0.5,1,1.0,0.4,0,1.185038680110315,2
215,0.5,1,5.0,0.9,1,1.5608525508813431,3
215,0.5,2,1.0,0.4,0,1.127962346114042,5
215,0.5,3,1.0,0.4,0,1.0705654344850295,5
215,0.9,1,1.0,0.4,0,1.1862060809968265,2
215,0.9,1,5.0,0.9,1,1.5217118948994262,3
215,0.9,2,1.0,0.4,0,1.064946046259674,5
215,0.9,3,1.0,0.4,0,1.1325427027937294,5
216,0.1,1,5.0,0.9,1,1.9449022648484529,5
216,0.1,2,1.0,0.4,0,1.8489430700117608,2
216,0.1,2,5.0,0.9,1,1.965293108439466,3
216,0.1,3,1.0,0.4,0,1.9508019024787375,2
216,0.1,3,5.0,0.9,1,2.548038947304875,3
216,0.5,1,5.0,0.9,1,1.922767543998801,4
216,0.5,2,1.0,0.4,0,1.839587464150063,3
216,0.5,2,5.0,0.9,1,1.8771700752699347,2
216,0.5,3,1.0,0.4,0,1.5749133998913007,5
216,0.9,1,1.0,0.4,0,1.4053239142413787,2
216,0.9,1,5.0,0.9,1,2.0653192029593224,3
216,0.9,2,5.0,0.9,1,1.95384541900684,4
216,0.9,3,1.0,0.4,0,1.481990983375449,3
216,0.9,3,5.0,0.9,1,1.8878228204653071,1
217,0.1,1,5.0,0.9,1,0.8947479616213123,5
217,0.1,2,5.0,0.9,1,0.9365695451462804,5
217,0.1,3,5.0,0.9,1,0.937621263952726,5
217,0.5,1,5.0,0.9,1,0.9432466815342052,5
217,0.5,2,5.0,0.9,1,0.9113035294374086,5
217,0.5,3,1.0,0.4,0,0.9227399580738296,2
217,0.5,3,5.0,0.9,1,0.9309358298767658,3
217,0.9,1,1.0,0.4,0,0.930673114110798,4
217,0.9,1,5.0,0.9,1,0.9233551240771458,1
217,0.9,2,1.0,0.4,0,0.8592568517796793,5
217,0.9,3,1.0,0.4,0,0.8548646874568012,5
218,0.1,1,1.0,0.4,0,0.601983534221336,1
218,0.1,1,5.0,0.9,1,0.8362323136811394,4
218,0.1,2,1.0,0.4,0,0.6621699859896039,2
218,0.1,2,5.0,0.9,1,1.0015453711584243,3
218,0.1,3,1.0,0.4,0,0.5506662569477587,1
218,0.1,3,5.0,0.9,1,0.9337466050063516,4
218,0.5,1,1.0,0.4,0,0.6673543286170833,3
218,0.5,1,5.0,0.9,1,1.0274700753157135,2
218,0.5,2,1.0,0.4,0,0.5672983318388694,2
218,0.5,2,5.0,0.9,1,1.0040770922073583,3
218,0.5,3,1.0,0.4,0,0.7460721874405968,5
218,0.9,1,1.0,0.4,0,0.7490487062024556,5
218,0.9,2,1.0,0.4,0,0.6737106755437822,5
218,0.9,3,1.0,0.4,0,0.8275938669929293,5
219,0.1,1,5.0,0.9,1,0.905420792681975,5
219,0.1,2,5.0,0.9,1,0.9780745554070706,5
219,0.1,3,1.0,0.4,0,0.428568877014525,3
219,0.1,3,5.0,0.9,1,0.9357970758218266,2
219,0.5,1,1.0,0.4,0,0.4980696494860274,1
219,0.5,1,5.0,0.9,1,1.0788511315783942,4
219,0.5,2,1.0,0.4,0,0.4395694559851762,5
219,0.5,3,1.0,0.4,0,0.6178201119825752,5
219,0.9,1,1.0,0.4,0,0.4568817324602023,3
219,0.9,1,5.0,0.9,1,0.7476913246553325,2
219,0.9,2,1.0,0.4,0,0.4852985603471126,5
219,0.9,3,1.0,0.4,0,0.4709353121702963,5
220,0.1,1,1.0,0.4,0,0.7338134651904403,1
220,0.1,1,5.0,0.9,1,1.0111498765452227,4
220,0.1,2,1.0,0.4,0,0.9484450416543796,1
220,0.1,2,5.0,0.9,1,1.1404092254531886,4
220,0.1,3,1.0,0.4,0,0.9103084873083228,3
220,0.1,3,5.0,0.9,1,0.7172677749029299,2
220,0.5,1,1.0,0.4,0,0.9076355608177804,3
220,0.5,1,5.0,0.9,1,1.5850291326146024,2
220,0.5,2,1.0,0.4,0,0.7841767662722061,4
220,0.5,2,5.0,0.9,1,0.9749698688948536,1
220,0.5,3,1.0,0.4,0,0.990764495988732,5
220,0.9,1,1.0,0.4,0,1.0759003900138742,3
220,0.9,1,5.0,0.9,1,0.723202147006374,1
220,0.9,2,1.0,0.4,0,0.8994937469648686,4
220,0.9,3,1.0,0.4,0,1.2897885307717,3
220,0.9,3,5.0,0.9,1,0.7219148040141666,2
221,0.1,1,5.0,0.9,1,0.9893436632653682,5
221,0.1,2,5.0,0.9,1,1.0006369173205367,5
221,0.1,3,1.0,0.4,0,0.9708191679903392,3
221,0.1,3,5.0,0.9,1,0.9984685423054178,2
221,0.5,1,1.0,0.4,0,1.0005138872892725,4
221,0.5,1,5.0,0.9,1,1.034186739382922,1
221,0.5,2,1.0,0.4,0,0.9969994665403052,5
221,0.5,3,1.0,0.4,0,1.0300925660876377,5
221,0.9,1,1.0,0.4,0,0.9983612465753238,5
221,0.9,2,1.0,0.4,0,0.9907340028640292,5
221,0.9,3,1.0,0.4,0,0.9946050250261932,5
222,0.1,1,5.0,0.9,1,2.2915473346038775,5
222,0.1,2,1.0,0.4,0,1.4927429136175148,2
222,0.1,2,5.0,0.9,1,2.4648878316951013,3
222,0.1,3,1.0,0.4,0,1.8548896226840776,3
222,0.1,3,5.0,0.9,1,2.52024454399039,2
222,0.5,1,5.0,0.9,1,2.069778678708746,5
222,0.5,2,1.0,0.4,0,2.5991626409017714,1
222,0.5,2,5.0,0.9,1,2.158678474427776,4
222,0.5,3,1.0,0.4,0,2.198527346497737,3
222,0.5,3,5.0,0.9,1,2.5399975636180727,2
222,0.9,1,5.0,0.9,1,2.339120377489551,5
222,0.9,2,1.0,0.4,0,1.7973940310583427,1
222,0.9,2,5.0,0.9,1,1.7600840478757704,4
222,0.9,3,1.0,0.4,0,2.3540328796375904,4
222,0.9,3,5.0,0.9,1,2.3953216374269006,1
223,0.1,1,5.0,0.9,1,1.0752045558013366,5
223,0.1,2,1.0,0.4,0,1.1198669345692227,2
223,0.1,2,5.0,0.9,1,1.1306624182205958,3
223,0.1,3,1.0,0.4,0,0.569458347236125,1
223,0.1,3,5.0,0.9,1,1.1471215704721969,4
223,0.5,1,5.0,0.9,1,1.1316421471601636,5
223,0.5,2,1.0,0.4,0,1.156728934334305,1
223,0.5,2,5.0,0.9,1,1.149167291037803,4
223,0.5,3,5.0,0.9,1,1.1460023434291111,5
223,0.9,1,1.0,0.4,0,1.1338119780339817,1
223,0.9,1,5.0,0.9,1,1.0101317360919435,4
223,0.9,2,1.0,0.4,0,1.1328044897738925,2
223,0.9,2,5.0,0.9,1,1.1471836410437326,3
223,0.9,3,1.0,0.4,0,1.1255943311302912,2
223,0.9,3,5.0,0.9,1,1.1360807375430273,3
224,0.1,1,5.0,0.9,1,1.06265537057656,5
224,0.1,2,5.0,0.9,1,1.0300774833462047,5
224,0.1,3,5.0,0.9,1,0.9961918745224148,5
224,0.5,1,5.0,0.9,1,1.1290973065340295,5
224,0.5,2,1.0,0.4,0,1.161656267725468,2
224,0.5,2,5.0,0.9,1,0.9963997275469496,3
224,0.5,3,1.0,0.4,0,1.1075033034927768,3
224,0.5,3,5.0,0.9,1,0.9963997275469496,2
224,0.9,1,1.0,0.4,0,1.0794660250519053,4
224,0.9,1,5.0,0.9,1,1.161656267725468,1
224,0.9,2,1.0,0.4,0,1.1206967286111575,4
224,0.9,2,5.0,0.9,1,0.9963997275469496,1
224,0.9,3,1.0,0.4,0,0.9978024559653148,4
224,0.9,3,5.0,0.9,1,0.9963997275469496,1
225,0.1,1,1.0,0.4,0,0.971893810049264,5
225,0.1,2,1.0,0.4,0,0.9310278448937132,5
225,0.1,3,1.0,0.4,0,0.8786297891173647,5
225,0.5,1,1.0,0.4,0,1.011920152861943,5
225,0.5,2,1.0,0.4,0,0.9508694252011046,4
225,0.5,2,5.0,0.9,1,0.9362619323497594,1
225,0.5,3,1.0,0.4,0,0.9669594907460224,5
225,0.9,1,1.0,0.4,0,0.9084097337921728,5
225,0.9,2,1.0,0.4,0,1.0051895949358405,5
225,0.9,3,1.0,0.4,0,1.0073705960082933,5
226,0.1,1,1.0,0.4,0,1.096851744487164,2
226,0.1,1,5.0,0.9,1,0.9834460174303166,3
226,0.1,2,1.0,0.4,0,0.8976529198032877,3
226,0.1,2,5.0,0.9,1,1.0291763693927851,2
226,0.1,3,1.0,0.4,0,1.1013417224597348,1
226,0.1,3,5.0,0.9,1,1.0511265419882068,4
226,0.5,1,5.0,0.9,1,1.067970392779721,5
226,0.5,2,1.0,0.4,0,0.9968854312844084,3
226,0.5,2,5.0,0.9,1,1.097932256537431,2
226,0.5,3,1.0,0.4,0,1.01439648044575,4
226,0.5,3,5.0,0.9,1,1.1878661330549272,1
226,0.9,1,1.0,0.4,0,1.1128779484724816,4
226,0.9,1,5.0,0.9,1,1.1007201977856604,1
226,0.9,2,1.0,0.4,0,1.0734419261943626,3
226,0.9,2,5.0,0.9,1,1.0211917227624034,1
226,0.9,3,1.0,0.4,0,1.1004139890516371,2
226,0.9,3,5.0,0.9,1,1.0974692543880882,2
227,0.1,1,5.0,0.9,1,0.9504678637026917,5
227,0.1,2,1.0,0.4,0,0.8991530297464623,3
227,0.1,2,5.0,0.9,1,0.7518407886048095,2
227,0.1,3,1.0,0.4,0,0.9674981103552532,1
227,0.1,3,5.0,0.9,1,0.8670494754916556,4
227,0.5,1,1.0,0.4,0,0.8633334079918157,2
227,0.5,1,5.0,0.9,1,0.7951419168742458,3
227,0.5,2,1.0,0.4,0,0.8294924293848072,5
227,0.5,3,1.0,0.4,0,0.858403672733375,5
227,0.9,1,1.0,0.4,0,1.0094637223974765,1
227,0.9,1,5.0,0.9,1,0.7812616132963693,4
227,0.9,2,1.0,0.4,0,0.7785533458646285,4
227,0.9,2,5.0,0.9,1,0.9770992366412212,1
227,0.9,3,1.0,0.4,0,0.8962730046070433,5
228,0.1,1,5.0,0.9,1,0.9843205152565347,5
228,0.1,2,5.0,0.9,1,0.9673111204872888,5
228,0.1,3,5.0,0.9,1,0.9798807309523304,5
228,0.5,1,5.0,0.9,1,0.9663116991622422,5
228,0.5,2,5.0,0.9,1,1.0015151409512093,5
228,0.5,3,1.0,0.4,0,0.988223609524981,2
228,0.5,3,5.0,0.9,1,0.9928423639928432,3
228,0.9,1,1.0,0.4,0,0.9526603250776398,4
228,0.9,1,5.0,0.9,1,0.9221978606072684,1
228,0.9,2,1.0,0.4,0,1.04638400407725,5
228,0.9,3,1.0,0.4,0,1.039034483305639,5
229,0.1,1,1.0,0.4,0,0.987666228614832,1
229,0.1,1,5.0,0.9,1,0.9248437314523876,4
229,0.1,2,1.0,0.4,0,0.9387605427209388,1
229,0.1,2,5.0,0.9,1,0.9687908129671612,4
229,0.1,3,1.0,0.4,0,0.9536676991924744,3
229,0.1,3,5.0,0.9,1,0.9444931493019052,2
229,0.5,1,1.0,0.4,0,1.0050636606098733,2
229,0.5,1,5.0,0.9,1,0.961081025493264,3
229,0.5,2,1.0,0.4,0,0.9886108343211888,4
229,0.5,2,5.0,0.9,1,0.9816957730410852,1
229,0.5,3,1.0,0.4,0,0.9984227145739342,4
229,0.5,3,5.0,0.9,1,1.013655744716501,1
229,0.9,1,1.0,0.4,0,0.9999260510650064,5
229,0.9,2,1.0,0.4,0,0.9899681392461548,5
229,0.9,3,1.0,0.4,0,1.025323775253012,5
230,0.1,1,5.0,0.9,1,0.9188206493576146,5
230,0.1,2,1.0,0.4,0,0.8649196528496316,1
230,0.1,2,5.0,0.9,1,0.945509073773771,4
230,0.1,3,5.0,0.9,1,0.8982038135668834,5
230,0.5,1,5.0,0.9,1,0.8992837831546409,5
230,0.5,2,1.0,0.4,0,1.0264640545641222,1
230,0.5,2,5.0,0.9,1,0.9302194872311348,4
230,0.5,3,1.0,0.4,0,0.908535658697152,4
230,0.5,3,5.0,0.9,1,0.9887390921270202,1
230,0.9,1,1.0,0.4,0,0.9285807797306168,4
230,0.9,1,5.0,0.9,1,1.0220070861819452,1
230,0.9,2,1.0,0.4,0,0.990094782626118,5
230,0.9,3,1.0,0.4,0,0.9018577234373266,4
230,0.9,3,5.0,0.9,1,1.027957636902073,1
231,0.1,1,5.0,0.9,1,0.6934741384367605,5
231,0.1,2,1.0,0.4,0,0.8656758277675788,2
231,0.1,2,5.0,0.9,1,0.7377656846298727,3
231,0.1,3,1.0,0.4,0,0.6980328147380492,5
231,0.5,1,5.0,0.9,1,0.7468397888358261,5
231,0.5,2,1.0,0.4,0,0.9777621041781892,1
231,0.5,2,5.0,0.9,1,0.7021379702238695,4
231,0.5,3,1.0,0.4,0,0.8233202258250067,5
231,0.9,1,1.0,0.4,0,0.7729468599033815,1
231,0.9,1,5.0,0.9,1,0.795345913348147,4
231,0.9,2,1.0,0.4,0,0.783533423953785,2
231,0.9,2,5.0,0.9,1,0.7633479332661685,3
231,0.9,3,1.0,0.4,0,0.6635885894798829,4
231,0.9,3,5.0,0.9,1,0.9544175873641804,1
232,0.1,1,5.0,0.9,1,1.008859757356296,5
232,0.1,2,5.0,0.9,1,0.8635441232408569,5
232,0.1,3,5.0,0.9,1,0.74389835840066,5
232,0.5,1,5.0,0.9,1,1.012604096114353,5
232,0.5,2,1.0,0.4,0,0.9416873824455184,4
232,0.5,2,5.0,0.9,1,0.7367701550527035,1
232,0.5,3,1.0,0.4,0,0.7470935008401547,5
232,0.9,1,1.0,0.4,0,0.7451640302522489,2
232,0.9,1,5.0,0.9,1,1.2003050364503247,3
232,0.9,2,1.0,0.4,0,0.7477509707425842,5
232,0.9,3,1.0,0.4,0,1.1343101762642274,5
233,0.1,1,5.0,0.9,1,1.0768011913749165,5
233,0.1,2,1.0,0.4,0,0.905396392909784,4
233,0.1,2,5.0,0.9,1,1.5767794587519728,1
233,0.1,3,1.0,0.4,0,0.9716737171144856,2
233,0.1,3,5.0,0.9,1,1.0966038563327645,3
233,0.5,1,1.0,0.4,0,1.0251659057805456,4
233,0.5,1,5.0,0.9,1,1.4299801792061857,1
233,0.5,2,1.0,0.4,0,1.139429335300368,5
233,0.5,3,1.0,0.4,0,1.1150078576131857,5
233,0.9,1,1.0,0.4,0,1.2254742487461536,5
233,0.9,2,1.0,0.4,0,1.0794581918861796,5
233,0.9,3,1.0,0.4,0,1.2040876823252935,5
234,0.1,1,1.0,0.4,0,1.0013445789023347,1
234,0.1,1,5.0,0.9,1,0.9113860611035524,4
234,0.1,2,5.0,0.9,1,0.9988332070509598,5
234,0.1,3,1.0,0.4,0,0.9430451976706276,3
234,0.1,3,5.0,0.9,1,0.9737142254532,2
234,0.5,1,5.0,0.9,1,0.9378755027632992,5
234,0.5,2,1.0,0.4,0,0.9814245751493044,1
234,0.5,2,5.0,0.9,1,0.8173293015591484,4
234,0.5,3,1.0,0.4,0,0.9863454313652652,3
234,0.5,3,5.0,0.9,1,1.0019664964298136,2
234,0.9,1,1.0,0.4,0,1.0154197035053796,1
234,0.9,1,5.0,0.9,1,1.0004707746859922,4
234,0.9,2,1.0,0.4,0,0.9958332352406404,3
234,0.9,2,5.0,0.9,1,1.0014638755025438,2
234,0.9,3,1.0,0.4,0,0.995823174427342,4
234,0.9,3,5.0,0.9,1,0.9586331987595812,1
235,0.1,1,5.0,0.9,1,0.8793688057499611,5
235,0.1,2,1.0,0.4,0,0.8341139575611942,1
235,0.1,2,5.0,0.9,1,0.8668388532913693,4
235,0.1,3,1.0,0.4,0,0.8763191772918856,1
235,0.1,3,5.0,0.9,1,0.8730203222138792,4
235,0.5,1,1.0,0.4,0,0.8786546378147619,3
235,0.5,1,5.0,0.9,1,0.8920214023239962,2
235,0.5,2,1.0,0.4,0,0.8615396271602617,3
235,0.5,2,5.0,0.9,1,0.8801861912790936,2
235,0.5,3,1.0,0.4,0,0.8571539587756958,5
235,0.9,1,1.0,0.4,0,0.8410413274556994,4
235,0.9,1,5.0,0.9,1,0.8643903262567003,1
235,0.9,2,1.0,0.4,0,0.8787547419701511,5
235,0.9,3,1.0,0.4,0,0.873614039227497,5
236,0.1,1,1.0,0.4,0,1.4058209774848984,1
236,0.1,1,5.0,0.9,1,1.075140175431434,4
236,0.1,2,1.0,0.4,0,0.9069469065964756,3
236,0.1,2,5.0,0.9,1,1.186336968649894,2
236,0.1,3,5.0,0.9,1,1.152931035926743,5
236,0.5,1,5.0,0.9,1,1.1944685266862818,5
236,0.5,2,1.0,0.4,0,1.117313981432141,4
236,0.5,2,5.0,0.9,1,0.8961232169423297,1
236,0.5,3,1.0,0.4,0,0.9495601158992728,3
236,0.5,3,5.0,0.9,1,0.9549722549953495,2
236,0.9,1,5.0,0.9,1,1.1453116577332898,5
236,0.9,2,1.0,0.4,0,1.155781166060152,5
236,0.9,3,1.0,0.4,0,1.0358141004921302,5
237,0.1,1,5.0,0.9,1,1.0432479918980675,5
237,0.1,2,5.0,0.9,1,1.0377372644191012,5
237,0.1,3,5.0,0.9,1,1.051553872658682,5
237,0.5,1,5.0,0.9,1,1.0602286333556816,4
237,0.5,2,1.0,0.4,0,1.0330384155774484,1
237,0.5,2,5.0,0.9,1,1.0335712812734874,4
237,0.5,3,1.0,0.4,0,1.0400690670864865,1
237,0.5,3,5.0,0.9,1,1.0423933701389907,4
237,0.9,1,1.0,0.4,0,1.0313355103118438,1
237,0.9,1,5.0,0.9,1,1.040820364149912,4
237,0.9,2,1.0,0.4,0,1.0381578780620715,1
237,0.9,2,5.0,0.9,1,1.050485541183771,3
237,0.9,3,1.0,0.4,0,1.0685940971192316,1
237,0.9,3,5.0,0.9,1,0.9973183188514114,4
238,0.1,1,1.0,0.4,0,0.8077928511293906,2
238,0.1,1,5.0,0.9,1,0.8709379928524891,3
238,0.1,2,1.0,0.4,0,0.8802019415147567,2
238,0.1,2,5.0,0.9,1,0.874951880452964,3
238,0.1,3,1.0,0.4,0,0.6784300454860466,2
238,0.1,3,5.0,0.9,1,0.8597804966210716,3
238,0.5,1,1.0,0.4,0,1.249075620001677,1
238,0.5,1,5.0,0.9,1,0.9573919464706868,4
238,0.5,2,1.0,0.4,0,0.973465758880474,1
238,0.5,2,5.0,0.9,1,0.8692932676466282,4
238,0.5,3,1.0,0.4,0,0.9736756443422464,5
238,0.9,1,5.0,0.9,1,0.8400550192543867,5
238,0.9,2,1.0,0.4,0,0.9608000807801677,5
238,0.9,3,1.0,0.4,0,0.9161574341883436,3
238,0.9,3,5.0,0.9,1,0.9203548775704572,2
239,0.1,1,1.0,0.4,0,0.6561074919031709,3
239,0.1,1,5.0,0.9,1,0.6788620972262895,2
239,0.1,2,1.0,0.4,0,0.824821365894973,5
239,0.1,3,1.0,0.4,0,0.7094853319683844,3
239,0.1,3,5.0,0.9,1,0.6328842936880301,2
239,0.5,1,1.0,0.4,0,0.6312050256451538,4
239,0.5,1,5.0,0.9,1,0.6981807238546649,1
239,0.5,2,1.0,0.4,0,0.6722301401466731,5
239,0.5,3,1.0,0.4,0,0.6540275228759811,4
239,0.5,3,5.0,0.9,1,1.1090653092169394,1
239,0.9,1,1.0,0.4,0,0.6517075330864017,2
239,0.9,1,5.0,0.9,1,0.821181193015,3
239,0.9,2,1.0,0.4,0,0.6617789216379135,4
239,0.9,2,5.0,0.9,1,1.1209633278598796,1
239,0.9,3,1.0,0.4,0,0.7047970984629129,5
240,0.1,1,5.0,0.9,1,0.9590094881606076,5
240,0.1,2,5.0,0.9,1,1.003395061058805,5
240,0.1,3,1.0,0.4,0,0.9948871157746444,1
240,0.1,3,5.0,0.9,1,1.0018362982362348,4
240,0.5,1,5.0,0.9,1,0.971743863037301,5
240,0.5,2,1.0,0.4,0,1.0174652933273625,1
240,0.5,2,5.0,0.9,1,0.9259768422677116,3
240,0.5,3,1.0,0.4,0,1.0632353396686256,5
240,0.9,1,1.0,0.4,0,1.040286591641482,1
240,0.9,1,5.0,0.9,1,1.0318624709115578,3
240,0.9,2,1.0,0.4,0,1.0564659946839543,4
240,0.9,2,5.0,0.9,1,1.062350866272435,1
240,0.9,3,1.0,0.4,0,1.045491678271781,5
241,0.1,1,5.0,0.9,1,0.8014335142919675,5
241,0.1,2,5.0,0.9,1,0.7748517632836875,5
241,0.1,3,5.0,0.9,1,0.775196442702657,5
241,0.5,1,1.0,0.4,0,0.7742866271004799,2
241,0.5,1,5.0,0.9,1,0.8088547386717829,3
241,0.5,2,1.0,0.4,0,1.324519691921341,2
241,0.5,2,5.0,0.9,1,0.7838213638461254,3
241,0.5,3,1.0,0.4,0,0.8299120052134711,5
241,0.9,1,1.0,0.4,0,0.8207214442309236,5
241,0.9,2,1.0,0.4,0,0.8149306776675423,5
241,0.9,3,1.0,0.4,0,0.8943587630388222,5
242,0.1,1,5.0,0.9,1,0.9546877814373108,5
242,0.1,2,5.0,0.9,1,0.9750057008124337,5
242,0.1,3,1.0,0.4,0,0.6958919297211541,4
242,0.1,3,5.0,0.9,1,0.9506073546264112,1
242,0.5,1,1.0,0.4,0,0.808906451410459,5
242,0.5,2,1.0,0.4,0,0.647700805915515,5
242,0.5,3,1.0,0.4,0,0.7255498531737029,4
242,0.5,3,5.0,0.9,1,1.075926923127438,1
242,0.9,1,1.0,0.4,0,0.803523676293899,4
242,0.9,1,5.0,0.9,1,0.997060667100771,1
242,0.9,2,1.0,0.4,0,0.7512611232359473,5
242,0.9,3,1.0,0.4,0,0.8003004449214242,5
243,0.1,1,5.0,0.9,1,1.0548947638717254,5
243,0.1,2,5.0,0.9,1,1.0326430300710372,5
243,0.1,3,5.0,0.9,1,0.9828802445439802,5
243,0.5,1,1.0,0.4,0,1.035002594202028,1
243,0.5,1,5.0,0.9,1,1.06862062064007,4
243,0.5,2,1.0,0.4,0,1.047811907462249,2
243,0.5,2,5.0,0.9,1,1.123992636369031,3
243,0.5,3,1.0,0.4,0,1.0336786284737816,3
243,0.5,3,5.0,0.9,1,0.9902355860218636,2
243,0.9,1,1.0,0.4,0,1.0780773298656996,2
243,0.9,1,5.0,0.9,1,1.118256475748481,3
243,0.9,2,1.0,0.4,0,1.1503433809593702,5
243,0.9,3,1.0,0.4,0,1.1100496637149997,5
244,0.1,1,1.0,0.4,0,0.8792105188424437,3
244,0.1,1,5.0,0.9,1,0.8307949624597621,2
244,0.1,2,1.0,0.4,0,0.8184949714492804,3
244,0.1,2,5.0,0.9,1,1.102871415161898,2
244,0.1,3,1.0,0.4,0,0.977830043194666,4
244,0.1,3,5.0,0.9,1,1.1227608513904308,1
244,0.5,1,1.0,0.4,0,1.0214112838797431,3
244,0.5,1,5.0,0.9,1,1.2320490256226408,2
244,0.5,2,1.0,0.4,0,0.9577876680219416,4
244,0.5,2,5.0,0.9,1,1.0053710488445882,1
244,0.5,3,1.0,0.4,0,0.9345630600245374,5
244,0.9,1,1.0,0.4,0,1.011846520619076,3
244,0.9,1,5.0,0.9,1,1.2368144578430726,2
244,0.9,2,1.0,0.4,0,1.0657759715690978,3
244,0.9,2,5.0,0.9,1,1.0679355384198947,2
244,0.9,3,1.0,0.4,0,0.9390692942757952,5
245,0.1,1,1.0,0.4,0,0.7913975211579379,1
245,0.1,1,5.0,0.9,1,0.8514485589946142,4
245,0.1,2,1.0,0.4,0,0.9624827046643408,3
245,0.1,2,5.0,0.9,1,0.8600151553422581,2
245,0.1,3,1.0,0.4,0,0.8289744423395403,3
245,0.1,3,5.0,0.9,1,1.0116412488380144,2
245,0.5,1,1.0,0.4,0,0.9716056809826742,4
245,0.5,1,5.0,0.9,1,1.0502663536065038,1
245,0.5,2,1.0,0.4,0,0.8444812375264554,4
245,0.5,2,5.0,0.9,1,0.8311688311688312,1
245,0.5,3,1.0,0.4,0,1.0065980400418992,3
245,0.9,1,1.0,0.4,0,0.9470745008281912,5
245,0.9,2,1.0,0.4,0,1.0456610121739949,4
245,0.9,3,1.0,0.4,0,0.8789154264333334,5
246,0.1,1,1.0,0.4,0,0.8871534509993139,2
246,0.1,1,5.0,0.9,1,0.8861539310015193,3
246,0.1,2,1.0,0.4,0,0.9148990875563486,3
246,0.1,2,5.0,0.9,1,0.7209831184956073,2
246,0.1,3,1.0,0.4,0,0.8793849346668711,4
246,0.1,3,5.0,0.9,1,0.9403553882180082,1
246,0.5,1,1.0,0.4,0,0.9808429118773948,1
246,0.5,1,5.0,0.9,1,0.9149598753728756,4
246,0.5,2,1.0,0.4,0,0.9240284256019023,4
246,0.5,2,5.0,0.9,1,0.8098745545557531,1
246,0.5,3,1.0,0.4,0,0.8810006312489593,5
246,0.9,1,1.0,0.4,0,0.8564461922405965,2
246,0.9,1,5.0,0.9,1,0.9795418444996972,3
246,0.9,2,1.0,0.4,0,0.8349743393776311,3
246,0.9,2,5.0,0.9,1,0.9965480884028204,2
246,0.9,3,1.0,0.4,0,0.9811911768075094,1
246,0.9,3,5.0,0.9,1,0.8778662120032377,3
247,0.1,1,1.0,0.4,0,0.9201444465036872,1
247,0.1,1,5.0,0.9,1,0.9239714680772116,4
247,0.1,2,5.0,0.9,1,0.963577803879374,5
247,0.1,3,1.0,0.4,0,0.9385918218603408,2
247,0.1,3,5.0,0.9,1,0.9197328547882132,3
247,0.5,1,1.0,0.4,0,0.981333797199099,1
247,0.5,1,5.0,0.9,1,0.9981432769296392,4
247,0.5,2,1.0,0.4,0,0.9781142168041744,1
247,0.5,2,5.0,0.9,1,0.968361311168767,4
247,0.5,3,1.0,0.4,0,0.9904922914929296,5
247,0.9,1,5.0,0.9,1,1.000772787791318,5
247,0.9,2,1.0,0.4,0,0.9840676064195224,3
247,0.9,2,5.0,0.9,1,0.9730609503624826,2
247,0.9,3,1.0,0.4,0,0.9796145909196816,5
248,0.1,1,5.0,0.9,1,0.8695430429295028,5
248,0.1,2,5.0,0.9,1,0.8568633445421316,5
248,0.1,3,1.0,0.4,0,0.6342162178721318,1
248,0.1,3,5.0,0.9,1,0.9994770922417782,4
248,0.5,1,5.0,0.9,1,0.9079626675654248,5
248,0.5,2,1.0,0.4,0,0.6314668471741022,2
248,0.5,2,5.0,0.9,1,0.8586413813237755,3
248,0.5,3,1.0,0.4,0,0.8219399001205434,4
248,0.5,3,5.0,0.9,1,1.0215482841181165,1
248,0.9,1,1.0,0.4,0,0.6604747601654088,1
248,0.9,1,5.0,0.9,1,1.0522644118126916,4
248,0.9,2,1.0,0.4,0,0.7375244599216402,5
248,0.9,3,1.0,0.4,0,0.756355920624433,4
248,0.9,3,5.0,0.9,1,1.0684474123539232,1
249,0.1,1,1.0,0.4,0,0.4906402629009465,2
249,0.1,1,5.0,0.9,1,0.6981599467367151,3
249,0.1,2,1.0,0.4,0,0.6097531529886405,2
249,0.1,2,5.0,0.9,1,0.8483254555422336,3
249,0.1,3,1.0,0.4,0,0.7214125313724626,1
249,0.1,3,5.0,0.9,1,0.7487391204783376,4
249,0.5,1,1.0,0.4,0,0.2373907877769245,1
249,0.5,1,5.0,0.9,1,0.6997132176853298,4
249,0.5,2,1.0,0.4,0,0.564506422773463,3
249,0.5,2,5.0,0.9,1,0.7432711087239658,2
249,0.5,3,1.0,0.4,0,0.7154143870150718,4
249,0.5,3,5.0,0.9,1,0.9569584144926612,1
249,0.9,1,1.0,0.4,0,0.9978683232840002,1
249,0.9,1,5.0,0.9,1,0.7163343751510206,4
249,0.9,2,1.0,0.4,0,0.8276324951354468,2
249,0.9,2,5.0,0.9,1,0.7464209497039945,3
249,0.9,3,1.0,0.4,0,0.6922440773397154,5
250,0.1,1,5.0,0.9,1,1.168735292570184,5
250,0.1,2,5.0,0.9,1,1.1711000286958346,5
250,0.1,3,5.0,0.9,1,1.1359389390928092,5
250,0.5,1,5.0,0.9,1,1.1740123792396324,5
250,0.5,2,1.0,0.4,0,1.1633649185305996,1
250,0.5,2,5.0,0.9,1,1.0552210685803085,4
250,0.5,3,1.0,0.4,0,1.163561393611399,3
250,0.5,3,5.0,0.9,1,1.1700360639386744,2
250,0.9,1,5.0,0.9,1,1.1243309608126768,5
250,0.9,2,1.0,0.4,0,1.1774537092854958,3
250,0.9,2,5.0,0.9,1,1.1739693743099533,2
250,0.9,3,1.0,0.4,0,1.1526042047985745,5
251,0.1,1,5.0,0.9,1,0.8350445335138733,5
251,0.1,2,5.0,0.9,1,0.906973951985434,5
251,0.1,3,1.0,0.4,0,0.8736375304495285,4
251,0.1,3,5.0,0.9,1,0.7577607577607577,1
251,0.5,1,5.0,0.9,1,0.7743983806362307,5
251,0.5,2,5.0,0.9,1,0.8249552563682714,5
251,0.5,3,1.0,0.4,0,0.8274843366093937,3
251,0.5,3,5.0,0.9,1,0.9272393768294668,2
251,0.9,1,5.0,0.9,1,0.9351506318462436,5
251,0.9,2,1.0,0.4,0,0.9835211772186762,5
251,0.9,3,1.0,0.4,0,0.8237707625644486,5
252,0.1,1,1.0,0.4,0,0.6378204582639078,2
252,0.1,1,5.0,0.9,1,0.9528492125626428,3
252,0.1,2,1.0,0.4,0,0.6339183458693163,1
252,0.1,2,5.0,0.9,1,1.024607841833186,4
252,0.1,3,1.0,0.4,0,0.9919014963284312,2
252,0.1,3,5.0,0.9,1,1.0886514898783826,3
252,0.5,1,1.0,0.4,0,0.7947270636030433,3
252,0.5,1,5.0,0.9,1,1.005226395021397,2
252,0.5,2,1.0,0.4,0,0.9849546625994352,5
252,0.5,3,1.0,0.4,0,0.948857135146694,5
252,0.9,1,1.0,0.4,0,1.1017389739769072,5
252,0.9,2,1.0,0.4,0,0.7975038235482206,5
252,0.9,3,1.0,0.4,0,1.046149825098709,5
253,0.1,1,1.0,0.4,0,0.5549797099092874,1
253,0.1,1,5.0,0.9,1,0.5739214359739175,4
253,0.1,2,1.0,0.4,0,0.5366436841846678,1
253,0.1,2,5.0,0.9,1,0.5912881947031638,4
253,0.1,3,1.0,0.4,0,0.5841584937320125,4
253,0.1,3,5.0,0.9,1,0.6041431595094287,1
253,0.5,1,5.0,0.9,1,0.588643618603202,5
253,0.5,2,1.0,0.4,0,0.5781779181991079,2
253,0.5,2,5.0,0.9,1,0.5917169753641444,3
253,0.5,3,1.0,0.4,0,0.5575425789392197,1
253,0.5,3,5.0,0.9,1,0.5741035078707538,4
253,0.9,1,1.0,0.4,0,0.6023446998448108,2
253,0.9,1,5.0,0.9,1,0.595046951605798,3
253,0.9,2,1.0,0.4,0,0.5912592926988074,2
253,0.9,2,5.0,0.9,1,0.5428210600229486,3
253,0.9,3,1.0,0.4,0,0.5427528857817104,5
254,0.1,1,1.0,0.4,0,0.5674490853502787,1
254,0.1,1,5.0,0.9,1,1.0753413194007122,4
254,0.1,2,1.0,0.4,0,0.7710952244242907,1
254,0.1,2,5.0,0.9,1,0.9652763005441352,4
254,0.1,3,1.0,0.4,0,0.9114040613937155,3
254,0.1,3,5.0,0.9,1,0.7940713050121849,2
254,0.5,1,5.0,0.9,1,1.098879445356319,5
254,0.5,2,1.0,0.4,0,0.7236935147988578,2
254,0.5,2,5.0,0.9,1,0.8499257540702976,3
254,0.5,3,1.0,0.4,0,0.6573271200680854,2
254,0.5,3,5.0,0.9,1,0.9542879896246536,3
254,0.9,1,5.0,0.9,1,0.9996240992519656,5
254,0.9,2,1.0,0.4,0,0.6602173586958717,2
254,0.9,2,5.0,0.9,1,0.9926020913255528,3
254,0.9,3,1.0,0.4,0,1.0936665574020867,2
254,0.9,3,5.0,0.9,1,0.919424641453238,3
255,0.1,1,5.0,0.9,1,1.030273211936526,5
255,0.1,2,1.0,0.4,0,0.9666760501232085,4
255,0.1,2,5.0,0.9,1,0.997691429126874,1
255,0.1,3,1.0,0.4,0,1.0440400097334763,3
255,0.1,3,5.0,0.9,1,0.9575846675223908,2
255,0.5,1,1.0,0.4,0,1.0385793545407829,2
255,0.5,1,5.0,0.9,1,1.0357295101344983,3
255,0.5,2,1.0,0.4,0,1.0544245905169582,3
255,0.5,2,5.0,0.9,1,1.0558297596979087,2
255,0.5,3,1.0,0.4,0,1.057849098035144,5
255,0.9,1,5.0,0.9,1,1.0423056798778585,5
255,0.9,2,1.0,0.4,0,1.0427096948613293,4
255,0.9,2,5.0,0.9,1,1.0613715432956092,1
255,0.9,3,1.0,0.4,0,0.8880558449376457,4
255,0.9,3,5.0,0.9,1,1.0457516339869282,1
256,0.1,1,5.0,0.9,1,2.20701957196989,5
256,0.1,2,1.0,0.4,0,2.4392716881252907,2
256,0.1,2,5.0,0.9,1,2.40895927304667,3
256,0.1,3,1.0,0.4,0,2.082920221027638,2
256,0.1,3,5.0,0.9,1,2.4636440005302616,3
256,0.5,1,1.0,0.4,0,2.43345584191768,2
256,0.5,1,5.0,0.9,1,2.3706935599830112,2
256,0.5,2,1.0,0.4,0,2.3191785899537907,2
256,0.5,2,5.0,0.9,1,2.485336311357748,3
256,0.5,3,1.0,0.4,0,2.4373883048780813,4
256,0.5,3,5.0,0.9,1,2.453870117421519,1
256,0.9,1,1.0,0.4,0,2.329858753914635,2
256,0.9,1,5.0,0.9,1,2.160394863193661,3
256,0.9,2,1.0,0.4,0,2.298486490247276,5
256,0.9,3,1.0,0.4,0,2.654449112678941,4
256,0.9,3,5.0,0.9,1,2.4033327465821746,1
257,0.1,1,5.0,0.9,1,0.8512112799819098,5
257,0.1,2,1.0,0.4,0,0.7634384552300008,1
257,0.1,2,5.0,0.9,1,0.8699597888970039,4
257,0.1,3,1.0,0.4,0,0.7538835308841935,1
257,0.1,3,5.0,0.9,1,0.8542990045113722,4
257,0.5,1,5.0,0.9,1,0.904793230551738,5
257,0.5,2,1.0,0.4,0,0.9689003843813756,2
257,0.5,2,5.0,0.9,1,0.8504903202378534,3
257,0.5,3,1.0,0.4,0,0.8846069200124209,2
257,0.5,3,5.0,0.9,1,0.9255606467251308,3
257,0.9,1,1.0,0.4,0,0.8298601917626292,2
257,0.9,1,5.0,0.9,1,0.9103434717809118,3
257,0.9,2,1.0,0.4,0,0.9983474554994468,5
257,0.9,3,1.0,0.4,0,0.9315115795826956,4
257,0.9,3,5.0,0.9,1,0.7868755037979969,1
258,0.1,1,1.0,0.4,0,0.8840778811982923,2
258,0.1,1,5.0,0.9,1,0.9138067664892532,3
258,0.1,2,1.0,0.4,0,0.8962366095741673,3
258,0.1,2,5.0,0.9,1,0.9071634962858486,2
258,0.1,3,1.0,0.4,0,0.905097101755296,4
258,0.1,3,5.0,0.9,1,0.908445706174592,1
258,0.5,1,1.0,0.4,0,0.8871623212272354,5
258,0.5,2,1.0,0.4,0,0.9015967674648052,5
258,0.5,3,1.0,0.4,0,0.8709977287564868,5
258,0.9,1,1.0,0.4,0,0.882541949661171,5
258,0.9,2,1.0,0.4,0,0.908592089955692,5
258,0.9,3,1.0,0.4,0,0.8999026864019282,5
259,0.1,1,5.0,0.9,1,0.9576142072838632,5
259,0.1,2,5.0,0.9,1,0.9637071461610542,5
259,0.1,3,1.0,0.4,0,0.820293459175226,2
259,0.1,3,5.0,0.9,1,0.9943108389791908,3
259,0.5,1,1.0,0.4,0,0.8487559171471389,2
259,0.5,1,5.0,0.9,1,0.9378791343883638,3
259,0.5,2,1.0,0.4,0,0.9820294618717286,4
259,0.5,2,5.0,0.9,1,0.9054935337681,1
259,0.5,3,1.0,0.4,0,0.8320460827450098,5
259,0.9,1,1.0,0.4,0,0.967412765990108,4
259,0.9,1,5.0,0.9,1,0.9059090883958044,1
259,0.9,2,1.0,0.4,0,0.8546812524579629,5
259,0.9,3,1.0,0.4,0,0.8246064037451635,5
260,0.1,1,5.0,0.9,1,1.0213590007557405,5
260,0.1,2,5.0,0.9,1,0.9861019828288132,5
260,0.1,3,5.0,0.9,1,1.0155789762480247,5
260,0.5,1,5.0,0.9,1,1.0584049729716545,5
260,0.5,2,1.0,0.4,0,0.8036730369265784,1
260,0.5,2,5.0,0.9,1,0.9584619643819662,4
260,0.5,3,1.0,0.4,0,1.1729181441775882,2
260,0.5,3,5.0,0.9,1,1.067828368791884,3
260,0.9,1,1.0,0.4,0,1.158958463835852,5
260,0.9,2,1.0,0.4,0,1.1863767219433112,5
260,0.9,3,1.0,0.4,0,1.1148734572347443,5
261,0.1,1,1.0,0.4,0,0.7906568159503249,2
261,0.1,1,5.0,0.9,1,0.8647172800635272,3
261,0.1,2,1.0,0.4,0,0.8956813483080805,4
261,0.1,2,5.0,0.9,1,0.981632449948844,1
261,0.1,3,1.0,0.4,0,0.899351745233116,3
261,0.1,3,5.0,0.9,1,1.5442053033233152,2
261,0.5,1,1.0,0.4,0,1.115672651254606,4
261,0.5,1,5.0,0.9,1,1.1567681322607473,1
261,0.5,2,1.0,0.4,0,1.0986622024815569,3
261,0.5,2,5.0,0.9,1,1.059993134264856,2
261,0.5,3,1.0,0.4,0,0.974992426405532,4
261,0.5,3,5.0,0.9,1,0.8091564076363724,1
261,0.9,1,1.0,0.4,0,1.081795965950269,4
261,0.9,1,5.0,0.9,1,1.3492102705996674,1
261,0.9,2,1.0,0.4,0,1.0341138678629984,4
261,0.9,2,5.0,0.9,1,0.7707089272723762,1
261,0.9,3,1.0,0.4,0,1.0546829094436407,5
262,0.1,1,1.0,0.4,0,0.9924340960248036,5
262,0.1,2,1.0,0.4,0,0.7945638158257975,4
262,0.1,2,5.0,0.9,1,1.022176307666956,1
262,0.1,3,1.0,0.4,0,0.967667068637127,5
262,0.5,1,1.0,0.4,0,0.9032098684440572,5
262,0.5,2,1.0,0.4,0,0.8222470777881028,4
262,0.5,2,5.0,0.9,1,0.97686620558073,1
262,0.5,3,1.0,0.4,0,0.6401246950938849,4
262,0.5,3,5.0,0.9,1,0.972644376899696,1
262,0.9,1,1.0,0.4,0,0.885784047746998,3
262,0.9,1,5.0,0.9,1,1.0184826211888778,2
262,0.9,2,1.0,0.4,0,0.7877962424725033,5
262,0.9,3,1.0,0.4,0,0.8282549159453074,5
263,0.1,1,1.0,0.4,0,0.7849826081123813,1
263,0.1,1,5.0,0.9,1,0.8862148418663974,4
263,0.1,2,1.0,0.4,0,0.7325567631526524,2
263,0.1,2,5.0,0.9,1,0.7600653121029177,3
263,0.1,3,1.0,0.4,0,0.7404341437136778,1
263,0.1,3,5.0,0.9,1,0.7640438292601245,4
263,0.5,1,1.0,0.4,0,0.7980656116031687,2
263,0.5,1,5.0,0.9,1,0.8125779366491847,3
263,0.5,2,1.0,0.4,0,0.7077802272383857,1
263,0.5,2,5.0,0.9,1,0.8715190087838663,4
263,0.5,3,1.0,0.4,0,0.8266749678952786,3
263,0.5,3,5.0,0.9,1,0.7569065878222303,2
263,0.9,1,1.0,0.4,0,0.7420282352259164,1
263,0.9,1,5.0,0.9,1,0.9168435065232552,4
263,0.9,2,1.0,0.4,0,0.7776035257108669,3
263,0.9,2,5.0,0.9,1,0.7029950962494602,2
263,0.9,3,1.0,0.4,0,1.0655133587640746,5
264,0.1,1,5.0,0.9,1,1.0349138675161833,5
264,0.1,2,5.0,0.9,1,1.007115024866022,5
264,0.1,3,1.0,0.4,0,0.978428876648888,2
264,0.1,3,5.0,0.9,1,1.0261074500269156,3
264,0.5,1,5.0,0.9,1,1.0968306840834596,5
264,0.5,2,5.0,0.9,1,1.0507592559385277,5
264,0.5,3,1.0,0.4,0,0.9694485530138142,3
264,0.5,3,5.0,0.9,1,1.1069489243533963,2
264,0.9,1,1.0,0.4,0,1.039493627947473,2
264,0.9,1,5.0,0.9,1,1.0907124649174755,2
264,0.9,2,1.0,0.4,0,0.986920479007251,5
264,0.9,3,1.0,0.4,0,1.0436627729290089,5
265,0.1,1,5.0,0.9,1,0.8630573422594082,5
265,0.1,2,1.0,0.4,0,0.8275898342060248,1
265,0.1,2,5.0,0.9,1,0.8139931181721854,4
265,0.1,3,1.0,0.4,0,1.1795335616585183,1
265,0.1,3,5.0,0.9,1,0.8069720177444138,4
265,0.5,1,1.0,0.4,0,0.7843416909818549,1
265,0.5,1,5.0,0.9,1,0.810666405374741,4
265,0.5,2,1.0,0.4,0,0.8089999012948429,2
265,0.5,2,5.0,0.9,1,0.9283760896855144,3
265,0.5,3,1.0,0.4,0,0.7720119752424021,3
265,0.5,3,5.0,0.9,1,0.8191811861520804,2
265,0.9,1,1.0,0.4,0,0.7985185616538413,3
265,0.9,1,5.0,0.9,1,0.9179569227934142,2
265,0.9,2,1.0,0.4,0,1.03241895319872,5
265,0.9,3,1.0,0.4,0,0.9893209621028902,5
266,0.1,1,1.0,0.4,0,1.1282192535463431,1
266,0.1,1,5.0,0.9,1,1.1226890345243077,3
266,0.1,2,1.0,0.4,0,1.1168089632442637,1
266,0.1,2,5.0,0.9,1,1.1211684574657297,4
266,0.1,3,1.0,0.4,0,1.1224839341746482,1
266,0.1,3,5.0,0.9,1,1.115166550856371,4
266,0.5,1,5.0,0.9,1,1.1201112552778076,3
266,0.5,2,1.0,0.4,0,1.1080475521269162,2
266,0.5,2,5.0,0.9,1,1.109633208926214,3
266,0.5,3,1.0,0.4,0,1.1066491883310083,3
266,0.5,3,5.0,0.9,1,1.1269853280047324,2
266,0.9,1,1.0,0.4,0,1.1184251913742114,1
266,0.9,1,5.0,0.9,1,1.1219082047997615,4
266,0.9,2,1.0,0.4,0,1.124530769582341,2
266,0.9,2,5.0,0.9,1,1.113576020486304,2
266,0.9,3,1.0,0.4,0,1.1203698852829638,3
266,0.9,3,5.0,0.9,1,1.1257540985859364,1
267,0.1,1,1.0,0.4,0,0.5267071368464824,4
267,0.1,2,1.0,0.4,0,0.5152772842164384,4
267,0.1,3,1.0,0.4,0,0.6751512384044044,4
267,0.1,3,5.0,0.9,1,1.1132854968471406,1
267,0.5,1,1.0,0.4,0,0.591690600807421,4
267,0.5,1,5.0,0.9,1,1.0759130327477453,1
267,0.5,2,1.0,0.4,0,0.668069899546595,5
267,0.5,3,1.0,0.4,0,0.555375113141472,3
267,0.5,3,5.0,0.9,1,0.9613302501504456,2
267,0.9,1,1.0,0.4,0,0.6479223843028065,4
267,0.9,1,5.0,0.9,1,1.0887835594984887,1
267,0.9,2,1.0,0.4,0,0.5413715805501949,4
267,0.9,2,5.0,0.9,1,1.0693400167084377,1
267,0.9,3,1.0,0.4,0,0.5376543214152206,5
268,0.1,1,5.0,0.9,1,0.9806956282811434,5
268,0.1,2,1.0,0.4,0,1.0120583705489363,1
268,0.1,2,5.0,0.9,1,1.0099937513322526,4
268,0.1,3,5.0,0.9,1,0.95913905769697,5
268,0.5,1,1.0,0.4,0,0.9892341928673758,4
268,0.5,1,5.0,0.9,1,1.0343434343434343,1
268,0.5,2,1.0,0.4,0,1.0007791641465025,3
268,0.5,2,5.0,0.9,1,0.9827675774874248,2
268,0.5,3,1.0,0.4,0,1.010065584922318,5
268,0.9,1,1.0,0.4,0,1.021345669571115,3
268,0.9,1,5.0,0.9,1,1.0145437449895116,2
268,0.9,2,1.0,0.4,0,1.0115554142626,5
268,0.9,3,1.0,0.4,0,1.0142554078258437,5
269,0.1,1,1.0,0.4,0,0.9010427915278312,5
269,0.1,2,1.0,0.4,0,0.8839489283118297,5
269,0.1,3,1.0,0.4,0,0.926179489493418,5
269,0.5,1,1.0,0.4,0,0.95251047673986,5
269,0.5,2,1.0,0.4,0,1.0113830083069102,5
269,0.5,3,1.0,0.4,0,0.9915877250388438,5
269,0.9,1,1.0,0.4,0,0.9279924566285463,5
269,0.9,2,1.0,0.4,0,0.9690806069551132,5
269,0.9,3,1.0,0.4,0,0.9324514080250688,5
270,0.1,1,5.0,0.9,1,0.8852110527064584,5
270,0.1,2,5.0,0.9,1,0.9113373685090694,5
270,0.1,3,5.0,0.9,1,0.9340440666227304,5
270,0.5,1,1.0,0.4,0,0.9907120743034056,1
270,0.5,1,5.0,0.9,1,0.9067319844776666,4
270,0.5,2,1.0,0.4,0,1.000796202294084,1
270,0.5,2,5.0,0.9,1,0.9372793811357448,4
270,0.5,3,1.0,0.4,0,0.9061045646237352,5
270,0.9,1,1.0,0.4,0,0.9976402886799683,2
270,0.9,1,5.0,0.9,1,0.976689385211536,3
270,0.9,2,1.0,0.4,0,0.9905189126731462,4
270,0.9,2,5.0,0.9,1,0.8128919584027943,1
270,0.9,3,1.0,0.4,0,0.950891902646983,3
270,0.9,3,5.0,0.9,1,0.9432510666087042,2
271,0.1,1,5.0,0.9,1,1.0761917908715106,5
271,0.1,2,1.0,0.4,0,0.9555029694635158,1
271,0.1,2,5.0,0.9,1,1.109241165236606,4
271,0.1,3,1.0,0.4,0,0.944771833215712,5
271,0.5,1,5.0,0.9,1,0.988027938310622,5
271,0.5,2,1.0,0.4,0,0.9493812620507156,3
271,0.5,2,5.0,0.9,1,1.5754434013173255,2
271,0.5,3,1.0,0.4,0,0.962540845953162,5
271,0.9,1,1.0,0.4,0,1.1537642189649464,2
271,0.9,1,5.0,0.9,1,1.1974235190919906,3
271,0.9,2,1.0,0.4,0,1.1225028226573892,5
271,0.9,3,1.0,0.4,0,0.9589948364390312,5
272,0.1,1,5.0,0.9,1,0.8006021679251193,5
272,0.1,2,1.0,0.4,0,0.7449770991940952,2
272,0.1,2,5.0,0.9,1,0.9557135313278904,3
272,0.1,3,1.0,0.4,0,0.7962764658575775,4
272,0.1,3,5.0,0.9,1,0.7952784470889012,1
272,0.5,1,1.0,0.4,0,1.1117627458941652,4
272,0.5,1,5.0,0.9,1,0.6984397646858215,1
272,0.5,2,1.0,0.4,0,0.91568511640899,5
272,0.5,3,1.0,0.4,0,0.9243675035114872,5
272,0.9,1,1.0,0.4,0,0.8572785071621674,5
272,0.9,2,1.0,0.4,0,0.8755970844017172,5
272,0.9,3,1.0,0.4,0,0.7798273751890303,5
273,0.1,1,1.0,0.4,0,0.7542237311774653,1
273,0.1,1,5.0,0.9,1,0.9964702043496164,4
273,0.1,2,5.0,0.9,1,0.914683547978387,5
273,0.1,3,5.0,0.9,1,1.0519145501947005,5
273,0.5,1,1.0,0.4,0,0.9715520766056798,4
273,0.5,1,5.0,0.9,1,1.073881810078129,1
273,0.5,2,1.0,0.4,0,1.01669013844709,5
273,0.5,3,1.0,0.4,0,1.0055809341195476,5
273,0.9,1,1.0,0.4,0,1.0395399471585756,5
273,0.9,2,1.0,0.4,0,1.056678821979793,5
273,0.9,3,1.0,0.4,0,1.0252338938704413,5
274,0.1,1,1.0,0.4,0,0.8758859120430886,4
274,0.1,1,5.0,0.9,1,0.8081338053733843,1
274,0.1,2,1.0,0.4,0,0.8953278516450345,4
274,0.1,2,5.0,0.9,1,0.844657991875116,1
274,0.1,3,1.0,0.4,0,0.8242274615436878,4
274,0.1,3,5.0,0.9,1,0.8499469417527739,1
274,0.5,1,1.0,0.4,0,0.8986202189656912,4
274,0.5,1,5.0,0.9,1,0.9546709723452388,1
274,0.5,2,1.0,0.4,0,0.907776521069104,3
274,0.5,2,5.0,0.9,1,0.854685635939531,2
274,0.5,3,1.0,0.4,0,0.9510867669295748,5
274,0.9,1,1.0,0.4,0,0.8934313647895649,4
274,0.9,1,5.0,0.9,1,0.8477615281392076,1
274,0.9,2,1.0,0.4,0,0.9230280712150184,5
274,0.9,3,1.0,0.4,0,0.9311692013080878,5
275,0.1,1,1.0,0.4,0,0.7590025859375519,2
275,0.1,1,5.0,0.9,1,0.8058013415346542,3
275,0.1,2,1.0,0.4,0,0.680489101541733,1
275,0.1,2,5.0,0.9,1,0.7297332210501699,4
275,0.1,3,1.0,0.4,0,0.7035663441610637,3
275,0.1,3,5.0,0.9,1,0.75899955859751,1
275,0.5,1,1.0,0.4,0,0.9763073842780188,1
275,0.5,1,5.0,0.9,1,0.8537133983140971,4
275,0.5,2,1.0,0.4,0,0.7247892228733267,5
275,0.5,3,1.0,0.4,0,0.9059942490599424,2
275,0.5,3,5.0,0.9,1,0.7906073593627744,3
275,0.9,1,1.0,0.4,0,0.8283766948160635,3
275,0.9,1,5.0,0.9,1,0.8753493043031645,2
275,0.9,2,1.0,0.4,0,0.8787201041492825,5
275,0.9,3,1.0,0.4,0,0.8589608408981425,3
275,0.9,3,5.0,0.9,1,0.7066016010543967,2
276,0.1,1,5.0,0.9,1,0.8473980406634845,5
276,0.1,2,1.0,0.4,0,1.303265322356123,1
276,0.1,2,5.0,0.9,1,0.8758760024565775,4
276,0.1,3,1.0,0.4,0,0.7248745077234151,2
276,0.1,3,5.0,0.9,1,0.7359364915627165,3
276,0.5,1,1.0,0.4,0,0.7402588014169017,1
276,0.5,1,5.0,0.9,1,1.0197126661144489,4
276,0.5,2,1.0,0.4,0,0.7444302841121113,4
276,0.5,2,5.0,0.9,1,0.7356321839080461,1
276,0.5,3,1.0,0.4,0,0.8926077454959771,4
276,0.5,3,5.0,0.9,1,0.7376502119924113,1
276,0.9,1,1.0,0.4,0,0.8501808412493942,5
276,0.9,2,1.0,0.4,0,1.1072485979537716,5
276,0.9,3,1.0,0.4,0,0.8456878700007724,5
277,0.1,1,5.0,0.9,1,0.8585650314829698,5
277,0.1,2,5.0,0.9,1,0.7908341104204706,5
277,0.1,3,1.0,0.4,0,1.0695913304608955,1
277,0.1,3,5.0,0.9,1,0.8515034989056431,4
277,0.5,1,1.0,0.4,0,0.6720897095542608,1
277,0.5,1,5.0,0.9,1,0.8346554716561047,4
277,0.5,2,5.0,0.9,1,0.9655132820791794,5
277,0.5,3,1.0,0.4,0,0.9860850305744138,1
277,0.5,3,5.0,0.9,1,0.907315806490233,4
277,0.9,1,5.0,0.9,1,0.9242558795854928,4
277,0.9,2,1.0,0.4,0,1.15314755239601,1
277,0.9,2,5.0,0.9,1,0.9181488173449308,4
277,0.9,3,1.0,0.4,0,0.9152220874345772,4
277,0.9,3,5.0,0.9,1,0.7125954177281971,1
278,0.1,1,1.0,0.4,0,0.7677306499896333,2
278,0.1,1,5.0,0.9,1,0.8339325096590319,3
278,0.1,2,1.0,0.4,0,0.75380950332557,1
278,0.1,2,5.0,0.9,1,0.7821931790044448,4
278,0.1,3,5.0,0.9,1,0.8086593568861336,5
278,0.5,1,5.0,0.9,1,0.8243348970974572,4
278,0.5,2,1.0,0.4,0,0.6822851719270413,4
278,0.5,2,5.0,0.9,1,0.973655904393456,1
278,0.5,3,1.0,0.4,0,0.9315447877369852,4
278,0.5,3,5.0,0.9,1,0.99185160970058,1
278,0.9,1,1.0,0.4,0,0.474830821683353,3
278,0.9,1,5.0,0.9,1,0.772901275229003,2
278,0.9,2,1.0,0.4,0,0.6472285312303045,5
278,0.9,3,1.0,0.4,0,0.7654633908217215,5
279,0.1,1,1.0,0.4,0,1.4917084694302347,2
279,0.1,1,5.0,0.9,1,1.4887979935699978,2
279,0.1,2,1.0,0.4,0,1.348965294541267,3
279,0.1,2,5.0,0.9,1,1.5239689267201817,2
279,0.1,3,1.0,0.4,0,1.0745027570776735,1
279,0.1,3,5.0,0.9,1,1.4543741931222571,4
279,0.5,1,1.0,0.4,0,1.6483497975708503,1
279,0.5,1,5.0,0.9,1,1.5751702848606557,4
279,0.5,2,1.0,0.4,0,1.5699619390178727,2
279,0.5,2,5.0,0.9,1,1.311795144516703,2
279,0.5,3,1.0,0.4,0,1.4194345777961217,4
279,0.9,1,1.0,0.4,0,1.4873251512982602,3
279,0.9,1,5.0,0.9,1,1.5757575757575757,2
279,0.9,2,1.0,0.4,0,1.5609756097560976,1
279,0.9,3,1.0,0.4,0,1.448522499367429,4
280,0.1,1,1.0,0.4,0,1.0226302238538796,3
280,0.1,1,5.0,0.9,1,0.9907037796071084,2
280,0.1,2,1.0,0.4,0,1.07362847631779,2
280,0.1,2,5.0,0.9,1,0.9645509168338052,3
280,0.1,3,1.0,0.4,0,1.0828244375710472,1
280,0.1,3,5.0,0.9,1,1.1363709780470228,4
280,0.5,1,1.0,0.4,0,1.0854275869436785,3
280,0.5,1,5.0,0.9,1,1.1598386538240222,2
280,0.5,2,1.0,0.4,0,0.9236369679258972,4
280,0.5,2,5.0,0.9,1,0.9876543209876544,1
280,0.5,3,1.0,0.4,0,1.0116912464413963,4
280,0.5,3,5.0,0.9,1,0.796344901331778,1
280,0.9,1,1.0,0.4,0,0.9981569285660804,5
280,0.9,2,1.0,0.4,0,1.1393757552425303,3
280,0.9,2,5.0,0.9,1,1.168640936402317,2
280,0.9,3,1.0,0.4,0,1.014994538971508,5
281,0.1,1,5.0,0.9,1,0.9534222217091884,5
281,0.1,2,1.0,0.4,0,0.822330386762057,3
281,0.1,2,5.0,0.9,1,1.0633435428711606,2
281,0.1,3,1.0,0.4,0,0.7262008348658036,5
281,0.5,1,1.0,0.4,0,0.9128685636354296,1
281,0.5,1,5.0,0.9,1,1.047668059624291,4
281,0.5,2,1.0,0.4,0,0.7986533210086096,5
281,0.5,3,1.0,0.4,0,0.8025451682405522,4
281,0.5,3,5.0,0.9,1,1.048072924996002,1
281,0.9,1,1.0,0.4,0,1.0367730610509245,3
281,0.9,1,5.0,0.9,1,1.0604658141372671,2
281,0.9,2,1.0,0.4,0,0.910482710302474,5
281,0.9,3,1.0,0.4,0,0.9331025528771556,5
282,0.1,1,1.0,0.4,0,1.284898676203024,1
282,0.1,1,5.0,0.9,1,1.3004060942064604,4
282,0.1,2,5.0,0.9,1,1.2915404957589214,5
282,0.1,3,1.0,0.4,0,1.2980098871846877,1
282,0.1,3,5.0,0.9,1,1.281205291118265,4
282,0.5,1,1.0,0.4,0,1.68324155502589,1
282,0.5,1,5.0,0.9,1,1.29976134810263,3
282,0.5,2,1.0,0.4,0,1.277603006605603,3
282,0.5,2,5.0,0.9,1,1.3226357491824243,2
282,0.5,3,1.0,0.4,0,1.2898954755912933,4
282,0.5,3,5.0,0.9,1,1.6386062804815282,1
282,0.9,1,1.0,0.4,0,0.9741630919608808,2
282,0.9,1,5.0,0.9,1,1.3054706933921931,3
282,0.9,2,1.0,0.4,0,1.3007901397788744,5
282,0.9,3,1.0,0.4,0,1.3821855129108154,5
283,0.1,1,1.0,0.4,0,1.21564447239492,5
283,0.1,2,1.0,0.4,0,1.2040883445104933,5
283,0.1,3,1.0,0.4,0,1.188783058074592,5
283,0.5,1,1.0,0.4,0,1.2655302685869203,5
283,0.5,2,1.0,0.4,0,1.397217978027479,5
283,0.5,3,1.0,0.4,0,1.1709755875602703,5
283,0.9,1,1.0,0.4,0,1.112433798906676,5
283,0.9,2,1.0,0.4,0,1.3198031474695695,5
283,0.9,3,1.0,0.4,0,1.3192602486639813,5
284,0.1,1,5.0,0.9,1,0.7098547017844652,5
284,0.1,2,1.0,0.4,0,0.6817350536237798,1
284,0.1,2,5.0,0.9,1,0.7981801465882475,4
284,0.1,3,5.0,0.9,1,0.7394822480693176,5
284,0.5,1,1.0,0.4,0,0.6329988360801613,2
284,0.5,1,5.0,0.9,1,0.6645014465066313,3
284,0.5,2,1.0,0.4,0,0.6001819642284308,5
284,0.5,3,1.0,0.4,0,0.5695649351538244,5
284,0.9,1,1.0,0.4,0,0.6021662588862317,3
284,0.9,1,5.0,0.9,1,0.9084911568582684,2
284,0.9,2,1.0,0.4,0,0.6089810415483136,5
284,0.9,3,1.0,0.4,0,0.5958076003288889,4
285,0.1,1,1.0,0.4,0,0.7630046675382789,2
285,0.1,1,5.0,0.9,1,0.8896719057744719,3
285,0.1,2,1.0,0.4,0,0.636029782839929,1
285,0.1,2,5.0,0.9,1,0.942603843019197,4
285,0.1,3,1.0,0.4,0,0.6535590414275623,2
285,0.1,3,5.0,0.9,1,0.94331139285288,3
285,0.5,1,1.0,0.4,0,0.7401969428172147,3
285,0.5,1,5.0,0.9,1,0.7279705269459729,2
285,0.5,2,1.0,0.4,0,0.6286710775620169,3
285,0.5,2,5.0,0.9,1,0.9398869371780838,2
285,0.5,3,1.0,0.4,0,0.6844662445930041,5
285,0.9,1,1.0,0.4,0,0.6896922836662005,4
285,0.9,1,5.0,0.9,1,1.040288354111346,1
285,0.9,2,1.0,0.4,0,0.7469547784877526,4
285,0.9,2,5.0,0.9,1,0.9835278298035828,1
285,0.9,3,1.0,0.4,0,0.8769816329233499,4
285,0.9,3,5.0,0.9,1,0.9381799857990336,1
286,0.1,1,1.0,0.4,0,0.8778821769068318,2
286,0.1,1,5.0,0.9,1,0.8422632879674857,3
286,0.1,2,1.0,0.4,0,0.8829102089923726,2
286,0.1,2,5.0,0.9,1,0.92458594811322,3
286,0.1,3,1.0,0.4,0,0.9140686417862484,4
286,0.1,3,5.0,0.9,1,0.7281824217547699,1
286,0.5,1,1.0,0.4,0,0.9006610167151754,2
286,0.5,1,5.0,0.9,1,0.9304673806403893,2
286,0.5,2,1.0,0.4,0,0.9205559151988786,4
286,0.5,2,5.0,0.9,1,0.9560754644242586,1
286,0.5,3,1.0,0.4,0,1.0045124703082282,3
286,0.9,1,1.0,0.4,0,0.8896713115748198,5
286,0.9,2,1.0,0.4,0,0.9441086803432764,4
286,0.9,2,5.0,0.9,1,0.9977589398811264,1
286,0.9,3,1.0,0.4,0,0.9655265894191916,5
287,0.1,1,1.0,0.4,0,0.8447777781739673,3
287,0.1,1,5.0,0.9,1,0.8543370192141996,2
287,0.1,2,1.0,0.4,0,0.8711759003262833,4
287,0.1,2,5.0,0.9,1,0.900982149731091,1
287,0.1,3,1.0,0.4,0,0.8007496378031485,5
287,0.5,1,1.0,0.4,0,0.7277357307701715,3
287,0.5,1,5.0,0.9,1,0.8747975368374932,2
287,0.5,2,1.0,0.4,0,0.8457248773843684,5
287,0.5,3,1.0,0.4,0,0.882993885265801,5
287,0.9,1,1.0,0.4,0,0.8764193250484538,4
287,0.9,1,5.0,0.9,1,0.8206822847387811,1
287,0.9,2,1.0,0.4,0,0.8847514926160999,5
287,0.9,3,1.0,0.4,0,0.9048752582983556,5
288,0.1,1,5.0,0.9,1,0.8383700015741541,5
288,0.1,2,5.0,0.9,1,0.821047208319689,5
288,0.1,3,5.0,0.9,1,0.8814123050018623,5
288,0.5,1,1.0,0.4,0,0.688280634104849,3
288,0.5,1,5.0,0.9,1,0.7600883932216465,2
288,0.5,2,1.0,0.4,0,0.673942877033414,4
288,0.5,2,5.0,0.9,1,0.7189379194444163,1
288,0.5,3,1.0,0.4,0,0.8003917667042626,4
288,0.5,3,5.0,0.9,1,0.8943038058318207,1
288,0.9,1,1.0,0.4,0,0.711333402799486,1
288,0.9,1,5.0,0.9,1,0.8815490130051953,4
288,0.9,2,1.0,0.4,0,0.8359369592714068,5
288,0.9,3,1.0,0.4,0,0.6330802981154131,5
289,0.1,1,5.0,0.9,1,0.7463826173690351,5
289,0.1,2,1.0,0.4,0,0.5673322850533401,2
289,0.1,2,5.0,0.9,1,0.7906934368460133,3
289,0.1,3,1.0,0.4,0,0.753549901925003,4
289,0.1,3,5.0,0.9,1,0.7055256993247899,1
289,0.5,1,1.0,0.4,0,0.6154829002260853,3
289,0.5,1,5.0,0.9,1,0.8306405623415354,2
289,0.5,2,1.0,0.4,0,0.7598365185236059,3
289,0.5,2,5.0,0.9,1,0.7187341581592588,2
289,0.5,3,1.0,0.4,0,0.7481441329303241,4
289,0.5,3,5.0,0.9,1,0.8044484269704298,1
289,0.9,1,1.0,0.4,0,0.8280453780972754,4
289,0.9,1,5.0,0.9,1,0.8168637696188901,1
289,0.9,2,1.0,0.4,0,0.798420123441379,5
289,0.9,3,1.0,0.4,0,0.7534219897365628,5
290,0.1,1,1.0,0.4,0,0.8299771912675138,1
290,0.1,1,5.0,0.9,1,0.8353154504215738,4
290,0.1,2,1.0,0.4,0,0.9345734086611484,2
290,0.1,2,5.0,0.9,1,0.8610257205559521,3
290,0.1,3,1.0,0.4,0,0.9739949840571328,2
290,0.1,3,5.0,0.9,1,0.8662219686321059,3
290,0.5,1,5.0,0.9,1,0.9102919028926676,5
290,0.5,2,1.0,0.4,0,1.0054884112119002,2
290,0.5,2,5.0,0.9,1,1.0315542435280474,3
290,0.5,3,1.0,0.4,0,1.1627790593498764,3
290,0.5,3,5.0,0.9,1,0.83468053462686,2
290,0.9,1,1.0,0.4,0,0.9496384267704194,2
290,0.9,1,5.0,0.9,1,1.1303588344688629,3
290,0.9,2,1.0,0.4,0,1.0257397702982136,3
290,0.9,2,5.0,0.9,1,0.8436882870257012,2
290,0.9,3,1.0,0.4,0,1.0787115811205736,4
290,0.9,3,5.0,0.9,1,0.8891590326922242,1
291,0.1,1,1.0,0.4,0,0.6987996707090163,5
291,0.1,2,1.0,0.4,0,0.7491775825683693,5
291,0.1,3,1.0,0.4,0,0.8478299611853803,5
291,0.5,1,1.0,0.4,0,0.7595077291291693,5
291,0.5,2,1.0,0.4,0,0.6612885330625563,4
291,0.5,2,5.0,0.9,1,0.9936923823386706,1
291,0.5,3,1.0,0.4,0,0.5914955746170175,5
291,0.9,1,1.0,0.4,0,0.7180119121117697,5
291,0.9,2,1.0,0.4,0,0.758941067489167,5
291,0.9,3,1.0,0.4,0,0.7036128642058276,5
292,0.1,1,5.0,0.9,1,1.1894482263085644,5
292,0.1,2,1.0,0.4,0,1.138726716708368,1
292,0.1,2,5.0,0.9,1,1.0326686228828017,4
292,0.1,3,1.0,0.4,0,1.1118035810490443,3
292,0.1,3,5.0,0.9,1,1.0926410041507544,2
292,0.5,1,5.0,0.9,1,1.1569957555364558,5
292,0.5,2,1.0,0.4,0,1.1547688329347832,2
292,0.5,2,5.0,0.9,1,1.0240719595626957,3
292,0.5,3,1.0,0.4,0,1.04181457761637,3
292,0.5,3,5.0,0.9,1,0.983637003289804,2
292,0.9,1,1.0,0.4,0,0.8324695648639311,1
292,0.9,1,5.0,0.9,1,1.161525851750364,4
292,0.9,2,1.0,0.4,0,0.9261445358750372,2
292,0.9,2,5.0,0.9,1,1.066024184566278,3
292,0.9,3,1.0,0.4,0,1.0589974902638866,4
292,0.9,3,5.0,0.9,1,0.7614798289644916,1
