subj_idx,mean_dev_subj,mean_dev_pop,mean_abs_dev_subj,mean_abs_dev_pop,mean_observed,mean_ustar_subj,mean_ustar_pop,subj,omega,kappa,log_omega,log_kappa,omega_z,kappa_z,escape_rate,earnings,mean_vigor,p_heavy,oc_ratio,pct_opt
1,-1.7204918249054109,-1.083033630925478,1.7204918249054109,1.083033630925478,0.5581034928203414,2.2785953177257525,1.6411371237458194,1,2.0652947783679045,0.1355515784228703,0.7252729660401767,-1.9984030585248818,0.7409302664860807,-0.3306127702781832,0.8333333333333334,151.0,1.0739625740520253,0.3333333333333333,1.0,0.6666666666666666
2,0.018580623854676154,-0.8558340918643874,0.2306110980466558,0.8558340918643874,0.8931625636540071,0.8745819397993311,1.7489966555183947,2,1.1184079866502683,5.501210145643055,0.11190623361127817,1.7049680945167047,0.035740109439911405,2.4005977838348387,0.5641025641025641,-1.0,0.5581034928203414,0.13333333333333333,0.9615384615384616,0.4222222222222222
3,-0.7302342255153704,-0.7808027873882801,0.7302342255153704,0.7808027873882801,0.9751169450531914,1.7053511705685618,1.7559197324414715,3,1.012396617088502,0.3440909312867524,0.01232040820606816,-1.0668493214032073,-0.07875410771297787,0.3564016534477593,0.10256410256410256,-87.0,0.8931625636540071,0.4222222222222222,0.7619047619047619,0.5333333333333333
4,-1.149431323271379,-0.8743811560472989,1.149431323271379,0.8743811560472989,0.9524415864276174,2.1018729096989963,1.8268227424749164,4,1.124954253533513,0.1944476464150223,0.11774237130383373,-1.6375923222591233,0.04244994001656956,-0.06451735337216305,0.6829268292682927,126.0,0.9751169450531914,0.4888888888888889,1.0,0.8222222222222222
5,-0.9102926568004611,-0.540444444811781,0.9102926568004611,0.5529370863818132,1.1297124885558547,2.0400051453563157,1.6701569333676358,5,0.3486304275899195,0.0656435249710563,-1.053742864593695,-2.7235163126321016,-1.3044112668318324,-0.8653787687977589,0.07317073170731707,-92.0,0.9524415864276174,0.7111111111111111,0.4166666666666667,0.7333333333333333
6,-1.450427189873382,-0.8179188286693687,1.450427189873382,0.8179188286693687,0.9040209706617348,2.354448160535117,1.7219397993311036,6,2.061644676449375,0.1285196135460045,0.7235040508863324,-2.051673751695081,0.738896537740798,-0.3698995372261491,0.8536585365853658,157.0,1.1297124885558547,0.3333333333333333,0.9411764705882353,0.6222222222222222
7,-0.6629087654135838,-0.6568886985239516,0.6629087654135838,0.6568886985239516,0.9307367195362489,1.5936454849498327,1.5876254180602007,7,1.2129803767030205,0.3500068210499841,0.19308045233972917,-1.04980263597434,0.1290664296114282,0.3689734657862901,0.6097560975609756,60.0,0.9040209706617348,0.37777777777777777,0.8823529411764706,0.6222222222222222
8,-0.9214824627215427,-0.7047600546947869,0.9214824627215427,0.7047600546947869,1.039833033376562,1.9613154960981047,1.7445930880713487,8,3.54658955354959,0.5912450851132407,1.2659864525887905,-0.5255246519154234,1.362590699529537,0.7556248448074768,0.3170731707317073,-58.0,0.9307367195362489,0.13333333333333333,0.9615384615384616,0.4222222222222222
9,-1.1888222861854854,-0.4815759093738914,1.1888222861854854,0.4815759093738914,1.1675879702247707,2.356410256410256,1.649163879598662,9,0.7088194599381766,0.0667939857207517,-0.3441544253020905,-2.7061422366133354,-0.4885946330201859,-0.8525655081686039,0.0,-127.0,1.039833033376562,0.4,0.8,0.5555555555555556
10,-1.4080110672624933,-0.6738304652558043,1.4080110672624933,0.6815183613324471,1.0481093340752994,2.4561204013377926,1.7219397993311036,10,2.1116021033263506,0.061679493815299,0.7474469500486383,-2.7858037563868887,0.766423783559211,-0.9113153267989941,0.24390243902439024,-32.0,1.1675879702247707,0.3333333333333333,1.0,0.6666666666666666
11,-1.2904107587495266,-0.7526181166090584,1.2904107587495266,0.7526181166090584,0.9273149937588344,2.217725752508361,1.679933110367893,11,1.2211588447198778,0.1162816924431821,0.1998002806227567,-2.1517396485024567,0.1367922427533739,-0.44369744247867193,0.15384615384615385,-51.0,1.0481093340752994,0.4222222222222222,0.8235294117647058,0.6222222222222222
12,-1.0421746791497193,-0.8827097962065756,1.0421746791497193,0.8827097962065756,0.9901330131579729,2.032307692307692,1.8728428093645484,12,2.72195343918142,0.5312039685523766,1.001349798712447,-0.6326092099284365,1.05833689240141,0.6766507255681824,0.7692307692307693,127.0,0.9273149937588344,0.26666666666666666,0.95,0.5555555555555556
13,-0.6143357036292764,-0.30931898122124957,0.6143357036292764,0.30931898122124957,1.4535572729593522,2.0678929765886287,1.762876254180602,13,0.6173735839791283,0.1248815608744677,-0.48228095373948227,-2.080389503858296,-0.6473992488089916,-0.39107720539290913,0.34146341463414637,17.0,0.9901330131579729,0.5333333333333333,0.6875,0.6444444444444445
14,-1.3777874970185569,-0.5392590689249114,1.3777874970185569,0.5403355020742874,1.1222125029814431,2.5,1.6614715719063544,14,1.3704689254748887,0.0108956435110627,0.31515296264366127,-4.5193922475236885,0.2694136772871552,-2.189824822017425,0.5365853658536586,46.0,1.4535572729593522,0.5333333333333333,1.0,0.8666666666666667
15,-1.4752328602406464,-0.7462574877870128,1.4752328602406464,0.7462574877870128,0.8292061789810017,2.304439039221648,1.5754636667680146,15,2.632667209912775,0.1341347649695639,0.9679974805445571,-2.0089102756893404,1.0199916003547886,-0.33836177010239954,0.8717948717948718,139.0,1.1222125029814431,0.2,0.9565217391304348,0.4888888888888889
16,-0.543926824857962,-0.8467544320333953,0.543926824857962,0.8467544320333953,0.8498402776047925,1.3937671024627545,1.6965947096381877,16,3.2987499422028574,1.696731542136605,1.1935435913144743,0.5287037781789864,1.279302855540002,1.5331110042368559,0.2564102564102564,-107.0,0.8292061789810017,0.044444444444444446,0.9666666666666667,0.3333333333333333
17,-0.624123634341026,-0.7830534002273136,0.624123634341026,0.7830534002273136,1.0089867335519505,1.6331103678929764,1.7920401337792642,17,1.354491059860525,0.5392665164108084,0.3034257821967751,-0.6175453656964092,0.2559308915672644,0.6877602062688238,0.5952380952380952,57.0,0.8498402776047925,0.4,1.0,0.7333333333333333
18,-1.2288542417072206,-0.801247066273958,1.2288542417072206,0.801247066273958,0.847916813324704,2.0767710550319247,1.6491638795986623,18,0.8709705078624106,0.1212601850316433,-0.13814716279198086,-2.109816752431393,-0.2517472689206081,-0.41277959722996305,0.5609756097560976,53.0,1.0089867335519505,0.4888888888888889,0.8333333333333334,0.7333333333333333
19,-0.7026754667371999,-0.7749162694127854,0.7026754667371999,0.7749162694127854,0.928829549985208,1.6315050167224079,1.7037458193979933,19,1.5318461582281058,0.5033607651639311,0.42647364736492505,-0.6864481390006745,0.3973995085861735,0.6369448885813953,0.38461538461538464,31.0,0.847916813324704,0.37777777777777777,1.0,0.7111111111111111
20,-0.9175504871146778,-0.8057110222317347,0.9175504871146778,0.8057110222317347,0.9365632252599041,1.854113712374582,1.7422742474916388,20,1.4520800820922295,0.3307383460364238,0.3729970678378169,-1.1064277115695194,0.33591727369925806,0.327212865052015,0.4634146341463415,53.0,0.928829549985208,0.4222222222222222,1.0,0.7555555555555555
21,-1.0505450009593276,-0.8485383119961168,1.0505450009593276,0.8485383119961168,0.9879165375022109,2.0384615384615383,1.8364548494983277,21,0.9250851089423864,0.1981717536108143,-0.07786953603489695,-1.6186211818195393,-0.1824458431473643,-0.05052626880328392,0.8292682926829268,175.0,0.9365632252599041,0.5111111111111111,0.7333333333333333,0.6666666666666666
22,-0.9061335118508937,-0.5695831057352703,0.9061335118508937,0.5695831057352703,1.2831163687033345,2.1892498805542284,1.8526994744386047,22,0.8499663770474899,0.1373736554359851,-0.16255848669486828,-1.9850506538513994,-0.27981306451505306,-0.3207654643885071,0.6585365853658537,111.0,0.9879165375022109,0.5555555555555556,0.7777777777777778,0.8
23,-1.491317588660142,-0.8847241820667352,1.491317588660142,0.8847241820667352,1.008682411339858,2.5,1.8934065934065933,23,1.1789602693546783,0.0160105546811692,0.16463292239088256,-4.134507106654294,0.09636019196993986,-1.9059746985966568,0.3170731707317073,15.0,1.2831163687033345,0.5333333333333333,0.7142857142857143,0.6888888888888889
24,-1.245013393340132,-0.5823601045998867,1.245013393340132,0.5823601045998867,1.0668037749987755,2.3118171683389073,1.649163879598662,24,0.2777647968201427,0.0416469362015978,-1.2809805780014987,-3.178527473660885,-1.5656673642570986,-1.2009463459822318,0.4634146341463415,97.0,1.008682411339858,0.7333333333333333,0.2857142857142857,0.8444444444444444
25,-0.8806299104123275,-0.28718509435881584,0.8806299104123275,0.4018417744523235,1.3742864775475387,2.254916387959866,1.6614715719063544,25,1.9724700662510295,0.1440228969217736,0.679286598084608,-1.9377829856451088,0.6880595574534065,-0.28590588673928735,0.8205128205128205,127.0,1.0668037749987755,0.3333333333333333,1.0,0.6666666666666666
26,-1.5401899174940301,-0.7016614894003846,1.5401899174940301,0.7016614894003846,0.9598100825059698,2.5,1.6614715719063544,26,2.6176197838612625,0.0250672844021399,0.962265425413187,-3.686191693295714,1.0134014339101864,-1.5753451889049646,0.6153846153846154,65.0,1.3742864775475387,0.26666666666666666,0.95,0.5555555555555556
27,-0.9054653389085809,-0.6638599877380125,0.9054653389085809,0.6638599877380125,1.0398858316599806,1.9453511705685618,1.7037458193979933,27,1.7111079417710588,0.3066326435129096,0.5371410798699299,-1.182104848828619,0.5246342932297102,0.27140150090684756,0.3170731707317073,-21.0,0.9598100825059698,0.28888888888888886,0.9473684210526315,0.5777777777777777
28,-1.0972329115724484,-0.6351211103302125,1.0972329115724484,0.6351211103302125,1.1338707673573174,2.231103678929766,1.7689918776875297,28,1.7389643086577762,0.163708134606547,0.5532897111004412,-1.8096701036799372,0.5432004383944955,-0.19142352435070092,0.5384615384615384,97.0,1.0398858316599806,0.37777777777777777,1.0,0.7111111111111111
29,-1.5232397040265937,-0.827205303644367,1.5232397040265937,0.827205303644367,0.9389198755242903,2.462159579550884,1.7661251791686574,29,0.7263933425689098,0.0332101269022862,-0.31966361670276,-3.4049004223937307,-0.46043745355601995,-1.3678948264868245,0.4358974358974359,50.0,1.1338707673573174,0.6,0.5882352941176471,0.6222222222222222
30,-1.0249524537594177,-0.8323103132911902,1.0249524537594177,0.8323103132911902,0.9924388505884084,2.017391304347826,1.8247491638795985,30,1.0262991023524215,0.2192099069707532,0.02595922702471914,-1.5177255288951286,-0.06307350379994507,0.02388357583379789,0.3076923076923077,3.0,0.9389198755242903,0.4888888888888889,0.8333333333333334,0.7333333333333333
31,-1.1968252938222688,-0.9306045580363156,1.1968252938222688,0.9306045580363156,0.6356161777496375,1.8324414715719064,1.5662207357859532,31,0.4509635769678151,0.0968075839728276,-0.7963687033442861,-2.3350299409418267,-1.0085071761871118,-0.5788727626098238,0.07317073170731707,-103.0,0.9924388505884084,0.6222222222222222,0.5625,0.6444444444444445
32,-0.25769159462628755,-0.9110695210476922,0.25769159462628755,0.9110695210476922,0.9331445257750502,1.1908361204013378,1.8442140468227426,32,2.3035756984121116,3.146945740621344,0.834462567199055,1.1464323763134674,0.8664659825887856,1.988681563352077,0.7435897435897436,60.0,0.6356161777496375,0.1111111111111111,1.0,0.4444444444444444
33,-0.9746872793322505,-0.9438151414367013,0.9746872793322505,0.9438151414367013,0.7689453422267924,1.743632621559043,1.7127604836634935,33,0.6425733928583937,0.2054230246397975,-0.4422742386067311,-1.5826838911790029,-0.6014033702655844,-0.024022766068202264,0.5121951219512195,93.0,0.9331445257750502,0.6222222222222222,0.625,0.8222222222222222
34,-0.0014460046195408304,-0.4814460046195409,0.1643240437769909,0.48458952313646914,1.0826342629389876,1.0840802675585284,1.5640802675585284,34,1.2351057815245567,1.2027393579214674,0.21115661946824818,0.18460175343644983,0.14984867041812336,1.2793381462567412,0.2926829268292683,-39.0,0.7689453422267924,0.3333333333333333,0.8947368421052632,0.5777777777777777
35,-1.3848302196330502,-0.7581258203533999,1.3848302196330502,0.7581258203533999,0.981802144658177,2.366632364291227,1.7399279650115769,35,7.944918269717202,0.4950882729992215,2.0725325129272343,-0.7030192030208682,2.2898798935533877,0.6247238437348197,0.0975609756097561,-153.0,1.0826342629389876,0.022222222222222223,1.0,0.35555555555555557
36,-1.012307484891063,-0.7427422674997587,1.012307484891063,0.7427422674997587,0.8682945217979001,1.880602006688963,1.611036789297659,36,1.0824811321022452,0.1932377604836275,0.07925575081396301,-1.643833928663297,-0.0017982797066518513,-0.06912049482929132,0.4358974358974359,35.0,0.981802144658177,0.4666666666666667,0.8,0.6666666666666666
37,-0.693864587050113,-0.710586995076869,0.693864587050113,0.710586995076869,0.9767039748227967,1.6705685618729096,1.6872909698996654,37,3.9009507286975937,1.0289526214421596,1.3612203000160428,0.028541412489807103,1.4720814303968488,1.1642447265972289,0.7560975609756098,69.0,0.8682945217979001,0.08888888888888889,1.0,0.4222222222222222
38,-1.151364968904591,-0.8308298518477348,1.151364968904591,0.8308298518477348,0.9638858672158102,2.1152508361204014,1.7947157190635452,38,1.1957890760702508,0.1778952127592479,0.17880628217478076,-1.7265605944012128,0.11265535974387458,-0.1301308373612321,0.34146341463414637,-23.0,0.9767039748227967,0.4222222222222222,1.0,0.7555555555555555
39,-1.2455531021150894,-0.9004026004428487,1.2455531021150894,0.9004026004428487,0.9023398744735391,2.1478929765886288,1.802742474916388,39,0.1716946464032115,0.0487637720979839,-1.762037691511163,-3.0207676168611552,-2.1187406293830016,-1.084599545161876,0.3333333333333333,46.0,0.9638858672158102,0.8,0.3333333333333333,0.6
40,-0.7941168116451804,-0.8973179583245882,0.7941168116451804,0.8973179583245882,0.7323523713457415,1.526469182990922,1.6296703296703297,40,0.5382602707306089,0.2446285482683059,-0.619413061209344,-1.4080143484418908,-0.805060574880265,0.10479481091537561,0.3902439024390244,29.0,0.9023398744735391,0.6,0.6153846153846154,0.7111111111111111
41,-0.04094706374936102,-0.6291935998219841,0.25253269029476993,0.6663250020476258,1.1650252248316233,1.205972288580984,1.7942188246536073,41,1.723379924353356,2.0161333490314544,0.544287434894915,0.7011814933745187,0.532850485853038,1.6603121236019631,0.43902439024390244,-5.0,0.7323523713457415,0.17777777777777778,0.9230769230769231,0.4222222222222222
42,-1.5094250536670664,-0.7490723628795929,1.5094250536670664,0.7490723628795929,0.8833082999358525,2.392733353602919,1.6323806628154456,42,0.7375722705268194,0.0271408968847671,-0.3043912016345838,-3.606713578519853,-0.4428786975769452,-1.5167306301890344,0.21951219512195122,-32.0,1.1650252248316233,0.5777777777777777,0.625,0.6444444444444445
43,-0.7325392602231534,-0.8239207883939793,0.7325392602231534,0.8239207883939793,0.8462361449736563,1.57877540519681,1.6701569333676358,43,3.1181342187730907,0.9858772997861964,1.137234816140509,-0.014223374530609153,1.214564434121607,1.1327059926092438,0.20512820512820512,-71.0,0.8833082999358525,0.08888888888888889,0.9642857142857143,0.37777777777777777
44,-0.6019651163853375,-0.8186875244120932,0.6019651163853375,0.8186875244120932,0.8866636461564685,1.4886287625418058,1.7053511705685618,44,1.5320900972976002,0.6886203635460808,0.4266328798356201,-0.37306515612739793,0.39758257878721237,0.868062666123068,0.43902439024390244,18.0,0.8462361449736563,0.35555555555555557,0.8888888888888888,0.6
45,-0.6507066629472052,-0.6715762281645965,0.6507066629472052,0.6715762281645965,0.9230057116347344,1.5737123745819397,1.594581939799331,45,2.1839649158264915,0.62242366198483,0.7811419935716188,-0.4741342895127838,0.8051631083014485,0.7935248808485595,0.717948717948718,88.0,0.8866636461564685,0.24444444444444444,0.9523809523809523,0.5333333333333333
46,-1.115518162934033,-0.9233776947066082,1.115518162934033,0.9233776947066082,0.844682505962288,1.960200668896321,1.7680602006688964,46,2.210680496987958,0.4067631578486078,0.7933003853220143,-0.8995241846696095,0.8191416593616564,0.47980278191414916,0.7560975609756098,98.0,0.9230057116347344,0.28888888888888886,1.0,0.6222222222222222
47,-0.40850948509785606,-0.6332586489774548,0.42220611068751907,0.6332586489774548,0.9704202807884315,1.3789297658862874,1.6036789297658862,47,0.4461569764726585,0.2861985135160017,-0.8070844237019559,-1.2510696057376993,-1.0208270822439078,0.22054047074052976,0.3902439024390244,26.0,0.844682505962288,0.5555555555555556,0.631578947368421,0.5777777777777777
48,-0.9928484487643255,-0.6925140006037904,0.9928484487643255,0.6925140006037904,1.0248773037440355,2.0177257525083614,1.7173913043478262,48,2.3965837253837763,0.3474629136782003,0.8740442755329562,-1.0570973429008197,0.9119732291354103,0.3635936699939079,0.3333333333333333,-23.0,0.9704202807884315,0.28888888888888886,1.0,0.6222222222222222
49,-1.2620815510731507,-0.7827695587176802,1.2620815510731507,0.7827695587176802,0.9185682339244602,2.180649784997611,1.7013377926421405,49,1.546942532750166,0.1626155024098095,0.43628042335741646,-1.8163667456393335,0.4086743977130684,-0.19636225137556254,0.7317073170731707,127.0,1.0248773037440355,0.4,0.9285714285714286,0.6888888888888889
50,-0.7882806953021172,-0.7474780197168328,0.7882806953021172,0.7474780197168328,1.149846394998886,1.938127090301003,1.8973244147157189,50,1.771753703592814,0.452878247566027,0.5719698490646234,-0.7921319587939276,0.5646770668585813,0.5590038040694508,0.6666666666666666,81.0,0.9185682339244602,0.3333333333333333,0.8947368421052632,0.5777777777777777
51,-1.3226301503719935,-0.579581894280259,1.3226301503719935,0.579581894280259,1.0896488749505102,2.4122790253225035,1.669230769230769,51,0.5699611437952752,0.0224882731093729,-0.562187089257357,-3.794761300780143,-0.7392676487002992,-1.6554145218352712,0.717948717948718,166.0,1.149846394998886,0.7111111111111111,0.375,0.8222222222222222
52,-1.2083997273460145,-0.6037174530985229,1.2083997273460145,0.6037174530985229,0.9089915770018115,2.117391304347826,1.5127090301003345,52,2.007834786462787,0.1721727818797189,0.6970569207865159,-1.759256760574864,0.7084901677137572,-0.1542440332690111,0.15384615384615385,-72.0,1.0896488749505102,0.24444444444444444,0.88,0.4444444444444444
53,-1.0078372819105685,-0.8719175494690969,1.0078372819105685,0.8719175494690969,0.8703566980225419,1.8781939799331104,1.7422742474916388,53,2.907079264820858,0.5785711068955015,1.0671488880852444,-0.5471938239201039,1.1339863655714875,0.7396439806617198,0.46511627906976744,13.0,0.9089915770018115,0.2,1.0,0.5333333333333333
54,-0.7877090800397275,-0.892056906126684,0.7877090800397275,0.892056906126684,0.6990673542283455,1.486776434268073,1.5911242603550295,54,0.8229490706379184,0.328970327941768,-0.1948609627983439,-1.1117877209108489,-0.31695134898996247,0.3232598953176258,0.40476190476190477,47.0,0.8703566980225419,0.4888888888888889,0.7857142857142857,0.6888888888888889
55,-0.2308763411146056,-0.673582798536782,0.2732386652254886,0.673582798536782,0.9687892107248591,1.1996655518394648,1.6423720092616412,55,1.8020205720882168,1.5328562578858809,0.5889085753741538,0.42713283025265986,0.5841515874591332,1.4582031342169124,0.7619047619047619,67.0,0.6990673542283455,0.08888888888888889,1.0,0.4222222222222222
56,-1.292757512852988,-1.0022892854282388,1.292757512852988,1.0022892854282388,0.6940317848058748,1.9867892976588628,1.6963210702341136,56,1.4947469984308346,0.2295662046441934,0.40195696070249,-1.4715638176868087,0.3692125770105546,0.0579275178633547,0.3333333333333333,13.0,0.9687892107248591,0.37777777777777777,1.0,0.7111111111111111
57,-0.19497537161871925,-0.8381191843277493,0.2558544324429655,0.8381191843277493,0.9209109160066987,1.1158862876254179,1.7590301003344482,57,0.6001202144112919,1.1380210221511249,-0.5106252864826911,0.1292908084255428,-0.6799868402151972,1.238546707718996,0.717948717948718,100.0,0.6940317848058748,0.4,0.7727272727272727,0.5111111111111111
58,-0.9725929096139936,-0.890719999914997,0.9725929096139936,0.890719999914997,0.8515542475766419,1.8241471571906354,1.7422742474916388,58,1.1851985609407865,0.2973692384569835,0.16991032252550195,-1.212780685218473,0.10242763976742719,0.24877828420997308,0.05128205128205128,-74.0,0.9209109160066987,0.37777777777777777,0.8421052631578947,0.5777777777777777
59,-0.8022797267171756,-0.9601392584897508,0.8022797267171756,0.9601392584897508,0.7516333167610852,1.5539130434782609,1.7117725752508361,59,1.2118782408794604,0.5009898953522367,0.192171421279969,-0.6911693470582798,0.1280213130084236,0.6334630303656708,0.1951219512195122,-62.0,0.8515542475766419,0.37777777777777777,0.8421052631578947,0.5777777777777777
60,-0.20214219598718244,-0.7056873464888547,0.2823104079402294,0.7056873464888547,0.9557842254174997,1.157926421404682,1.6614715719063544,60,0.3254563021881327,0.532413989781524,-1.1225270746155642,-0.6303339159816094,-1.3834927450129815,0.6783287390819454,0.07142857142857142,-121.0,0.7516333167610852,0.5777777777777777,0.75,0.8222222222222222
61,-1.3163650460809988,-1.0949603638067513,1.3163650460809988,1.0949603638067513,0.8324643853571282,2.148829431438127,1.9274247491638796,61,1.4163412718317223,0.2679903405395441,0.34807697741359395,-1.3168043418837314,0.30726654722396846,0.1720615584969042,0.3076923076923077,-5.0,0.9557842254174997,0.3333333333333333,0.9411764705882353,0.6222222222222222
62,-0.20859375763636975,-0.5590954298771724,0.6575651537603303,0.8528828795128387,1.2419079146044327,1.4505016722408026,1.8010033444816054,62,0.1810288773000734,0.2423602004069868,-1.709098717347629,-1.417330228007742,-2.0578764815078587,0.0979244143119453,0.14634146341463414,-40.0,0.8324643853571282,0.8222222222222222,0.1111111111111111,0.8
63,-1.4809424035595902,-0.6603609782958905,1.4809424035595902,0.6603609782958905,0.9597830916809553,2.4407254952405455,1.6201440699768457,63,1.1344402774665925,0.0317620311181125,0.1261393816895669,-3.4494836925664214,0.05210401605226311,-1.4007746791941391,0.3902439024390244,11.0,1.2419079146044327,0.5111111111111111,0.8888888888888888,0.8
64,-1.0481965554061596,-0.7045510704563269,1.0481965554061596,0.7045510704563269,0.9787265215169171,2.026923076923077,1.6832775919732441,64,2.362500948950174,0.3143679779639902,0.8597207820577113,-1.1571910748738505,0.895505452063023,0.28977523649966397,0.14634146341463414,-115.0,0.9597830916809553,0.15555555555555556,0.96,0.4444444444444444
65,-1.159337952289582,-0.9449089030779242,1.159337952289582,0.9449089030779242,0.9484976903286692,2.107835642618251,1.8934065934065933,65,1.9402235565774877,0.3540533656232508,0.6628032017853744,-1.0383076268618885,0.6691085315657118,0.37745095532491435,0.6923076923076923,88.0,0.9787265215169171,0.24444444444444444,0.9523809523809523,0.5333333333333333
66,-1.2899160242623549,-1.0688715169302219,1.2899160242623549,1.0688715169302219,0.7624379762521809,2.0523540005145358,1.8313094931824028,66,0.1781957590151243,0.0686464348675258,-1.724872563245889,-2.6787860801264913,-2.0760117344945463,-0.8323905323886387,0.12195121951219512,-13.0,0.9484976903286692,0.8222222222222222,0.26666666666666666,0.6666666666666666
67,-0.7539755407918466,-1.2478885842701073,0.7539755407918466,1.2478885842701073,0.5644859976696919,1.3184615384615384,1.8123745819397994,67,0.2901422298642942,0.43617281966589,-1.2373840284239228,-0.8297167387885898,-1.5155442388610767,0.5312852893558692,0.20512820512820512,-33.0,0.7624379762521809,0.6888888888888889,0.47058823529411764,0.6222222222222222
68,0.2002603600239934,-0.5668681636262694,0.23815692814682365,0.5794957763760367,1.2514309285858662,1.0511705685618729,1.8182990922121356,68,0.2413847113490781,1.0775184335281651,-1.4213633055924526,0.07466065053218292,-1.7270659411320028,1.19825734496132,0.32558139534883723,21.0,0.5644859976696919,0.6,0.6,0.6666666666666666
69,-1.577753547257209,-0.7991582295314564,1.577753547257209,0.7991582295314564,0.81732528695206,2.395078834209269,1.6164835164835163,69,0.6599650642225469,0.0285631948839212,-0.41556837835880744,-3.555636282083737,-0.570699537164448,-1.479061478128133,0.23076923076923078,5.0,1.2514309285858662,0.6222222222222222,0.625,0.8222222222222222
70,-0.6189928837249079,-0.8838758268687206,0.6189928837249079,0.8838758268687206,0.865120828649674,1.4841137123745818,1.7489966555183947,70,2.282398210206513,1.072012867278207,0.8252267367451461,0.06953806563460303,0.8558475118046716,1.1944794741084028,0.3333333333333333,-35.0,0.81732528695206,0.13333333333333333,0.9615384615384616,0.4222222222222222
71,-0.3322627829220644,-0.4502560939588537,0.38698359985232755,0.4593098507989152,1.1138241735996748,1.4460869565217391,1.5640802675585284,71,0.8911923290128805,0.3493893076529998,-0.11519501732722076,-1.0515684837739017,-0.2253590965449292,0.3676711652747254,0.05128205128205128,-86.0,0.865120828649674,0.4222222222222222,0.8235294117647058,0.6222222222222222
72,-1.3167486592583564,-0.6042197166290795,1.3167486592583564,0.6042197166290795,0.9609719478936888,2.277720607152045,1.5651916645227681,72,7.967899626564294,0.4360449336517664,2.075420923135219,-0.830009982108973,2.2932007101880245,0.5310690244398085,0.7560975609756098,69.0,1.1138241735996748,0.022222222222222223,1.0,0.35555555555555557
73,-1.34727111646834,-1.038241016133892,1.34727111646834,1.038241016133892,0.6028961076119275,1.9501672240802674,1.6411371237458194,73,2.1890436440809062,0.3131320719143653,0.7834647562501028,-1.1611302224419873,0.8078335977352897,0.28687014247378767,0.5714285714285714,12.0,0.9609719478936888,0.28888888888888886,1.0,0.6222222222222222
74,-0.01923333911959432,-0.8021095933001964,0.1993522250728638,0.8021095933001964,0.859361978606158,0.8785953177257524,1.6614715719063544,74,1.5817999498373487,5.369199715064554,0.4585634073907939,1.6806788685628322,0.4342932325457453,2.382684648063403,0.3076923076923077,-70.0,0.6028961076119275,0.1111111111111111,0.9629629629629629,0.4
75,-0.8942780534777383,-0.9414352441131898,0.8942780534777383,0.9414352441131898,0.7418423478600543,1.6361204013377926,1.6832775919732441,75,1.4812047538964217,0.4659143467518273,0.3928557795420579,-0.7637534670043364,0.35874891305144885,0.5799327450485056,0.35714285714285715,-22.0,0.859361978606158,0.35555555555555557,0.9375,0.6444444444444445
76,0.465238564523594,-0.10867447895466689,0.465238564523594,0.2804749540529848,1.45139241067744,0.986153846153846,1.560066889632107,76,0.3562224161089587,0.6243342968013718,-1.032199978863096,-0.47106932201241286,-1.2796433259436297,0.7957852731341535,0.46153846153846156,43.0,0.7418423478600543,0.4666666666666667,0.8461538461538461,0.7111111111111111
77,-1.4162341933375011,-0.6566112076275588,1.4162341933375011,0.6566112076275588,1.0837658066624989,2.5,1.7403770142900576,77,25.550973407290435,0.0651903109761735,3.240675414056696,-2.730444425752212,3.6328984049059634,-0.8704882041991212,0.5952380952380952,-1.0,1.45139241067744,0.022222222222222223,0.967741935483871,0.3111111111111111
78,-1.0489787562603157,-0.47747373953790767,1.0489787562603157,0.5300442620392782,1.3632620464152694,2.4122408026755853,1.8407357859531772,78,1.55214389159391,0.0982484658074387,0.43963713111925157,-2.3202556435461483,0.41253361789664916,-0.5679768206938912,0.4878048780487805,63.0,1.0837658066624989,0.4,1.0,0.7333333333333333
79,-1.6998742236501607,-0.765065888172929,1.6998742236501607,0.765065888172929,0.8001257763498392,2.5,1.5651916645227681,79,0.5331923680928496,0.007914066907944,-0.6288730041842792,-4.839113481677083,-0.8159367087157687,-2.425617015942306,0.2926829268292683,-4.0,1.3632620464152694,0.7777777777777778,0.2727272727272727,0.7555555555555555
80,-0.5033527782996525,-0.6700623229356186,0.5112561624455298,0.6700623229356186,1.042080717969964,1.5454334962696166,1.7121430409055827,80,2.408360778846511,0.913120012404267,0.8789463413262866,-0.09088795860925195,0.9176091535569391,1.0761663932795076,0.5897435897435898,65.0,0.8001257763498392,0.2,1.0,0.5333333333333333
81,-1.4771925788554607,-0.9406348222308144,1.4771925788554607,0.9406348222308144,0.6949453166938061,2.1721378955492665,1.6355801389246205,81,0.9595057641396956,0.0935150013553075,-0.04133695611136862,-2.3696334132542316,-0.14044419158801594,-0.6043925835737521,0.15384615384615385,-30.0,1.042080717969964,0.4888888888888889,1.0,0.8222222222222222
82,-0.47445846529845925,-1.0563982646295629,0.47445846529845925,1.0563982646295629,0.9186519025945173,1.3931103678929766,1.97505016722408,82,2.1064039348475285,2.0711234236099307,0.7449821972420502,0.7280911767795946,0.7635900475137705,1.6801578285790137,0.3076923076923077,-52.0,0.6949453166938061,0.17777777777777778,0.9230769230769231,0.4222222222222222
83,-1.3181183449847593,-1.0444789409105728,1.3181183449847593,1.0444789409105728,0.6046849386880894,1.9228032836728488,1.6491638795986623,83,0.1083400971450806,0.0488706633163162,-2.222479952084145,-3.018577994714303,-2.648112916592585,-1.0829847140067295,0.07692307692307693,-43.0,0.9186519025945173,0.9777777777777777,0.0,0.6888888888888889
84,-0.36366092479134837,-0.9391175751643867,0.3663644586355532,0.9391175751643867,0.771173137467463,1.1348340622588113,1.7102907126318496,84,0.9770505102556784,1.3639649068296302,-0.023216928935209075,0.3103958309595267,-0.1196115247111601,1.3721104064429135,0.8095238095238095,122.0,0.6046849386880894,0.3333333333333333,1.0,0.6666666666666666
85,-0.5605002556189805,-0.9272612538181058,0.5605002556189805,0.9272612538181058,0.989872782713924,1.5503730383329044,1.9171340365320297,85,1.2912388131113772,0.7955465662741376,0.25560207780247024,-0.22872589580358765,0.20094778956758302,0.9745118700721466,0.5238095238095238,10.0,0.771173137467463,0.4,0.875,0.6444444444444445
86,-1.2379504642803678,-0.8322344411730405,1.2379504642803678,0.8322344411730405,0.9884101316454454,2.2263605959258133,1.820644572818486,86,0.3644762287442732,0.0655568117193222,-1.0092939457251784,-2.7248381577820076,-1.2533081690924137,-0.8663536204329674,0.5952380952380952,135.0,0.989872782713924,0.7111111111111111,0.375,0.8222222222222222
87,-1.0177221117524524,-0.6224043859999442,1.0177221117524524,0.6224043859999442,0.981274543765942,1.9989966555183944,1.6036789297658862,87,0.8057602250964584,0.1182843140029348,-0.21596906820706158,-2.134664111861702,-0.34121942122331633,-0.4311043525713668,0.5365853658536586,86.0,0.9884101316454454,0.6,0.6363636363636364,0.7555555555555555
88,-1.0831933818005557,-0.7189021546330744,1.0831933818005557,0.7189021546330744,0.9512547787345612,2.034448160535117,1.6701569333676358,88,2.6191752078348367,0.3277492333851089,0.9628594620412316,-1.1155064953643772,1.014084400169806,0.32051732493617735,0.8048780487804879,129.0,0.981274543765942,0.26666666666666666,1.0,0.6
89,-1.0247371163156749,-0.8070113638073138,1.0247371163156749,0.8070113638073138,0.9876374656241244,2.0123745819397993,1.794648829431438,89,2.819182352628539,0.4794141440723459,1.036446897031185,-0.7351904537200701,1.098688165084959,0.6009977693508058,0.48717948717948717,17.0,0.9512547787345612,0.24444444444444444,0.9523809523809523,0.5333333333333333
90,-1.1456273753386987,-0.7991390810243174,1.1456273753386987,0.7991390810243174,1.128285668139562,2.273913043478261,1.9274247491638796,90,0.3739550830455399,0.0741672885700731,-0.9836195875887613,-2.601432080864639,-1.2237902580466298,-0.7753424941402158,0.6410256410256411,144.0,0.9876374656241244,0.6666666666666666,0.5,0.7333333333333333
91,-1.52453348673378,-0.8313657848704258,1.52453348673378,0.8313657848704258,0.9347593942982314,2.459292881032012,1.7661251791686574,91,0.2090874822064203,0.0148218558634787,-1.5650025394451301,-4.211652439999059,-1.8922085361296912,-1.9628688471776707,0.7073170731707317,192.0,1.128285668139562,0.9111111111111111,0.07692307692307693,0.7111111111111111
92,-0.9682604568873402,-0.7600999217702833,0.9682604568873402,0.7600999217702833,0.9677261651862383,1.9359866220735784,1.7278260869565216,92,0.5016289459321356,0.1259118476376056,-0.6898945841271954,-2.07217323880405,-0.8860934604077734,-0.38501776686941264,0.6341463414634146,126.0,0.9347593942982314,0.6222222222222222,0.6,0.7777777777777778
93,-1.1040657308486583,-0.737242988373742,1.1040657308486583,0.737242988373742,0.857338951425589,1.9614046822742472,1.594581939799331,93,0.363273551315926,0.0736314059047543,-1.0125991436274526,-2.608683633599988,-1.2571081681868277,-0.7806904640157781,0.5641025641025641,110.0,0.9677261651862383,0.6444444444444445,0.5454545454545454,0.7555555555555555
94,-0.7127594981590756,-0.7841976252493766,0.7127594981590756,0.7841976252493766,0.8103843145499544,1.52314381270903,1.594581939799331,94,1.9693677184537737,0.6321558510954798,0.6777125361331785,-0.45861931540140116,0.6862498522052374,0.8049670667080558,0.2564102564102564,-16.0,0.857338951425589,0.28888888888888886,1.0,0.6222222222222222
95,-0.7387431316703709,-0.8944621952155214,0.7387431316703709,0.8944621952155214,0.9462735907376557,1.6850167224080266,1.8407357859531772,95,1.676715312826487,0.6308082489056582,0.5168367086368583,-0.4607533470832923,0.5012902773554334,0.8033932331354726,0.7619047619047619,119.0,0.8103843145499544,0.3111111111111111,1.0,0.6444444444444445
96,-1.4844046305143495,-1.0853601966873068,1.4844046305143495,1.0853601966873068,0.7329388955248287,2.217343526039178,1.8182990922121356,96,0.2256599800184322,0.0486444277481816,-1.4887259258190704,-3.0232180144602734,-1.8045130119056962,-1.0864066964054093,0.21428571428571427,-34.0,0.9462735907376557,0.7777777777777778,0.2727272727272727,0.7555555555555555
97,-0.21138942144797043,-0.7117238696085056,0.2137002647056332,0.7117238696085056,0.7822560635018623,0.9936454849498327,1.493979933110368,97,0.1908888337620244,0.3415971968642993,-1.6560640425645237,-1.0741230230021541,-1.9969023062520694,0.35103734893882665,0.21428571428571427,-116.0,0.7329388955248287,0.7777777777777778,0.2727272727272727,0.7555555555555555
98,-0.7170383387179069,-0.9504317012082593,0.7170383387179069,0.9504317012082593,0.7197252321593764,1.4367635708772832,1.6701569333676358,98,11.317082089228151,4.6697640780033725,2.426313273578435,1.541108551775869,2.6966230326466927,2.279752506915094,0.8333333333333334,87.0,0.7822560635018623,0.0,1.0,0.3333333333333333
99,-0.32164338916802454,-0.8806496003481488,0.32164338916802454,0.8806496003481488,0.9605830800149663,1.2822264691829908,1.841232680363115,99,1.2772226616150055,1.36021869866687,0.2446879249010542,0.3076454946630522,0.18839974483079472,1.3700820524892134,0.8461538461538461,143.0,0.7197252321593764,0.3333333333333333,0.9411764705882353,0.6222222222222222
100,-0.7894657693093659,-0.5048246579124016,0.7894657693093659,0.5048246579124016,1.3962558669139424,2.1857216362233087,1.9010805248263443,100,0.7835456886101748,0.1463081372544795,-0.24392590540801978,-1.9220403521714413,-0.37336150747274177,-0.27429580367820927,0.3333333333333333,17.0,0.9605830800149663,0.4888888888888889,0.8333333333333334,0.7333333333333333
101,-1.5293727556145236,-0.6785366352131857,1.5293727556145236,0.6785366352131857,0.9706272443854763,2.5,1.649163879598662,101,0.4250694033233473,0.0098618980932422,-0.8555028214527424,-4.619076624508566,-1.0764939055464888,-2.263341359045498,0.9024390243902439,265.0,1.3962558669139424,0.8444444444444444,0.21428571428571427,0.6888888888888889
102,-1.1980377835364246,-0.8528872818641839,1.1980377835364246,0.8528872818641839,0.9869120492394948,2.1849498327759194,1.8397993311036789,102,1.870240187097934,0.2406002882035897,0.6260668649168499,-1.4246182775886198,0.6268726198412057,0.09254952826579671,0.3902439024390244,9.0,0.9706272443854763,0.3333333333333333,1.0,0.6666666666666666
103,-0.9516447819066038,-0.5984675243815203,0.9516447819066038,0.5984675243815203,1.05658264284256,2.0082274247491636,1.65505016722408,103,0.4237918924056594,0.0772961636202001,-0.8585127640396174,-2.5601109543719733,-1.0799544484375796,-0.7448684497841923,0.38461538461538464,71.0,0.9869120492394948,0.7111111111111111,0.4166666666666667,0.7333333333333333
104,-1.4220201622694266,-0.7733123483442216,1.4220201622694266,0.7733123483442216,0.8758515312544407,2.297871693523867,1.6491638795986623,104,2.392737347138544,0.1803996972456822,0.8724380440801246,-1.7125803495940342,0.9101265384843061,-0.11982050372505569,0.38461538461538464,-6.0,1.05658264284256,0.17777777777777778,0.9583333333333334,0.4666666666666667
105,-0.9468731024790595,-0.8762376509740428,0.9468731024790595,0.8762376509740428,0.9644981349791344,1.911371237458194,1.8407357859531772,105,1.5444992355959537,0.3822083333178615,0.43469973845630805,-0.9617894438609071,0.4068570780334714,0.43388258487470716,0.7073170731707317,117.0,0.8758515312544407,0.4,1.0,0.7333333333333333
106,-0.9779957773575776,-0.6959126431005301,0.9779957773575776,0.7012844421867533,1.1223864491116053,2.100382226469183,1.8182990922121356,106,0.5214383750170297,0.1079891209943753,-0.6511641802351346,-2.225724788465241,-0.8415649619433249,-0.4982609703464975,0.0975609756097561,-48.0,0.9644981349791344,0.6444444444444445,0.5384615384615384,0.7111111111111111
107,-1.4459299842680027,-0.6312142652044574,1.4459299842680027,0.6312142652044574,0.9724646645614289,2.4183946488294317,1.6036789297658862,107,0.6681791835955342,0.0289227951234385,-0.40319890249964674,-3.5431252361738483,-0.5564783018699312,-1.469834668494425,0.6341463414634146,113.0,1.1223864491116053,0.6,0.7142857142857143,0.8444444444444444
108,-0.9903205225185677,-0.686808816832949,0.9903205225185677,0.686808816832949,0.9964687751402951,1.9867892976588628,1.6832775919732441,108,2.158353273498889,0.3166086971678555,0.7693455575615592,-1.1500886613886687,0.7916006991867948,0.29501321721204044,0.6097560975609756,54.0,0.9724646645614289,0.3111111111111111,1.0,0.6444444444444445
109,-0.878417998262327,-0.5364781989312235,0.878417998262327,0.5364781989312235,0.9649933729751311,1.8434113712374582,1.5014715719063545,109,1.3798459140867192,0.2040549011147486,0.3219718364761677,-1.5893661982335365,0.2772533634888855,-0.028950921200095216,0.358974358974359,12.0,0.9964687751402951,0.37777777777777777,0.8421052631578947,0.5777777777777777
110,-1.4358501912761956,-1.090699689603955,1.4358501912761956,1.090699689603955,0.5762377208117163,2.012087912087912,1.6669374104156713,110,7.524291434371919,0.9072784186863496,2.018136644656203,-0.0973059093934868,2.2273407487634342,1.071433199064479,0.4358974358974359,9.0,0.9649933729751311,0.022222222222222223,1.0,0.35555555555555557
111,0.027357083374439567,-0.6789974316757276,0.16127022358053175,0.6789974316757276,1.0002667823710951,0.9729096989966554,1.6792642140468228,111,0.6558307450797274,1.7467010064779085,-0.4218525338776921,0.5577288696688578,-0.577924455607149,1.5545168080127278,0.0975609756097561,-107.0,0.5762377208117163,0.35555555555555557,0.8888888888888888,0.6
112,-1.3030626089979236,-0.9137649501350475,1.3030626089979236,0.9137649501350475,0.7686526322825349,2.0717152412804585,1.6824175824175822,112,1.6397765173935304,0.1967089668765289,0.4945599626685294,-1.6260299680652601,0.4756786144508032,-0.055990197302824424,0.7857142857142857,129.0,1.0002667823710951,0.35555555555555557,1.0,0.6888888888888889
113,-0.3456331908427682,-0.7911181406755442,0.36999329227639943,0.7911181406755442,0.8921594512976999,1.2377926421404681,1.6832775919732441,113,0.5555235566535175,0.6075244778944905,-0.5878442645846174,-0.4983628117487308,-0.7687658046024684,0.775656513648304,0.40476190476190477,12.0,0.7686526322825349,0.5111111111111111,0.7058823529411765,0.6222222222222222
114,-0.7147563537358868,-0.8498734105920741,0.7147563537358868,0.8498734105920741,0.867517893755752,1.5822742474916387,1.7173913043478262,114,1.2026657947329786,0.4687983319231621,0.1845405885317098,-0.7575825989100456,0.11924811443140142,0.5844837174924433,0.6829268292682927,98.0,0.8921594512976999,0.35555555555555557,0.9375,0.6444444444444445
115,-0.688948324637806,-0.7958045119287759,0.688948324637806,0.7958045119287759,0.8874730800444682,1.5764214046822742,1.6832775919732441,115,1.1788320394189964,0.4400574607312683,0.16452415120240155,-0.8208499680252335,0.09623513730454697,0.5378244713306194,0.6829268292682927,115.0,0.867517893755752,0.4666666666666667,0.8,0.6666666666666666
116,-0.5285644702252358,-0.6100669142694858,0.5379091216048411,0.6107673670383373,1.0668818894351708,1.5954463596604067,1.6769488037046565,116,0.9859856943174116,0.3580728813738433,-0.014113433290626,-1.0270187340443362,-0.10914519978047628,0.38577643552482,0.8048780487804879,132.0,0.8874730800444682,0.35555555555555557,0.9375,0.6444444444444445
117,-1.481933756579802,-0.8626386703950839,1.481933756579802,0.8626386703950839,0.8075182629725517,2.289452019552354,1.6701569333676358,117,2.16440552062904,0.1534704419934382,0.7721457374341973,-1.874247290800335,0.7948200770560895,-0.23904875221189045,0.2564102564102564,-57.0,1.0668818894351708,0.24444444444444444,0.8518518518518519,0.4
118,-0.400367035833091,-0.6284606813180409,0.400367035833091,0.6284606813180409,0.8842483487822935,1.2846153846153845,1.5127090301003345,118,1.875112551280793,0.908368725087236,0.628668684970561,-0.09610489791316389,0.6298639426425203,1.0723189367059722,0.0975609756097561,-89.0,0.8075182629725517,0.3111111111111111,0.9444444444444444,0.6
119,-0.8290578434810687,-0.7692220271235133,0.8290578434810687,0.7692220271235133,0.9602094110035769,1.7892672544846457,1.72943143812709,119,3.878229242216733,0.8771840559686829,1.3553786685897595,-0.13103843865388345,1.4653652836528057,1.0465556925641504,0.0975609756097561,-123.0,0.8842483487822935,0.1111111111111111,1.0,0.4444444444444444
120,-1.04232024942452,-0.7453302828693361,1.04232024942452,0.7453302828693361,0.8509907873647776,1.8933110367892976,1.5963210702341135,120,1.3252498659248382,0.217351612849756,0.28160101971606055,-1.5262389010560917,0.23083887586513388,0.01760502287860252,0.5853658536585366,81.0,0.9602094110035769,0.4666666666666667,0.8461538461538461,0.7111111111111111
121,-0.3085808273308475,-0.4122597570967339,0.4505741902816369,0.5087681702147474,1.4241950924015938,1.7327759197324415,1.8364548494983277,121,2.0179752406885414,0.6707933523794716,0.702094652623514,-0.3992941590710492,0.7142820679220081,0.8487189582679354,0.2682926829268293,-48.0,0.8509907873647776,0.24444444444444444,1.0,0.5777777777777777
122,-1.36639049348546,-0.6043503597061958,1.36639049348546,0.6172769195571057,1.13360950651454,2.5,1.7379598662207358,122,1.1603565962077116,0.0120031250183745,0.1487273684012288,-4.422588244899194,0.07807351366990592,-2.1184325411137794,0.38461538461538464,49.0,1.4241950924015938,0.6222222222222222,0.6,0.7777777777777778
123,-1.2966833404195122,-0.4404960494496127,1.2966833404195122,0.4404960494496127,1.0534838836607552,2.3501672240802676,1.493979933110368,123,0.8620211754331805,0.0333628033276512,-0.14847544315244335,-3.400313672418679,-0.26362173368097996,-1.3645121301749386,0.3333333333333333,27.0,1.13360950651454,0.4888888888888889,0.6818181818181818,0.5111111111111111
124,-1.333309719585447,-0.7920770392223319,1.333309719585447,0.7920770392223319,0.9092607534198086,2.2425704730052556,1.7013377926421405,124,16.018215165647835,1.214595399178387,2.773726522552428,0.194411016542653,3.0960454183925474,1.2865724098011146,0.6046511627906976,31.0,1.0534838836607552,0.0,1.0,0.3333333333333333
125,-0.7137040832117645,-0.6822145025583043,0.7137040832117645,0.6822145025583043,0.9879424308093314,1.701646514021096,1.6701569333676358,125,1.3266810728099965,0.3594806605742522,0.2826803894712866,-1.023094898610888,0.23207983153970166,0.388670236957505,0.48717948717948717,60.0,0.9092607534198086,0.37777777777777777,0.9333333333333333,0.6666666666666666
126,-1.1023300676468875,-0.8018283954060849,1.1023300676468875,0.8018283954060849,0.8814491965671591,1.9837792642140468,1.6832775919732441,126,1.7920037316367918,0.2703546143536592,0.5833343969371731,-1.3080207952263236,0.5777429324741917,0.17853936327041534,0.24390243902439024,-47.0,0.9879424308093314,0.35555555555555557,0.9375,0.6444444444444445
127,-0.5799545293557818,-0.6172216101011234,0.5957352545080499,0.6295622970307446,1.0124487195692062,1.592403248924988,1.6296703296703297,127,1.6030209418035557,0.4870053541175511,0.47188993767405574,-0.7194801618787681,0.4496147970950965,0.6125840006822021,0.41025641025641024,16.0,0.8814491965671591,0.28888888888888886,0.9473684210526315,0.5777777777777777
128,-1.0950437963883461,-0.7151106860204534,1.0950437963883461,0.7151106860204534,1.0022806183273727,2.097324414715719,1.7173913043478262,128,2.1161599590239115,0.2651837671624982,0.7496031061407433,-1.327332232338327,0.7689027247420602,0.1642973122645163,0.14634146341463414,-121.0,1.0124487195692062,0.26666666666666666,0.95,0.5555555555555556
129,-1.1588407968629764,-0.7842588570636453,1.1588407968629764,0.7842588570636453,1.1431658921002341,2.3020066889632105,1.9274247491638796,129,1.6403373279178803,0.1997315791009756,0.49490190844008614,-1.6107809183580917,0.47607175085614833,-0.04474412884808511,0.5365853658536586,75.0,1.0022806183273727,0.4,0.9285714285714286,0.6888888888888889
130,-1.4352010913516404,-0.8051007569034798,1.4352010913516404,0.8051007569034798,1.0196484069761187,2.4548494983277593,1.8247491638795985,130,0.2683293688255954,0.0223850162070393,-1.315540064903827,-3.7993634632760998,-1.6054005429699052,-1.6588085847744873,0.3333333333333333,75.0,1.1431658921002341,0.8444444444444444,0.1,0.7777777777777778
131,-1.3169759320334402,-0.8230628885551794,1.3169759320334402,0.8230628885551794,0.9192113589364593,2.2361872909699,1.7422742474916388,131,0.5846883235822715,0.0687459368894673,-0.5366763539293281,-2.677337643971484,-0.7099378554441554,-0.8313223207646795,0.4146341463414634,61.0,1.0196484069761187,0.6,0.6153846153846154,0.7111111111111111
132,-0.9590683707581198,-0.8478404682258693,0.9590683707581198,0.8478404682258693,0.9589918299107765,1.918060200668896,1.8068322981366458,132,0.5531072258172255,0.1655158865000983,-0.5922033978520054,-1.7986880978347048,-0.7737775173525904,-0.1833243711655833,0.14634146341463414,-85.0,0.9192113589364593,0.6,0.6,0.6666666666666666
133,-1.1469661155107127,-1.0221865472528835,1.1469661155107127,1.0221865472528835,0.6160317561828111,1.762997871693524,1.6382183034356947,133,0.5093091505851994,0.1358809720541278,-0.6747000782684951,-1.9959759819463707,-0.8686242769548251,-0.32882281812568953,0.16666666666666666,-45.0,0.9589918299107765,0.6,0.6666666666666666,0.8
134,0.07953163353954916,-0.7391974634504175,0.18461008091833153,0.7391974634504175,1.0216721017669739,0.9421404682274247,1.7608695652173914,134,1.6372698096839762,5.406965643942234,0.4930301044069924,1.6876880563834233,0.4739197303596503,2.3878538754943714,0.04878048780487805,-153.0,0.6160317561828111,0.044444444444444446,0.9666666666666667,0.3333333333333333
135,-1.3749540144034142,-0.9254556866442168,1.3749540144034142,0.9254556866442168,0.9109991628541109,2.285953177257525,1.8364548494983277,135,0.8355314900287291,0.1067027790807043,-0.17968724161657046,-2.2377080752713057,-0.29950606176224354,-0.5070985612994882,0.5365853658536586,91.0,1.0216721017669739,0.5777777777777777,0.7,0.7777777777777778
136,-0.6952067839615909,-0.8170675319092954,0.6952067839615909,0.8170675319092954,0.9619838514899139,1.657190635451505,1.7790513833992094,136,0.6652853742449448,0.2952878010835695,-0.4075391961751063,-1.219804801334216,-0.561468354666736,0.24359804726481127,0.8205128205128205,191.0,0.9109991628541109,0.6,0.6363636363636364,0.7555555555555555
137,-0.9322691369013253,-0.7615667957642015,0.9322691369013253,0.7615667957642015,0.960373003566902,1.8926421404682272,1.7219397993311036,137,0.7108721635664548,0.1688159233209154,-0.341262663422631,-1.77894636879943,-0.485269962955605,-0.16876498284899547,0.7804878048780488,152.0,0.9619838514899139,0.5555555555555556,1.0,0.8888888888888888
138,-1.0186745365244287,-0.8082588652391924,1.0186745365244287,0.8082588652391924,0.8925055876991735,1.9111801242236024,1.7007644529383659,138,0.8254107001516958,0.1723122305922277,-0.19187419815221848,-1.7584471536829698,-0.31351745386897917,-0.15364695379832183,0.1282051282051282,-27.0,0.960373003566902,0.5111111111111111,0.7333333333333333,0.6666666666666666
139,-0.5158848190969415,-0.7026406719397509,0.5261327331157536,0.7026406719397509,0.9871921039799815,1.503076923076923,1.6898327759197325,139,2.136707036708331,0.8691976166741239,0.7592658760212372,-0.14018477258000933,0.7800120494727039,1.0398103346947505,0.7317073170731707,83.0,0.8925055876991735,0.15555555555555556,0.96,0.4444444444444444
140,-0.9814520294319081,-0.6931577150506375,0.9814520294319081,0.6931577150506375,0.9867753953172556,1.9682274247491638,1.679933110367893,140,0.8298746690270317,0.1420752623190667,-0.18648059076556928,-1.951398345458466,-0.30731640213444045,-0.29594712022185266,0.16666666666666666,-38.0,0.9871921039799815,0.4888888888888889,0.8333333333333334,0.7333333333333333
141,-0.8951813419764099,-0.7696199468497973,0.8951813419764099,0.7696199468497973,0.99650523231886,1.8916865742952698,1.7661251791686574,141,2.6520596102565586,0.5443445461063536,0.9753365495433086,-0.6081728757988225,1.028429356995596,0.694672352599494,0.8048780487804879,133.0,0.9867753953172556,0.26666666666666666,0.9090909090909091,0.5111111111111111
142,-1.0028940294984876,-0.5500512201339393,1.0028940294984876,0.5500512201339393,1.1272063049496728,2.1301003344481604,1.677257525083612,142,1.0273841863203734,0.1206227243800041,0.027015946992115274,-2.1150875847444275,-0.0618585886759849,-0.4166667995241474,0.1951219512195122,-44.0,0.99650523231886,0.4222222222222222,0.9230769230769231,0.7111111111111111
143,-1.5208765982076127,-0.8340156330857779,1.5208765982076127,0.8340156330857779,0.8673221595563625,2.3881987577639747,1.7013377926421405,143,1.6099302362720205,0.0854624284566903,0.4761908465494729,-2.459678432873594,0.4545595690315958,-0.6708001613634459,0.6097560975609756,71.0,1.1272063049496728,0.4444444444444444,0.7777777777777778,0.6
144,-0.8009840252302179,-0.9242520615417325,0.8009840252302179,0.9242520615417325,0.9691545318648609,1.7701385570950787,1.8934065934065933,144,0.9771027058113844,0.3871941468955067,-0.023163508808998628,-0.9488290401828477,-0.11955010738087453,0.4434407927475554,0.5853658536585366,61.0,0.8673221595563625,0.4444444444444444,0.8125,0.6444444444444445
145,-0.9289207757684,-0.6379508761028482,0.9289207757684,0.6379508761028482,0.9510123345994929,1.879933110367893,1.5889632107023413,145,0.1778636874531566,0.0513958063906942,-1.7267378228902541,-2.968198697579162,-2.078156230881452,-1.045830331591863,0.1951219512195122,-4.0,0.9691545318648609,0.8222222222222222,0.23076923076923078,0.7111111111111111
146,-0.9241775918553152,-0.6951474915208671,0.9241775918553152,0.6951474915208671,0.9663240803854873,1.8905016722408026,1.6614715719063544,146,5.076665409426913,0.7977985247269616,1.6246546305882892,-0.22589918868907405,1.7749529216692082,0.9765965469747586,0.38461538461538464,-37.0,0.9510123345994929,0.06666666666666667,0.9655172413793104,0.35555555555555557
147,-1.2119243739755685,-0.9479857550497371,1.2119243739755685,0.9479857550497371,0.7724746030065288,1.9843989769820973,1.720460358056266,147,1.511781530153829,0.2485226342321947,0.4132887766785613,-1.3922213541639423,0.38224081063538745,0.11644203472051687,0.12195121951219512,-97.0,0.9663240803854873,0.3333333333333333,0.9411764705882353,0.6222222222222222
148,-0.49529259337709103,-0.8758946000660542,0.49529259337709103,0.8758946000660542,0.9251087444155511,1.420401337792642,1.8010033444816054,148,0.8473536180758061,0.6263847569440185,-0.1656371766801472,-0.46779046898218746,-0.2833526465618622,0.7982034045153904,0.3333333333333333,-67.0,0.7724746030065288,0.4222222222222222,0.7894736842105263,0.5777777777777777
149,-0.9883323220354928,-0.8764594123364962,0.9883323220354928,0.8764594123364962,0.9482897515431025,1.9366220735785953,1.8247491638795985,149,1.0080986266411245,0.2533544208940075,0.008066008752780128,-1.3729658974630752,-0.08364540758299342,0.1306428005612514,0.6341463414634146,79.0,0.9251087444155511,0.4666666666666667,0.9090909090909091,0.7555555555555555
150,-1.059287653203301,-0.7697511027971855,1.059287653203301,0.7697511027971855,0.9619736941450026,2.021261347348304,1.7317247969421883,150,0.2724439976404357,0.0708133402937428,-1.3003221992456868,-2.6477078738036957,-1.5879045026631948,-0.8094705706553923,0.23076923076923078,-10.0,0.9482897515431025,0.6888888888888889,0.46153846153846156,0.7111111111111111
151,2.1307270669530665,2.3381878336111575,2.142360940239078,2.3448821648338813,4.049713431758829,1.9189863648057626,1.7115255981476716,151,0.9341693491039706,0.189379008936937,-0.06809754123190388,-1.6640049336386122,-0.1712109420915333,-0.08399647117597767,0.34146341463414637,18.0,0.9619736941450026,0.4888888888888889,0.9,0.7777777777777778
152,-1.4661356302581947,-0.4676072021645492,1.4661356302581947,0.4676072021645492,1.0338643697418053,2.5,1.5014715719063545,152,5.716592768729516,0.0035853268440611,1.7433729581074338,-5.630905639194755,1.911443852137448,-3.0095582435181805,0.024390243902439025,-163.0,4.049713431758829,0.35555555555555557,0.85,0.5555555555555556
153,-0.1510457833994105,0.3645189194562623,0.5177482472154377,0.6558761551620089,2.0346758528238977,2.1857216362233083,1.6701569333676358,153,7.809267182520039,0.668031778640187,2.0553111287859753,-0.40341953376239054,2.270080400126289,0.8456765230295964,0.41025641025641024,-30.0,1.0338643697418053,0.022222222222222223,1.0,0.35555555555555557
155,-1.298068524176212,-0.7578061110040996,1.298068524176212,0.7578061110040996,0.9895311671024092,2.287599691278621,1.7473372781065089,155,0.7585394989130726,0.0789508694996215,-0.27636040651569294,-2.5389295250463695,-0.4106515816169008,-0.7292472924832895,0.6923076923076923,144.0,1.0485423505327753,0.5555555555555556,0.6923076923076923,0.7111111111111111
156,-0.9958157512146748,-0.5973446570914068,0.9958157512146748,0.5973446570914068,1.071312772435588,2.0671285236502626,1.6686574295269947,156,1.4176465008836447,0.1903996300768907,0.3489981028727623,-1.6586300995002328,0.30832556880578443,-0.08003256825652752,0.5581395348837209,74.0,0.9895311671024092,0.4222222222222222,0.8666666666666667,0.6666666666666666
157,-1.1061534018788364,-0.4705346727818464,1.1061534018788364,0.5563405606904959,1.3542144910977523,2.4603678929765884,1.8247491638795985,157,0.9501736544451196,0.0491850216761824,-0.05111051693960855,-3.012166139310338,-0.15168089310926408,-1.0782560150923977,0.36585365853658536,4.0,1.071312772435588,0.4888888888888889,1.0,0.8222222222222222
158,-1.6653717058693733,-0.8677128429931191,1.6653717058693733,0.8677128429931191,0.8346282941306267,2.5,1.7023411371237458,158,0.5639827638511326,0.0099430191835178,-0.5727315884986985,-4.610884563636992,-0.7513907011627781,-2.2572997709389413,0.6410256410256411,143.0,1.3542144910977523,0.7111111111111111,0.4166666666666667,0.7333333333333333
159,-0.5948189910844657,-0.7789327034590476,0.5948189910844657,0.7789327034590476,0.9590271627616881,1.5538461538461537,1.7379598662207358,159,1.115592670118264,0.4949560277619392,0.1093858064002609,-0.7032863531634772,0.03284236431160556,0.6245268223564934,0.12195121951219512,-95.0,0.8346282941306267,0.35555555555555557,0.85,0.5555555555555556
160,-1.2616381386815398,-0.9630428209557873,1.2616381386815398,0.9630428209557873,0.8075926305492293,2.069230769230769,1.7706354515050164,160,0.5377317634918172,0.103991249937732,-0.6203954240233513,-2.2634485185944455,-0.8061900012910239,-0.526081959821121,0.07317073170731707,-152.0,0.9590271627616881,0.5333333333333333,0.625,0.4666666666666667
161,-0.4401677401139769,-0.7739863511704397,0.44317864248651384,0.7739863511704397,1.008327243163615,1.448494983277592,1.7823135943340547,161,0.6076808366605211,0.4479868776353289,-0.4981054745481431,-0.8029913379887108,-0.6655927629404962,0.5509950871890086,0.1794871794871795,-34.0,0.8075926305492293,0.5111111111111111,0.7333333333333333,0.6666666666666666
162,-1.1940974874226882,-0.6608915629124158,1.1940974874226882,0.6608915629124158,0.9687787667579139,2.162876254180602,1.6296703296703297,162,0.3068111704283957,0.0436238849853672,-1.1815228006720677,-3.132150457860862,-1.4513203644831343,-1.1667436183087554,0.0,-197.0,1.008327243163615,0.6666666666666666,0.5,0.6888888888888889
163,-1.2316561334887552,-0.8988133241242068,1.2316561334887552,0.8988133241242068,0.8231264752068969,2.054782608695652,1.7219397993311036,163,2.469520673620952,0.3388509749022607,0.9040240725451782,-1.0821948703132267,0.9464411202770479,0.34508441749983654,0.10256410256410256,-74.0,0.9687787667579139,0.2222222222222222,0.8846153846153846,0.4222222222222222
164,-0.6191436103747968,-0.8365349147226229,0.6191436103747968,0.8365349147226229,0.9999199347757047,1.6190635451505015,1.8364548494983277,164,0.7337029280160324,0.3858753178174515,-0.30965106251639324,-0.9522409725321607,-0.44892598042614046,0.4409245162909789,0.6410256410256411,123.0,0.8231264752068969,0.4888888888888889,0.7857142857142857,0.6888888888888889
165,-1.0892924316570043,-0.6501142185657479,1.0892924316570043,0.6501142185657479,1.0191165506650213,2.108408982322026,1.669230769230769,165,0.5680260292777289,0.0772385676072124,-0.5655880351177889,-2.5608563662958446,-0.7431777296007194,-0.7454181859109552,0.8048780487804879,185.0,0.9999199347757047,0.6,0.8,0.8888888888888888
166,-1.618210819572212,-1.0110961950662831,1.618210819572212,1.0110961950662831,0.5388277939881407,2.1570386135603528,1.5499239890544239,166,2.2067933756850775,0.1919484087755624,0.7915405006376065,-1.6505286473557683,0.8171183129827841,-0.07405780345812753,0.6976744186046512,78.0,1.0191165506650213,0.28888888888888886,0.9047619047619048,0.5333333333333333
167,-0.14815212897625576,-0.8450204780185179,0.2248144993527247,0.8450204780185179,0.9128694581322878,1.0610215871085436,1.7578899361508056,167,0.7383227127865747,1.7357951611486688,-0.3033742697621777,0.5514656145462031,-0.4417095269830861,1.5498977007757857,0.43902439024390244,22.0,0.5388277939881407,0.28888888888888886,1.0,0.6222222222222222
168,-1.0067830923731231,-0.9013650321724543,1.0067830923731231,0.9013650321724543,0.9072637303693516,1.9140468227424747,1.8086287625418058,168,1.0355089201068428,0.2607936506233859,0.03489301611561942,-1.3440257949952281,-0.05280229116491743,0.1519859255225125,0.1794871794871795,-57.0,0.9128694581322878,0.5333333333333333,0.6875,0.6444444444444445
169,-0.895482843876186,-0.8336296075983973,0.895482843876186,0.8336296075983973,0.8868307504578686,1.7823135943340547,1.720460358056266,169,0.445572995000759,0.1550838083568103,-0.8083941958842675,-1.8637896091117698,-1.022332932499727,-0.23133628445777263,0.07692307692307693,-107.0,0.9072637303693516,0.6,0.6363636363636364,0.7555555555555555
170,-0.9448555605930888,-0.8915349681420616,0.9448555605930888,0.8915349681420616,0.986964792966395,1.931820353559484,1.8784997611084566,170,1.1828097602856318,0.320825246673741,0.1678927608099844,-1.1368587069787184,0.10010804108723452,0.3047702168811699,0.0,-161.0,0.8868307504578686,0.3333333333333333,0.8571428571428571,0.5333333333333333
171,-1.2028823679556064,-0.8440863813335329,1.2028823679556064,0.8440863813335329,0.8596594380644603,2.0625418060200666,1.7037458193979933,171,0.312798558382974,0.0693284615888466,-1.1621958790716844,-2.6688997559631495,-1.4291001263156313,-0.8250994368488019,0.5384615384615384,125.0,0.986964792966395,0.7333333333333333,0.38461538461538464,0.7111111111111111
172,-0.6608882293885275,-0.7190822093216379,0.6608882293885275,0.7190822093216379,1.0819211351599674,1.7428093645484948,1.8010033444816054,172,1.479289219761318,0.4710164214135339,0.3915617154977052,-0.752862320576602,0.3572611225039387,0.5879648900430434,0.7073170731707317,111.0,0.8596594380644603,0.37777777777777777,1.0,0.7111111111111111
173,-1.384060041478238,-0.7777312532096503,1.384060041478238,0.7777312532096503,1.0023304910661408,2.3863905325443784,1.7800617442757911,173,1.17474409811473,0.0842569467943674,0.1610503350381615,-2.4738842586163035,0.09224127712776614,-0.6812768593758805,0.34146341463414637,6.0,1.0819211351599674,0.4888888888888889,0.9,0.7777777777777778
174,-1.3479285338938938,-0.9531124803821882,1.3479285338938938,0.9531124803821882,0.7301651115910559,2.07809364548495,1.6832775919732441,174,0.830477767953833,0.1144898743191849,-0.18575411975870004,-2.1672688937919315,-0.30648117554594434,-0.4551501532330853,0.2682926829268293,-2.0,1.0023304910661408,0.5333333333333333,0.875,0.8222222222222222
175,-0.5577642576541729,-1.0313428529718986,0.5577642576541729,1.0313428529718986,0.7633059764595393,1.3210702341137122,1.794648829431438,175,1.1730117575071777,1.0368793411433876,0.15957459307138333,0.036215568710540554,0.09054461075463095,1.1699043636138333,0.21951219512195122,-78.0,0.7301651115910559,0.26666666666666666,0.95,0.5555555555555556
176,-0.3433741883102522,-0.7891678595219835,0.3871831953330768,0.7891678595219835,1.0310276640180214,1.3744018523282737,1.8201955235400051,176,0.3289693337674825,0.4317287168384356,-1.1117907429943115,-0.8399578582753479,-1.3711491421049633,0.5237325347244048,0.38461538461538464,23.0,0.7633059764595393,0.6222222222222222,0.5625,0.6444444444444445
177,-1.3112351739335255,-0.7913846919347058,1.3112351739335255,0.7913846919347058,0.950322961026144,2.261558134959669,1.7417076529608497,177,0.4287183256801251,0.0473649566667903,-0.8469551591956738,-3.049872634533337,-1.0666666244587613,-1.1060642939431646,0.5121951219512195,96.0,1.0310276640180214,0.6888888888888889,0.46153846153846156,0.7111111111111111
178,-1.2019975958039595,-0.90784060190272,1.2019975958039595,0.90784060190272,0.8211186741153795,2.023116269919339,1.7289592760180996,178,0.2421028282287,0.0616109042488375,-1.4183927330382053,-2.7869164070817454,-1.7236506621230623,-0.9121358989737105,0.02564102564102564,-81.0,0.950322961026144,0.7111111111111111,0.45,0.5555555555555556
179,-0.6788585142245799,-0.919661189809864,0.6788585142245799,0.919661189809864,0.9167936596884636,1.5956521739130434,1.8364548494983277,179,0.7904395775720826,0.427716455361522,-0.23516606096290843,-0.8492947904152136,-0.36329027968461886,0.5168466119935723,0.05128205128205128,-106.0,0.8211186741153795,0.4444444444444444,0.75,0.5555555555555556
180,-0.8826427265651124,-0.7424420576687915,0.8826427265651124,0.7424420576687915,0.9998321898228473,1.8824749163879597,1.7422742474916388,180,0.503641540362516,0.1401372180875742,-0.6858904933938672,-1.9651332071888712,-0.8814899414626206,-0.3060764855398701,0.16666666666666666,-38.0,0.9167936596884636,0.6444444444444445,0.5714285714285714,0.8444444444444444
181,-1.247682125895895,-0.7801235974678015,1.247682125895895,0.7801235974678015,0.9372677068800246,2.1849498327759194,1.7173913043478262,181,0.7241603147159977,0.0918754570824953,-0.32274248194249733,-2.387321346413944,-0.46397723709357275,-0.6174373116687406,0.23809523809523808,-37.0,0.9998321898228473,0.5555555555555556,0.6923076923076923,0.7111111111111111
182,-0.700956789198635,-0.7528219808631579,0.700956789198635,0.7528219808631579,1.0507025882132506,1.7516593774118856,1.8035245690764086,182,1.4693039214655588,0.4631882461624651,0.3847887658307686,-0.7696217283422332,0.34947423549691237,0.5756049429897803,0.43902439024390244,29.0,0.9372677068800246,0.4222222222222222,0.7894736842105263,0.5777777777777777
183,-1.2306923734166175,-0.6198562530152798,1.2306923734166175,0.6198562530152798,0.9562641483225128,2.1869565217391305,1.5761204013377925,183,0.987702912702637,0.0852242725879869,-0.012373322097373785,-2.4624689961898207,-0.10714458706255457,-0.6728581824653652,0.7435897435897436,148.0,1.0507025882132506,0.5333333333333333,0.7142857142857143,0.6888888888888889
184,-1.2925197594521312,-1.0276368163083183,1.2925197594521312,1.0276368163083183,0.7197004617981905,2.0122202212503213,1.7473372781065089,184,9.876043809334602,1.4392203428003525,2.2901120074121994,0.36410153835164544,2.5400318985020176,1.4117179933640869,0.35714285714285715,-59.0,0.9562641483225128,0.022222222222222223,0.967741935483871,0.3111111111111111
185,-0.3865761417920409,-0.8951284590400103,0.40970110406258264,0.8951284590400103,0.7620621764114947,1.1486383182035353,1.657190635451505,185,0.6565679568022049,0.8140720155623035,-0.4207290768078854,-0.20570644568618215,-0.5766328125727211,0.9914885549660978,0.15384615384615385,-44.0,0.7197004617981905,0.5111111111111111,0.7692307692307693,0.7111111111111111
186,-0.7269895231159792,-0.7637788207748422,0.7269895231159792,0.7637788207748422,0.9154853932719805,1.64247491638796,1.6792642140468228,186,2.3685371041958794,0.6827580845790788,0.8622725089528119,-0.38161467749875305,0.898439182561854,0.8617574533757899,0.04878048780487805,-161.0,0.7620621764114947,0.15555555555555556,0.96,0.4444444444444444
187,-0.7696436302317736,-0.6164055639502292,0.7696436302317736,0.6164055639502292,0.9495719368098802,1.719215567041654,1.5659775007601093,187,1.7004579507083153,0.350085771290722,0.5308975975547442,-1.049577093690544,0.517456136930092,0.3691398016571618,0.15384615384615385,-35.0,0.9154853932719805,0.3333333333333333,1.0,0.6666666666666666
188,-0.9372060208267599,-0.6568870087351726,0.9372060208267599,0.6568870087351726,0.9015127854505748,1.8387188062773345,1.5583997941857473,188,6.875214343295069,0.9950489076935408,1.9279228202731915,-0.00496338957069101,2.1236215582353344,1.1395351673282519,0.3333333333333333,-90.0,0.9495719368098802,0.044444444444444446,1.0,0.37777777777777777
189,-1.024655636658752,-0.9054009782736588,1.024655636658752,0.9054009782736588,0.9472984961649458,1.9719541328236978,1.8526994744386047,189,3.2566928722679123,0.668079893742688,1.1807122241099628,-0.4033475111859604,1.2645505819397778,0.8457296391804632,0.8461538461538461,125.0,0.9015127854505748,0.13333333333333333,1.0,0.4666666666666667
190,-0.9409237169528921,-0.793523291291597,0.9409237169528921,0.793523291291597,0.8950446624937481,1.8359683794466404,1.688567953785345,190,0.7333901533090655,0.1742991223211056,-0.31007744952030863,-1.746982361918607,-0.4494161992501429,-0.14519174934445048,0.17073170731707318,-52.0,0.9472984961649458,0.5555555555555556,0.6923076923076923,0.7111111111111111
191,-1.0264104586002545,-1.0740693214765087,1.0264104586002545,1.0740693214765087,0.6939908791923874,1.7204013377926421,1.7680602006688964,191,1.7642844145119896,0.5366536944761715,0.5677451773045494,-0.6224022817474116,0.559819945034974,0.6841782643486778,0.20512820512820512,-23.0,0.8950446624937481,0.37777777777777777,0.8421052631578947,0.5777777777777777
192,-0.4362160685656045,-1.0116341287662733,0.4362160685656045,1.0116341287662733,0.6716434632069707,1.1078595317725752,1.6832775919732441,192,0.4550778238396029,0.8210097905352909,-0.7872868332513795,-0.19722024446647543,-0.998065714238681,0.9977470695404618,0.5641025641025641,61.0,0.6939908791923874,0.4888888888888889,0.75,0.6444444444444445
193,0.0417594678890541,-0.5706347874719533,0.34894032546164466,0.6430890456012415,1.1583244885461463,1.1165650206570923,1.7289592760180996,193,0.4318039694040849,0.8516107134506523,-0.8397835682524253,-0.1606257656630672,-1.058421418000443,1.0247352439901243,0.024390243902439025,-148.0,0.6716434632069707,0.4888888888888889,0.7857142857142857,0.6888888888888889
194,-1.3780909043029543,-0.7422571728170488,1.3780909043029543,0.7422571728170488,1.01125453286857,2.389345437171524,1.7535117056856186,194,0.6738915608275544,0.0446316969850849,-0.3946860699937399,-3.1093109776471843,-0.5466910646848038,-1.1498996599712772,0.0,-205.0,1.1583244885461463,0.4888888888888889,0.7,0.5555555555555556
195,-1.42398064004844,-0.8971335740709393,1.42398064004844,0.8971335740709393,0.8819178093282701,2.30589844937671,1.7790513833992094,195,1.1167251807265577,0.1244273667973488,0.11040045644664792,-2.084033132538997,0.03400891148106998,-0.3937643562877976,0.34146341463414637,6.0,1.01125453286857,0.4444444444444444,0.8125,0.6444444444444445
196,-1.5448417612136867,-1.7476997727673507,1.5448417612136867,1.7476997727673507,0.191886727688715,1.736728488902402,1.9395865004560655,196,0.536142261786174,0.3156164136731648,-0.623355739347166,-1.1532276835263882,-0.8095934875215868,0.2926982101447384,0.43902439024390244,54.0,0.8819178093282701,0.5777777777777777,1.0,0.9111111111111111
198,-1.434362195329484,-0.6544290849615909,1.434362195329484,0.6544290849615909,0.985370246142088,2.419732441471572,1.639799331103679,198,0.8205553941238762,0.026545995106796,-0.1977738580875082,-3.6288763861073834,-0.320300316219226,-1.5330755471553301,0.6410256410256411,119.0,1.1867129527857332,0.5777777777777777,0.7,0.7777777777777778
199,-0.2651699670031192,0.04894374537146282,0.44449855771250923,0.3356564311256532,1.8436594644350077,2.108829431438127,1.7947157190635452,199,2.6010564429756795,0.3539684050775997,0.9559176867215196,-1.0385476210247087,1.0061034136423788,0.3772739612934407,0.4634146341463415,20.0,0.985370246142088,0.26666666666666666,0.9090909090909091,0.5111111111111111
200,-1.564453725736652,-0.8587166534443958,1.564453725736652,0.8587166534443958,0.9355462742633479,2.5,1.7942629277077438,200,1.0655464456860295,0.005007455336076,0.06348776211426675,-5.2968274098697705,-0.019926798648996005,-2.763177865174951,0.5609756097560976,103.0,1.8436594644350077,0.6888888888888889,0.47619047619047616,0.5333333333333333
201,-1.0833945046353706,-0.9308861434313571,1.0833945046353706,0.9308861434313571,0.8397493080736596,1.92314381270903,1.7706354515050164,201,0.5305258476800189,0.1449954324337883,-0.633886598872778,-1.9310530375143449,-0.8217008583489707,-0.28094259664391596,0.09523809523809523,-73.0,0.9355462742633479,0.6222222222222222,0.5625,0.6444444444444445
202,-0.4021031625377929,-0.6097954702301006,0.4652674978343765,0.640852782115313,1.092545666893645,1.494648829431438,1.7023411371237458,202,0.7526762353489971,0.3907051544963247,-0.28412010998026643,-0.9398020840305992,-0.4195729433659236,0.45009811033623076,0.5128205128205128,50.0,0.8397493080736596,0.5111111111111111,0.7058823529411765,0.6222222222222222
203,-1.3313526708184484,-0.8256670520893514,1.3313526708184484,0.8256670520893514,1.067739541317242,2.3990922121356903,1.8934065934065933,203,1.9141982919338123,0.1571883315870837,0.649298888465935,-1.8503106282872264,0.6535825691568521,-0.22139562953409725,0.5853658536585366,62.0,1.092545666893645,0.26666666666666666,0.9090909090909091,0.5111111111111111
204,-1.0239148320244689,-0.41264650169259326,1.0239148320244689,0.41264650169259326,1.4044618080578568,2.428376640082326,1.8171083097504501,204,0.6996040431843515,0.0605378081269849,-0.3572407565742992,-2.8044871814125956,-0.5036400398169701,-0.925094223244542,0.30952380952380953,14.0,1.067739541317242,0.6,0.6153846153846154,0.7111111111111111
205,-1.8686080543955566,-0.8700796263019109,1.8686080543955566,0.8700796263019109,0.6313919456044436,2.5,1.5014715719063545,205,1.6199776838160185,0.0131283529805858,0.4824123737271999,-4.332981037942635,0.46171248342288435,-2.052347847128046,0.4146341463414634,34.0,1.4044618080578568,0.4888888888888889,0.9,0.7777777777777778
206,-0.09745927297334256,-0.7118148170947729,0.1838073474998924,0.7118148170947729,0.9237653218298475,1.0212245948031902,1.6355801389246205,206,3.641809668792975,5.1451865551864895,1.292480719861001,1.6380616281401181,1.393051263350023,2.351254728668451,0.02564102564102564,-147.0,0.6313919456044436,0.022222222222222223,1.0,0.35555555555555557
207,-0.6289352542626921,-0.5092028127911203,0.629876275036268,0.5261973452703818,1.3305965183125585,1.9595317725752508,1.8397993311036789,207,2.9757370062724378,0.6036944227431311,1.09049174151761,-0.5046871316800575,1.1608237364420761,0.7709923715382591,0.7948717948717948,129.0,0.9237653218298475,0.2222222222222222,0.9545454545454546,0.5111111111111111
209,-0.9656962468394311,-0.6972458566499105,0.9656962468394311,0.6972458566499105,1.0473472314214383,2.0130434782608697,1.7445930880713487,209,0.8357883360620021,0.1540600884001141,-0.17937988448326128,-1.8704125682543267,-0.29915269205102807,-0.23622067091597415,0.358974358974359,21.0,0.9531609080573533,0.4,0.8,0.5555555555555556
210,-1.6673240197371049,-1.0271902404728908,1.6673240197371049,1.0271902404728908,0.809264609025437,2.4765886287625416,1.8364548494983277,210,0.5721799681794202,0.0451468421219565,-0.5583017074035778,-3.097834943493067,-0.7348006098232459,-1.1414361643328925,0.024390243902439025,-106.0,1.0473472314214383,0.4888888888888889,0.6666666666666666,0.4666666666666667
211,-0.6765468366263723,-0.9443486000803095,0.6765468366263723,0.9443486000803095,0.914970341847328,1.5915171784737003,1.8593189419276372,211,0.5660089126652168,0.3652856189908228,-0.5691454541445995,-1.0070757136239827,-0.747267708319098,0.40048427484257937,0.07317073170731707,-69.0,0.809264609025437,0.5777777777777777,0.8333333333333334,0.8666666666666667
212,-0.7099007123760551,-0.5799676020081621,0.7099007123760551,0.5799676020081621,1.103309989965082,1.813210702341137,1.6832775919732441,212,0.3226024030466719,0.1101909649904405,-1.1313346643210291,-2.205540373007045,-1.3936188657156803,-0.483375103861646,0.02564102564102564,-70.0,0.914970341847328,0.7333333333333333,0.2,0.8888888888888888
213,-1.3094906840443754,-0.7315642626396929,1.3094906840443754,0.7315642626396929,1.165760152076026,2.4752508361204013,1.8973244147157189,213,1.469754817076932,0.083670671460702,0.3850955957753339,-2.480866763599839,0.3498269990971449,-0.686426408399482,0.2857142857142857,-26.0,1.103309989965082,0.3333333333333333,0.9411764705882353,0.6222222222222222
214,-1.629231127108988,-0.8426090535303928,1.629231127108988,0.8426090535303928,0.7627725214163995,2.3920036485253875,1.6053815749467923,214,0.5140175459675511,0.028071264111849,-0.6654978779859558,-3.573008855356273,-0.8580444709116821,-1.49187363049236,0.6428571428571429,131.0,1.165760152076026,0.6888888888888889,0.42857142857142855,0.8444444444444444
215,-0.15942155502089334,-0.4854313311978936,0.23675780807569793,0.4985535374299556,1.184725602169742,1.3441471571906354,1.6701569333676358,215,1.8046974200208816,1.0692489054766758,0.5903929433951766,0.06695644448786028,0.5858581712409341,1.1925755464081198,0.6341463414634146,43.0,0.7627725214163995,0.3111111111111111,1.0,0.6444444444444445
216,-0.5859652855193346,0.09688230167607866,0.592827992277174,0.41729469804335434,1.8761942940315492,2.462159579550884,1.7793119923554706,216,2.2063197690642444,0.0588063244170041,0.791325864571357,-2.8335058717492,0.8168715450489139,-0.9464953062142516,0.7380952380952381,110.0,1.184725602169742,0.35555555555555557,0.85,0.5555555555555556
217,-1.5867895866302772,-0.9461085285579145,1.5867895866302772,0.9461085285579145,0.913210413369723,2.5,1.8593189419276372,217,1.4345144158150602,0.0057773542103705,0.3608264057544625,-5.153809450167787,0.32192461538874,-2.6577031112753975,0.0,-144.0,1.8761942940315492,0.5777777777777777,0.6,0.5555555555555556
218,-0.8461438533163265,-0.8289436622030919,0.8461438533163265,0.8289436622030919,0.774926380797386,1.6210702341137124,1.6038700430004778,218,0.4303714466701608,0.161928140726616,-0.843106613714987,-1.820602617920213,-1.0622419365054747,-0.1994861778202321,0.43902439024390244,66.0,0.913210413369723,0.6444444444444445,0.6666666666666666,0.9333333333333333
219,-0.7989825542648931,-1.0471430893819498,0.7989825542648931,1.0471430893819498,0.6702482149658762,1.4692307692307693,1.7173913043478262,219,1.1070120744355567,0.5715230952350073,0.10166456101620819,-0.5594503849539872,0.02396521796979069,0.7306048518600117,0.6097560975609756,53.0,0.774926380797386,0.35555555555555557,1.0,0.6888888888888889
220,-0.1233974655080102,-0.7289158601568396,0.23618208654441214,0.7289158601568396,0.9633918321508527,1.086789297658863,1.6923076923076923,220,0.8149973069704698,1.3277185237040818,-0.20457047007744555,0.2834620735464906,-0.3281144078925487,1.3522469470518699,0.5714285714285714,46.0,0.6702482149658762,0.4,0.875,0.6444444444444445
221,-1.0143132848374714,-0.648731040994358,1.0143132848374714,0.648731040994358,1.0004328386043042,2.014746123441775,1.6491638795986623,221,1.1836127849739675,0.1739943104938367,0.16857144325473017,-1.7487326786134927,0.10088832497693868,-0.14648259577397618,0.1794871794871795,-68.0,0.9633918321508527,0.35555555555555557,0.85,0.5555555555555556
222,0.029963560166272662,0.39437827588533625,0.3436542500834283,0.5022819779508229,2.1890939949488817,2.159130434782609,1.7947157190635452,222,2.439379545665141,0.2910099717332181,0.8917437224058422,-1.2343977452732884,0.9323223531749468,0.2328358522660086,0.3170731707317073,-7.0,1.0004328386043042,0.28888888888888886,1.0,0.6222222222222222
223,-1.4125692362748181,-0.721197998816624,1.4125692362748181,0.7234009925451402,1.0874307637251819,2.5,1.8086287625418058,223,1.3896620887087312,0.00411418559776,0.32906061594021,-5.493314375069401,0.2854033612621885,-2.90808563998929,0.09523809523809523,-110.0,2.1890939949488817,0.6888888888888889,0.47368421052631576,0.5777777777777777
224,-1.4405427147329217,-0.833949308139515,1.4405427147329217,0.833949308139515,1.0594572852670783,2.5,1.8934065934065933,224,0.2330159773491632,0.0164606801431038,-1.456648255453405,-4.106780763620692,-1.7676331874762536,-1.8855267128045388,0.15384615384615385,-30.0,1.0874307637251819,0.8,0.2857142857142857,0.6888888888888889
225,-1.2927119803957565,-0.5983975991248536,1.2927119803957565,0.5983975991248536,0.9568532369955477,2.2495652173913046,1.5552508361204014,225,0.5586430495992087,0.045540173218651,-0.5822445614888851,-3.089160414694335,-0.7623278038164556,-1.1350387594744582,0.43902439024390244,74.0,1.0594572852670783,0.6222222222222222,0.625,0.8222222222222222
226,-0.9237659741398403,-0.6933508649523527,0.9237659741398403,0.6933508649523527,1.0606330028422568,1.9843989769820973,1.7539838677946094,226,5.6474882590371625,0.8831080650887537,1.7312108903914436,-0.1243077018475165,1.8974610748050638,1.051519564302312,0.05128205128205128,-126.0,0.9568532369955477,0.022222222222222223,1.0,0.35555555555555557
227,-1.4949153240110213,-0.8430280808194303,1.4949153240110213,0.8430280808194303,0.8732165441208467,2.368131868131868,1.716244624940277,227,0.6139582603153074,0.0463319899821541,-0.48782833308823165,-3.0719226281307845,-0.6537770927762512,-1.1223260113737852,0.34146341463414637,6.0,1.0606330028422568,0.4888888888888889,0.7222222222222222,0.6
228,-0.7088890622787555,-0.8738024098007987,0.7088890622787555,0.8738024098007987,0.9855165321268388,1.6944055944055945,1.8593189419276372,228,1.1369426927146724,0.4745791417399309,0.12834281131230194,-0.7453268850825258,0.05463730780016015,0.593522221485331,0.0975609756097561,-106.0,0.8732165441208467,0.4222222222222222,0.7619047619047619,0.5333333333333333
229,-1.0850816064908926,-0.6521719074942371,1.0850816064908926,0.6521719074942371,0.9787979921713146,2.063879598662207,1.6309698996655517,229,0.4797915956355639,0.0744000865367057,-0.7344034451210282,-2.5982981740160027,-0.937265473845632,-0.7730312595631542,0.30952380952380953,15.0,0.9855165321268388,0.6444444444444445,0.6666666666666666,0.9333333333333333
230,-1.2094823724353045,-0.8603184928366423,1.2094823724353045,0.8603184928366423,0.9465138053000036,2.1559961777353083,1.8068322981366458,230,1.5515624072157743,0.2191906786574763,0.4392624278909453,-1.5178132491852905,0.4121028201137817,0.023818882727868366,0.4358974358974359,28.0,0.9787979921713146,0.3333333333333333,1.0,0.6666666666666666
231,-1.1442239680546444,-1.0123558361865126,1.1442239680546444,1.0123558361865126,0.7841563472821927,1.9283803153368368,1.7965121834687052,231,0.5938856352236471,0.1636009641083409,-0.5210685114499294,-1.810324961748086,-0.6919934572443803,-0.19190647763657545,0.20512820512820512,-7.0,0.9465138053000036,0.5777777777777777,0.75,0.8222222222222222
232,-0.4290014324837888,-0.922282064894856,0.4290014324837888,0.922282064894856,0.8983625079236298,1.3273639404074187,1.820644572818486,232,0.4624383725104297,0.5674882510427834,-0.771241979534142,-0.5665352328492007,-0.9796188824911617,0.7253798256484746,0.0,-113.0,0.7841563472821927,0.5555555555555556,0.6190476190476191,0.5333333333333333
233,-0.4378172945414691,-0.44985742832073333,0.4378172945414691,0.4511712846010231,1.153821501445153,1.591638795986622,1.6036789297658862,233,0.9964199482473916,0.3116001964279759,-0.0035864754739701236,-1.166034334600711,-0.09704231476330347,0.2832533937513542,0.2682926829268293,-14.0,0.8983625079236298,0.5333333333333333,0.75,0.7333333333333333
234,-1.4060301727986777,-0.8245920457083765,1.4060301727986777,0.8245920457083765,0.9700567837230616,2.376086956521739,1.794648829431438,234,3.1878203018535065,0.1751397938700309,1.1593373922920807,-1.7421708018327338,1.23997585329938,-0.14164325713418616,0.9024390243902439,153.0,1.153821501445153,0.2222222222222222,1.0,0.5555555555555556
235,-1.1351294330761414,-0.8329794091869871,1.1351294330761414,0.8329794091869871,0.8683583834551534,2.003487816531295,1.7013377926421405,235,0.3958322033210544,0.0828915099512245,-0.926764886513388,-2.4902226352190713,-1.1584241834612214,-0.6933262988650614,0.05128205128205128,-68.0,0.9700567837230616,0.6444444444444445,0.5333333333333333,0.6666666666666666
236,-0.5932390521701087,-0.6364600452238777,0.644713439753327,0.6829948907438081,1.0905016218715686,1.6837406740416774,1.7269616670954462,236,1.230868017291256,0.3997225381815347,0.2077196256064036,-0.9169846271099431,0.1458971449879732,0.46692582664776816,0.5365853658536586,62.0,0.8683583834551534,0.4,0.9285714285714286,0.6888888888888889
237,-1.459389170993844,-0.852795764400437,1.459389170993844,0.852795764400437,1.0406108290061562,2.5,1.8934065934065933,237,0.8749853660497618,0.044541724622548,-0.13354811727893676,-3.1113288971448436,-0.24645972811322986,-1.1513878616128628,0.6829268292682927,135.0,1.0905016218715686,0.5333333333333333,0.6875,0.6444444444444445
238,-1.3803395557858764,-0.7767275156520971,1.3803395557858764,0.7767275156520971,0.9088243238127858,2.289163879598662,1.6855518394648827,238,0.1728300478459042,0.0249114949553395,-1.7554465497318164,-3.692425937243898,-2.1111627676230635,-1.579942900601836,0.10256410256410256,-21.0,1.0406108290061562,0.8666666666666667,0.15384615384615385,0.7111111111111111
239,-0.998068692180997,-0.9563295617462144,0.998068692180997,0.9563295617462144,0.7484864917654911,1.7465551839464881,1.7048160535117056,239,0.5839625461277562,0.1896261071069299,-0.5379184315534239,-1.6627010029287443,-0.7113658769987825,-0.08303483131611691,0.02564102564102564,-87.0,0.9088243238127858,0.5333333333333333,0.65,0.5555555555555556
240,-0.23814559709533356,-0.7901394226677544,0.2770334870760579,0.7901394226677544,1.013385146408654,1.2515307435039877,1.8035245690764086,240,1.130165173862959,1.2700193296807225,0.12236379360236835,0.23903212057571485,0.04776320750268656,1.319480164718194,0.5641025641025641,41.0,0.7484864917654911,0.2222222222222222,0.8571428571428571,0.37777777777777777
241,-1.48465697094598,-0.8855691022928941,1.48465697094598,0.8855691022928941,0.8548079119971637,2.3394648829431435,1.7403770142900576,241,0.8082989688207257,0.0821680621954825,-0.21282327798146003,-2.4989885901882114,-0.3376026937649464,-0.6997911298904183,0.12195121951219512,-47.0,1.013385146408654,0.5777777777777777,0.6666666666666666,0.7333333333333333
242,-0.6310645510531874,-0.8531381296485051,0.6310645510531874,0.8531381296485051,0.8488685593147055,1.4799331103678928,1.7020066889632106,242,0.9090197670330316,0.4606630230824875,-0.09538843913017131,-0.7750884727262244,-0.20258739529205166,0.5715732569013006,0.4146341463414634,26.0,0.8548079119971637,0.4666666666666667,1.0,0.8
243,-0.5800309823202082,-0.753532397293195,0.5800309823202082,0.753532397293195,1.063575912457255,1.6436068947774631,1.8171083097504501,243,1.6822826474638684,0.6626897098618364,0.5201515899206357,-0.4114484076049545,0.5051014094718421,0.8397552842257453,0.7619047619047619,115.0,0.8488685593147055,0.28888888888888886,0.9473684210526315,0.5777777777777777
244,-1.3291865796709779,-0.6895544726475665,1.3291865796709779,0.6895544726475665,1.0127866644761794,2.341973244147157,1.7023411371237458,244,0.7064974900180504,0.0490686207231384,-0.34743562956301594,-3.0145355376279626,-0.492367046530289,-1.0800034299273051,0.0975609756097561,-58.0,1.063575912457255,0.6,0.6666666666666666,0.8
245,-0.9870431238615675,-0.6837464205648642,0.9870431238615675,0.6837464205648642,0.9201236224356135,1.907166746297181,1.6038700430004778,245,1.5009113023884144,0.2355486915419629,0.4060724585591438,-1.4458376287572132,0.37394418116581146,0.07690040386855808,0.43902439024390244,-5.0,1.0127866644761794,0.26666666666666666,0.8461538461538461,0.4222222222222222
246,-0.9664577917145607,-0.8309472664342145,0.9664577917145607,0.8309472664342145,0.898012009583885,1.8644698012984458,1.7289592760180996,246,1.843019241666211,0.3870376071423257,0.6114051190380749,-0.9492334145952834,0.6100159526432941,0.4431425694214514,0.02564102564102564,-116.0,0.9201236224356135,0.24444444444444444,1.0,0.5777777777777777
247,-0.8325194008517114,-0.7728920716591647,0.8325194008517114,0.7728920716591647,0.9657128017283172,1.7982322025800286,1.738604873387482,247,0.6753361818255682,0.2054278024144575,-0.3925446649449336,-1.5826606332257722,-0.5442290828347494,-0.024005613488915556,0.17073170731707318,-74.0,0.898012009583885,0.4222222222222222,0.7037037037037037,0.4
248,-1.2514713337107224,-0.9584947450819599,1.2514713337107224,0.9584947450819599,0.848337553054686,2.0998088867654086,1.8068322981366458,248,0.6121354547509325,0.1208865467624057,-0.49080168966759463,-2.112902803298192,-0.6571955725898727,-0.4150555383521507,0.20512820512820512,-23.0,0.9657128017283172,0.6,0.5882352941176471,0.6222222222222222
249,-0.7563799481209564,-1.013708297520917,0.7563799481209564,1.013708297520917,0.7067520605353488,1.4631320086563053,1.720460358056266,249,0.4976033335106504,0.3344961695735305,-0.6979520384022547,-1.0951298506796272,-0.8953571474406857,0.3355449591431059,0.5476190476190477,80.0,0.848337553054686,0.6222222222222222,0.5833333333333334,0.7333333333333333
250,-0.15817498001494515,-0.7274057492457143,0.23890980924660332,0.7274057492457143,1.1525273611221785,1.3107023411371237,1.879933110367893,250,0.4062207576450264,0.6588604520368699,-0.9008585291104328,-0.4172435240552836,-1.1286395419415547,0.835481426014571,0.0,-165.0,0.7067520605353488,0.5333333333333333,0.65,0.5555555555555556
251,-1.6011519999881683,-0.935660969279746,1.6011519999881683,0.935660969279746,0.8609033359802113,2.462055335968379,1.7965643052599574,251,0.5166631385274644,0.0212787670946927,-0.6603641864167904,-3.8500455534666007,-0.8521422454200085,-1.6961862749687624,0.047619047619047616,-95.0,1.1525273611221785,0.7333333333333333,0.36363636363636365,0.7555555555555555
252,-0.4710154076677767,-0.6414296088512087,0.47486338677876255,0.6414296088512087,0.9237620556715596,1.3947774633393364,1.5651916645227681,252,0.5233838898915767,0.2785089345100263,-0.6474400690854816,-1.27830513930343,-0.8372833366323441,0.20045445352874436,0.3076923076923077,-1.0,0.8609033359802113,0.6222222222222222,0.5833333333333334,0.7333333333333333
253,-1.4728984728436556,-1.1533332554523512,1.4728984728436556,1.1533332554523512,0.5755965104339363,2.048494983277592,1.7289297658862877,253,2.259203315049257,0.3103505239658163,0.8150122356710817,-1.170052897817742,0.8441038595396659,0.2802897312349166,0.36585365853658536,-37.0,0.9237620556715596,0.26666666666666666,1.0,0.6
254,-0.13389392253689347,-0.8743621499616426,0.22869893387585996,0.8743621499616426,0.8771428667607654,1.0110367892976588,1.751505016722408,254,0.1815187799641553,0.9965459527278956,-1.7063961597530848,-0.0034600262651700423,-2.054769340357611,1.1406438873449678,0.04878048780487805,-105.0,0.5755965104339363,0.6,0.6,0.6666666666666666
255,-0.9698455403746232,-0.7450963764950246,0.9698455403746232,0.7450963764950246,1.0212581385551427,1.9911036789297658,1.7663545150501672,255,0.2348276026664348,0.0741696885967845,-1.4489036397330424,-2.6013997217488276,-1.758729172166395,-0.7753186295166139,0.02564102564102564,-177.0,0.8771428667607654,0.7111111111111111,0.45,0.5555555555555556
256,0.12410735255051264,0.6227695599083721,0.24886074721300955,0.6612068240827431,2.3717662154267667,2.247658862876254,1.7489966555183947,256,0.9516055983742376,0.1000690354595756,-0.04960461745353436,-2.3018949765834082,-0.149949554516975,-0.5544359560824671,0.6666666666666666,122.0,1.0212581385551427,0.4444444444444444,0.7083333333333334,0.4666666666666667
257,-1.627727882410888,-0.887660992778781,1.627727882410888,0.887660992778781,0.8722721175891119,2.5,1.7599331103678928,257,2.569501087370503,0.0043246190695649,0.9437117506337522,-5.443431218878428,0.9920702006695413,-2.8712971580815667,0.28205128205128205,-4.0,2.3717662154267667,0.4888888888888889,0.75,0.6444444444444445
258,-0.54801540959351,-0.6155739380216038,0.54801540959351,0.6155739380216038,0.8971350920787308,1.4451505016722408,1.5127090301003345,258,0.4439617145962115,0.192993025889743,-0.8120169486547044,-1.6451012260164524,-1.0264980256814313,-0.07005511784251392,0.2857142857142857,12.0,0.8722721175891119,0.6222222222222222,0.6,0.7777777777777778
259,-0.9555114359813466,-0.8400496402519924,0.9555114359813466,0.8400496402519924,0.9072876378545165,1.8627990738358629,1.7473372781065089,259,3.8203480856026815,0.7725987901051058,1.3403415403526557,-0.2579953947554461,1.4480770378735555,0.9529258174872577,0.4878048780487805,-33.0,0.8971350920787308,0.13333333333333333,1.0,0.4666666666666667
260,-0.7908434199030857,-0.7295481933904678,0.7908434199030857,0.7295481933904678,1.0495031900087417,1.840346609911827,1.7790513833992094,260,1.431863884228311,0.3669950720972733,0.35897701110744873,-1.0024068585455825,0.31979835905200726,0.40392752309904373,0.5365853658536586,38.0,0.9072876378545165,0.4,0.9285714285714286,0.6888888888888889
261,-1.257285353208796,-0.6921073087468641,1.257285353208796,0.6921073087468641,1.0283530493094017,2.285638402518198,1.720460358056266,261,0.6185287814199992,0.0562253992400904,-0.4804115540043084,-2.8783866804044687,-0.6452499925433169,-0.9795945914899719,0.38461538461538464,61.0,1.0495031900087417,0.6,1.0,0.9333333333333333
262,-1.2591296242718966,-0.7682626317326633,1.2591296242718966,0.7682626317326633,0.8932501030242186,2.152379727296115,1.6615127347568819,262,1.4004450229593566,0.1488053939002696,0.3367900596525198,-1.905115907910368,0.2942899332544103,-0.2618141433535677,0.7560975609756098,116.0,1.0283530493094017,0.26666666666666666,0.9090909090909091,0.5111111111111111
263,-0.8959876327677595,-0.9177070897813342,0.8959876327677595,0.9177070897813342,0.8027532682749317,1.6987409010426913,1.720460358056266,263,2.277387127151632,0.6350999781050733,0.8230287889465105,-0.4539728466479788,0.8533205225316125,0.8083938052050278,0.2926829268292683,-102.0,0.8932501030242186,0.1111111111111111,0.9310344827586207,0.35555555555555557
264,-0.5623825940932897,-0.760375905130079,0.5683191794433552,0.760375905130079,1.0359451651040346,1.5983277591973242,1.7963210702341135,264,0.4482079566342873,0.2740470107128276,-0.8024979653536786,-1.2944556153662232,-1.0155540129496219,0.1885435893852942,0.0,-92.0,0.8027532682749317,0.5777777777777777,0.625,0.6444444444444445
265,-1.1870170304941505,-0.8450772311630469,1.1870170304941505,0.8552357751701358,0.8768625681680569,2.0638795986622074,1.7219397993311036,265,0.5824436352856137,0.1009766843941281,-0.5405228616823408,-2.2928656363731723,-0.7143602006138794,-0.547776880267552,0.7692307692307693,174.0,1.0359451651040346,0.6222222222222222,0.625,0.8222222222222222
266,-0.5169711701592822,-0.6350116974069706,0.5577290427300519,0.641773898130406,1.1189721703876387,1.635943340546921,1.7539838677946094,266,0.6755790411763515,0.2990766983010017,-0.39218511706322434,-1.2070552224292073,-0.5438157092137769,0.2530007733289427,0.4523809523809524,40.0,0.8768625681680569,0.5333333333333333,0.8,0.7777777777777778
267,-1.631630744710988,-0.9585299324797408,1.631630744710988,0.9585299324797408,0.7548479939416638,2.386478738652652,1.7133779264214046,267,0.5396615033890162,0.0262668799370257,-0.6168131815495428,-3.639446451389463,-0.8020714829574993,-1.5408708970306375,0.0,-127.0,1.1189721703876387,0.6,0.5882352941176471,0.6222222222222222
268,-0.108234545283161,-0.7442005859314759,0.1823426268026129,0.7442005859314759,1.0031366921750329,1.1113712374581939,1.7473372781065089,268,1.0173703650734187,1.643021903150202,0.01722122488461469,0.4965371701593342,-0.07311961940365418,1.5093883537968273,0.6341463414634146,36.0,0.7548479939416638,0.13333333333333333,0.9285714285714286,0.37777777777777777
269,-0.9941074357424008,-0.5499602785517655,0.9941074357424008,0.5499602785517655,0.9440196545586024,1.938127090301003,1.493979933110368,269,1.2491801542515817,0.1592811852493701,0.2224874595343254,-1.8370841779594946,0.16287578203537798,-0.21164121410131417,0.47619047619047616,67.0,1.0031366921750329,0.4222222222222222,0.8666666666666667,0.6666666666666666
270,-1.2291720108791417,-0.9241552884711152,1.2291720108791417,0.9241552884711152,0.9388643006354304,2.168036311514572,1.8630195891065457,270,14.878967001072436,1.9846636802146864,2.6999486050241908,0.6854494691618401,3.0112226549501107,1.6487098647973224,0.5128205128205128,-10.0,0.9440196545586024,0.0,1.0,0.3333333333333333
271,-0.7389235801370719,-0.6405958209397475,0.7389235801370719,0.6405958209397475,1.0828155502977106,1.8217391304347827,1.7234113712374581,271,0.4442431192089285,0.1402067189060792,-0.8113833006234794,-1.964637381806135,-1.0257695180349828,-0.30571081775709485,0.21951219512195122,-41.0,0.9388643006354304,0.6444444444444445,0.5384615384615384,0.7111111111111111
272,-1.2848143988892302,-0.7490284457119727,1.2848143988892302,0.7490284457119727,0.8546504840539134,2.1394648829431437,1.6036789297658862,272,1.4674601907029134,0.1516295102205205,0.3835331450628365,-1.8863151662706577,0.34803064333627765,-0.2479487267184146,0.07692307692307693,-62.0,1.0828155502977106,0.4222222222222222,0.8235294117647058,0.6222222222222222
273,-0.7094775168343361,-0.6576684563296235,0.7094775168343361,0.6576684563296235,0.9914954232690387,1.7009729401033746,1.6491638795986623,273,2.931624133875568,0.6956771862578613,1.0755565813578067,-0.36286953909006714,1.1436527237644003,0.8755818630134964,0.34146341463414637,-23.0,0.8546504840539134,0.2222222222222222,1.0,0.5555555555555556
274,-1.1884141219096327,-0.7774442222440808,1.1884141219096327,0.7774442222440808,0.8840273496622736,2.072441471571906,1.6614715719063544,274,1.8270399779561144,0.2126418642567188,0.6026971589058461,-1.5481459168588747,0.6000043764548022,0.0014487505804449488,0.37209302325581395,-30.0,0.9914954232690387,0.3333333333333333,1.0,0.6666666666666666
275,-0.9321348910393737,-0.8839743559223169,0.9321348910393737,0.8839743559223169,0.8023132694957432,1.734448160535117,1.68628762541806,275,2.277922134693282,0.5540781691783588,0.8232636830067629,-0.5904495025885398,0.8535905811612722,0.7077432174861128,0.1951219512195122,-118.0,0.8840273496622736,0.15555555555555556,0.96,0.4444444444444444
276,-0.5878960557728525,-0.8000317461694124,0.6382430846235361,0.8285918662766656,0.8686256833575822,1.4565217391304348,1.6686574295269947,276,0.6738894309464404,0.36689619610752,-0.3946892305682354,-1.002676315329265,-0.5466946984097957,0.4037288005889149,0.15384615384615385,-53.0,0.8023132694957432,0.4222222222222222,0.7894736842105263,0.5777777777777777
277,-0.9206169649288342,-0.9469905913024604,0.9206169649288342,0.9469905913024604,0.8971087875795271,1.817725752508361,1.8440993788819875,277,1.245891135807179,0.3877717557321794,0.21985104560692945,-0.9473383708729524,0.15984468652073078,0.4445401510304903,0.24390243902439024,-34.0,0.8686256833575822,0.4,1.0,0.7333333333333333
278,-0.8678652520265814,-0.9452661120361371,0.8678652520265814,0.9452661120361371,0.786458684906051,1.6543239369326326,1.7317247969421883,278,0.1762412086454341,0.1341042193523021,-1.7359017185597148,-2.009138024966509,-2.0886919979595118,-0.3385297336155849,0.10256410256410256,-91.0,0.8971087875795271,0.8222222222222222,0.23076923076923078,0.7111111111111111
279,0.1907254078275475,-0.19616422427947597,0.30887293133463983,0.28914885968690657,1.4653073476268785,1.274581939799331,1.6614715719063544,279,0.7271581876279025,0.6151626831152162,-0.3186112355333378,-0.4858685207656962,-0.45922752676524264,0.7848709666396,0.07317073170731707,-96.0,0.786458684906051,0.4666666666666667,0.8461538461538461,0.7111111111111111
280,-1.4652205844457802,-0.6389664038437736,1.4652205844457802,0.6389664038437736,1.0347794155542198,2.5,1.6737458193979933,280,1.9712769210605312,0.0136580209386343,0.6786815160493048,-4.2934283153770325,0.6873638922453971,-2.0231779884099006,0.05128205128205128,-100.0,1.4653073476268785,0.37777777777777777,0.8823529411764706,0.6222222222222222
281,-1.2802771238841795,-0.7733566196392606,1.2802771238841795,0.7733566196392606,0.9319945509293012,2.212271674813481,1.7053511705685618,281,1.1106262477334443,0.1168699826197381,0.10492404337775763,-2.1466932217515677,0.02771265772630979,-0.43997573773102155,0.35714285714285715,-26.0,1.0347794155542198,0.3333333333333333,0.8947368421052632,0.5777777777777777
282,-0.5505699942132566,-0.3932455794975375,0.5707660523862447,0.4565137558211348,1.328694219833566,1.8792642140468228,1.7219397993311036,282,1.9058762111363652,0.3813224882566466,0.644941856184968,-0.964109836001341,0.6485732719191242,0.4321713117557736,0.6923076923076923,83.0,0.9319945509293012,0.3111111111111111,0.9,0.5555555555555556
283,-1.2562514550894555,-0.25023138819982327,1.2562514550894555,0.31656081712514583,1.2437485449105445,2.5,1.493979933110368,283,1.2777129084596464,0.0162259957821834,0.24507168945183172,-4.121140644951156,0.18884096045192872,-1.8961170257450508,0.0,-133.0,1.328694219833566,0.5111111111111111,0.7692307692307693,0.7111111111111111
284,-1.8240045508619531,-1.0413958552097793,1.8240045508619531,1.0413958552097793,0.6759954491380467,2.5,1.7173913043478262,284,17.348265389475788,0.2593113957256521,2.853492523842952,-1.3497256393675239,3.1877527054086885,0.14778232980847497,0.04878048780487805,-142.0,1.2437485449105445,0.0,1.0,0.3333333333333333
285,-0.37179339544075873,-0.9157241449981067,0.3723593586884256,0.9157241449981067,0.8132351310199928,1.1850285264607514,1.7289592760180996,285,0.8101675458781645,1.017024415490316,-0.21051420594232867,0.016881124143359946,-0.3349479445132909,1.1556453447692256,0.5121951219512195,41.0,0.6759954491380467,0.4222222222222222,0.8666666666666667,0.6666666666666666
286,-0.4664459518943465,-0.7393556508910021,0.4664459518943465,0.7393556508910021,0.9119486969350848,1.3783946488294314,1.651304347826087,286,0.8505798447906776,0.5077083083718,-0.16183699172822566,-0.6778481924358819,-0.27898355889967685,0.6432872895592932,0.28205128205128205,-41.0,0.8132351310199928,0.37777777777777777,0.8421052631578947,0.5777777777777777
287,-0.8621531103714287,-0.7825029946009117,0.8621531103714287,0.7825029946009117,0.8530771443237087,1.7152302546951375,1.6355801389246205,287,1.5141579227387405,0.359856237341448,0.4148594578573894,-1.0220506680079204,0.3840466289959319,0.389440349788732,0.21951219512195122,-82.0,0.9119486969350848,0.26666666666666666,0.95,0.5555555555555556
288,-0.9983113710460876,-1.0372102647944796,0.9983113710460876,1.0372102647944796,0.7798980449559705,1.7782094160020578,1.8171083097504501,288,3.608759121598515,0.9923610701766112,1.2833639796256242,-0.007668255889780741,1.3825697110609445,1.1375403471676815,0.21951219512195122,-83.0,0.8530771443237087,0.13333333333333333,0.9615384615384616,0.4222222222222222
289,-0.6484907361720188,-0.9727716726268684,0.6484907361720188,0.9727716726268684,0.7491681267042353,1.3976588628762543,1.7219397993311036,289,0.7305589001525888,0.5118503416525221,-0.31394542112723595,-0.6697229981309454,-0.45386322149756386,0.6492795640364639,0.48717948717948717,37.0,0.7798980449559705,0.5111111111111111,0.7333333333333333,0.6666666666666666
290,-0.419339672739199,-0.8032074673486815,0.4409261175248634,0.8032074673486815,0.9507764004459278,1.3701160731851267,1.7539838677946094,290,1.1510790152266075,0.8223377671201396,0.14069977658124486,-0.19560405942062234,0.06884415961964653,0.9989389948086078,0.21951219512195122,-99.0,0.7491681267042353,0.3333333333333333,0.9411764705882353,0.6222222222222222
291,-1.1280853424924193,-0.8070151083787069,1.1280853424924193,0.8070151083787069,0.7482357277416944,1.8763210702341138,1.5552508361204014,291,0.4872156154003927,0.0913758072959202,-0.7190485117856472,-2.392774525975352,-0.9196118462885392,-0.6214589937945948,0.024390243902439025,-87.0,0.9507764004459278,0.5777777777777777,0.625,0.6444444444444445
292,-0.26721736974064264,-0.7488227209112112,0.3423362828162975,0.7543028877295499,1.045826108520227,1.3130434782608695,1.794648829431438,292,3.8623824835055105,2.9383017534011957,1.3512842167786225,1.0778317795577275,1.4606578762192794,1.93808909877454,0.5128205128205128,22.0,0.7482357277416944,0.022222222222222223,1.0,0.35555555555555557
