alpha,tau,sigma_v,v_full,remaining_frac,buffer,p_floor
19.527618769659377,1.0599524857713851,0.20825161187031052,1.45,0.9,0.6,0.09
