name,description,n_subj_params,n_params,bic,delta_bic,final_loss,choice_acc,choice_r2,vigor_r2,subj_vigor_r2
M4,Population ce,1,303.0,30859.59720434918,-1273.4027956508216,13800.855628562987,0.7239703840814438,0.0007209668627040852,0.5121733875852879,0.6881542000342741
M6,Standard u^2 cost,2,597.0,31991.25793577804,-141.74206422195857,12786.127465426558,0.7952336881073577,0.9516337235222581,0.5076269376767416,0.6897463398700415
FINAL,EVC 2+2 (full model),2,,32133.0,0.0,,,,,
M5,No gamma (gamma=1),2,596.0,34204.17459703734,2071.1745970373377,13897.961845474065,0.7921486965910843,0.9545408517457039,0.4245466857877167,0.667580637232442
M2,Threat Only,1,301.0,34226.729934748,2093.7299347480002,15495.174092598118,0.43290143452105506,0.005693365240411131,0.5130390521519061,0.687692602798143
M3,Separate Choice + Vigor,3,888.0,42562.94347313083,10429.943473130828,16507.53985350567,0.7925343205306186,0.9548535556522464,0.44117314687126485,0.9998744336707662
M1,Effort Only,1,,50792.0,18659.0,,,,,
