dataset,r_cd,p_cd,r_eps,p_eps,ce_true,ce_rec,gamma_true,gamma_rec,n_subj,n_trials
1,0.9267498940664486,4.807122950313535e-22,0.946419858332803,3.3093086769136625e-25,0.007009902509594,0.03772163756143264,0.3183503276055234,0.31949701175346645,50,2250
2,0.9269655777215204,4.489724570944307e-22,0.9628599886786863,6.030683836963245e-29,0.007009902509594,0.05341960741284314,0.3183503276055234,0.33787840594615987,50,2250
3,0.8937814192873786,2.4569320120990434e-18,0.9447325874222605,6.832903814262739e-25,0.007009902509594,0.06108259944584517,0.3183503276055234,0.25568997750907557,50,2250
4,0.8819051453357296,2.7231759926759563e-17,0.9604359192214601,2.6764021001825227e-28,0.007009902509594,0.04833524097170174,0.3183503276055234,0.37684506683180585,50,2250
5,0.8580031410160671,1.7151883318845022e-15,0.9478048965922187,1.792941578989761e-25,0.007009902509594,0.03573072716323751,0.3183503276055234,0.2796020904442542,50,2250
overall,0.8878379926072572,1.432117705685595e-85,0.9325798959826292,9.666362639398311e-112,0.007009902509594,0.05013977134795567,0.3183503276055234,0.31390251049695234,250,11250
