lam,sigma_motor,ce_vigor,tau,sigma_v,v_full,t_safe
0.3111627505322041,1.9572289813901187,7.848209446147512,1.0608225005216652,0.2499484114856581,1.0840587929486272,1.5
