{
  "H4a": {
    "r": -0.6713687846098183,
    "p": 9.528430192253337e-40,
    "n": 293,
    "expected_direction": true,
    "meets_threshold_r_neg05": true,
    "interpretation": "r=-0.671, significant"
  },
  "H4b": {
    "r": -0.19541752656927805,
    "p": 0.000770463465904511,
    "n": 293,
    "interpretation": "significant"
  },
  "H4c": {
    "r": 0.4615799866918129,
    "p": 7.242366310669993e-17,
    "n": 293,
    "interpretation": "significant"
  },
  "H4d": {
    "n": 293,
    "total_reward": {
      "r": 0.4125759870209502,
      "p": 1.804508049533093e-13,
      "interpretation": "significant"
    },
    "escape_rate": {
      "r": 0.3064653478867434,
      "p": 8.661949554495076e-08,
      "interpretation": "significant"
    }
  },
  "H4e": {
    "n": 293,
    "r_squared": 0.3210098981257947,
    "r_squared_adj": 0.31157948004420855,
    "f_stat": 34.03983740154617,
    "f_p": 2.900759437462693e-23,
    "predictors": {
      "alpha_i_z": {
        "beta": 25.064865275479093,
        "se": 3.4763063888670467,
        "t": 7.210200273413735,
        "p": 4.939268372576733e-12
      },
      "delta_i_z": {
        "beta": 26.263050253316766,
        "se": 3.91545851403585,
        "t": 6.707528673633216,
        "p": 1.0463085684397003e-10
      },
      "k_z": {
        "beta": -14.086994262651176,
        "se": 3.5465391990259105,
        "t": -3.9720396341651316,
        "p": 9.010025021962542e-05
      },
      "beta_z": {
        "beta": 3.658412418266024,
        "se": 3.8767067160541493,
        "t": 0.9436907886572566,
        "p": 0.3461186576124865
      }
    }
  },
  "descriptives": {
    "choice_shift": {
      "mean": -0.2705964537238481,
      "sd": 0.1659727472599073,
      "pct_negative": 90.78498293515358
    },
    "excess_shift": {
      "mean": 0.08408173533843669,
      "sd": 0.09617071520456846,
      "pct_positive": 85.32423208191126
    },
    "coherent_shift": {
      "mean": 0.3546781890622848,
      "sd": 0.24130511280669215
    },
    "n_subjects": 293
  }
}