lam,lam_sd,lam_2.5,lam_97.5,tau,mu_logk,mu_logb,elapsed_min
14.0,0.0,14.0,14.0,0.7576340436935425,1.3750916719436646,3.652944326400757,13.697325762112936
