epsilon,gamma,ce_vigor,tau,p_esc,sigma_motor,sigma_v
0.14649782804228828,0.2245444415698537,0.002853929136962431,0.4985731039950041,0.01514889830479281,0.999893075087679,0.2292976939938331
