ce_vigor,tau,p_esc,sigma_motor,sigma_v
0.0026966101844357084,1.059801913059928,0.00206705919694702,0.8201817909964866,0.24050976727655887
