r_k,r_beta,r_cd,cross_k_beta,cross_beta_k,n_datasets,n_subj_per,pass
0.9046465447164096,0.21367834694663976,0.924992240773884,0.0727336161704548,0.03396580085361859,3,50,False
