r_k,r_beta,r_cd,cross_k_beta,cross_beta_k,pass
0.8503980341272186,0.8410175154769678,0.9271631355984352,0.02983261750773013,0.11101534212116203,True
