c_effort,gamma,bic,vigor_r2
0.007009902509594067,0.3183503276055234,20367.806403774895,0.4854935921632495
