gamma,bic,vigor_r2
0.2962943634381591,22126.05069930487,0.49643268040701105
