mu_alpha_mean,mu_alpha_hdi_lo,mu_alpha_hdi_hi,mu_rho_mean,mu_rho_hdi_lo,mu_rho_hdi_hi,p_rho_pos,sigma_alpha,sigma_gamma,sigma_rho,sigma_pre,sigma_term,n_subj,n_obs,n_divergent,max_rhat_alpha,max_rhat_rho
0.5189215540885925,0.4969375431537628,0.5410286784172058,0.5255916118621826,0.5088455080986023,0.5423272848129272,1.0,0.19618014991283417,0.07361366599798203,0.12939977645874023,0.25973230600357056,0.2556345760822296,293,23556,0,1.0064640267136218,1.0027091394119938
