subj,T_round,actual_dist,is_heavy,mean_rate,n_trials,sd_rate,sem,actual_R,actual_req,subj_cookie_mean,rel_rate,rel_rate_cc
1,0.1,1,1,0.8148134637527388,5,0.109282493684018,0.048872616925631135,5.0,0.9,0.8505099621517044,0.9580293000817333,0.9580293000817333
1,0.1,2,1,0.7939846797058279,5,0.11271924454413279,0.05040957863462064,5.0,0.9,0.8505099621517044,0.9335395410268056,0.9335395410268056
1,0.1,3,1,0.7978777374523603,5,0.05811327303620091,0.025989045780790164,5.0,0.9,0.8505099621517044,0.9381168627746701,0.9381168627746701
1,0.5,1,0,1.036159101389713,1,,,1.0,0.4,0.8595367761022318,1.2054854779901518,1.2054854779901518
1,0.5,1,1,0.8806832673712013,4,0.13364815000938948,0.06682407500469474,5.0,0.9,0.8505099621517044,1.0354767216872587,1.0354767216872587
1,0.5,2,0,0.7632777122609875,3,0.03962667533367728,0.02287847167098848,1.0,0.4,0.8595367761022318,0.8880105348397619,0.8880105348397619
1,0.5,2,1,0.8760549552649466,2,0.10706496226137258,0.07570636084249834,5.0,0.9,0.8505099621517044,1.0300349134637012,1.0300349134637012
1,0.5,3,0,0.7870412900132097,4,0.0603582276104057,0.03017911380520285,1.0,0.4,0.8595367761022318,0.9156574935423129,0.9156574935423129
1,0.5,3,1,0.9559484217282223,1,,,5.0,0.9,0.8505099621517044,1.1239708695589752,1.1239708695589752
1,0.9,1,0,0.9519862465928206,3,0.14901995531707046,0.08603671131693665,1.0,0.4,0.8595367761022318,1.1075573181520195,1.1075573181520195
1,0.9,1,1,0.8342072097866332,2,0.010277160512880912,0.007267049890000709,5.0,0.9,0.8505099621517044,0.9808317914068556,0.9808317914068556
1,0.9,2,0,0.812148985935365,5,0.1001967863822854,0.044809365095563075,1.0,0.4,0.8595367761022318,0.9448682226469033,0.9448682226469033
1,0.9,3,0,0.8066073204212956,5,0.027911581081674984,0.012482438531624474,1.0,0.4,0.8595367761022318,0.9384209528288515,0.9384209528288515
2,0.1,1,1,0.9059718177978233,5,0.16451259057297252,0.07357226713515153,5.0,0.9,1.0270268226677892,0.8821306296991199,0.8821306296991199
2,0.1,2,1,0.9802267524387831,5,0.18287545330545715,0.08178438900141816,5.0,0.9,1.0270268226677892,0.9544315014992121,0.9544315014992121
2,0.1,3,1,1.1087768850669486,5,0.03335917741309527,0.01491867767383132,5.0,0.9,1.0270268226677892,1.0795987608062725,1.0795987608062725
2,0.5,1,0,0.6795858331753721,2,0.11489819561649989,0.08124529326652552,1.0,0.4,0.7276990054250372,0.933883141393655,0.933883141393655
2,0.5,1,1,1.0361975660604292,3,0.13213335261577985,0.07628722670164824,5.0,0.9,1.0270268226677892,1.0089294098169883,1.0089294098169883
2,0.5,2,0,0.6958217680192996,5,0.13049266909347892,0.058358095731680944,1.0,0.4,0.7276990054250372,0.9561944744075628,0.9561944744075628
2,0.5,3,0,0.789344874018613,5,0.21929057657161866,0.09806972720785241,1.0,0.4,0.7276990054250372,1.0847134160332808,1.0847134160332808
2,0.9,1,0,0.8247762355973994,2,0.14817563517541052,0.1047759964391567,1.0,0.4,0.7276990054250372,1.1334029996587134,1.1334029996587134
2,0.9,1,1,1.1039610919749616,3,0.023914791828824607,0.01380721149998575,5.0,0.9,1.0270268226677892,1.074909698178407,1.074909698178407
2,0.9,2,0,0.6879578098989345,5,0.09696299599945861,0.04336317007136592,1.0,0.4,0.7276990054250372,0.9453878660959685,0.9453878660959685
2,0.9,3,0,0.6887075118406044,5,0.15609027773120027,0.06980569432675708,1.0,0.4,0.7276990054250372,0.9464181024108196,0.9464181024108196
3,0.1,1,1,1.1935759314446632,5,0.07723348818377417,0.03453986594366916,5.0,0.9,1.1577305520732664,1.0309617633457153,1.0309617633457153
3,0.1,2,0,0.9452396228952086,5,0.18947657102516863,0.08473649859116882,1.0,0.4,1.1227899277004003,0.8418668528948824,0.8418668528948824
3,0.1,3,0,1.1154861398391132,4,0.10516496396259627,0.05258248198129813,1.0,0.4,1.1227899277004003,0.9934949649252321,0.9934949649252321
3,0.1,3,1,1.1218851727018695,1,,,5.0,0.9,1.1577305520732664,0.9690382366542847,0.9690382366542847
3,0.5,1,0,1.152502144457441,5,0.06865853344054883,0.030705029601701937,1.0,0.4,1.1227899277004003,1.0264628458307377,1.0264628458307377
3,0.5,2,0,1.1030839219300506,5,0.1049862854975955,0.04695129421556477,1.0,0.4,1.1227899277004003,0.9824490714743853,0.9824490714743853
3,0.5,3,0,1.2157386151900735,5,0.03745478314482195,0.016750288238867046,1.0,0.4,1.1227899277004003,1.0827836848163062,1.0827836848163062
3,0.9,1,0,1.1453382266991903,5,0.07193414256095491,0.0321699265338912,1.0,0.4,1.1227899277004003,1.0200823844625784,1.0200823844625784
3,0.9,2,0,1.163552953969448,5,0.13340032383666817,0.05965843846385511,1.0,0.4,1.1227899277004003,1.0363051228581424,1.0363051228581424
3,0.9,3,0,1.141377796622677,5,0.20122632886032138,0.08999115003888128,1.0,0.4,1.1227899277004003,1.0165550727377353,1.0165550727377353
4,0.1,1,0,0.7634972490720728,1,,,1.0,0.4,0.8444333830440701,0.9041533226928651,0.9041533226928651
4,0.1,1,1,0.8455120655661034,4,0.06207333626103906,0.03103666813051953,5.0,0.9,0.8850668518508534,0.9553087021595792,0.9553087021595792
4,0.1,2,0,0.8641226738528087,4,0.08951435759414354,0.04475717879707177,1.0,0.4,0.8444333830440701,1.0233165708557865,1.0233165708557865
4,0.1,2,1,0.7670986590755863,1,,,5.0,0.9,0.8850668518508534,0.8667126754000878,0.8667126754000878
4,0.1,3,0,0.806161005066143,4,0.06855192949029344,0.03427596474514672,1.0,0.4,0.8444333830440701,0.9546768534422925,0.9546768534422925
4,0.1,3,1,0.8925302885034428,1,,,5.0,0.9,0.8850668518508534,1.0084326247638604,1.0084326247638604
4,0.5,1,0,0.842496919139255,2,0.18131802475207237,0.12821120485354065,1.0,0.4,0.8444333830440701,0.9977067890212553,0.9977067890212553
4,0.5,1,1,0.9099888180014005,3,0.1550048465334618,0.0894920898717908,5.0,0.9,0.8850668518508534,1.0281582866858365,1.0281582866858365
4,0.5,2,0,0.8825342872555563,3,0.05389766239012532,0.031117829889630425,1.0,0.4,0.8444333830440701,1.0451200828585643,1.0451200828585643
4,0.5,2,1,1.010204428107734,2,0.26016560997873855,0.18396486704750054,5.0,0.9,0.8850668518508534,1.141387710990636,1.141387710990636
4,0.5,3,0,0.8473247485875742,5,0.05357925288755382,0.02396137032804445,1.0,0.4,0.8444333830440701,1.0034240303635098,1.0034240303635098
4,0.9,1,0,0.8176643491926872,5,0.0788287547631372,0.03525329084640702,1.0,0.4,0.8444333830440701,0.9682994130870524,0.9682994130870524
4,0.9,2,0,0.8883037981921426,5,0.10433626300919478,0.046660595321371255,1.0,0.4,0.8444333830440701,1.0519524879392208,1.0519524879392208
4,0.9,3,0,0.8877954170383914,5,0.03922106937979971,0.01754019545669353,1.0,0.4,0.8444333830440701,1.0513504497394535,1.0513504497394535
5,0.1,1,0,1.0483210483210483,1,,,1.0,0.4,1.0146401326860965,1.0331949373476752,1.0331949373476752
5,0.1,1,1,1.0689371772781775,4,0.04399266490630502,0.02199633245315251,5.0,0.9,1.0552971185759252,1.0129253254483048,1.0129253254483048
5,0.1,2,1,1.0327006962126974,5,0.03296652200174921,0.014743076835530734,5.0,0.9,1.0552971185759252,0.9785876205236677,0.9785876205236677
5,0.1,3,1,1.0360985949511359,5,0.06765529819295478,0.03025636915949311,5.0,0.9,1.0552971185759252,0.9818074708185531,0.9818074708185531
5,0.5,1,1,1.0359586622390669,5,0.06956646874331804,0.0311110706129347,5.0,0.9,1.0552971185759252,0.9816748705208683,0.9816748705208683
5,0.5,2,0,1.0113312488553556,1,,,1.0,0.4,1.0146401326860965,0.9967388596960174,0.9967388596960174
5,0.5,2,1,1.0476946844691035,4,0.0007058380596211605,0.00035291902981058026,5.0,0.9,1.0552971185759252,0.9927959301953929,0.9927959301953929
5,0.5,3,0,0.9856263684462686,3,0.021224678976767348,0.01225407412070002,1.0,0.4,1.0146401326860965,0.9714048722249743,0.9714048722249743
5,0.5,3,1,1.0911984117284674,2,0.06230540896684619,0.044056577185058066,5.0,0.9,1.0552971185759252,1.0340200807152675,1.0340200807152675
5,0.9,1,1,1.0744916031528287,5,0.0566684370239066,0.025342895472824204,5.0,0.9,1.0552971185759252,1.0181887017779463,1.0181887017779463
5,0.9,2,0,1.0101294833191339,5,0.03718692791255595,0.01663049973737189,1.0,0.4,1.0146401326860965,0.9955544343046816,0.9955544343046816
5,0.9,3,0,1.0177925144886766,5,0.04113233596616857,0.01839493985874248,1.0,0.4,1.0146401326860965,1.0031068964266519,1.0031068964266519
6,0.1,1,0,0.9732394784519884,1,,,1.0,0.4,0.755043718014043,1.288984273668094,1.288984273668094
6,0.1,1,1,0.9434465809195713,4,0.05729073483940293,0.028645367419701466,5.0,0.9,0.9110788164027197,1.0355268544654037,1.0355268544654037
6,0.1,2,0,0.6430066908923788,4,0.07264490845550266,0.03632245422775133,1.0,0.4,0.755043718014043,0.8516151787656083,0.8516151787656083
6,0.1,2,1,0.8718603661132398,1,,,5.0,0.9,0.9110788164027197,0.9569538336492895,0.9569538336492895
6,0.1,3,0,0.7463402672940924,4,0.125392844428079,0.0626964222140395,1.0,0.4,0.755043718014043,0.9884729181737412,0.9884729181737412
6,0.1,3,1,0.8710538347847354,1,,,5.0,0.9,0.9110788164027197,0.9560685849595122,0.9560685849595122
6,0.5,1,0,0.7193347558459121,1,,,1.0,0.4,0.755043718014043,0.9527060999036525,0.9527060999036525
6,0.5,1,1,0.8774779864745832,4,0.1334876461876208,0.0667438230938104,5.0,0.9,0.9110788164027197,0.9631197330865345,0.9631197330865345
6,0.5,2,0,0.7537815217138796,3,0.1928499931009546,0.11134199543005362,1.0,0.4,0.755043718014043,0.9983283136193977,0.9983283136193977
6,0.5,2,1,0.9204399757068629,2,0.0012724327438855783,0.0008997458218052978,5.0,0.9,0.9110788164027197,1.0102748073334693,1.0102748073334693
6,0.5,3,0,0.7404156543414667,4,0.12124151570971968,0.06062075785485984,1.0,0.4,0.755043718014043,0.9806262030613911,0.9806262030613911
6,0.5,3,1,0.9217906954501214,1,,,5.0,0.9,0.9110788164027197,1.0117573571622445,1.0117573571622445
6,0.9,1,0,0.6879763569988718,4,0.045531862161690584,0.022765931080845292,1.0,0.4,0.755043718014043,0.9111742016852012,0.9111742016852012
6,0.9,1,1,0.9714822753699242,1,,,5.0,0.9,0.9110788164027197,1.0662988293435467,1.0662988293435467
6,0.9,2,0,0.7782176304542465,5,0.18668497654419638,0.08348805958615538,1.0,0.4,0.755043718014043,1.0306921465437218,1.0306921465437218
6,0.9,3,0,0.7530811061335516,5,0.10366071935910816,0.04635848301669885,1.0,0.4,0.755043718014043,0.9974006645791934,0.9974006645791934
7,0.1,1,1,1.0186805604587665,5,0.045325421205415745,0.020270144584824012,5.0,0.9,1.0031756832858296,1.015455794464786,1.015455794464786
7,0.1,2,0,1.0026927784577724,1,,,1.0,0.4,0.9861702384752572,1.01675424722618,1.01675424722618
7,0.1,2,1,1.0123377343290896,4,0.04347938708995454,0.02173969354497727,5.0,0.9,1.0031756832858296,1.009133047377355,1.009133047377355
7,0.1,3,0,0.8629990993139433,4,0.06878930251504235,0.034394651257521176,1.0,0.4,0.9861702384752572,0.8751015449911042,0.8751015449911042
7,0.1,3,1,0.9602400600150037,1,,,5.0,0.9,1.0031756832858296,0.957200295036864,0.957200295036864
7,0.5,1,0,1.0672923680631166,1,,,1.0,0.4,0.9861702384752572,1.0822597624861245,1.0822597624861245
7,0.5,1,1,1.0517354756107946,4,0.021687549785681885,0.010843774892840942,5.0,0.9,1.0031756832858296,1.0484060699776043,1.0484060699776043
7,0.5,2,0,0.9811788173957317,4,0.05161526327350606,0.02580763163675303,1.0,0.4,0.9861702384752572,0.9949385806985588,0.9949385806985588
7,0.5,2,1,0.9651203493916565,1,,,5.0,0.9,1.0031756832858296,0.962065135221853,0.962065135221853
7,0.5,3,0,0.9433189744883504,5,0.1282468608356741,0.057353739745904554,1.0,0.4,0.9861702384752572,0.9565478024837171,0.9565478024837171
7,0.9,1,0,1.0392011160306178,4,0.032637071314147,0.0163185356570735,1.0,0.4,0.9861702384752572,1.0537745669929697,1.0537745669929697
7,0.9,1,1,1.010939919909667,1,,,5.0,0.9,1.0031756832858296,1.0077396579215379,1.0077396579215379
7,0.9,2,0,0.9883486212288297,5,0.044384453984707646,0.01984933125080354,1.0,0.4,0.9861702384752572,1.0022089317529401,1.0022089317529401
7,0.9,3,0,1.004330132823696,5,0.0844297939308503,0.03775815171113609,1.0,0.4,0.9861702384752572,1.018414563368406,1.018414563368406
8,0.1,1,0,1.021319037526493,1,,,1.0,0.4,0.9362318327598764,1.0908826230740218,1.0908826230740218
8,0.1,1,1,0.8604284706050154,4,0.0416038706987511,0.02080193534937555,5.0,0.9,0.9013796894323176,0.9545682920223185,0.9545682920223185
8,0.1,2,0,0.9638002881233803,5,0.10197306142274382,0.04560373944300332,1.0,0.4,0.9362318327598764,1.0294461845868197,1.0294461845868197
8,0.1,3,0,0.8954772615497607,4,0.0609785325264979,0.03048926626324895,1.0,0.4,0.9362318327598764,0.9564695732573233,0.9564695732573233
8,0.1,3,1,0.9169601522345989,1,,,5.0,0.9,0.9013796894323176,1.0172851274384647,1.0172851274384647
8,0.5,1,0,0.9193385628409025,3,0.005263021113348191,0.003038606656542262,1.0,0.4,0.9362318327598764,0.9819561038966439,0.9819561038966439
8,0.5,1,1,0.9145325575975303,2,0.09268526710500385,0.06553838088603467,5.0,0.9,0.9013796894323176,1.0145919287059777,1.0145919287059777
8,0.5,2,0,0.9261058990615553,5,0.06030042510396581,0.026967169920920474,1.0,0.4,0.9362318327598764,0.9891843736305447,0.9891843736305447
8,0.5,3,0,0.917857240148084,5,0.07039898270901672,0.031483382176838735,1.0,0.4,0.9362318327598764,0.9803738860730394,0.9803738860730394
8,0.9,1,0,0.8922914818723873,5,0.04430398255847361,0.019813343334942408,1.0,0.4,0.9362318327598764,0.9530668053040247,0.9530668053040247
8,0.9,2,0,0.9316759463181301,5,0.006966881999647692,0.003115684348486381,1.0,0.4,0.9362318327598764,0.995133805236769,0.995133805236769
8,0.9,3,0,0.9582207773981941,4,0.07116574543568259,0.035582872717841295,1.0,0.4,0.9362318327598764,1.0234866449408129,1.0234866449408129
8,0.9,3,1,0.913597577292126,1,,,5.0,0.9,0.9013796894323176,1.0135546518332392,1.0135546518332392
9,0.1,1,0,0.9830362967543819,4,0.04055314418669474,0.02027657209334737,1.0,0.4,1.0282775040725967,0.9560029202826742,0.9560029202826742
9,0.1,1,1,1.0581518509907255,1,,,5.0,0.9,1.0086141163233102,1.0491146553133666,1.0491146553133666
9,0.1,2,0,0.9906681411387379,4,0.04040921030009391,0.020204605150046955,1.0,0.4,1.0282775040725967,0.9634248898911986,0.9634248898911986
9,0.1,2,1,0.9762522738592843,1,,,5.0,0.9,1.0086141163233102,0.9679145453744052,0.9679145453744052
9,0.1,3,0,1.0015444112431764,4,0.05074558835320447,0.025372794176602233,1.0,0.4,1.0282775040725967,0.9740020639141271,0.9740020639141271
9,0.1,3,1,0.9926809170665503,1,,,5.0,0.9,1.0086141163233102,0.9842028789812688,0.9842028789812688
9,0.5,1,0,1.0720361442349733,3,0.08925991878152598,0.05153423813635816,1.0,0.4,1.0282775040725967,1.0425552829747478,1.0425552829747478
9,0.5,1,1,1.0598939078059697,2,0.013057995763719793,0.009233397353231476,5.0,0.9,1.0086141163233102,1.0508418340104035,1.0508418340104035
9,0.5,2,0,1.0126244255125694,5,0.038758406258327945,0.017333286218634912,1.0,0.4,1.0282775040725967,0.9847773791626951,0.9847773791626951
9,0.5,3,0,0.9930055650620483,3,0.06369565346666864,0.03677470267519026,1.0,0.4,1.0282775040725967,0.9656980349459652,0.9656980349459652
9,0.5,3,1,0.956091631894021,2,0.04241707119547471,0.029993398680392743,5.0,0.9,1.0086141163233102,0.9479260863205555,0.9479260863205555
9,0.9,1,0,1.0739149240656924,5,0.037120029424247226,0.016600581823881834,1.0,0.4,1.0282775040725967,1.0443823965926942,1.0443823965926942
9,0.9,2,0,1.0743020190071328,5,0.046867619588444896,0.0209598366686727,1.0,0.4,1.0282775040725967,1.0447588464711632,1.0447588464711632
9,0.9,3,0,1.0533656096346569,5,0.043983505004429775,0.019670021415721432,1.0,0.4,1.0282775040725967,1.024398185764734,1.024398185764734
10,0.1,1,1,1.0502044797135337,5,0.10125533690157155,0.04528276327931138,5.0,0.9,1.0548385547433372,0.9956068395405484,0.9956068395405484
10,0.1,2,1,1.0007741495084985,5,0.05832658046017351,0.026084439760811786,5.0,0.9,1.0548385547433372,0.948746274970966,0.948746274970966
10,0.1,3,1,1.055752437469501,5,0.09645957417565985,0.043138032987491734,5.0,0.9,1.0548385547433372,1.0008663721306492,1.0008663721306492
10,0.5,1,1,0.9962951764467605,5,0.16627626749599608,0.0743610074331972,5.0,0.9,1.0548385547433372,0.9445001530961091,0.9445001530961091
10,0.5,2,0,0.9816891956667626,1,,,1.0,0.4,0.9906886322345207,0.9909159787697779,0.9909159787697779
10,0.5,2,1,1.041205577056882,4,0.10379705771745515,0.051898528858727574,5.0,0.9,1.0548385547433372,0.987075768490684,0.987075768490684
10,0.5,3,0,0.9566606349963303,2,0.035395729946803275,0.02502856067043235,1.0,0.4,0.9906886322345207,0.9656521775550815,0.9656521775550815
10,0.5,3,1,1.0680916336258426,3,0.04144965837644955,0.023930971421461177,5.0,0.9,1.0548385547433372,1.012564082743193,1.012564082743193
10,0.9,1,1,1.1715464293823414,5,0.08571032150748249,0.03833082105281862,5.0,0.9,1.0548385547433372,1.1106405090278497,1.1106405090278497
10,0.9,2,0,1.0373850633516217,5,0.1009675919516791,0.04515407982568303,1.0,0.4,0.9906886322345207,1.0471353254672724,1.0471353254672724
10,0.9,3,0,0.9870196349233682,5,0.06485589792959337,0.029004439302471728,1.0,0.4,0.9906886322345207,0.9962965182078681,0.9962965182078681
11,0.1,1,1,0.86511660918523,5,0.2570483598165974,0.11495552121094743,5.0,0.9,0.9545807399251587,0.9062791370094657,0.9062791370094657
11,0.1,2,0,0.6151355325384733,4,0.2671345320560409,0.13356726602802044,1.0,0.4,0.8720972756448446,0.705351971296586,0.705351971296586
11,0.1,2,1,1.0033992369060007,1,,,5.0,0.9,0.9545807399251587,1.0511412968427056,1.0511412968427056
11,0.1,3,0,0.5740406039179277,4,0.20648236926291066,0.10324118463145533,1.0,0.4,0.8720972756448446,0.6582300162484416,0.6582300162484416
11,0.1,3,1,1.008122077282796,1,,,5.0,0.9,0.9545807399251587,1.056088851490797,1.056088851490797
11,0.5,1,0,0.918881709650966,4,0.3067422235695642,0.1533711117847821,1.0,0.4,0.8720972756448446,1.053645889412426,1.053645889412426
11,0.5,1,1,1.0136973642715899,1,,,5.0,0.9,0.9545807399251587,1.061929412436151,1.061929412436151
11,0.5,2,0,0.7933196655296875,5,0.29461245579406803,0.13175469563473757,1.0,0.4,0.8720972756448446,0.909668780862883,0.909668780862883
11,0.5,3,0,0.9826905758837752,5,0.05688290734835322,0.02543880951774802,1.0,0.4,0.8720972756448446,1.1268130325910672,1.1268130325910672
11,0.9,1,0,1.018060770513895,4,0.11973055473459357,0.059865277367296785,1.0,0.4,0.8720972756448446,1.1673706580050056,1.1673706580050056
11,0.9,1,1,0.8825684119801767,1,,,5.0,0.9,0.9545807399251587,0.9245613022208808,0.9245613022208808
11,0.9,2,0,1.0268938975375221,5,0.03806647282353413,0.017023844179414133,1.0,0.4,0.8720972756448446,1.1774992609376265,1.1774992609376265
11,0.9,3,0,1.0477554495865102,5,0.12249562715600305,0.05478170985345841,1.0,0.4,0.8720972756448446,1.2014203906459642,1.2014203906459642
12,0.1,1,1,0.9872661162800537,5,0.15688239554032743,0.0701599401802364,5.0,0.9,1.1534598037037187,0.8559172266861637,0.8559172266861637
12,0.1,2,0,1.2920524463839906,2,0.11920637997003866,0.08429163963751457,1.0,0.4,1.1274916137553663,1.145953043571222,1.145953043571222
12,0.1,2,1,1.1761779694307972,3,0.17584224096151,0.10152256515403484,5.0,0.9,1.1534598037037187,1.0196956717989922,1.0196956717989922
12,0.1,3,0,1.0457105310527077,2,0.23230196088305594,0.16426229182334096,1.0,0.4,1.1274916137553663,0.9274663494566774,0.9274663494566774
12,0.1,3,1,1.046010760662764,3,0.13827256322839301,0.07983170160145225,5.0,0.9,1.1534598037037187,0.9068463047468671,0.9068463047468671
12,0.5,1,0,1.0208653555695677,2,0.07978973775377465,0.05641986463479034,1.0,0.4,1.1274916137553663,0.9054305531988343,0.9054305531988343
12,0.5,1,1,1.1267495497709499,3,0.23202827730405587,0.1339615883611018,5.0,0.9,1.1534598037037187,0.9768433595631134,0.9768433595631134
12,0.5,2,1,1.1630871488583376,5,0.23257324740646093,0.10400991818974466,5.0,0.9,1.1534598037037187,1.0083464938472115,1.0083464938472115
12,0.5,3,0,1.0200103379358363,2,0.07358447269829016,0.052032079634997334,1.0,0.4,1.1274916137553663,0.9046722170628486,0.9046722170628486
12,0.5,3,1,1.082085973742261,3,0.12154126377694628,0.07017188135926725,5.0,0.9,1.1534598037037187,0.9381219616563327,0.9381219616563327
12,0.9,1,0,1.2024930084333123,4,0.2113127994702245,0.10565639973511225,1.0,0.4,1.1274916137553663,1.066520578745714,1.066520578745714
12,0.9,1,1,1.4928411071808672,1,,,5.0,0.9,1.1534598037037187,1.294228981701319,1.294228981701319
12,0.9,2,0,1.1682949935024731,5,0.15618684941083266,0.06984888249482896,1.0,0.4,1.1274916137553663,1.0361895195044528,1.0361895195044528
12,0.9,3,0,1.1430146234096763,5,0.15600340056721615,0.06976684167788491,1.0,0.4,1.1274916137553663,1.0137677384602508,1.0137677384602508
13,0.1,1,1,1.1076139504746574,5,0.14946436297745558,0.0668424951662587,5.0,0.9,1.1139713963755986,0.9942929899981043,0.9942929899981043
13,0.1,2,1,1.1703861025383222,5,0.0700626430868625,0.031332966525106046,5.0,0.9,1.1139713963755986,1.0506428678027764,1.0506428678027764
13,0.1,3,0,1.035304228039911,1,,,1.0,0.4,1.1581104948153738,0.8939598014824651,0.8939598014824651
13,0.1,3,1,1.1416962000606357,4,0.03637633474326687,0.018188167371633434,5.0,0.9,1.1139713963755986,1.0248882545595355,1.0248882545595355
13,0.5,1,0,1.2622107176974517,2,0.0,0.0,1.0,0.4,1.1581104948153738,1.089887988536598,1.089887988536598
13,0.5,1,1,1.1004083095366706,3,0.15671848670769636,0.09048146048767929,5.0,0.9,1.1139713963755986,0.9878245645417317,0.9878245645417317
13,0.5,2,0,1.1319173755758647,5,0.10704095679698053,0.04787017115493332,1.0,0.4,1.1581104948153738,0.9773828841403559,0.9773828841403559
13,0.5,3,0,1.108096351173542,5,0.05278607162973899,0.023606648885853895,1.0,0.4,1.1581104948153738,0.9568140139773061,0.9568140139773061
13,0.9,1,0,1.1923782126924207,4,0.025335001704092835,0.012667500852046418,1.0,0.4,1.1581104948153738,1.0295893336866013,1.0295893336866013
13,0.9,1,1,1.049752419267707,1,,,5.0,0.9,1.1139713963755986,0.942351323097852,0.942351323097852
13,0.9,2,0,1.1940301380002658,5,0.07695802649497878,0.03441667573140048,1.0,0.4,1.1581104948153738,1.031015730662745,1.031015730662745
13,0.9,3,0,1.1828364405281615,5,0.07244772951617588,0.032399609602737446,1.0,0.4,1.1581104948153738,1.0213502475139296,1.0213502475139296
14,0.1,1,1,1.1917294922919497,5,0.059944841384650845,0.02680814804730438,5.0,0.9,1.1497575826553625,1.0365050078988416,1.0365050078988416
14,0.1,2,1,1.1373760869966705,5,0.06169052367128676,0.027588840899311417,5.0,0.9,1.1497575826553625,0.9892312120002749,0.9892312120002749
14,0.1,3,1,1.1407724948480489,5,0.04393495334735258,0.01964830845459246,5.0,0.9,1.1497575826553625,0.9921852328326789,0.9921852328326789
14,0.5,1,1,1.17552096269118,5,0.034803968716193186,0.01556480798723681,5.0,0.9,1.1497575826553625,1.0224076626451264,1.0224076626451264
14,0.5,2,1,1.1213786048697258,5,0.14923186402796865,0.06673851847510869,5.0,0.9,1.1497575826553625,0.9753174249826685,0.9753174249826685
14,0.5,3,0,1.1898330515499542,2,0.0004399158270487657,0.00031106746445747063,1.0,0.4,1.1887090800273514,1.0009455396122464,1.0009455396122464
14,0.5,3,1,1.1112950508269714,3,0.0022614782047772307,0.0013056650502946058,5.0,0.9,1.1497575826553625,0.9665472683906446,0.9665472683906446
14,0.9,1,1,1.1489343386357445,5,0.08585713562745827,0.03839647832328315,5.0,0.9,1.1497575826553625,0.9992839847007429,0.9992839847007429
14,0.9,2,0,1.1954173880871393,3,0.07065790794027348,0.04079436216969269,1.0,0.4,1.1887090800273514,1.0056433556136657,1.0056433556136657
14,0.9,2,1,1.1710536300826093,2,0.030084700007585178,0.021273095385326457,5.0,0.9,1.1497575826553625,1.018522206549022,1.018522206549022
14,0.9,3,0,1.180876800444961,5,0.09832813416806865,0.043973678420104245,1.0,0.4,1.1887090800273514,0.993411104774088,0.993411104774088
15,0.1,1,0,0.7135227499818914,2,0.14520939860590565,0.10267855044625628,1.0,0.4,0.7615604788963677,0.9369219776424175,0.9369219776424175
15,0.1,1,1,0.7326688976784389,3,0.008601599050250833,0.004966135527123548,5.0,0.9,0.7706964177489714,0.9506582368948825,0.9506582368948825
15,0.1,2,0,0.7664233157901744,3,0.04138172222203187,0.02389174846442042,1.0,0.4,0.7615604788963677,1.0063853587844445,1.0063853587844445
15,0.1,2,1,0.712440796696543,2,0.1300068893591016,0.09192875306678994,5.0,0.9,0.7706964177489714,0.9244117142485497,0.9244117142485497
15,0.1,3,0,0.7347194910034632,5,0.055068865092485125,0.024627545158112395,1.0,0.4,0.7615604788963677,0.9647552773066669,0.9647552773066669
15,0.5,1,0,0.7778415709178889,1,,,1.0,0.4,0.7615604788963677,1.0213785936543285,1.0213785936543285
15,0.5,1,1,0.7824222537596148,4,0.10911212435308983,0.05455606217654491,5.0,0.9,0.7706964177489714,1.0152145977853277,1.0152145977853277
15,0.5,2,0,0.8285494939147204,3,0.09092807389036808,0.0524973479374982,1.0,0.4,0.7615604788963677,1.0879628301030424,1.0879628301030424
15,0.5,2,1,0.7391513853831739,2,0.13351798553280486,0.09441147298061366,5.0,0.9,0.7706964177489714,0.9590694446745539,0.9590694446745539
15,0.5,3,0,0.7457977723930405,2,0.17499513158904445,0.12374024422124554,1.0,0.4,0.7615604788963677,0.9793020949220341,0.9793020949220341
15,0.5,3,1,0.7598472767499145,2,0.07452619465534341,0.052697977616821955,5.0,0.9,0.7706964177489714,0.9859229383331705,0.9859229383331705
15,0.9,1,0,0.7900542879364124,3,0.10627461021572332,0.061357674816070414,1.0,0.4,0.7615604788963677,1.0374150311493806,1.0374150311493806
15,0.9,1,1,0.7511780688699095,2,0.03406286353585262,0.024086081792833364,5.0,0.9,0.7706964177489714,0.974674400412979,0.974674400412979
15,0.9,2,0,0.6665029476138035,3,0.15382047679230812,0.08880829368291568,1.0,0.4,0.7615604788963677,0.8751805878630691,0.8751805878630691
15,0.9,2,1,0.8556192033166071,2,0.08942861806281133,0.06323558226435566,5.0,0.9,0.7706964177489714,1.1101896721093838,1.1101896721093838
15,0.9,3,0,0.8306326805159143,2,0.0297699261031539,0.021050516622962534,1.0,0.4,0.7615604788963677,1.0906982485746164,1.0906982485746164
15,0.9,3,1,0.8322434595375688,1,,,5.0,0.9,0.7706964177489714,1.0798589955411528,1.0798589955411528
16,0.1,1,0,1.118198759640281,5,0.05839927733237589,0.026116950790411014,1.0,0.4,1.1251245978923607,0.9938443810889446,0.9938443810889446
16,0.1,2,0,1.094798238423538,3,0.001363764457223279,0.000787369776489104,1.0,0.4,1.1251245978923607,0.9730462212579553,0.9730462212579553
16,0.1,2,1,1.037755519393068,2,0.07521844111128212,0.05318746978006857,5.0,0.9,1.0624916509314883,0.9767187520798549,0.9767187520798549
16,0.1,3,0,1.1200012262426668,5,0.06076249110230477,0.027173812117395918,1.0,0.4,1.1251245978923607,0.9954463961953269,0.9954463961953269
16,0.5,1,0,1.1589794227852626,4,0.07678283625701238,0.03839141812850619,1.0,0.4,1.1251245978923607,1.0300898451214384,1.0300898451214384
16,0.5,1,1,1.1007793603869929,1,,,5.0,0.9,1.0624916509314883,1.036035774419439,1.036035774419439
16,0.5,2,0,1.114751880602167,3,0.03819963959098128,0.02205457220079973,1.0,0.4,1.1251245978923607,0.990780827910416,0.990780827910416
16,0.5,2,1,0.9831265151333318,1,,,5.0,0.9,1.0624916509314883,0.9253028146352238,0.9253028146352238
16,0.5,3,0,1.1465090051133682,5,0.0718676651832523,0.0321401969467894,1.0,0.4,1.1251245978923607,1.0190062569612874,1.0190062569612874
16,0.9,1,0,1.0950257558952647,3,0.0030517378282076345,0.0017619216566118418,1.0,0.4,1.1251245978923607,0.973248436614506,0.973248436614506
16,0.9,1,1,1.095404674040843,2,0.005055444867965892,0.0035747393480534124,5.0,0.9,1.0624916509314883,1.030977206343692,1.030977206343692
16,0.9,2,0,1.1293710503451242,4,0.06527384479914498,0.03263692239957249,1.0,0.4,1.1251245978923607,1.003774206395201,1.003774206395201
16,0.9,2,1,1.0953921857032065,1,,,5.0,0.9,1.0624916509314883,1.0309654525217908,1.0309654525217908
16,0.9,3,0,1.1484860419835745,5,0.07271743391653528,0.032520225077344325,1.0,0.4,1.1251245978923607,1.0207634284549245,1.0207634284549245
17,0.1,1,0,0.873533802516528,1,,,1.0,0.4,0.7827599276769479,1.1159664306129928,1.1159664306129928
17,0.1,1,1,0.770919039006252,4,0.19337633312080774,0.09668816656040387,5.0,0.9,0.7760075225199639,0.9934427394502726,0.9934427394502726
17,0.1,2,1,0.8692208964559409,5,0.02076119176156815,0.009284687214554997,5.0,0.9,0.7760075225199639,1.1201191628056402,1.1201191628056402
17,0.1,3,0,0.5783541603579647,2,0.15191432545463804,0.1074196496883547,1.0,0.4,0.7827599276769479,0.7388653147771467,0.7388653147771467
17,0.1,3,1,0.882740071725773,3,0.008714809318884536,0.0050314975061942465,5.0,0.9,0.7760075225199639,1.1375406115384188,1.1375406115384188
17,0.5,1,0,0.7803491787703509,4,0.2086234969073823,0.10431174845369115,1.0,0.4,0.7827599276769479,0.9969201937639405,0.9969201937639405
17,0.5,1,1,0.46687765409903803,1,,,5.0,0.9,0.7760075225199639,0.6016406291822087,0.6016406291822087
17,0.5,2,0,0.8911149385929235,4,0.014574025757496199,0.007287012878748099,1.0,0.4,0.7827599276769479,1.1384268753224867,1.1384268753224867
17,0.5,2,1,0.8902799513128151,1,,,5.0,0.9,0.7760075225199639,1.1472568570234594,1.1472568570234594
17,0.5,3,0,0.8854425164685313,5,0.015530012804281956,0.006945232864363318,1.0,0.4,0.7827599276769479,1.1311801807436948,1.1311801807436948
17,0.9,1,0,0.6465399305535569,5,0.24346698542305723,0.10888174593658126,1.0,0.4,0.7827599276769479,0.8259747435875252,0.8259747435875252
17,0.9,2,0,0.792903282598771,5,0.18589731276565633,0.0831358056357094,1.0,0.4,0.7827599276769479,1.0129584494085258,1.0129584494085258
17,0.9,3,0,0.8138416115569566,5,0.12032541783283256,0.053811162739055805,1.0,0.4,0.7827599276769479,1.0397078117836869,1.0397078117836869
18,0.1,1,1,1.2334833079472518,5,0.4715829211691786,0.2108982937524416,5.0,0.9,1.366624047689094,0.90257690842849,0.90257690842849
18,0.1,2,1,1.7473485540282312,5,0.1853273356167993,0.08288090410561622,5.0,0.9,1.366624047689094,1.278587594725065,1.278587594725065
18,0.1,3,1,1.2074363631441107,5,0.44364594382841194,0.19840449766847648,5.0,0.9,1.366624047689094,0.8835175739705713,0.8835175739705713
18,0.5,1,1,1.1436489896622029,5,0.4870553717573444,0.21781778401117066,5.0,0.9,1.366624047689094,0.8368424305104736,0.8368424305104736
18,0.5,2,0,1.7699420966208625,1,,,1.0,0.4,1.493949453503045,1.1847402818553625,1.1847402818553625
18,0.5,2,1,1.2721326053944793,4,0.5577048380875211,0.27885241904376057,5.0,0.9,1.366624047689094,0.930857764098037,0.930857764098037
18,0.5,3,0,1.3808633267969577,4,0.6150821798265507,0.30754108991327533,1.0,0.4,1.493949453503045,0.9243039137362241,0.9243039137362241
18,0.5,3,1,1.214358461322024,1,,,5.0,0.9,1.366624047689094,0.8885826818103011,0.8885826818103011
18,0.9,1,0,1.4383435380684793,4,0.6148621334330234,0.3074310667165117,1.0,0.4,1.493949453503045,0.9627792524678932,0.9627792524678932
18,0.9,1,1,1.8738653022940142,1,,,5.0,0.9,1.366624047689094,1.371163712114275,1.371163712114275
18,0.9,2,0,1.517306527230121,4,0.5141103751241193,0.25705518756205964,1.0,0.4,1.493949453503045,1.0156344471175431,1.0156344471175431
18,0.9,2,1,1.240718797720438,1,,,5.0,0.9,1.366624047689094,0.9078713343427867,0.9078713343427867
18,0.9,3,0,1.3632917787988053,5,0.5747460247762327,0.2570342362394869,1.0,0.4,1.493949453503045,0.9125421048229772,0.9125421048229772
19,0.1,1,0,0.8962930268029243,4,0.5167189085432871,0.25835945427164353,1.0,0.4,1.1224274479522829,0.7985309237029884,0.7985309237029884
19,0.1,1,1,1.176470588235294,1,,,5.0,0.9,1.136671539275206,1.0350136759696347,1.0350136759696347
19,0.1,2,0,1.1594877060701243,3,0.066333569507811,0.038297704211643434,1.0,0.4,1.1224274479522829,1.0330179542432367,1.0330179542432367
19,0.1,2,1,1.0779962068299773,2,0.014763212003376868,0.010439167319682419,5.0,0.9,1.136671539275206,0.9483796942055549,0.9483796942055549
19,0.1,3,0,1.0523784065888135,4,0.11495793125618195,0.057478965628090975,1.0,0.4,1.1224274479522829,0.9375914750737214,0.9375914750737214
19,0.1,3,1,1.1797235023041475,1,,,5.0,0.9,1.136671539275206,1.0378754649354494,1.0378754649354494
19,0.5,1,0,1.2007980509257286,3,0.10143895477173147,0.05856580784377344,1.0,0.4,1.1224274479522829,1.0698224220339785,1.0698224220339785
19,0.5,1,1,1.1572500961983707,2,0.0841173404172899,0.05947994182444293,5.0,0.9,1.136671539275206,1.0181042246701157,1.0181042246701157
19,0.5,2,0,1.0929782786554156,5,0.03993769409006514,0.01786067976999545,1.0,0.4,1.1224274479522829,0.9737629640556338,0.9737629640556338
19,0.5,3,0,1.1233379353333222,4,0.12235406745800484,0.06117703372900242,1.0,0.4,1.1224274479522829,1.0008111770455188,1.0008111770455188
19,0.5,3,1,1.0919173028082407,1,,,5.0,0.9,1.136671539275206,0.9606269402192452,0.9606269402192452
19,0.9,1,0,1.1476594354551604,5,0.08584559198110542,0.03839131584769251,1.0,0.4,1.1224274479522829,1.0224798382727631,1.0224798382727631
19,0.9,2,0,1.1702353515088768,5,0.18278377832057066,0.08174339070180967,1.0,0.4,1.1224274479522829,1.0425933129520424,1.0425933129520424
19,0.9,3,0,1.2586788402301805,5,0.12913796025271781,0.05775225152014859,1.0,0.4,1.1224274479522829,1.121389932620117,1.121389932620117
20,0.1,1,1,0.9724032220258779,5,0.06375137204365201,0.028510480309697116,5.0,0.9,1.0841446606687106,0.8969312466346423,0.8969312466346423
20,0.1,2,1,0.9979693710323179,5,0.0640083134032804,0.02862538797896918,5.0,0.9,1.0841446606687106,0.9205131079248787,0.9205131079248787
20,0.1,3,1,1.1066977856533606,5,0.08581218220491613,0.038376374541558046,5.0,0.9,1.0841446606687106,1.0208026897173843,1.0208026897173843
20,0.5,1,0,1.0414939010576791,2,0.00035110722288545713,0.0002482702982258833,1.0,0.4,1.0049498174885412,1.0363640879705465,1.0363640879705465
20,0.5,1,1,1.1902652437837922,3,0.00037435988318806874,0.00021613677933242836,5.0,0.9,1.0841446606687106,1.097884154177013,1.097884154177013
20,0.5,2,0,0.9816030105256834,2,0.08575250137355958,0.06063617522495271,1.0,0.4,1.0049498174885412,0.9767681862750087,0.9767681862750087
20,0.5,2,1,1.0259220623525593,3,0.026972358445560413,0.015572498409223381,5.0,0.9,1.0841446606687106,0.9462962827486149,0.9462962827486149
20,0.5,3,0,1.0176564793483724,5,0.04956692581240889,0.022167003110447052,1.0,0.4,1.0049498174885412,1.0126440759913629,1.0126440759913629
20,0.9,1,0,0.9564984406166224,4,0.09451155007560813,0.047255775037804065,1.0,0.4,1.0049498174885412,0.9517872673552963,0.9517872673552963
20,0.9,1,1,1.2116102791643557,1,,,5.0,0.9,1.0841446606687106,1.1175725187974666,1.1175725187974666
20,0.9,2,0,1.0159024343018634,5,0.07482443065324672,0.03346250266367573,1.0,0.4,1.0049498174885412,1.0108986703840535,1.0108986703840535
20,0.9,3,0,1.0165446390810264,5,0.05389874592752966,0.024104251959189256,1.0,0.4,1.0049498174885412,1.0115377120237323,1.0115377120237323
21,0.1,1,1,0.932354150985549,5,0.1113905729427996,0.04981537863054974,5.0,0.9,0.9787112562341579,0.9526345436886261,0.9526345436886261
21,0.1,2,1,0.9556533461052028,5,0.03992448190018492,0.01785477109905469,5.0,0.9,0.9787112562341579,0.9764405385326043,0.9764405385326043
21,0.1,3,1,0.9649244014728501,5,0.07472371965451323,0.03341746333582574,5.0,0.9,0.9787112562341579,0.9859132561585566,0.9859132561585566
21,0.5,1,1,1.02396745627768,5,0.07971472960744405,0.035649510842052,5.0,0.9,0.9787112562341579,1.0462406044226535,1.0462406044226535
21,0.5,2,0,0.8786345018859769,4,0.18004527859896735,0.09002263929948368,1.0,0.4,0.9524389723968418,0.9225100267315461,0.9225100267315461
21,0.5,2,1,0.9535282991415686,1,,,5.0,0.9,0.9787112562341579,0.9742692679458013,0.9742692679458013
21,0.5,3,0,0.96785199847908,5,0.044027978723777346,0.019689910667656116,1.0,0.4,0.9524389723968418,1.01618269152033,1.01618269152033
21,0.9,1,1,1.0145584095255935,5,0.11314323362030054,0.05059919231382633,5.0,0.9,0.9787112562341579,1.036626893849537,1.036626893849537
21,0.9,2,0,0.9718195522400177,4,0.07519292113376795,0.037596460566883975,1.0,0.4,0.9524389723968418,1.0203483691919957,1.0203483691919957
21,0.9,2,1,1.0059927301306613,1,,,5.0,0.9,0.9787112562341579,1.027874895402221,1.027874895402221
21,0.9,3,0,0.9914498369822928,5,0.053083771622191106,0.02373978436985872,1.0,0.4,0.9524389723968418,1.0409589125561283,1.0409589125561283
22,0.1,1,0,0.8126258568183397,1,,,1.0,0.4,0.9365176057658222,0.867710176311985,0.867710176311985
22,0.1,1,1,0.8449755691109155,4,0.04337101005165637,0.021685505025828184,5.0,0.9,0.9871683083046628,0.8559589707271443,0.8559589707271443
22,0.1,2,0,1.0125951897259329,3,0.021458204295185836,0.012388900026151527,1.0,0.4,0.9365176057658222,1.0812345475319702,1.0812345475319702
22,0.1,2,1,1.0237658348123864,2,0.0804128802454102,0.056860492916271314,5.0,0.9,0.9871683083046628,1.0370732388791686,1.0370732388791686
22,0.1,3,0,0.8805761783685494,2,0.09188568143431526,0.06497298843615117,1.0,0.4,0.9365176057658222,0.9402665501931193,0.9402665501931193
22,0.1,3,1,1.0317500282487766,3,0.03666931124685704,0.021171036719371084,5.0,0.9,0.9871683083046628,1.0451612147280915,1.0451612147280915
22,0.5,1,0,0.9915601410225587,3,0.03155501432033556,0.018218296012128234,1.0,0.4,0.9365176057658222,1.0587736257363003,1.0587736257363003
22,0.5,1,1,1.04870393233293,2,0.04434245686817658,0.031354851945959654,5.0,0.9,0.9871683083046628,1.0623354938672482,1.0623354938672482
22,0.5,2,0,0.8938068123244436,5,0.0718263503961304,0.0321217204122933,1.0,0.4,0.9365176057658222,0.9543940304181975,0.9543940304181975
22,0.5,3,0,0.9653468631270707,5,0.048120277572748234,0.021520042349764724,1.0,0.4,0.9365176057658222,1.0307834654508965,1.0307834654508965
22,0.9,1,0,1.0339831955386478,4,0.19760300895770527,0.09880150447885264,1.0,0.4,0.9365176057658222,1.1040723518412925,1.1040723518412925
22,0.9,1,1,0.9866461770183057,1,,,5.0,0.9,0.9871683083046628,0.9994710817983472,0.9994710817983472
22,0.9,2,0,0.9254812791588083,5,0.10043996490870431,0.04491811783871126,1.0,0.4,0.9365176057658222,0.9882155695322042,0.9882155695322042
22,0.9,3,0,0.9126829358080493,5,0.08910235282852383,0.03984778357594999,1.0,0.4,0.9365176057658222,0.9745496829840348,0.9745496829840348
23,0.1,1,1,0.9623431803371526,5,0.0866542629039302,0.038752964478665254,5.0,0.9,1.0108143367632056,0.9520474189342568,0.9520474189342568
23,0.1,2,1,0.9959915907087534,5,0.006821546113292769,0.0030506881641944226,5.0,0.9,1.0108143367632056,0.9853358371410549,0.9853358371410549
23,0.1,3,1,1.0003603103918663,5,0.00773029164495394,0.0034570915208031357,5.0,0.9,1.0108143367632056,0.9896578174733702,0.9896578174733702
23,0.5,1,0,0.923959088372604,3,0.26118504706613455,0.15079525723193787,1.0,0.4,0.8960485308226227,1.0311484887145095,1.0311484887145095
23,0.5,1,1,1.0936390828463423,2,0.15257425615774006,0.10788629116363134,5.0,0.9,1.0108143367632056,1.0819386341000614,1.0819386341000614
23,0.5,2,0,1.003331373701744,1,,,1.0,0.4,0.8960485308226227,1.119728830737136,1.119728830737136
23,0.5,2,1,1.034459869652913,4,0.07472962916359334,0.03736481458179667,5.0,0.9,1.0108143367632056,1.0233925578909222,1.0233925578909222
23,0.5,3,0,0.778856411200741,5,0.128280256316053,0.05736867465875825,1.0,0.4,0.8960485308226227,0.8692123076031465,0.8692123076031465
23,0.9,1,0,0.9508814696210014,4,0.09037121974527042,0.04518560987263521,1.0,0.4,0.8960485308226227,1.0611941618251848,1.0611941618251848
23,0.9,1,1,1.0026451319052916,1,,,5.0,0.9,1.0108143367632056,0.9919181945083276,0.9919181945083276
23,0.9,2,0,0.8243172334004943,4,0.12389753701849449,0.06194876850924724,1.0,0.4,0.8960485308226227,0.9199470843880799,0.9199470843880799
23,0.9,2,1,0.9978561683882284,1,,,5.0,0.9,1.0108143367632056,0.9871804663787502,0.9871804663787502
23,0.9,3,0,0.8949456086391514,4,0.1258831076236049,0.06294155381180246,1.0,0.4,0.8960485308226227,0.9987691267319431,0.9987691267319431
23,0.9,3,1,0.9992193598750977,1,,,5.0,0.9,1.0108143367632056,0.9885290735732568,0.9885290735732568
24,0.1,1,1,0.9789522454100966,5,0.25122582712924335,0.11235160543291979,5.0,0.9,1.1087571091211086,0.8829275928486213,0.8829275928486213
24,0.1,2,1,1.1486567621141461,5,0.16221679067311837,0.0725455542073893,5.0,0.9,1.1087571091211086,1.03598592754428,1.03598592754428
24,0.1,3,0,0.9997461582020191,2,0.2827709151719385,0.19994923164040368,1.0,0.4,1.0843688620074405,0.9219613299769938,0.9219613299769938
24,0.1,3,1,1.0991898146269952,3,0.05329934507548067,0.03077239122695952,5.0,0.9,1.1087571091211086,0.991371153866425,0.991371153866425
24,0.5,1,0,1.0727050998677596,2,0.23588800718553263,0.16679800948147117,1.0,0.4,1.0843688620074405,0.9892437319547444,0.9892437319547444
24,0.5,1,1,1.188697544259891,3,0.05489133321274826,0.031691526006557655,5.0,0.9,1.1087571091211086,1.072099140994144,1.072099140994144
24,0.5,2,0,1.1012248611764277,4,0.07825048240173331,0.039125241200866655,1.0,0.4,1.0843688620074405,1.0155445252621718,1.0155445252621718
24,0.5,2,1,1.1282891791944136,1,,,5.0,0.9,1.1087571091211086,1.0176161847465293,1.0176161847465293
24,0.5,3,0,1.0919293066947042,5,0.049944727653009856,0.022335961229968712,1.0,0.4,1.0843688620074405,1.0069722074767689,1.0069722074767689
24,0.9,1,0,1.0828084947732883,5,0.07923156319023723,0.03543343225138811,1.0,0.4,1.0843688620074405,0.9985610364804615,0.9985610364804615
24,0.9,2,0,1.0675178835199604,5,0.16525397132378764,0.073903822686358,1.0,0.4,1.0843688620074405,0.9844601047873278,0.9844601047873278
24,0.9,3,0,1.1746502298179249,5,0.10253689483986782,0.045855893412738366,1.0,0.4,1.0843688620074405,1.0832570640615322,1.0832570640615322
25,0.1,1,1,0.899604510767265,5,0.016322263194394664,0.007299538009861866,5.0,0.9,0.8997342523347107,0.9998558001241933,0.9998558001241933
25,0.1,2,0,0.8666104766648817,4,0.023915904085924002,0.011957952042962001,1.0,0.4,0.886351466013537,0.9777278087693106,0.9777278087693106
25,0.1,2,1,0.8882624017348875,1,,,5.0,0.9,0.8997342523347107,0.9872497344965415,0.9872497344965415
25,0.1,3,0,0.885040940844658,5,0.004579404729818216,0.0020479720544715175,1.0,0.4,0.886351466013537,0.9985214384822161,0.9985214384822161
25,0.5,1,0,0.8938097706383243,3,0.015982110730006657,0.00922727593218775,1.0,0.4,0.886351466013537,1.0084146130635196,1.0084146130635196
25,0.5,1,1,0.8953791648819609,2,0.013528389696647313,0.009566016093033534,5.0,0.9,0.8997342523347107,0.9951595846868685,0.9951595846868685
25,0.5,2,0,0.8834374751879661,5,0.008106728452918262,0.0036254391791713876,1.0,0.4,0.886351466013537,0.9967123754658218,0.9967123754658218
25,0.5,3,0,0.8907207662711694,5,0.005377604911910735,0.0024049380278338343,1.0,0.4,0.886351466013537,1.0049295346430505,1.0049295346430505
25,0.9,1,0,0.8883319499682768,4,0.009034177089764733,0.0045170885448823665,1.0,0.4,0.886351466013537,1.0022344228341464,1.0022344228341464
25,0.9,1,1,0.9156909319547296,1,,,5.0,0.9,0.8997342523347107,1.0177348806923967,1.0177348806923967
25,0.9,2,0,0.8982385558910234,5,0.019276961344544968,0.008620919193207658,1.0,0.4,0.886351466013537,1.01341125990455,1.01341125990455
25,0.9,3,0,0.8846217926419966,5,0.0048575975577205615,0.0021723836692800268,1.0,0.4,0.886351466013537,0.9980485468373852,0.9980485468373852
26,0.1,1,0,0.6236712208276189,1,,,1.0,0.4,0.6431801551749969,0.9696680095142706,0.9696680095142706
26,0.1,1,1,0.5705082374168213,4,0.04203172555250231,0.021015862776251153,5.0,0.9,0.6534865936194093,0.8730220986738183,0.8730220986738183
26,0.1,2,0,0.7074827049385907,2,0.041044001227022106,0.029022491594656308,1.0,0.4,0.6431801551749969,1.0999759542427086,1.0999759542427086
26,0.1,2,1,0.7508010306082985,3,0.1558818490585907,0.08999842751575396,5.0,0.9,0.6534865936194093,1.148915735898884,1.148915735898884
26,0.1,3,0,0.6082525628271873,5,0.1350501021996164,0.060396241777327234,1.0,0.4,0.6431801551749969,0.9456954757282483,0.9456954757282483
26,0.5,1,0,0.6287060174161314,1,,,1.0,0.4,0.6431801551749969,0.9774959820473201,0.9774959820473201
26,0.5,1,1,0.5824454745433099,4,0.05921855551956358,0.02960927775978179,5.0,0.9,0.6534865936194093,0.8912890948800798,0.8912890948800798
26,0.5,2,0,0.6165842409477472,4,0.1426353243082533,0.07131766215412665,1.0,0.4,0.6431801551749969,0.9586493550628696,0.9586493550628696
26,0.5,2,1,0.6076114609525081,1,,,5.0,0.9,0.6534865936194093,0.9297994279992545,0.9297994279992545
26,0.5,3,0,0.611709072136163,5,0.08879330473259434,0.03970957306578694,1.0,0.4,0.6431801551749969,0.9510695677010257,0.9510695677010257
26,0.9,1,0,0.6674672925108383,2,0.2021570487894084,0.14294662006365041,1.0,0.4,0.6431801551749969,1.0377610178741183,1.0377610178741183
26,0.9,1,1,0.8173561476587206,3,0.0933944947507549,0.053921336685177436,5.0,0.9,0.6534865936194093,1.2507619217277302,1.2507619217277302
26,0.9,2,0,0.6901134712546837,4,0.12006790651929326,0.06003395325964663,1.0,0.4,0.6431801551749969,1.0729707154396222,1.0729707154396222
26,0.9,2,1,0.5921972105367973,1,,,5.0,0.9,0.6534865936194093,0.9062117208202332,0.9062117208202332
26,0.9,3,0,0.6346348137160118,5,0.06569763812102837,0.0293808769599602,1.0,0.4,0.6431801551749969,0.9867139223898161,0.9867139223898161
27,0.1,1,1,0.9208672300964704,5,0.05060887205365513,0.022632975635312448,5.0,0.9,0.9615184782768907,0.9577218232422634,0.9577218232422634
27,0.1,2,0,0.8354409725055071,1,,,1.0,0.4,0.8610239794295297,0.97028769519175,0.97028769519175
27,0.1,2,1,0.9600493401841386,4,0.019882608813579318,0.009941304406789659,5.0,0.9,0.9615184782768907,0.9984720646290802,0.9984720646290802
27,0.1,3,1,0.9869237956003776,5,0.03386539953018937,0.015145067086938573,5.0,0.9,0.9615184782768907,1.0264220791357177,1.0264220791357177
27,0.5,1,1,0.9947364254616211,5,0.034430855054712634,0.015397946485155937,5.0,0.9,0.9615184782768907,1.0345473830562875,1.0345473830562875
27,0.5,2,0,0.8075019449697871,4,0.13744252410231117,0.06872126205115558,1.0,0.4,0.8610239794295297,0.9378390895742491,0.9378390895742491
27,0.5,2,1,0.934605169603173,1,,,5.0,0.9,0.9615184782768907,0.972009577265797,0.972009577265797
27,0.5,3,0,0.9129143343024848,5,0.06732006105408533,0.03010644655327419,1.0,0.4,0.8610239794295297,1.0602658649615484,1.0602658649615484
27,0.9,1,0,0.8544043435063388,4,0.10839543757204023,0.054197718786020116,1.0,0.4,0.8610239794295297,0.9923119029419172,0.9923119029419172
27,0.9,1,1,0.9719289087155637,1,,,5.0,0.9,0.9615184782768907,1.0108270726708541,1.0108270726708541
27,0.9,2,0,0.8232947326868594,5,0.1775862442473346,0.07941898280118423,1.0,0.4,0.8610239794295297,0.9561809570417914,0.9561809570417914
27,0.9,3,0,0.9325875486062009,5,0.08504582539738827,0.038033649358227645,1.0,0.4,0.8610239794295297,1.0831144902887437,1.0831144902887437
28,0.1,1,1,1.1824408845605348,5,0.11069603027330151,0.04950476970609536,5.0,0.9,1.1644143245818532,1.0154812248510898,1.0154812248510898
28,0.1,2,1,1.1383228086503727,5,0.07139329897176548,0.03192805392776669,5.0,0.9,1.1644143245818532,0.9775925842024916,0.9775925842024916
28,0.1,3,1,1.108199150267385,5,0.07343362472347136,0.03284051534317823,5.0,0.9,1.1644143245818532,0.9517223610808331,0.9517223610808331
28,0.5,1,1,1.1757659668078282,5,0.02847021089825166,0.012732265380449212,5.0,0.9,1.1644143245818532,1.0097487998784722,1.0097487998784722
28,0.5,2,1,1.1834121096566794,5,0.1094132531832099,0.04893109435141051,5.0,0.9,1.1644143245818532,1.0163153137794387,1.0163153137794387
28,0.5,3,0,1.1250088377420882,3,0.10557883958010518,0.06095597145230205,1.0,0.4,1.0803901399506186,1.0412986902985888,1.0412986902985888
28,0.5,3,1,1.1821189940897523,2,0.0053192662873675104,0.003761289262734557,5.0,0.9,1.1644143245818532,1.0152047850444101,1.0152047850444101
28,0.9,1,0,0.9533119210538565,1,,,1.0,0.4,1.0803901399506186,0.8823774725465651,0.8823774725465651
28,0.9,1,1,1.1543327805152384,4,0.06431716485133611,0.032158582425668054,5.0,0.9,1.1644143245818532,0.9913419614876043,0.9913419614876043
28,0.9,2,1,1.1907219021070348,5,0.0036304679914575936,0.0016235946438072609,5.0,0.9,1.1644143245818532,1.0225929696756597,1.0225929696756597
28,0.9,3,0,1.1628496610559114,5,0.059081697926429255,0.026422138557920836,1.0,0.4,1.0803901399506186,1.0763238371548465,1.0763238371548465
29,0.1,1,1,1.0141518414954933,5,0.04067831580085879,0.01819189586818481,5.0,0.9,0.997708841230259,1.0164807603037362,1.0164807603037362
29,0.1,2,1,0.993172556143375,5,0.0485897611011359,0.02173000176652298,5.0,0.9,0.997708841230259,0.9954532976962593,0.9954532976962593
29,0.1,3,0,1.034735379562966,1,,,1.0,0.4,0.9987918773641952,1.035986978882553,1.035986978882553
29,0.1,3,1,0.98883457673723,4,0.051287547927130396,0.025643773963565198,5.0,0.9,0.997708841230259,0.9911053564664353,0.9911053564664353
29,0.5,1,0,0.9931287060227951,4,0.08601325902709168,0.04300662951354584,1.0,0.4,0.9987918773641952,0.9943299785773738,0.9943299785773738
29,0.5,1,1,1.0227605416057701,1,,,5.0,0.9,0.997708841230259,1.025109229607127,1.025109229607127
29,0.5,2,0,0.9895436655367116,2,0.06176978856643592,0.043677836367786105,1.0,0.4,0.9987918773641952,0.9907406016838167,0.9907406016838167
29,0.5,2,1,0.9991446888901067,3,0.05429685095350251,0.03134830151415366,5.0,0.9,0.997708841230259,1.0014391449694653,1.0014391449694653
29,0.5,3,0,1.0170522129203228,5,0.038294383549034104,0.01712576895441798,1.0,0.4,0.9987918773641952,1.0182824229651493,1.0182824229651493
29,0.9,1,0,0.9329021090511548,1,,,1.0,0.4,0.9987918773641952,0.9340305324799767,0.9340305324799767
29,0.9,1,1,0.9886850882899224,4,0.05429545623997064,0.02714772811998532,5.0,0.9,0.997708841230259,0.9909555247308327,0.9909555247308327
29,0.9,2,0,1.011051093659521,4,0.047201540670884966,0.023600770335442483,1.0,0.4,0.9987918773641952,1.012274044846738,1.012274044846738
29,0.9,2,1,0.9492028179458659,1,,,5.0,0.9,0.997708841230259,0.9513825865023096,0.9513825865023096
29,0.9,3,0,1.0131299747958953,4,0.04476487218641563,0.022382436093207815,1.0,0.4,0.9987918773641952,1.0143554405643929,1.0143554405643929
29,0.9,3,1,1.0257186187343093,1,,,5.0,0.9,0.997708841230259,1.0280740997238351,1.0280740997238351
30,0.1,1,1,0.8264249192311466,5,0.16967682924291377,0.07588178487875587,5.0,0.9,0.9234703091476065,0.8949122793064825,0.8949122793064825
30,0.1,2,1,0.8970709173508726,5,0.04751537343325815,0.021249520994610558,5.0,0.9,0.9234703091476065,0.97141284182585,0.97141284182585
30,0.1,3,0,0.7731157775782972,2,0.19950742619200051,0.1410730539574382,1.0,0.4,0.8007889754503941,0.965442583851092,0.965442583851092
30,0.1,3,1,0.9374098539700831,3,0.06718106513690418,0.038787006041237415,5.0,0.9,0.9234703091476065,1.0150947406585744,1.0150947406585744
30,0.5,1,0,0.7959173242544946,3,0.15984816248133388,0.09228837963806516,1.0,0.4,0.8007889754503941,0.9939164357336969,0.9939164357336969
30,0.5,1,1,0.9337051047349234,2,0.0005042805296203622,0.0003565801821149017,5.0,0.9,0.9234703091476065,1.0110829720088823,1.0110829720088823
30,0.5,2,0,0.7942120154218518,4,0.13185372395293823,0.06592686197646912,1.0,0.4,0.8007889754503941,0.9917868998822779,0.9917868998822779
30,0.5,2,1,1.022740750451007,1,,,5.0,0.9,0.9234703091476065,1.107497166200211,1.107497166200211
30,0.5,3,0,0.7907883758934376,5,0.1459130946500929,0.06525431968899371,1.0,0.4,0.8007889754503941,0.9875115668877288,0.9875115668877288
30,0.9,1,0,0.7907512812202294,5,0.13216266589307682,0.05910494100490254,1.0,0.4,0.8007889754503941,0.9874652442305177,0.9874652442305177
30,0.9,2,0,0.796507603813661,5,0.10683417522189546,0.047777695623256386,1.0,0.4,0.8007889754503941,0.9946535582182247,0.9946535582182247
30,0.9,3,0,0.8642304499707869,5,0.1611296943008964,0.07205938993011296,1.0,0.4,0.8007889754503941,1.0792237111964622,1.0792237111964622
31,0.1,1,0,0.9902572019093269,1,,,1.0,0.4,0.9804732598885799,1.0099787953644537,1.0099787953644537
31,0.1,1,1,0.9872362902214464,4,0.003963511559320422,0.001981755779660211,5.0,0.9,0.9719747856114319,1.015701543739547,1.015701543739547
31,0.1,2,0,0.9585277314439561,4,0.05166023070573574,0.02583011535286787,1.0,0.4,0.9804732598885799,0.9776174125879601,0.9776174125879601
31,0.1,2,1,0.9852785528721255,1,,,5.0,0.9,0.9719747856114319,1.0136873584146782,1.0136873584146782
31,0.1,3,0,0.9870830923462502,2,0.0,0.0,1.0,0.4,0.9804732598885799,1.0067414714180185,1.0067414714180185
31,0.1,3,1,0.9140904528554127,3,0.05707863439252357,0.03295436493149972,5.0,0.9,0.9719747856114319,0.9404466724724692,0.9404466724724692
31,0.5,1,1,1.001293846496743,5,0.02925932941804251,0.013085169910960483,5.0,0.9,0.9719747856114319,1.0301644253733058,1.0301644253733058
31,0.5,2,0,0.9792299875152958,5,0.06284938884576548,0.028107101160689728,1.0,0.4,0.9804732598885799,0.9987319670773832,0.9987319670773832
31,0.5,3,0,0.966154965173107,5,0.04781039732011038,0.021381459687808115,1.0,0.4,0.9804732598885799,0.9853965474620898,0.9853965474620898
31,0.9,1,0,0.9855046659482373,5,0.0010327699152478623,0.00046186874712218334,1.0,0.4,0.9804732598885799,1.0051316096679976,1.0051316096679976
31,0.9,2,0,0.9890379755649933,5,0.00306558387117189,0.0013709707853334608,1.0,0.4,0.9804732598885799,1.0087352873625404,1.0087352873625404
31,0.9,3,0,0.9879904592074731,5,0.0017837714494133602,0.0007977268434423201,1.0,0.4,0.9804732598885799,1.0076669090595571,1.0076669090595571
32,0.1,1,0,0.814820474038465,2,0.03475439134555417,0.02457506579645241,1.0,0.4,0.7972542824707158,1.0220333611922547,1.0220333611922547
32,0.1,1,1,0.7151422185727151,3,0.027228967803942246,0.01572065189136171,5.0,0.9,0.7735046987877204,0.924547995239752,0.924547995239752
32,0.1,2,0,0.9298538962055598,1,,,1.0,0.4,0.7972542824707158,1.1663203530546284,1.1663203530546284
32,0.1,2,1,1.040344897931417,4,0.015034568541661752,0.007517284270830876,5.0,0.9,0.7735046987877204,1.3449755373973853,1.3449755373973853
32,0.1,3,0,0.7548646731068035,4,0.17610719587310988,0.08805359793655494,1.0,0.4,0.7972542824707158,0.946830502769398,0.946830502769398
32,0.1,3,1,0.7954788215416286,1,,,5.0,0.9,0.7735046987877204,1.0284085187696304,1.0284085187696304
32,0.5,1,0,0.7613943393970592,4,0.2178075992305304,0.1089037996152652,1.0,0.4,0.7972542824707158,0.9550206955771683,0.9550206955771683
32,0.5,1,1,0.5805074186246524,1,,,5.0,0.9,0.7735046987877204,0.7504898412827432,0.7504898412827432
32,0.5,2,0,0.8092230537237877,5,0.15491792456056566,0.0692814020501218,1.0,0.4,0.7972542824707158,1.0150124891345584,1.0150124891345584
32,0.5,3,0,0.767449556282943,5,0.10773424186843379,0.04818021766444438,1.0,0.4,0.7972542824707158,0.9626157841442919,0.9626157841442919
32,0.9,1,0,0.7861038163871527,4,0.1300413519816878,0.0650206759908439,1.0,0.4,0.7972542824707158,0.9860139150974423,0.9860139150974423
32,0.9,1,1,0.7360501372681894,1,,,5.0,0.9,0.7735046987877204,0.9515781073104895,0.9515781073104895
32,0.9,2,0,0.7445432373947283,5,0.18698170362511454,0.08362075997089499,1.0,0.4,0.7972542824707158,0.9338842747728687,0.9338842747728687
32,0.9,3,0,0.807035495699943,5,0.1490275138358229,0.06664713029093809,1.0,0.4,0.7972542824707158,1.0122686242573886,1.0122686242573886
33,0.1,1,1,1.0844516256054502,5,0.0639149159211605,0.028583619355179692,5.0,0.9,1.0552036945524272,1.0277178057696517,1.0277178057696517
33,0.1,2,0,1.0753760928352019,1,,,1.0,0.4,1.0743245356608588,1.0009788077433195,1.0009788077433195
33,0.1,2,1,1.0522697255132996,4,0.09592063041021225,0.04796031520510612,5.0,0.9,1.0552036945524272,0.99721952353439,0.99721952353439
33,0.1,3,0,1.107590554866255,3,0.034329710286278244,0.01982026747498461,1.0,0.4,1.0743245356608588,1.03096459040185,1.03096459040185
33,0.1,3,1,1.1059399072909781,2,0.046490810234080075,0.03287396717937496,5.0,0.9,1.0552036945524272,1.048081913473655,1.048081913473655
33,0.5,1,0,0.9891786124271855,1,,,1.0,0.4,1.0743245356608588,0.9207446908198027,0.9207446908198027
33,0.5,1,1,1.123263900638137,4,0.14626114403126098,0.07313057201563049,5.0,0.9,1.0552036945524272,1.0644995903985894,1.0644995903985894
33,0.5,2,0,1.060928172843932,4,0.12080544045204225,0.060402720226021125,1.0,0.4,1.0743245356608588,0.9875304320321733,0.9875304320321733
33,0.5,2,1,0.9662996143219472,1,,,5.0,0.9,1.0552036945524272,0.9157469968220786,0.9157469968220786
33,0.5,3,0,1.0926987488185267,5,0.07661256042730265,0.03426217860915181,1.0,0.4,1.0743245356608588,1.0171030378137693,1.0171030378137693
33,0.9,1,0,1.050187170548801,3,0.08953921567043352,0.05169549027035275,1.0,0.4,1.0743245356608588,0.9775325199128865,0.9775325199128865
33,0.9,1,1,0.9989973939447515,2,0.15182451944789496,0.10735614725199538,5.0,0.9,1.0552036945524272,0.9467341700016355,0.9467341700016355
33,0.9,2,0,1.100352779309758,5,0.07778531071698486,0.03478664848282421,1.0,0.4,1.0743245356608588,1.0242275427814633,1.0242275427814633
33,0.9,3,0,1.11828415363721,5,0.07278400609354924,0.032549997059987,1.0,0.4,1.0743245356608588,1.0409183784947347,1.0409183784947347
34,0.1,1,1,1.0159196709375848,5,0.09241960401020907,0.04133130340408793,5.0,0.9,1.0073055851103,1.00855161130308,1.00855161130308
34,0.1,2,1,0.9689899958902558,5,0.11478370256308952,0.051332832328037,5.0,0.9,1.0073055851103,0.9619622984460582,0.9619622984460582
34,0.1,3,1,1.0302937693773855,5,0.05395428579973083,0.024129090145129945,5.0,0.9,1.0073055851103,1.0228214601476355,1.0228214601476355
34,0.5,1,0,1.073350090145473,2,0.03764119119088367,0.026616341543013174,1.0,0.4,0.952936670089002,1.1263603593355522,1.1263603593355522
34,0.5,1,1,0.9699714576999531,3,0.15891117823591988,0.09174741153174895,5.0,0.9,1.0073055851103,0.9629366421052268,0.9629366421052268
34,0.5,2,0,0.9053683628217994,5,0.16501963285339014,0.07379902333644758,1.0,0.4,0.952936670089002,0.950082404465808,0.950082404465808
34,0.5,3,0,0.843935459458965,4,0.24035868972109792,0.12017934486054896,1.0,0.4,0.952936670089002,0.885615472621222,0.885615472621222
34,0.5,3,1,1.0994128501929206,1,,,5.0,0.9,1.0073055851103,1.091439247874849,1.091439247874849
34,0.9,1,0,1.04975172192856,1,,,1.0,0.4,0.952936670089002,1.1015965224955775,1.1015965224955775
34,0.9,1,1,0.9223193567727894,4,0.21893608859396027,0.10946804429698014,5.0,0.9,1.0073055851103,0.9156301428347539,0.9156301428347539
34,0.9,2,0,0.9535680827667348,5,0.10368241954662558,0.046368187635581544,1.0,0.4,0.952936670089002,1.0006625966840732,1.0006625966840732
34,0.9,3,0,0.89164630341248,4,0.29674666377822895,0.14837333188911447,1.0,0.4,0.952936670089002,0.9356826443977672,0.9356826443977672
34,0.9,3,1,1.0442319949012109,1,,,5.0,0.9,1.0073055851103,1.0366585972883962,1.0366585972883962
35,0.1,1,1,0.7851599646719913,5,0.19465405398550248,0.08705193936149948,5.0,0.9,0.9392397356407275,0.8359526698861112,0.8359526698861112
35,0.1,2,1,0.9140920834774828,5,0.18994150531174975,0.08494442352514196,5.0,0.9,0.9392397356407275,0.9732255235708384,0.9732255235708384
35,0.1,3,1,0.9191547165854637,5,0.12163414715145782,0.05439644428317442,5.0,0.9,0.9392397356407275,0.9786156629738815,0.9786156629738815
35,0.5,1,1,0.9879734378580904,5,0.12023094030774088,0.053768911105365615,5.0,0.9,0.9392397356407275,1.0518863293024097,1.0518863293024097
35,0.5,2,0,0.5933652035346951,1,,,1.0,0.4,0.6217539187246168,0.9543409147333489,0.9543409147333489
35,0.5,2,1,0.9053237518989015,4,0.2163871170014803,0.10819355850074015,5.0,0.9,0.9392397356407275,0.9638899607258531,0.9638899607258531
35,0.5,3,0,0.6307511829518779,4,0.049349522748625176,0.024674761374312588,1.0,0.4,0.6217539187246168,1.0144707800888764,1.0144707800888764
35,0.5,3,1,0.963980183805792,1,,,5.0,0.9,0.9392397356407275,1.0263409300376194,1.0263409300376194
35,0.9,1,0,0.6170782092173641,2,0.03353525424106064,0.023713005682668903,1.0,0.4,0.6217539187246168,0.9924798069357668,0.9924798069357668
35,0.9,1,1,1.0989940111873704,3,0.005167254744624233,0.0029833159177801724,5.0,0.9,0.9392397356407275,1.1700889235032867,1.1700889235032867
35,0.9,2,0,0.643062683203325,5,0.03704382339454648,0.016566501451340587,1.0,0.4,0.6217539187246168,1.0342720228003037,1.0342720228003037
35,0.9,3,0,0.6245123147158218,5,0.055367842993910406,0.024761252140383827,1.0,0.4,0.6217539187246168,1.004436475441704,1.004436475441704
36,0.1,1,1,0.5576580298983639,5,0.02845952318664976,0.012727485690516058,5.0,0.9,0.5854774141893317,0.9524842741722371,0.9524842741722371
36,0.1,2,0,0.5727334496315832,2,0.007621684798340489,0.005389345004972983,1.0,0.4,0.5569928234087251,1.0282600162180322,1.0282600162180322
36,0.1,2,1,0.5336794101402244,3,0.01937644470922398,0.011186995568808367,5.0,0.9,0.5854774141893317,0.9115286041890645,0.9115286041890645
36,0.1,3,0,0.5436789110462571,5,0.02320365478695447,0.010376989886013719,1.0,0.4,0.5569928234087251,0.9760967972962585,0.9760967972962585
36,0.5,1,0,0.5966512116483882,2,0.02638713469304059,0.01865852187753181,1.0,0.4,0.5569928234087251,1.0712008962646211,1.0712008962646211
36,0.5,1,1,0.6741672936568318,3,0.2154671221215659,0.12440000095840005,5.0,0.9,0.5854774141893317,1.1514830074022626,1.1514830074022626
36,0.5,2,0,0.5578842575452653,5,0.028464354480498066,0.012729646310808876,1.0,0.4,0.5569928234087251,1.0016004409735204,1.0016004409735204
36,0.5,3,0,0.5481272850521817,5,0.03201547219135556,0.014317754430325036,1.0,0.4,0.5569928234087251,0.9840832090038656,0.9840832090038656
36,0.9,1,0,0.5235332967877416,3,0.018904799121861073,0.010914690861982292,1.0,0.4,0.5569928234087251,0.9399282626009157,0.9399282626009157
36,0.9,1,1,0.5764049230619068,2,0.014232530042762884,0.010063918506678898,5.0,0.9,0.5854774141893317,0.9845041142364357,0.9845041142364357
36,0.9,2,0,0.5456962974177285,5,0.0286270402796314,0.012802401611976079,1.0,0.4,0.5569928234087251,0.9797187225467946,0.9797187225467946
36,0.9,3,0,0.5676378781406559,5,0.04889546695927475,0.021866717582506655,1.0,0.4,0.5569928234087251,1.0191116550959929,1.0191116550959929
37,0.1,1,0,0.9917868746937295,1,,,1.0,0.4,1.000619353638603,0.9911729880970666,0.9911729880970666
37,0.1,1,1,1.0333605714010146,4,0.025322512981324662,0.012661256490662331,5.0,0.9,1.032449994362211,1.000881957522181,1.000881957522181
37,0.1,2,0,0.9745964474358456,4,0.20713793588941876,0.10356896794470938,1.0,0.4,1.000619353638603,0.9739932012027062,0.9739932012027062
37,0.1,2,1,1.0534336167615277,1,,,5.0,0.9,1.032449994362211,1.0203241052970118,1.0203241052970118
37,0.1,3,0,0.8337321000691388,3,0.19167949957207647,0.11066621067607112,1.0,0.4,1.000619353638603,0.8332160446801238,0.8332160446801238
37,0.1,3,1,0.9138234643187579,2,0.1602631379565664,0.11332315162332328,5.0,0.9,1.032449994362211,0.8851019122560665,0.8851019122560665
37,0.5,1,0,1.0217274837874386,4,0.027958635656762033,0.013979317828381016,1.0,0.4,1.000619353638603,1.021095064843668,1.021095064843668
37,0.5,1,1,1.0678766463695626,1,,,5.0,0.9,1.032449994362211,1.034313189210908,1.034313189210908
37,0.5,2,0,1.0261230530604093,3,0.015111312941497397,0.008724520594582199,1.0,0.4,1.000619353638603,1.025487913389908,1.025487913389908
37,0.5,2,1,1.07508275556722,2,0.033250728823792416,0.023511815830698612,5.0,0.9,1.032449994362211,1.0412928097610628,1.0412928097610628
37,0.5,3,0,1.0299122962763496,4,0.018461592861367726,0.009230796430683863,1.0,0.4,1.000619353638603,1.0292748111769248,1.0292748111769248
37,0.5,3,1,1.0416642941126093,1,,,5.0,0.9,1.032449994362211,1.0089246934967444,1.0089246934967444
37,0.9,1,0,1.0131636852136243,3,0.028928952878404877,0.016702138731721057,1.0,0.4,1.000619353638603,1.0125365670066302,1.0125365670066302
37,0.9,1,1,1.0081468047030633,2,0.021207989139560544,0.014996312935913912,5.0,0.9,1.032449994362211,0.9764606617348467,0.9764606617348467
37,0.9,2,0,1.0565962535210611,1,,,1.0,0.4,1.000619353638603,1.0559422518452262,1.0559422518452262
37,0.9,2,1,1.0598325079386934,4,0.023147197842201882,0.011573598921100941,5.0,0.9,1.032449994362211,1.0265218787602375,1.0265218787602375
37,0.9,3,0,1.0579359886898312,4,0.05735950099932072,0.02867975049966036,1.0,0.4,1.000619353638603,1.0572811577577474,1.0572811577577474
37,0.9,3,1,1.0388292880874483,1,,,5.0,0.9,1.032449994362211,1.0061787919609395,1.0061787919609395
38,0.1,1,1,0.9516789060227074,5,0.11859471759836772,0.05303717006446816,5.0,0.9,0.924786798598979,1.0290792509846258,1.0290792509846258
38,0.1,2,0,0.5264269506878934,1,,,1.0,0.4,0.6434432535193017,0.8181404464319275,0.8181404464319275
38,0.1,2,1,0.9255092020168993,4,0.13806077267392303,0.06903038633696151,5.0,0.9,0.924786798598979,1.0007811567152718,1.0007811567152718
38,0.1,3,0,0.5514510500222434,2,0.01921419544010927,0.013586487890744903,1.0,0.4,0.6434432535193017,0.8570313652464168,0.8570313652464168
38,0.1,3,1,0.9004749871057512,3,0.1354621718315118,0.07820912137193468,5.0,0.9,0.924786798598979,0.9737109012260347,0.9737109012260347
38,0.5,1,1,0.8727394915748267,5,0.22208473883825358,0.09931931456152453,5.0,0.9,0.924786798598979,0.9437196691140031,0.9437196691140031
38,0.5,2,0,0.6528429875587572,3,0.15121850395047914,0.08730604396226163,1.0,0.4,0.6434432535193017,1.0146084895412981,1.0146084895412981
38,0.5,2,1,1.0242653248017186,2,0.08753573100117912,0.06189710898705524,5.0,0.9,0.924786798598979,1.1075691460490635,1.1075691460490635
38,0.5,3,0,0.7267083296213392,4,0.26187389412299655,0.13093694706149828,1.0,0.4,0.6434432535193017,1.1294054691639406,1.1294054691639406
38,0.9,1,0,0.7927690789091683,1,,,1.0,0.4,0.6434432535193017,1.2320730298641436,1.2320730298641436
38,0.9,1,1,0.8412374249390835,4,0.08492686670782336,0.04246343335391168,5.0,0.9,0.924786798598979,0.9096555294836928,0.9096555294836928
38,0.9,2,0,0.6587472641704313,5,0.12967303983553172,0.05799154638425741,1.0,0.4,0.6434432535193017,1.023784553754235,1.023784553754235
38,0.9,3,0,0.5951571136652786,4,0.16213048257806092,0.08106524128903046,1.0,0.4,0.6434432535193017,0.9249566459980381,0.9249566459980381
38,0.9,3,1,0.9576022537318666,1,,,5.0,0.9,0.924786798598979,1.0354843464273082,1.0354843464273082
39,0.1,1,1,1.0345226432497567,5,0.11740031897173318,0.05250301876019072,5.0,0.9,1.063772789583854,0.9725033892382791,0.9725033892382791
39,0.1,2,1,1.0319388551598796,5,0.06511343294167772,0.029119612461193094,5.0,0.9,1.063772789583854,0.970074498299183,0.970074498299183
39,0.1,3,1,1.0274902912047577,5,0.06893853733383967,0.030830251149574522,5.0,0.9,1.063772789583854,0.9658926241257872,0.9658926241257872
39,0.5,1,1,1.0327529838296634,5,0.11787952055597047,0.05271732422364675,5.0,0.9,1.063772789583854,0.9708398202530396,0.9708398202530396
39,0.5,2,1,1.063698000663192,5,0.08889533931764408,0.039755204319432386,5.0,0.9,1.063772789583854,0.9999296946477721,0.9999296946477721
39,0.5,3,0,0.9993025096622592,2,0.007046953435754706,0.004982948561127991,1.0,0.4,1.020535798097704,0.9791939797947079,0.9791939797947079
39,0.5,3,1,1.0529848040803047,3,0.09167051602637784,0.05292599710458115,5.0,0.9,1.063772789583854,0.9898587502809039,0.9898587502809039
39,0.9,1,0,1.0021653230246015,1,,,1.0,0.4,1.020535798097704,0.9819991860086189,0.9819991860086189
39,0.9,1,1,1.073950396016373,4,0.08781573480692317,0.04390786740346159,5.0,0.9,1.063772789583854,1.009567462650084,1.009567462650084
39,0.9,2,0,0.9969830886260687,2,0.01106632781421429,0.007825075440264229,1.0,0.4,1.020535798097704,0.976921231459457,0.976921231459457
39,0.9,2,1,1.1040966970418253,3,0.09237544936372506,0.05333299055665931,5.0,0.9,1.063772789583854,1.0379065039572464,1.0379065039572464
39,0.9,3,0,1.083692271077886,4,0.08682741273135312,0.04341370636567656,1.0,0.4,1.020535798097704,1.0618856027372159,1.0618856027372159
39,0.9,3,1,1.1525204350089338,1,,,5.0,0.9,1.063772789583854,1.0834272565477048,1.0834272565477048
40,0.1,1,0,1.0479941511375404,2,0.004190169334948901,0.0029628971510622937,1.0,0.4,1.0409764705554876,1.0067414401579202,1.0067414401579202
40,0.1,1,1,0.9432319663475585,3,0.07694634061349015,0.044424990466355174,5.0,0.9,1.064996367568251,0.8856668389407543,0.8856668389407543
40,0.1,2,1,1.0988424551911167,5,0.095788944083961,0.04283811809293262,5.0,0.9,1.064996367568251,1.031780472359871,1.031780472359871
40,0.1,3,0,0.9931031841523431,3,0.03991448158349255,0.023044636686793785,1.0,0.4,1.0409764705554876,0.9540111733960728,0.9540111733960728
40,0.1,3,1,1.1128163728786493,2,0.09635265348709113,0.06813161466603977,5.0,0.9,1.064996367568251,1.0449015665842951,1.0449015665842951
40,0.5,1,0,0.9886567816486584,3,0.06914877237538429,0.03992306234506028,1.0,0.4,1.0409764705554876,0.949739796828539,0.949739796828539
40,0.5,1,1,1.0944452054543947,2,0.06199696757019593,0.04383847618188801,5.0,0.9,1.064996367568251,1.027651585285108,1.027651585285108
40,0.5,2,0,1.0095610876006502,3,0.11041258582118456,0.06374673614578356,1.0,0.4,1.0409764705554876,0.9698212362686033,0.9698212362686033
40,0.5,2,1,1.0398945304990415,2,0.008736433357243552,0.006177591270291271,5.0,0.9,1.064996367568251,0.976430119544421,0.976430119544421
40,0.5,3,0,1.0256417471515942,5,0.12755806076739873,0.057045698990790504,1.0,0.4,1.0409764705554876,0.9852689048814807,0.9852689048814807
40,0.9,1,0,1.0893566444104752,2,0.05480082072595552,0.038750031949911445,1.0,0.4,1.0409764705554876,1.0464757611948432,1.0464757611948432
40,0.9,1,1,1.0778472583658172,3,0.038218590686823734,0.02206551362108581,5.0,0.9,1.064996367568251,1.0120666052851515,1.0120666052851515
40,0.9,2,0,1.076592217777413,3,0.0072480306305910715,0.004184652435666408,1.0,0.4,1.0409764705554876,1.0342137869868664,1.0342137869868664
40,0.9,2,1,1.0878967842411793,2,0.03721765288767404,0.026316854736721407,5.0,0.9,1.064996367568251,1.0215028120003993,1.0215028120003993
40,0.9,3,0,1.0969059505652263,5,0.03745522852780541,0.01675048742019245,1.0,0.4,1.0409764705554876,1.0537279002856745,1.0537279002856745
41,0.1,1,1,0.9794202760816267,5,0.009659878314006084,0.004320028912898732,5.0,0.9,0.9958786009771112,0.9834735630634734,0.9834735630634734
41,0.1,2,1,0.9959553277289073,5,0.006615441900093992,0.0029585155579621076,5.0,0.9,0.9958786009771112,1.0000770442820246,1.0000770442820246
41,0.1,3,0,0.9813389965631951,2,0.035809697833168126,0.025321280170074397,1.0,0.4,0.968554575981768,1.0131994839510912,1.0131994839510912
41,0.1,3,1,0.9915391435843678,3,0.005867174066989394,0.0033874145269587185,5.0,0.9,0.9958786009771112,0.9956425839570348,0.9956425839570348
41,0.5,1,0,0.9953794680431711,3,0.0055876231407515405,0.003226015724443084,1.0,0.4,0.968554575981768,1.0276957981786543,1.0276957981786543
41,0.5,1,1,0.9891860416366572,2,0.018392232008071056,0.013005271974063315,5.0,0.9,0.9958786009771112,0.993279743802219,0.993279743802219
41,0.5,2,0,0.8883260664081852,5,0.154755554870849,0.0692087881173834,1.0,0.4,0.968554575981768,0.9171667642040101,0.9171667642040101
41,0.5,3,0,0.9514349799259743,5,0.08544719560163651,0.03821314757039605,1.0,0.4,0.968554575981768,0.98232459328537,0.98232459328537
41,0.9,1,0,0.9793476725642487,4,0.017231818876278893,0.008615909438139446,1.0,0.4,0.968554575981768,1.0111435089463496,1.0111435089463496
41,0.9,1,1,1.023292215853997,1,,,5.0,0.9,0.9958786009771112,1.027527064895248,1.027527064895248
41,0.9,2,0,0.9868385828110908,5,0.014744419542228814,0.006593904877039991,1.0,0.4,0.968554575981768,1.0188776216464512,1.0188776216464512
41,0.9,3,0,0.9972162655565107,5,0.010573367846202723,0.004728553851043965,1.0,0.4,0.968554575981768,1.0295922297880735,1.0295922297880735
42,0.1,1,1,0.9838828557186134,5,0.020580770626492655,0.009204000430033702,5.0,0.9,0.9873084902665364,0.9965303301028049,0.9965303301028049
42,0.1,2,1,0.9814506276268646,5,0.01215477595272626,0.005435781056315137,5.0,0.9,0.9873084902665364,0.9940668365587635,0.9940668365587635
42,0.1,3,1,0.9844785650155812,5,0.010582761566971566,0.004732754850684123,5.0,0.9,0.9873084902665364,0.997133697037092,0.997133697037092
42,0.5,1,0,0.9859488061822741,1,,,1.0,0.4,0.9783551377849758,1.007761668645693,1.007761668645693
42,0.5,1,1,0.9847873176821532,4,0.01295393035394179,0.006476965176970895,5.0,0.9,0.9873084902665364,0.9974464186125832,0.9974464186125832
42,0.5,2,0,0.972943637560027,4,0.015115790905020814,0.007557895452510407,1.0,0.4,0.9783551377849758,0.9944687772200996,0.9944687772200996
42,0.5,2,1,0.9997559189650964,1,,,5.0,0.9,0.9873084902665364,1.0126074360964927,1.0126074360964927
42,0.5,3,0,0.9706752255400903,5,0.014190420182388164,0.006346148831420979,1.0,0.4,0.9783551377849758,0.9921501794713594,0.9921501794713594
42,0.9,1,0,0.9823720000251107,4,0.01438354076251915,0.007191770381259575,1.0,0.4,0.9783551377849758,1.0041057302047078,1.0041057302047078
42,0.9,1,1,0.9894956565909101,1,,,5.0,0.9,0.9873084902665364,1.0022152815922643,1.0022152815922643
42,0.9,2,0,0.9831456686921418,5,0.016094047914983603,0.007197477034208418,1.0,0.4,0.9783551377849758,1.0048965153063047,1.0048965153063047
42,0.9,3,0,0.9750454887102109,5,0.019267790268257493,0.008616817763206532,1.0,0.4,0.9783551377849758,0.9966171291518353,0.9966171291518353
43,0.1,1,0,0.6727352037854889,3,0.04265454008574301,0.02462661020066341,1.0,0.4,0.7150391801159731,0.9408368415229738,0.9408368415229738
43,0.1,1,1,0.7938080288906493,2,0.23482920551878017,0.1660493236429789,5.0,0.9,0.7938080288906493,1.0,1.0
43,0.1,2,0,0.6628557029842461,5,0.009798458551536665,0.004382003879190022,1.0,0.4,0.7150391801159731,0.9270201150050781,0.9270201150050781
43,0.1,3,0,0.6765123055635215,5,0.13007119427453945,0.05816960646249033,1.0,0.4,0.7150391801159731,0.9461192118924128,0.9461192118924128
43,0.5,1,0,0.6766264124159258,5,0.01874957744454959,0.008385065943081936,1.0,0.4,0.7150391801159731,0.946278793151143,0.946278793151143
43,0.5,2,0,0.7656393093168216,5,0.22447357564993076,0.10038763486113733,1.0,0.4,0.7150391801159731,1.0707655337049384,1.0707655337049384
43,0.5,3,0,0.68147900872137,5,0.030352547464934893,0.013574071884376666,1.0,0.4,0.7150391801159731,0.9530652692497774,0.9530652692497774
43,0.9,1,0,0.7985152044881534,5,0.15288535188194852,0.06837240791440245,1.0,0.4,0.7150391801159731,1.1167432872120955,1.1167432872120955
43,0.9,2,0,0.7329251540157549,5,0.06415409488421943,0.028690583439217227,1.0,0.4,0.7150391801159731,1.0250139774115326,1.0250139774115326
43,0.9,3,0,0.7680643197524752,5,0.1587332776657881,0.07098767983041027,1.0,0.4,0.7150391801159731,1.0741569708500476,1.0741569708500476
44,0.1,1,0,0.9369811873186076,1,,,1.0,0.4,1.0123993035915448,0.9255055628689322,0.9255055628689322
44,0.1,1,1,1.0354673056120651,4,0.039872444087896336,0.019936222043948168,5.0,0.9,1.0558916171578823,0.9806568105912302,0.9806568105912302
44,0.1,2,0,0.9608024443802108,1,,,1.0,0.4,1.0123993035915448,0.9490350704230127,0.9490350704230127
44,0.1,2,1,1.0453632071347911,4,0.027118710558110742,0.013559355279055371,5.0,0.9,1.0558916171578823,0.990028891363462,0.990028891363462
44,0.1,3,0,1.0240171460616456,1,,,1.0,0.4,1.0123993035915448,1.0114755535971685,1.0114755535971685
44,0.1,3,1,1.0460289957623405,4,0.04345001247296819,0.021725006236484094,5.0,0.9,1.0558916171578823,0.9906594377346335,0.9906594377346335
44,0.5,1,0,0.9771872522095375,3,0.03723023201902958,0.021494884478178954,1.0,0.4,1.0123993035915448,0.9652192062389904,0.9652192062389904
44,0.5,1,1,1.0967069601223323,2,0.0010044470542263627,0.0007102513233863128,5.0,0.9,1.0558916171578823,1.0386548603106744,1.0386548603106744
44,0.5,2,0,1.027266725586499,5,0.06396825664334801,0.028607474051335735,1.0,0.4,1.0123993035915448,1.014685334079361,1.014685334079361
44,0.5,3,0,1.0212967533883377,5,0.023587778286237135,0.010548775137243945,1.0,0.4,1.0123993035915448,1.0087884787802883,1.0087884787802883
44,0.9,1,0,1.0612452016610254,5,0.02631303005636209,0.011767544780004151,1.0,0.4,1.0123993035915448,1.0482476606771627,1.0482476606771627
44,0.9,2,0,1.047640035090858,5,0.0440284149479329,0.019690105753029166,1.0,0.4,1.0123993035915448,1.03480912262019,1.03480912262019
44,0.9,3,0,1.0551569866271833,5,0.02850112803092486,0.012746091942514543,1.0,0.4,1.0123993035915448,1.042234010714896,1.042234010714896
45,0.1,1,0,1.0339364803461766,2,0.004724416779120775,0.0033406671416678075,1.0,0.4,1.0265418038035077,1.0072034831073322,1.0072034831073322
45,0.1,1,1,0.9288500892686106,3,0.09481769066694358,0.05474301923049855,5.0,0.9,0.944807054234532,0.9831108744431957,0.9831108744431957
45,0.1,2,0,1.0347046394427408,3,0.01848464994714366,0.010672117622859394,1.0,0.4,1.0265418038035077,1.0079517810273175,1.0079517810273175
45,0.1,2,1,0.8993453994791543,2,0.02902858970277158,0.02052631262711177,5.0,0.9,0.944807054234532,0.951882604441168,0.951882604441168
45,0.1,3,0,0.9948024827860426,5,0.07112895783193324,0.03180983697618375,1.0,0.4,1.0265418038035077,0.9690813166109109,0.9690813166109109
45,0.5,1,0,1.0113116931183121,3,0.02385456743132341,0.013772440927876653,1.0,0.4,1.0265418038035077,0.9851636722160116,0.9851636722160116
45,0.5,1,1,1.0062256739558313,2,0.05469087025717493,0.03867228522784205,5.0,0.9,0.944807054234532,1.0650065211156363,1.0650065211156363
45,0.5,2,0,1.032336883215456,5,0.027077757143012984,0.012109541130001504,1.0,0.4,1.0265418038035077,1.0056452444415578,1.0056452444415578
45,0.5,3,0,1.0264983638673113,5,0.03445209111952731,0.015407443542055978,1.0,0.4,1.0265418038035077,0.9999576832272827,0.9999576832272827
45,0.9,1,0,1.041431579055387,5,0.011589414568158039,0.005182943758765548,1.0,0.4,1.0265418038035077,1.0145047919107728,1.0145047919107728
45,0.9,2,0,1.035405544022512,5,0.037194739154737734,0.016633993031073328,1.0,0.4,1.0265418038035077,1.0086345633330887,1.0086345633330887
45,0.9,3,0,1.0284485683776308,5,0.02663322526351194,0.01191074042985549,1.0,0.4,1.0265418038035077,1.001857464125726,1.001857464125726
46,0.1,1,1,0.9608942636116979,4,0.170488258676775,0.0852441293383875,5.0,0.9,1.0694112069109465,0.8985264577386413,0.8985264577386413
46,0.1,2,0,1.1726154713954449,2,0.0017328408600793684,0.0012253035228792506,1.0,0.4,1.0000878890088363,1.172512420440964,1.172512420440964
46,0.1,2,1,1.1742504924662887,3,0.0007096516098272958,0.00040971754796464055,5.0,0.9,1.0694112069109465,1.0980345865816914,1.0980345865816914
46,0.1,3,0,0.9893976827333587,3,0.06543919828553195,0.03778133874570517,1.0,0.4,1.0000878890088363,0.9893107331935872,0.9893107331935872
46,0.1,3,1,1.1000495744041108,2,0.10305620724763306,0.07287174298816756,5.0,0.9,1.0694112069109465,1.0286497535234036,1.0286497535234036
46,0.5,1,0,1.0379390687285872,3,0.1290308761646342,0.07449601108742483,1.0,0.4,1.0000878890088363,1.037847853309437,1.037847853309437
46,0.5,1,1,1.0424504971616886,2,0.18451269740401793,0.13047017954940254,5.0,0.9,1.0694112069109465,0.9747892021562637,0.9747892021562637
46,0.5,2,0,0.9917833258573692,5,0.1317977584546307,0.058941749437330375,1.0,0.4,1.0000878890088363,0.9916961666642143,0.9916961666642143
46,0.5,3,0,0.9359170984116428,5,0.05208366480594814,0.023292523004682687,1.0,0.4,1.0000878890088363,0.9358348488143461,0.9358348488143461
46,0.9,1,0,0.9367658750504877,5,0.16896602785917025,0.07556390483624559,1.0,0.4,1.0000878890088363,0.9366835508616093,0.9366835508616093
46,0.9,2,0,0.9768079293565171,5,0.15820251452489192,0.07075031533781123,1.0,0.4,1.0000878890088363,0.9767220862204506,0.9767220862204506
46,0.9,3,0,0.9594766605372829,5,0.06267513716558694,0.028029173440275175,1.0,0.4,1.0000878890088363,0.9593923404953916,0.9593923404953916
47,0.1,1,0,0.7804878048780487,1,,,1.0,0.4,0.7000897076107307,1.114839707530769,1.114839707530769
47,0.1,1,1,0.7375248270282062,4,0.13031928942964838,0.06515964471482419,5.0,0.9,0.7375248270282062,1.0,1.0
47,0.1,2,0,0.7022812059934797,5,0.10385314658146137,0.046444539086679504,1.0,0.4,0.7000897076107307,1.00313031081435,1.00313031081435
47,0.1,3,0,0.7214914703274684,5,0.07926570494990193,0.03544870091048445,1.0,0.4,0.7000897076107307,1.0305700290749562,1.0305700290749562
47,0.5,1,0,0.509250608285722,5,0.05808068197275302,0.025974470614124466,1.0,0.4,0.7000897076107307,0.7274076489764357,0.7274076489764357
47,0.5,2,0,0.6965552495788091,5,0.1800348278984838,0.08051402269969707,1.0,0.4,0.7000897076107307,0.99495142123431,0.99495142123431
47,0.5,3,0,0.759485781629204,5,0.1676447509580304,0.07497301184263579,1.0,0.4,0.7000897076107307,1.0848406616648893,1.0848406616648893
47,0.9,1,0,0.7396626381019582,5,0.13505557518114927,0.06039868936907665,1.0,0.4,0.7000897076107307,1.0565255138891874,1.0565255138891874
47,0.9,2,0,0.6973933248989947,5,0.12310189252911036,0.05505283997079285,1.0,0.4,0.7000897076107307,0.9961485182792671,0.9961485182792671
47,0.9,3,0,0.6941992848028924,5,0.08322952240567252,0.03722137396678512,1.0,0.4,0.7000897076107307,0.991586188535836,0.991586188535836
48,0.1,1,1,1.0800499719948675,5,0.12694509033634688,0.056771570280384646,5.0,0.9,0.9780510110362278,1.104287976606224,1.104287976606224
48,0.1,2,0,0.9253360442787755,1,,,1.0,0.4,0.9854457059972016,0.9390025636596596,0.9390025636596596
48,0.1,2,1,1.0020429362789707,4,0.045250409538021785,0.022625204769010893,5.0,0.9,0.9780510110362278,1.0245303414362037,1.0245303414362037
48,0.1,3,0,0.9963592655068358,2,0.019835399995987556,0.014025745844710417,1.0,0.4,0.9854457059972016,1.011074744598527,1.011074744598527
48,0.1,3,1,0.9572289773270951,3,0.055640779995994864,0.032124219308608384,5.0,0.9,0.9780510110362278,0.9787106874036435,0.9787106874036435
48,0.5,1,1,0.994940704928168,4,0.04656795818959118,0.02328397909479559,5.0,0.9,0.9780510110362278,1.0172687249451804,1.0172687249451804
48,0.5,2,0,1.0296631473102063,1,,,1.0,0.4,0.9854457059972016,1.044870499758543,1.044870499758543
48,0.5,2,1,0.9752217477550184,3,0.0379693839534756,0.021921634046503397,5.0,0.9,0.9780510110362278,0.9971072436414008,0.9971072436414008
48,0.5,3,0,1.0723541997675266,3,0.21406066206403107,0.12358798086557786,1.0,0.4,0.9854457059972016,1.08819206704278,1.08819206704278
48,0.5,3,1,0.8898989370634836,2,0.04676142325029403,0.0330653194782172,5.0,0.9,0.9780510110362278,0.9098696561037766,0.9098696561037766
48,0.9,1,0,0.9513150140985651,2,0.03865861319107011,0.02733576753867339,1.0,0.4,0.9854457059972016,0.9653652233797105,0.9653652233797105
48,0.9,1,1,0.9652909603335447,3,0.055468957707444304,0.032025017664060934,5.0,0.9,0.9780510110362278,0.9869535938732233,0.9869535938732233
48,0.9,2,0,0.8957286615823201,2,0.17995635847414174,0.12724836139470283,1.0,0.4,0.9854457059972016,0.9089579021260292,0.9089579021260292
48,0.9,2,1,0.9335039788349325,3,0.011006816166732535,0.006354788276783754,5.0,0.9,0.9780510110362278,0.9544532629703041,0.9544532629703041
48,0.9,3,0,1.0273636094361815,4,0.019318540724637765,0.009659270362318883,1.0,0.4,0.9854457059972016,1.0425369994347502,1.0425369994347502
48,0.9,3,1,1.0042808848099702,1,,,5.0,0.9,0.9780510110362278,1.0268185130200442,1.0268185130200442
49,0.1,1,1,1.089445131420121,5,0.1956814676267459,0.08751141271006566,5.0,0.9,1.0844041324902411,1.0046486349312445,1.0046486349312445
49,0.1,2,1,1.0197616831685758,5,0.08545823628375943,0.03821808511354501,5.0,0.9,1.0844041324902411,0.9403889681117136,0.9403889681117136
49,0.1,3,0,1.0584529502482145,3,0.04040952171419733,0.02333044823951586,1.0,0.4,1.079661685343643,0.9803561287916983,0.9803561287916983
49,0.1,3,1,1.0710333568739583,2,0.02633003484158982,0.018618146185366224,5.0,0.9,1.0844041324902411,0.9876699329929903,0.9876699329929903
49,0.5,1,1,1.1678398370838214,5,0.10041199445807969,0.04490560907291967,5.0,0.9,1.0844041324902411,1.0769415221629388,1.0769415221629388
49,0.5,2,1,1.0009696105216044,5,0.17580361811877065,0.07862176816079697,5.0,0.9,1.0844041324902411,0.9230595684128974,0.9230595684128974
49,0.5,3,0,0.9908419991500659,4,0.19929769160650196,0.09964884580325098,1.0,0.4,1.079661685343643,0.9177337795725271,0.9177337795725271
49,0.5,3,1,1.0996342765926426,1,,,5.0,0.9,1.0844041324902411,1.01404471234117,1.01404471234117
49,0.9,1,1,1.1257520770995337,5,0.08413629166079108,0.037626893505655505,5.0,0.9,1.0844041324902411,1.0381296450008362,1.0381296450008362
49,0.9,2,1,1.0842729506339295,5,0.03196564367828649,0.014295470441837002,5.0,0.9,1.0844041324902411,0.999879028627445,0.999879028627445
49,0.9,3,0,1.1896901066326482,4,0.10643448283030611,0.053217241415153056,1.0,0.4,1.079661685343643,1.1019100916357745,1.1019100916357745
49,0.9,3,1,1.100928269017985,1,,,5.0,0.9,1.0844041324902411,1.0152379874187656,1.0152379874187656
50,0.1,1,1,0.9608564329562368,5,0.05275162719433433,0.023591244866051613,5.0,0.9,0.9651038091716517,0.9955990472993155,0.9955990472993155
50,0.1,2,1,0.9342211856633662,5,0.06788857653638816,0.03036069440621223,5.0,0.9,0.9651038091716517,0.968000723637396,0.968000723637396
50,0.1,3,0,0.9251990267614563,1,,,1.0,0.4,0.9616837551963159,0.9620616151227264,0.9620616151227264
50,0.1,3,1,0.9481693933663925,4,0.05623373930017938,0.02811686965008969,5.0,0.9,0.9651038091716517,0.9824532701618969,0.9824532701618969
50,0.5,1,1,0.9398879762818456,5,0.06753540683224948,0.030202752113002714,5.0,0.9,0.9651038091716517,0.9738724138790325,0.9738724138790325
50,0.5,2,0,0.9238896508529646,2,0.08489241694749876,0.06002800369489216,1.0,0.4,0.9616837551963159,0.960700069914734,0.960700069914734
50,0.5,2,1,0.9084023206402678,3,0.07330645047365199,0.04232349891429895,5.0,0.9,0.9651038091716517,0.9412483009676951,0.9412483009676951
50,0.5,3,0,0.956892023883924,4,0.05843568427828209,0.029217842139141047,1.0,0.4,0.9616837551963159,0.9950173523401009,0.9950173523401009
50,0.5,3,1,1.0670742506518638,1,,,5.0,0.9,0.9651038091716517,1.105657485247865,1.105657485247865
50,0.9,1,0,0.9854625360981584,1,,,1.0,0.4,0.9616837551963159,1.0247261958760947,1.0247261958760947
50,0.9,1,1,0.9629240336100897,4,0.13193086914010438,0.06596543457005219,5.0,0.9,0.9651038091716517,0.9977414081875473,0.9977414081875473
50,0.9,2,0,0.9855946253004632,4,0.002119949027408833,0.0010599745137044164,1.0,0.4,0.9616837551963159,1.02486354789186,1.02486354789186
50,0.9,2,1,0.9857207807851884,1,,,5.0,0.9,0.9651038091716517,1.0213624393745087,1.0213624393745087
50,0.9,3,0,0.9930646682809284,4,0.11214717838033259,0.05607358919016629,1.0,0.4,0.9616837551963159,1.0326312188544835,1.0326312188544835
50,0.9,3,1,0.978677908589614,1,,,5.0,0.9,0.9651038091716517,1.0140649112447426,1.0140649112447426
51,0.1,1,1,0.9653845978830674,5,0.07239886493293923,0.032377756696775575,5.0,0.9,0.9754373588472609,0.9896940988849622,0.9896940988849622
51,0.1,2,1,0.9799761864091237,5,0.0872586549781972,0.03902325683128987,5.0,0.9,0.9754373588472609,1.0046531204907168,1.0046531204907168
51,0.1,3,1,0.9300555308941376,5,0.06123503440767874,0.027385139908021643,5.0,0.9,0.9754373588472609,0.9534754051180139,0.9534754051180139
51,0.5,1,0,1.018862456554332,2,0.04670199832064188,0.03302329970748863,1.0,0.4,0.9712390650572469,1.0490336449700755,1.0490336449700755
51,0.5,1,1,0.9826472638872575,3,0.081859823720555,0.04726179126087775,5.0,0.9,0.9754373588472609,1.007391458789847,1.007391458789847
51,0.5,2,0,0.9476132192570091,2,0.06940177544568576,0.04907446604403043,1.0,0.4,0.9712390650572469,0.9756745309674656,0.9756745309674656
51,0.5,2,1,0.8552209119914629,3,0.12376692714881989,0.07145686870614397,5.0,0.9,0.9754373588472609,0.8767563639372334,0.8767563639372334
51,0.5,3,0,0.9761807674475215,4,0.10507282915430868,0.05253641457715434,1.0,0.4,0.9712390650572469,1.0050880391533503,1.0050880391533503
51,0.5,3,1,0.9981114833993299,1,,,5.0,0.9,0.9754373588472609,1.0232450852393684,1.0232450852393684
51,0.9,1,0,1.000196292934914,2,0.009257345912579486,0.006545932070574523,1.0,0.4,0.9712390650572469,1.0298147273101708,1.0298147273101708
51,0.9,1,1,0.9919259592779465,3,0.005646225986561964,0.0032598500932470103,5.0,0.9,0.9754373588472609,1.0169038024647439,1.0169038024647439
51,0.9,2,0,0.9460503850028372,2,0.07161195684367692,0.05063730029820234,1.0,0.4,0.9712390650572469,0.9740654170938594,0.9740654170938594
51,0.9,2,1,0.9650906199845858,3,0.05725875864260311,0.033058359715770716,5.0,0.9,0.9754373588472609,0.9893927182829018,0.9893927182829018
51,0.9,3,0,0.9385312691468672,4,0.04868593073002409,0.024342965365012046,1.0,0.4,0.9712390650572469,0.9663236405050781,0.9663236405050781
51,0.9,3,1,1.110523675898437,1,,,5.0,0.9,0.9754373588472609,1.1384879467922127,1.1384879467922127
52,0.1,1,0,0.9974683144585417,1,,,1.0,0.4,0.9994306239635442,0.9980365725664675,0.9980365725664675
52,0.1,1,1,1.0059389279273487,4,0.016889376102832476,0.008444688051416238,5.0,0.9,0.9794449101013939,1.0270500337004274,1.0270500337004274
52,0.1,2,0,0.9713774998226384,4,0.0314761444280627,0.01573807221403135,1.0,0.4,0.9994306239635442,0.9719308939827632,0.9719308939827632
52,0.1,2,1,0.9797169441023772,1,,,5.0,0.9,0.9794449101013939,1.0002777430340162,1.0002777430340162
52,0.1,3,0,1.0083399523431296,2,0.011794473713199024,0.008339952343129509,1.0,0.4,0.9994306239635442,1.008914404027618,1.008914404027618
52,0.1,3,1,0.9736399434195236,3,0.0411595802110033,0.02376349471455475,5.0,0.9,0.9794449101013939,0.9940732075668561,0.9940732075668561
52,0.5,1,0,1.0017961298256428,3,0.012248778958801778,0.007071835829108431,1.0,0.4,0.9994306239635442,1.0023668534917587,1.0023668534917587
52,0.5,1,1,0.988820736469547,2,0.006480768159707213,0.004582595113026833,5.0,0.9,0.9794449101013939,1.0095725918542806,1.0095725918542806
52,0.5,2,0,0.9844284751396344,4,0.01107432214338378,0.00553716107169189,1.0,0.4,0.9994306239635442,0.9849893044457511,0.9849893044457511
52,0.5,2,1,0.9733840304182508,1,,,5.0,0.9,0.9794449101013939,0.9938119238554054,0.9938119238554054
52,0.5,3,0,1.009444876231229,5,0.015056340374218874,0.006733400113825605,1.0,0.4,0.9994306239635442,1.0100199573913096,1.0100199573913096
52,0.9,1,0,1.0047095761381475,1,,,1.0,0.4,0.9994306239635442,1.0052819595958227,1.0052819595958227
52,0.9,1,1,0.9920511963255817,3,0.013392198257421974,0.007731989268963414,5.0,0.9,0.9794449101013939,1.0128708476548036,1.0128708476548036
52,0.9,2,0,0.9946036171197605,4,0.02900132435700939,0.014500662178504695,1.0,0.4,0.9994306239635442,0.9951702432084373,0.9951702432084373
52,0.9,2,1,0.9425625920471281,1,,,5.0,0.9,0.9794449101013939,0.9623436523342107,0.9623436523342107
52,0.9,3,0,1.0227071745931742,5,0.08925960872815475,0.03991811055223751,1.0,0.4,0.9994306239635442,1.0232898112900721,1.0232898112900721
53,0.1,1,0,0.9161171256024885,5,0.11905021688484047,0.053240875538119306,1.0,0.4,0.908164724797059,1.0087565620952812,1.0087565620952812
53,0.1,2,0,0.9342339933834504,5,0.0722697961023233,0.03232003536096885,1.0,0.4,0.908164724797059,1.028705440626112,1.028705440626112
53,0.1,3,0,0.928515498836312,5,0.12867637405217625,0.05754582389577123,1.0,0.4,0.908164724797059,1.0224086814688829,1.0224086814688829
53,0.5,1,0,0.8647117812550178,3,0.1572707723520565,0.09080032275312018,1.0,0.4,0.908164724797059,0.9521530154656125,0.9521530154656125
53,0.5,2,0,0.8735492358907038,4,0.09613801567000207,0.04806900783500104,1.0,0.4,0.908164724797059,0.9618841296504987,0.9618841296504987
53,0.5,3,0,0.9639603300636065,5,0.040033261104038466,0.017903418637925658,1.0,0.4,0.908164724797059,1.0614377587491253,1.0614377587491253
53,0.9,1,0,0.8231383050517191,5,0.1831957154817327,0.08192761460077298,1.0,0.4,0.908164724797059,0.9063755534390084,0.9063755534390084
53,0.9,2,0,0.9143368701273524,4,0.07471775502734261,0.037358877513671306,1.0,0.4,0.908164724797059,1.0067962839359046,1.0067962839359046
53,0.9,3,0,0.9549193829628814,4,0.08765067998204133,0.043825339991020666,1.0,0.4,0.908164724797059,1.0514825745695753,1.0514825745695753
54,0.1,1,1,0.9002990333258214,5,0.09049131047871466,0.040468944320689,5.0,0.9,0.9217410998919977,0.9767374303167248,0.9767374303167248
54,0.1,2,1,0.9365851670202417,5,0.08392024820833736,0.037530275936499456,5.0,0.9,0.9217410998919977,1.016104378040627,1.016104378040627
54,0.1,3,1,0.8831448120562211,5,0.09813702440514313,0.043888211535891175,5.0,0.9,0.9217410998919977,0.9581267583269325,0.9581267583269325
54,0.5,1,0,0.8009344356398355,1,,,1.0,0.4,0.8502931447940398,0.9419509501441881,0.9419509501441881
54,0.5,1,1,0.8747037395850894,4,0.14948733477338372,0.07474366738669186,5.0,0.9,0.9217410998919977,0.9489690105904796,0.9489690105904796
54,0.5,2,1,0.9738150042450604,5,0.09299804310682808,0.04158998923226466,5.0,0.9,0.9217410998919977,1.0564951528787903,1.0564951528787903
54,0.5,3,0,0.7911730188705661,4,0.021895195566963985,0.010947597783481993,1.0,0.4,0.8502931447940398,0.9304708896156114,0.9304708896156114
54,0.5,3,1,0.9490543632519478,1,,,5.0,0.9,0.9217410998919977,1.0296322507080897,1.0296322507080897
54,0.9,1,0,1.0374216424998417,1,,,1.0,0.4,0.8502931447940398,1.2200752750407373,1.2200752750407373
54,0.9,1,1,0.9345855797596025,4,0.14665839766057948,0.07332919883028974,5.0,0.9,0.9217410998919977,1.0139350191383565,1.0139350191383565
54,0.9,2,0,0.8119389210809501,5,0.0431342732841503,0.019290233444682635,1.0,0.4,0.8502931447940398,0.9548929402195993,0.9548929402195993
54,0.9,3,0,0.8099977058790054,5,0.12630873979585983,0.056486985667175096,1.0,0.4,0.8502931447940398,0.9526099449798635,0.9526099449798635
55,0.1,1,1,1.229284689206778,5,0.11758704445736314,0.05258652493599077,5.0,0.9,1.3174032815234327,0.9331119076804217,0.9331119076804217
55,0.1,2,1,1.3300825712866988,5,0.07084122921724442,0.03168116082788055,5.0,0.9,1.3174032815234327,1.0096244558830945,1.0096244558830945
55,0.1,3,0,1.3357147481906457,2,0.0015246052561363023,0.0010780587152466325,1.0,0.4,1.3054824691420897,1.0231579356775458,1.0231579356775458
55,0.1,3,1,1.3571936948113923,3,0.13615977936432713,0.07861188526879433,5.0,0.9,1.3174032815234327,1.0302036694807275,1.0302036694807275
55,0.5,1,1,1.3098380799084572,5,0.0703133187645753,0.03144507209624038,5.0,0.9,1.3174032815234327,0.9942574899265264,0.9942574899265264
55,0.5,2,0,1.1957727564663982,1,,,1.0,0.4,1.3054824691420897,0.9159623240687497,0.9159623240687497
55,0.5,2,1,1.302094713559447,4,0.14150595130878765,0.07075297565439383,5.0,0.9,1.3174032815234327,0.9883797405254046,0.9883797405254046
55,0.5,3,0,1.2338815362614715,5,0.1613742405624222,0.07216875434299598,1.0,0.4,1.3054824691420897,0.9451536619042679,0.9451536619042679
55,0.9,1,1,1.373820697597043,5,0.06900321427076646,0.030859175555083475,5.0,0.9,1.3174032815234327,1.0428247119654734,1.0428247119654734
55,0.9,2,0,1.4326650621345152,3,0.07226516545552002,0.04172231272877733,1.0,0.4,1.3054824691420897,1.0974219079908478,1.0974219079908478
55,0.9,2,1,1.3742341647066372,2,0.06206829392606727,0.04388891153180196,5.0,0.9,1.3174032815234327,1.0431385620335527,1.0431385620335527
55,0.9,3,0,1.329378242657418,4,0.04700247833943984,0.02350123916971992,1.0,0.4,1.3054824691420897,1.0183041703585891,1.0183041703585891
55,0.9,3,1,1.2626776411110083,1,,,5.0,0.9,1.3174032815234327,0.9584594625047995,0.9584594625047995
56,0.1,1,0,1.1304299828889992,1,,,1.0,0.4,1.1029956540428087,1.0248725629567401,1.0248725629567401
56,0.1,1,1,1.1393123171757626,4,0.010382697442266024,0.005191348721133012,5.0,0.9,1.1368700717976161,1.0021482185508541,1.0021482185508541
56,0.1,2,0,0.9341186450827792,2,0.2382500624540788,0.16846823477939757,1.0,0.4,1.1029956540428087,0.8468924076527004,0.8468924076527004
56,0.1,2,1,1.1280178385784652,3,0.021638500453112903,0.012492994061464575,5.0,0.9,1.1368700717976161,0.9922135049213198,0.9922135049213198
56,0.1,3,1,1.1340099518292295,5,0.008247160792393038,0.0036882424306323726,5.0,0.9,1.1368700717976161,0.9974842156202914,0.9974842156202914
56,0.5,1,0,1.152252955531644,1,,,1.0,0.4,1.1029956540428087,1.0446577475698047,1.0446577475698047
56,0.5,1,1,1.1396747634912285,4,0.004118146257386437,0.0020590731286932186,5.0,0.9,1.1368700717976161,1.002467029226284,1.002467029226284
56,0.5,2,1,1.1225417196112513,5,0.014028165004917038,0.006273586110115633,5.0,0.9,1.1368700717976161,0.987396666917523,0.987396666917523
56,0.5,3,1,1.1420272189311866,5,0.009381521695520288,0.004195544048714489,5.0,0.9,1.1368700717976161,1.004536267829987,1.004536267829987
56,0.9,1,0,1.1317798896253228,3,0.011618123479853644,0.006707726718571813,1.0,0.4,1.1029956540428087,1.0260964179478054,1.0260964179478054
56,0.9,1,1,1.152506692966188,2,0.0038467065517730514,0.0027200322879934458,5.0,0.9,1.1368700717976161,1.0137540969337395,1.0137540969337395
56,0.9,2,0,1.1373876369337608,5,0.015065472522226255,0.006737484134570623,1.0,0.4,1.1029956540428087,1.0311805243881924,1.0311805243881924
56,0.9,3,0,1.1320048141943464,5,0.02455019347330787,0.010979180293417613,1.0,0.4,1.1029956540428087,1.0263003394847572,1.0263003394847572
57,0.1,1,1,0.9876806415051826,5,0.1808226055393849,0.08086632757093892,5.0,0.9,0.9588382520690685,1.0300805577727792,1.0300805577727792
57,0.1,2,0,0.8079454537785757,1,,,1.0,0.4,0.925627716399915,0.8728622095727144,0.8728622095727144
57,0.1,2,1,0.8881303575526011,4,0.2551233297210927,0.12756166486054635,5.0,0.9,0.9588382520690685,0.9262567024585351,0.9262567024585351
57,0.1,3,0,0.9824598369045467,2,0.08845164134310583,0.06254475540079052,1.0,0.4,0.925627716399915,1.061398464520565,1.061398464520565
57,0.1,3,1,0.8968971312579438,3,0.15725994298908624,0.09079407041749415,5.0,0.9,0.9588382520690685,0.9353998229863457,0.9353998229863457
57,0.5,1,1,1.0173725817735186,5,0.1899275570724892,0.08493818568291137,5.0,0.9,0.9588382520690685,1.0610471365510705,1.0610471365510705
57,0.5,2,1,1.034775240683901,5,0.17030816579667363,0.07616412716893337,5.0,0.9,0.9588382520690685,1.0791968702239076,1.0791968702239076
57,0.5,3,0,0.8609999941080886,4,0.10939168145425845,0.05469584072712923,1.0,0.4,0.925627716399915,0.9301795731191089,0.9301795731191089
57,0.5,3,1,0.730815208664157,1,,,5.0,0.9,0.9588382520690685,0.7621882075387975,0.7621882075387975
57,0.9,1,0,1.2183224271267104,1,,,1.0,0.4,0.925627716399915,1.3162121288515278,1.3162121288515278
57,0.9,1,1,1.1561966030461743,3,0.09692493210572264,0.05595963564242517,5.0,0.9,0.9588382520690685,1.2058307024685635,1.2058307024685635
57,0.9,2,0,0.9022318711653766,4,0.2044289791973516,0.1022144895986758,1.0,0.4,0.925627716399915,0.9747243467108646,0.9747243467108646
57,0.9,3,0,0.7818067153161923,5,0.12999457405461612,0.058135340858450416,1.0,0.4,0.925627716399915,0.8446232772252195,0.8446232772252195
58,0.1,1,1,0.8583455589774202,5,0.07042594752166585,0.03149544120765554,5.0,0.9,0.8357488692523857,1.0270376551574019,1.0270376551574019
58,0.1,2,1,0.8105771524524353,5,0.18224416243997218,0.08150206714365835,5.0,0.9,0.8357488692523857,0.9698812433662428,0.9698812433662428
58,0.1,3,0,0.6372187975049236,2,0.2538720773257735,0.17951466743096997,1.0,0.4,0.7504310759441053,0.8491370066241578,0.8491370066241578
58,0.1,3,1,0.8948013062924102,3,0.005591054436137363,0.003227996783757758,5.0,0.9,0.8357488692523857,1.0706581117996001,1.0706581117996001
58,0.5,1,1,0.7026438368401132,5,0.2254946424500996,0.10084426981608648,5.0,0.9,0.8357488692523857,0.8407356117258755,0.8407356117258755
58,0.5,2,1,0.8615771878681795,5,0.052224964503143456,0.02335571415030846,5.0,0.9,0.8357488692523857,1.0309044015086715,1.0309044015086715
58,0.5,3,0,0.8977534246575343,1,,,1.0,0.4,0.7504310759441053,1.1963169615918225,1.1963169615918225
58,0.5,3,1,0.895546487639828,4,0.006067562355112965,0.0030337811775564827,5.0,0.9,0.8357488692523857,1.0715497448903928,1.0715497448903928
58,0.9,1,0,0.6431477213637566,1,,,1.0,0.4,0.7504310759441053,0.8570376973723041,0.8570376973723041
58,0.9,1,1,0.8812620222473166,4,0.032592852020156556,0.016296426010078278,5.0,0.9,0.8357488692523857,1.0544579294921985,1.0544579294921985
58,0.9,2,0,0.6720273169473047,2,0.3131598827678332,0.2214374767007191,1.0,0.4,0.7504310759441053,0.8955217054435517,0.8955217054435517
58,0.9,2,1,0.811970646260857,3,0.12427810633175695,0.07175199814501682,5.0,0.9,0.8357488692523857,0.9715486028562631,0.9715486028562631
58,0.9,3,0,0.9020081192470075,4,0.0042634612355621345,0.0021317306177810673,1.0,0.4,0.7504310759441053,1.2019866289681642,1.2019866289681642
58,0.9,3,1,0.805015624692911,1,,,5.0,0.9,0.8357488692523857,0.9632266992033541,0.9632266992033541
59,0.1,1,1,0.9511346033105029,5,0.03716623104733516,0.016621243817860922,5.0,0.9,0.9400847997174211,1.011754049843592,1.011754049843592
59,0.1,2,0,0.7866690968172515,1,,,1.0,0.4,0.8814031181556773,0.8925190762466835,0.8925190762466835
59,0.1,2,1,0.9213120935988699,4,0.003649979601012417,0.0018249898005062086,5.0,0.9,0.9400847997174211,0.9800308375114734,0.9800308375114734
59,0.1,3,0,0.8245307225887106,4,0.08075827169332389,0.040379135846661945,1.0,0.4,0.8814031181556773,0.9354751595547208,0.9354751595547208
59,0.1,3,1,0.9160851672928968,1,,,5.0,0.9,0.9400847997174211,0.9744707791980699,0.9744707791980699
59,0.5,1,0,0.8227291860684485,3,0.08361550893728695,0.048275436593370184,1.0,0.4,0.8814031181556773,0.9334312179312423,0.9334312179312423
59,0.5,1,1,0.9718073346674148,2,0.06095703282775823,0.04310313127351883,5.0,0.9,0.9400847997174211,1.0337443334468648,1.0337443334468648
59,0.5,2,0,0.8992412395044009,5,0.076454509236022,0.03419149596762614,1.0,0.4,0.8814031181556773,1.020238323397414,1.020238323397414
59,0.5,3,0,0.9203584188806664,5,0.060598381252342265,0.027100419961337226,1.0,0.4,0.8814031181556773,1.0441969173044254,1.0441969173044254
59,0.9,1,0,0.9454287702285459,5,0.03276657981422392,0.014653659970955423,1.0,0.4,0.8814031181556773,1.0726406008261478,1.0726406008261478
59,0.9,2,0,0.9363233003316352,5,0.025260666985928854,0.011296913707504328,1.0,0.4,0.8814031181556773,1.0623099476785125,1.0623099476785125
59,0.9,3,0,0.9159442108257589,5,0.03513280178773573,0.015711866607480644,1.0,0.4,0.8814031181556773,1.0391887570608536,1.0391887570608536
60,0.1,1,0,0.9586723380174262,2,0.05879149137420969,0.04157186222677409,1.0,0.4,1.0001449642098732,0.9585333849826352,0.9585333849826352
60,0.1,1,1,0.9318890250325774,3,0.043270360889053706,0.024982154507227412,5.0,0.9,0.9274887809218443,1.0047442558888526,1.0047442558888526
60,0.1,2,0,1.0572727235448598,2,0.1419911767603542,0.10040292395590415,1.0,0.4,1.0001449642098732,1.057119479054837,1.057119479054837
60,0.1,2,1,0.9664353501871714,3,0.06985583785295844,0.040331286788872406,5.0,0.9,0.9274887809218443,1.0419914181890346,1.0419914181890346
60,0.1,3,0,1.051550617615293,3,0.09084778783252224,0.05245099476038873,1.0,0.4,1.0001449642098732,1.0513982025056046,1.0513982025056046
60,0.1,3,1,0.9190745714474193,2,0.05404326108926704,0.03821435639365581,5.0,0.9,0.9274887809218443,0.990927966302663,0.990927966302663
60,0.5,1,0,0.9375820802464865,2,0.05517553826764246,0.03901499726466783,1.0,0.4,1.0001449642098732,0.9374461841011096,0.9374461841011096
60,0.5,1,1,0.9386313128285355,3,0.060257296308697444,0.03478956624446551,5.0,0.9,0.9274887809218443,1.012013656807381,1.012013656807381
60,0.5,2,0,1.087904232352833,4,0.026460139400400883,0.013230069700200442,1.0,0.4,1.0001449642098732,1.087746548033955,1.087746548033955
60,0.5,2,1,0.8157331341797361,1,,,5.0,0.9,0.9274887809218443,0.8795072791812828,0.8795072791812828
60,0.5,3,0,1.0405743085032872,4,0.08674712523460454,0.04337356261730227,1.0,0.4,1.0001449642098732,1.0404234843349471,1.0404234843349471
60,0.5,3,1,0.91671578599376,1,,,5.0,0.9,0.9274887809218443,0.9883847706304578,0.9883847706304578
60,0.9,1,0,0.9015845087950329,2,0.07759247118198448,0.05486616254180299,1.0,0.4,1.0001449642098732,0.9014538302527931,0.9014538302527931
60,0.9,1,1,0.9301573738027905,3,0.07761319380526066,0.04480999833613384,5.0,0.9,0.9274887809218443,1.0028772238929875,1.0028772238929875
60,0.9,2,0,1.0006951323050306,4,0.09062752240504345,0.04531376120252172,1.0,0.4,1.0001449642098732,1.0005500883520342,1.0005500883520342
60,0.9,2,1,1.001849728655507,1,,,5.0,0.9,0.9274887809218443,1.0801744983478445,1.0801744983478445
60,0.9,3,0,0.9654687365086104,3,0.11647964320272808,0.06724955335820662,1.0,0.4,1.0001449642098732,0.9653287983820851,0.9653287983820851
60,0.9,3,1,0.9269127461691016,2,0.04058953497924383,0.028701135429031882,5.0,0.9,0.9274887809218443,0.9993789307594965,0.9993789307594965
61,0.1,1,0,0.5944375298648695,2,0.015220048165080536,0.010762199267514316,1.0,0.4,0.6185434811499975,0.9610278791713881,0.9610278791713881
61,0.1,1,1,0.7052364061824208,3,0.13612122100829455,0.0785896235915594,5.0,0.9,0.787108762706175,0.8959834264298275,0.8959834264298275
61,0.1,2,0,0.6263333790802997,3,0.04163168634264918,0.024036065316746572,1.0,0.4,0.6185434811499975,1.0125939374800608,1.0125939374800608
61,0.1,2,1,0.7374227531002446,2,0.16071275189342124,0.1136410766869893,5.0,0.9,0.787108762706175,0.9368752935298245,0.9368752935298245
61,0.1,3,0,0.5766883555771771,4,0.0166528178293013,0.00832640891465065,1.0,0.4,0.6185434811499975,0.9323327674636499,0.9323327674636499
61,0.1,3,1,0.936699722918704,1,,,5.0,0.9,0.787108762706175,1.190051194066519,1.190051194066519
61,0.5,1,0,0.646274606594908,3,0.0213349226449403,0.012317723332196124,1.0,0.4,0.6185434811499975,1.0448329443119386,1.0448329443119386
61,0.5,1,1,0.7019974104753182,2,0.10932215525915955,0.0773024373176803,5.0,0.9,0.787108762706175,0.8918683716107623,0.8918683716107623
61,0.5,2,0,0.606688413550342,4,0.02150077118785754,0.01075038559392877,1.0,0.4,0.6185434811499975,0.9808338977599206,0.9808338977599206
61,0.5,2,1,0.8541875208541875,1,,,5.0,0.9,0.787108762706175,1.0852217143630667,1.0852217143630667
61,0.5,3,0,0.6108240291030508,5,0.026270289466702238,0.01174843060722858,1.0,0.4,0.6185434811499975,0.987519952465436,0.987519952465436
61,0.9,1,0,0.6097652588443097,5,0.025677217921482927,0.011483200949102336,1.0,0.4,0.6185434811499975,0.9858082372974535,0.9858082372974535
61,0.9,2,0,0.6222843905967799,5,0.03730724699646562,0.016684308067494397,1.0,0.4,0.6185434811499975,1.0060479328629044,1.0060479328629044
61,0.9,3,0,0.6735953671382402,5,0.11068619894729954,0.04950037300344549,1.0,0.4,0.6185434811499975,1.0890024511872474,1.0890024511872474
62,0.1,1,0,0.745313429286439,1,,,1.0,0.4,0.7571218317364173,0.9844035636604264,0.9844035636604264
62,0.1,1,1,0.7559520482390866,4,0.09667460417739945,0.04833730208869973,5.0,0.9,0.7661407326527089,0.9867012887066522,0.9867012887066522
62,0.1,2,0,0.7281160083208967,3,0.033371201544337516,0.01926687219480452,1.0,0.4,0.7571218317364173,0.9616893580403073,0.9616893580403073
62,0.1,2,1,0.7802449442451828,2,0.04779200177354854,0.03379404854055568,5.0,0.9,0.7661407326527089,1.0184094266123132,1.0184094266123132
62,0.1,3,0,0.7411853629091327,5,0.012426533451617936,0.005557314704498559,1.0,0.4,0.7571218317364173,0.9789512491130586,0.9789512491130586
62,0.5,1,0,0.7268605306786567,3,0.03477223721210137,0.020075760514732248,1.0,0.4,0.7571218317364173,0.9600311339743592,0.9600311339743592
62,0.5,1,1,0.8209961087431008,2,0.10477798813667932,0.07408922593052958,5.0,0.9,0.7661407326527089,1.0715996079473011,1.0715996079473011
62,0.5,2,0,0.7391670212684824,4,0.12381593714198305,0.061907968570991526,1.0,0.4,0.7571218317364173,0.9762854408427815,0.9762854408427815
62,0.5,2,1,0.7464508957046271,1,,,5.0,0.9,0.7661407326527089,0.9742999737399327,0.9742999737399327
62,0.5,3,0,0.7110657256031685,5,0.029824330531587877,0.013337846090410586,1.0,0.4,0.7571218317364173,0.9391694913517132,0.9391694913517132
62,0.9,1,0,0.7464520085481116,2,0.0012889408475572045,0.0009114188138560352,1.0,0.4,0.7571218317364173,0.9859073893512816,0.9859073893512816
62,0.9,1,1,0.7270596663315473,2,0.12148459106108501,0.08590257814896785,5.0,0.9,0.7661407326527089,0.948989702993801,0.948989702993801
62,0.9,2,0,0.8105357433286526,5,0.06709710706651556,0.030006738498862057,1.0,0.4,0.7571218317364173,1.0705486347814506,1.0705486347814506
62,0.9,3,0,0.8654006556842159,5,0.1124283877665088,0.050279503529323887,1.0,0.4,0.7571218317364173,1.1430137388846218,1.1430137388846218
63,0.1,1,1,0.8706365112572373,5,0.021941881756473283,0.00981270783234735,5.0,0.9,0.8665237621719214,1.004746262324079,1.004746262324079
63,0.1,2,1,0.8536220098616628,5,0.015008183679948117,0.006711863785433387,5.0,0.9,0.8665237621719214,0.98511090765945,0.98511090765945
63,0.1,3,1,0.8770625918082638,5,0.02343403008433335,0.0104800168510689,5.0,0.9,0.8665237621719214,1.0121621934636011,1.0121621934636011
63,0.5,1,0,0.8759460478950731,2,0.003223686441742072,0.0022794905433749513,1.0,0.4,0.888922814997927,0.9854016941809687,0.9854016941809687
63,0.5,1,1,0.8574936851752462,3,0.013292511735205754,0.0076744352285273015,5.0,0.9,0.8665237621719214,0.9895789620655738,0.9895789620655738
63,0.5,2,0,0.8777564698833876,4,0.024200870309065873,0.012100435154532936,1.0,0.4,0.888922814997927,0.9874383411853757,0.9874383411853757
63,0.5,2,1,0.8738040127571972,1,,,5.0,0.9,0.8665237621719214,1.0084016744872963,1.0084016744872963
63,0.5,3,0,0.9188534756996593,5,0.058910451696979664,0.02634555491593287,1.0,0.4,0.888922814997927,1.0336707081838168,1.0336707081838168
63,0.9,1,0,0.8694077240627275,5,0.017413491702564125,0.007787550234512386,1.0,0.4,0.888922814997927,0.9780463605996601,0.9780463605996601
63,0.9,2,0,0.8791459442498869,5,0.030370048134154972,0.013581898421582233,1.0,0.4,0.888922814997927,0.9890014401890866,0.9890014401890866
63,0.9,3,0,0.9124272281968278,5,0.06141843450277214,0.027467158923963397,1.0,0.4,0.888922814997927,1.026441455661092,1.026441455661092
64,0.1,1,0,0.7018896700038985,1,,,1.0,0.4,0.8442911895668551,0.8313360114109297,0.8313360114109297
64,0.1,1,1,0.8882475511632344,4,0.12236962828848902,0.06118481414424451,5.0,0.9,0.9236885261299539,0.9616310325784719,0.9616310325784719
64,0.1,2,1,0.9788377825412982,5,0.04158553556644019,0.018597616881459098,5.0,0.9,0.9236885261299539,1.0597054687280865,1.0597054687280865
64,0.1,3,1,0.8812483015376638,5,0.14959192773091962,0.06689954385831443,5.0,0.9,0.9236885261299539,0.9540535327746194,0.9540535327746194
64,0.5,1,0,0.713275083695761,1,,,1.0,0.4,0.8442911895668551,0.8448211855221313,0.8448211855221313
64,0.5,1,1,0.9139880545365136,4,0.14294011643484134,0.07147005821742067,5.0,0.9,0.9236885261299539,0.9894981140081028,0.9894981140081028
64,0.5,2,0,0.8223269666231865,2,0.15859669412294575,0.1121447978881036,1.0,0.4,0.8442911895668551,0.9739850146311051,0.9739850146311051
64,0.5,2,1,0.7970120850406532,3,0.363832422201154,0.21005874689774987,5.0,0.9,0.9236885261299539,0.8628580549549031,0.8628580549549031
64,0.5,3,0,0.9392795484297694,1,,,1.0,0.4,0.8442911895668551,1.1125066328261057,1.1125066328261057
64,0.5,3,1,0.9591028215121771,4,0.02489703958775393,0.012448519793876966,5.0,0.9,0.9236885261299539,1.0383400836758263,1.0383400836758263
64,0.9,1,0,0.9447454522162967,2,0.05730570206655111,0.04052125053191424,1.0,0.4,0.8442911895668551,1.118980588558525,1.118980588558525
64,0.9,1,1,1.0042708518197798,3,0.05897088390641937,0.034046855697721395,5.0,0.9,0.9236885261299539,1.0872397170802237,1.0872397170802237
64,0.9,2,0,0.8882100295442911,3,0.07666080681139442,0.04426013744885247,1.0,0.4,0.8442911895668551,1.0520185932533153,1.0520185932533153
64,0.9,2,1,0.9668007608883108,2,0.026192518156664076,0.018520907204928935,5.0,0.9,0.9236885261299539,1.046673996199766,1.046673996199766
64,0.9,3,0,0.9003115764547828,4,0.12452075321945513,0.062260376609727566,1.0,0.4,0.8442911895668551,1.066351973797888,1.066351973797888
65,0.1,1,1,1.5695819403264217,5,0.10219455410965599,0.045702793983894256,5.0,0.9,1.616100184892264,0.9712157420680306,0.9712157420680306
65,0.1,2,0,1.613297097168065,1,,,1.0,0.4,1.645861644051772,0.9802142865401858,0.9802142865401858
65,0.1,2,1,1.6155166281159605,4,0.0008556912264105085,0.00042784561320525425,5.0,0.9,1.616100184892264,0.9996389105194351,0.9996389105194351
65,0.1,3,0,1.613297097168065,1,,,1.0,0.4,1.645861644051772,0.9802142865401858,0.9802142865401858
65,0.1,3,1,1.6145296002189995,4,0.0009441932936786509,0.00047209664683932546,5.0,0.9,1.616100184892264,0.9990281637933422,0.9990281637933422
65,0.5,1,1,1.5709979720811529,5,0.10362125390427608,0.04634083352874536,5.0,0.9,1.616100184892264,0.9720919450212687,0.9720919450212687
65,0.5,2,1,1.6146294941661516,5,0.0018097324928473592,0.0008093369750193694,5.0,0.9,1.616100184892264,0.9990899755226434,0.9990899755226434
65,0.5,3,1,1.615171636080318,5,0.0014137050781882555,0.0006322281309931189,5.0,0.9,1.616100184892264,0.9994254385831854,0.9994254385831854
65,0.9,1,0,1.6146119277281041,3,0.0005693383333329171,0.00032870764000973257,1.0,0.4,1.645861644051772,0.9810131571893629,0.9810131571893629
65,0.9,1,1,1.6112089807843915,2,0.0026049273684765925,0.0018419618067482268,5.0,0.9,1.616100184892264,0.9969734524173706,0.9969734524173706
65,0.9,2,0,1.6146119277281041,3,0.000569338333332885,0.0003287076400097141,1.0,0.4,1.645861644051772,0.9810131571893629,0.9810131571893629
65,0.9,2,1,1.6135434020683959,2,0.00034832773052698493,0.0002463049003309514,5.0,0.9,1.616100184892264,0.9984179304923236,0.9984179304923236
65,0.9,3,0,1.7734901704665216,2,0.2237580400415599,0.15822082745839802,1.0,0.4,1.645861644051772,1.0775451125409026,1.0775451125409026
65,0.9,3,1,1.7197220101885844,3,0.18603980645965895,0.10741013233946999,5.0,0.9,1.616100184892264,1.0641184415823999,1.0641184415823999
66,0.1,1,1,0.9531068150820493,5,0.08553341997130667,0.03825170828077597,5.0,0.9,0.990020295654608,0.9627144203663509,0.9627144203663509
66,0.1,2,1,0.978941646115242,5,0.09078674048602285,0.04060106463647588,5.0,0.9,0.990020295654608,0.9888096743188071,0.9888096743188071
66,0.1,3,0,0.5966329466368651,1,,,1.0,0.4,0.8597243456457805,0.6939816810569732,0.6939816810569732
66,0.1,3,1,0.9829084513877847,4,0.06916526421393061,0.03458263210696531,5.0,0.9,0.990020295654608,0.9928164661895937,0.9928164661895937
66,0.5,1,1,0.9525873538087335,5,0.1523245898443535,0.0681216275073497,5.0,0.9,0.990020295654608,0.962189722766114,0.962189722766114
66,0.5,2,0,0.8073184467425311,3,0.4038845114445022,0.23318283140400387,1.0,0.4,0.8597243456457805,0.9390433699258746,0.9390433699258746
66,0.5,2,1,0.9913381438160618,2,0.08790850749856942,0.062160701776226894,5.0,0.9,0.990020295654608,1.0013311324699483,1.0013311324699483
66,0.5,3,0,0.8586086467222313,5,0.2877416595209295,0.1286819821294796,1.0,0.4,0.8597243456457805,0.9987022597077774,0.9987022597077774
66,0.9,1,0,0.9717560882200702,4,0.22952331619763583,0.11476165809881791,1.0,0.4,0.8597243456457805,1.1303112365512196,1.1303112365512196
66,0.9,1,1,1.0283836027474744,1,,,5.0,0.9,0.990020295654608,1.03875002084427,1.03875002084427
66,0.9,2,0,1.017664107069415,4,0.05812844947228879,0.029064224736144395,1.0,0.4,0.8597243456457805,1.1837097695599144,1.1837097695599144
66,0.9,2,1,1.042876056624911,1,,,5.0,0.9,0.990020295654608,1.0533885630449165,1.0533885630449165
66,0.9,3,0,0.9063658384835709,5,0.18392086960344062,0.0822519133828336,1.0,0.4,0.8597243456457805,1.0542516831982416,1.0542516831982416
67,0.1,1,0,0.6343183420049199,3,0.039668977273801136,0.022902894707506234,1.0,0.4,0.6659805132301203,0.9524578113079714,0.9524578113079714
67,0.1,1,1,0.775654583030501,2,0.3818626960323451,0.27001770184664853,5.0,0.9,0.8450655034762106,0.9178632660306392,0.9178632660306392
67,0.1,2,0,0.6935157077813461,3,0.006140512772124362,0.0035452267019483357,1.0,0.4,0.6659805132301203,1.041345345703398,1.041345345703398
67,0.1,2,1,1.0554601158473376,2,0.003807775941302879,0.002692504189334255,5.0,0.9,0.8450655034762106,1.2489684071893368,1.2489684071893368
67,0.1,3,0,0.5880592390809467,5,0.10332866757587096,0.04620998494482517,1.0,0.4,0.6659805132301203,0.8829976664463619,0.8829976664463619
67,0.5,1,0,0.659049957158465,3,0.2682093144139822,0.15485071987607762,1.0,0.4,0.6659805132301203,0.9895934551627631,0.9895934551627631
67,0.5,1,1,0.7844759359910876,2,0.36814158590552026,0.2603154118305633,5.0,0.9,0.8450655034762106,0.928301927796265,0.928301927796265
67,0.5,2,0,0.6557717705071852,5,0.21675556686286707,0.09693603640137431,1.0,0.4,0.6659805132301203,0.9846711089586976,0.9846711089586976
67,0.5,3,0,0.6415212256445627,5,0.06946824701992388,0.031067144522859396,1.0,0.4,0.6659805132301203,0.9632732683619738,0.9632732683619738
67,0.9,1,0,0.6360600905939243,3,0.08873886045260662,0.05123340496989307,1.0,0.4,0.6659805132301203,0.9550731259521742,0.9550731259521742
67,0.9,1,1,0.7646713790359161,2,0.4112265823558595,0.2907811049879965,5.0,0.9,0.8450655034762106,0.9048663989837592,0.9048663989837592
67,0.9,2,0,0.72191003790556,5,0.2001588501516076,0.08951375904743773,1.0,0.4,0.6659805132301203,1.0839807225051854,1.0839807225051854
67,0.9,3,0,0.7636182483941726,5,0.16874773150028788,0.07546627973670525,1.0,0.4,0.6659805132301203,1.146607495601474,1.146607495601474
68,0.1,1,0,1.564794090852127,3,0.18506804218250272,0.10684908397246497,1.0,0.4,1.6029403685202268,0.976202310193663,0.976202310193663
68,0.1,1,1,1.55255229554015,2,0.25766167307453286,0.18219431628287344,5.0,0.9,1.684154106290708,0.9218588071845715,0.9218588071845715
68,0.1,2,0,1.5835469119777508,4,0.1359662311785673,0.06798311558928365,1.0,0.4,1.6029403685202268,0.9879013237651633,0.9879013237651633
68,0.1,2,1,1.7129474740715958,1,,,5.0,0.9,1.684154106290708,1.0170966348467387,1.0170966348467387
68,0.1,3,0,1.6504075047725806,1,,,1.0,0.4,1.6029403685202268,1.0296125402944176,1.0296125402944176
68,0.1,3,1,1.6911745188387943,4,0.048911354397931296,0.024455677198965648,5.0,0.9,1.684154106290708,1.0041685095929545,1.0041685095929545
68,0.5,1,0,1.57367315789067,2,0.08351808017654697,0.059056200844518125,1.0,0.4,1.6029403685202268,0.9817415474684345,0.9817415474684345
68,0.5,1,1,1.7553214292778077,3,0.03269301605790723,0.0188753216216535,5.0,0.9,1.684154106290708,1.042257013607765,1.042257013607765
68,0.5,2,0,1.6256691921200292,3,0.17880247445541256,0.10323165675860363,1.0,0.4,1.6029403685202268,1.0141794567322457,1.0141794567322457
68,0.5,2,1,1.7194182558614046,2,0.031223491791442015,0.02207834277805115,5.0,0.9,1.684154106290708,1.0209387902442995,1.0209387902442995
68,0.5,3,0,1.622023743294101,5,0.11105294042411053,0.04966438477790909,1.0,0.4,1.6029403685202268,1.0119052306303142,1.0119052306303142
68,0.9,1,0,1.521007604197694,4,0.1853163823020429,0.09265819115102145,1.0,0.4,1.6029403685202268,0.9488859561268833,0.9488859561268833
68,0.9,1,1,1.6735106641544943,1,,,5.0,0.9,1.684154106290708,0.9936802445236704,0.9936802445236704
68,0.9,2,0,1.6471368838683382,5,0.15145503285235734,0.06773274979846697,1.0,0.4,1.6029403685202268,1.02757215191287,1.02757215191287
68,0.9,3,0,1.6382042277087496,5,0.15416265637757615,0.06894363585044035,1.0,0.4,1.6029403685202268,1.0219994828760082,1.0219994828760082
69,0.1,1,1,0.9082019096186652,5,0.08985384847822744,0.04018386264745652,5.0,0.9,0.8899094854568153,1.0205553760925021,1.0205553760925021
69,0.1,2,0,0.9351209006864094,4,0.06890941817650946,0.03445470908825473,1.0,0.4,0.9115705513744473,1.0258349167559806,1.0258349167559806
69,0.1,2,1,0.900378088455113,1,,,5.0,0.9,0.8899094854568153,1.0117636716647918,1.0117636716647918
69,0.1,3,0,0.8994099715427857,3,0.05332364156692181,0.03078641881283343,1.0,0.4,0.9115705513744473,0.9866597491402874,0.9866597491402874
69,0.1,3,1,0.9070432656275258,2,0.020276861607905282,0.014337906344130985,5.0,0.9,0.8899094854568153,1.0192533964978643,1.0192533964978643
69,0.5,1,0,0.9041161363289509,3,0.025122840211133656,0.014504678558705972,1.0,0.4,0.9115705513744473,0.9918224485924246,0.9918224485924246
69,0.5,1,1,0.9262097701941063,2,0.007307735628891055,0.005167349418307404,5.0,0.9,0.8899094854568153,1.040790985297406,1.040790985297406
69,0.5,2,0,0.885112979434274,4,0.05175330541792126,0.02587665270896063,1.0,0.4,0.9115705513744473,0.9709758373608262,0.9709758373608262
69,0.5,2,1,0.8077143933886661,1,,,5.0,0.9,0.8899094854568153,0.907636570447436,0.907636570447436
69,0.5,3,0,0.9071073037083467,5,0.04649543398853453,0.020793390208343476,1.0,0.4,0.9115705513744473,0.9951037825219661,0.9951037825219661
69,0.9,1,0,0.9129257462434627,5,0.018740402884204393,0.008380962954962828,1.0,0.4,0.9115705513744473,1.001486659334236,1.001486659334236
69,0.9,2,0,0.912213149871533,5,0.026951364116539228,0.012053016450186055,1.0,0.4,0.9115705513744473,1.0007049355599704,1.0007049355599704
69,0.9,3,0,0.9365582231798157,5,0.015549033421406892,0.006953739142936389,1.0,0.4,0.9115705513744473,1.0274116707343086,1.0274116707343086
70,0.1,1,0,0.9514546317952874,2,0.0021883486553042016,0.0015473961737660635,1.0,0.4,0.9557907116731703,0.9954633584267708,0.9954633584267708
70,0.1,1,1,0.9204250626799837,3,0.054095331389688535,0.03123195413973869,5.0,0.9,0.9361966181976673,0.9831535863181748,0.9831535863181748
70,0.1,2,0,0.9343092040523258,5,0.04268832421677947,0.01909079895885387,1.0,0.4,0.9557907116731703,0.9775248834724081,0.9775248834724081
70,0.1,3,0,0.951608392790064,5,0.0014863031055712716,0.0006646949558452819,1.0,0.4,0.9557907116731703,0.995624231505886,0.995624231505886
70,0.5,1,0,0.9497176786321564,2,0.0019056665425843092,0.0013475097349416876,1.0,0.4,0.9557907116731703,0.9936460639689805,0.9936460639689805
70,0.5,1,1,0.9205528322888167,3,0.0541904135538534,0.03128684985281441,5.0,0.9,0.9361966181976673,0.983290063641794,0.983290063641794
70,0.5,2,0,0.9586531355092163,4,0.0857480083029558,0.0428740041514779,1.0,0.4,0.9557907116731703,1.0029948228216563,1.0029948228216563
70,0.5,2,1,0.9524197458638932,1,,,5.0,0.9,0.9361966181976673,1.0173287612354958,1.0173287612354958
70,0.5,3,0,0.9750492243026349,5,0.05213684702007994,0.023316306813881214,1.0,0.4,0.9557907116731703,1.0201492987892207,1.0201492987892207
70,0.9,1,0,0.952613997056676,2,0.000547864837065487,0.00038739894146266884,1.0,0.4,0.9557907116731703,0.996676349144539,0.996676349144539
70,0.9,1,1,0.9513888319579755,3,0.0014511371896653385,0.0008378144470843602,5.0,0.9,0.9361966181976673,1.0162275888045353,1.0162275888045353
70,0.9,2,0,0.9536245224159904,5,0.0012770869779360247,0.000571130659168945,1.0,0.4,0.9557907116731703,0.9977336154968613,0.9977336154968613
70,0.9,3,0,0.9750856185041817,5,0.05155994237826256,0.02305830721475345,1.0,0.4,0.9557907116731703,1.0201873763736775,1.0201873763736775
71,0.1,1,0,0.9175310626629869,2,0.045397507502543816,0.0321008854040159,1.0,0.4,0.8908933635598716,1.029899986005817,1.029899986005817
71,0.1,1,1,0.8986356951735587,3,0.04688888401024873,0.027071309805318244,5.0,0.9,1.0503156975560557,0.8555862749310172,0.8555862749310172
71,0.1,2,0,0.8651186793395826,3,0.09628935881311164,0.05559268723084647,1.0,0.4,0.8908933635598716,0.9710687212695162,0.9710687212695162
71,0.1,2,1,0.9326071661512827,2,0.024777607742730152,0.017520414456464795,5.0,0.9,1.0503156975560557,0.8879303321099884,0.8879303321099884
71,0.1,3,0,0.8752502680257843,4,0.06844994784336428,0.03422497392168214,1.0,0.4,0.8908933635598716,0.9824411134104986,0.9824411134104986
71,0.1,3,1,1.2079923320799233,1,,,5.0,0.9,1.0503156975560557,1.1501230866974188,1.1501230866974188
71,0.5,1,0,0.8871595330739299,1,,,1.0,0.4,0.8908933635598716,0.9958088917948363,0.9958088917948363
71,0.5,1,1,0.9240456420216497,4,0.029934574630169766,0.014967287315084883,5.0,0.9,1.0503156975560557,0.87977895043536,0.87977895043536
71,0.5,2,0,0.9274085654945655,3,0.03636186240627727,0.020993531048500318,1.0,0.4,0.8908933635598716,1.0409871747038106,1.0409871747038106
71,0.5,2,1,1.084275299924307,2,0.18407963173176867,0.130163955875856,5.0,0.9,1.0503156975560557,1.0323327571388972,1.0323327571388972
71,0.5,3,0,0.8212283181134461,4,0.1709502133339804,0.0854751066669902,1.0,0.4,0.8908933635598716,0.92180316040513,0.92180316040513
71,0.5,3,1,0.9496319480670028,1,,,5.0,0.9,1.0503156975560557,0.9041395365952061,0.9041395365952061
71,0.9,1,0,0.847320795728316,3,0.09673896605247914,0.0558522680915249,1.0,0.4,0.8908933635598716,0.9510911523041923,0.9510911523041923
71,0.9,1,1,0.9336766688622139,2,0.02326510250393645,0.01645091174553359,5.0,0.9,1.0503156975560557,0.8889485999635679,0.8889485999635679
71,0.9,2,0,0.9186435568408386,4,0.03638203014901074,0.01819101507450537,1.0,0.4,0.8908933635598716,1.0311487260047394,1.0311487260047394
71,0.9,2,1,1.471660828168508,1,,,5.0,0.9,1.0503156975560557,1.401160462128545,1.401160462128545
71,0.9,3,0,0.9583794927593943,5,0.04840376007941169,0.02164681958083103,1.0,0.4,0.8908933635598716,1.07575107410146,1.07575107410146
72,0.1,1,0,2.335625623896041,3,0.4229123148979927,0.24416853884996387,1.0,0.4,2.2844931519035865,1.0223824142129065,1.0223824142129065
72,0.1,1,1,1.74242353969883,2,0.3020685250749092,0.21359470246348697,5.0,0.9,2.232813235719831,0.7803713771595834,0.7803713771595834
72,0.1,2,0,2.159067456567031,2,0.3134957287993484,0.22167495570703807,1.0,0.4,2.2844931519035865,0.9450969265405578,0.9450969265405578
72,0.1,2,1,2.369622398482081,3,0.03239840537068657,0.018705228062080508,5.0,0.9,2.232813235719831,1.0612721030911232,1.0612721030911232
72,0.1,3,0,2.2164748066251225,3,0.2501993021650966,0.14445263445607506,1.0,0.4,2.2844931519035865,0.9702260673349856,0.9702260673349856
72,0.1,3,1,2.3894384383785656,2,0.024442504491938716,0.017283460675432512,5.0,0.9,2.232813235719831,1.070147023563411,1.070147023563411
72,0.5,1,0,2.2751846511973643,3,0.3072864186428511,0.17741189652176614,1.0,0.4,2.2844931519035865,0.9959253540775704,0.9959253540775704
72,0.5,1,1,2.426612162682544,1,,,5.0,0.9,2.232813235719831,1.0867958519155922,1.0867958519155922
72,0.5,2,0,2.061953708937295,3,0.36533719457490377,0.2109275276328034,1.0,0.4,2.2844931519035865,0.9025869511664514,0.9025869511664514
72,0.5,2,1,2.254628832002454,2,0.21509207816721487,0.15209306705154457,5.0,0.9,2.232813235719831,1.0097704527784161,1.0097704527784161
72,0.5,3,0,2.3290492576523043,2,0.035557364911376545,0.025142853849958957,1.0,0.4,2.2844931519035865,1.0195037160481706,1.0195037160481706
72,0.5,3,1,2.490686338353413,1,,,5.0,0.9,2.232813235719831,1.1154924641739894,1.1154924641739894
72,0.9,1,0,2.5684756429624462,1,,,1.0,0.4,2.2844931519035865,1.1243087512966399,1.1243087512966399
72,0.9,1,1,2.014035494151715,4,0.3887204113821973,0.19436020569109866,5.0,0.9,2.232813235719831,0.9020169989732326,0.9020169989732326
72,0.9,2,0,2.337532636144441,1,,,1.0,0.4,2.2844931519035865,1.0232171780408528,1.0232171780408528
72,0.9,2,1,2.1750586820090447,3,0.2704445994961297,0.15614126231997102,5.0,0.9,2.232813235719831,0.9741337283446518,0.9741337283446518
72,0.9,3,0,2.277074583150232,4,0.23092473003154992,0.11546236501577496,1.0,0.4,2.2844931519035865,0.9967526412818647,0.9967526412818647
73,0.1,1,1,1.0287535244962025,5,0.14752322545205449,0.0659743920741642,5.0,0.9,1.0316514764805373,0.9971909583319541,0.9971909583319541
73,0.1,2,0,1.048467765908741,2,0.10408760094799417,0.07360104846776598,1.0,0.4,1.0250257606302957,1.0228696742841181,1.0228696742841181
73,0.1,2,1,1.008917212053278,3,0.06167268417948162,0.03560674081267049,5.0,0.9,1.0316514764805373,0.9779632318224203,0.9779632318224203
73,0.1,3,0,1.0211056255000126,4,0.08993865930703321,0.044969329653516604,1.0,0.4,1.0250257606302957,0.9961755740383806,0.9961755740383806
73,0.1,3,1,0.9809368713478303,1,,,5.0,0.9,1.0316514764805373,0.9508413390676091,0.9508413390676091
73,0.5,1,0,0.9812423639891719,1,,,1.0,0.4,1.0250257606302957,0.9572855645947853,0.9572855645947853
73,0.5,1,1,1.0846621291795238,4,0.1524456917687271,0.07622284588436355,5.0,0.9,1.0316514764805373,1.0513842648486593,1.0513842648486593
73,0.5,2,0,0.9753289272994701,2,0.021450265111306634,0.015167627918454133,1.0,0.4,1.0250257606302957,0.9515165030581605,0.9515165030581605
73,0.5,2,1,1.0768906654758192,3,0.1812324628797723,0.1046346112295354,5.0,0.9,1.0316514764805373,1.0438512327337666,1.0438512327337666
73,0.5,3,0,0.9755680395316486,4,0.032145154145588835,0.016072577072794417,1.0,0.4,1.0250257606302957,0.9517497774219497,0.9517497774219497
73,0.5,3,1,0.9617732694655772,1,,,5.0,0.9,1.0316514764805373,0.9322656840919294,0.9322656840919294
73,0.9,1,1,1.078969842518711,5,0.09279110649630516,0.041497444366632136,5.0,0.9,1.0316514764805373,1.0458666198003221,1.0458666198003221
73,0.9,2,0,1.0650473044521336,3,0.08584840575473462,0.04956460017199626,1.0,0.4,1.0250257606302957,1.0390444273295418,1.0390444273295418
73,0.9,2,1,1.032308297307357,2,0.09808881451013766,0.06935926589866775,5.0,0.9,1.0316514764805373,1.000636669303339,1.000636669303339
73,0.9,3,0,1.1084202977308917,5,0.11255431054013315,0.05033581790567176,1.0,0.4,1.0250257606302957,1.0813584792730635,1.0813584792730635
74,0.1,1,1,0.9057115544231256,5,0.08433035801169515,0.037713682616208874,5.0,0.9,0.902744160986061,1.0032870812853814,1.0032870812853814
74,0.1,2,0,0.843111221543781,2,0.002523415401451858,0.001784324142117183,1.0,0.4,0.9343756352283955,0.9023257775099133,0.9023257775099133
74,0.1,2,1,0.8905569531505987,3,0.025761976682519495,0.014873684172509493,5.0,0.9,0.902744160986061,0.9864998209214111,0.9864998209214111
74,0.1,3,0,0.8646565976056346,2,0.0058723746334246206,0.004152395924962415,1.0,0.4,0.9343756352283955,0.9253843582878539,0.9253843582878539
74,0.1,3,1,0.8996462346177078,3,0.0521548423103053,0.03011161224739725,5.0,0.9,0.902744160986061,0.9965683230064103,0.9965683230064103
74,0.5,1,0,0.9530424815633927,2,0.005451902365513308,0.003855077133021439,1.0,0.4,0.9343756352283955,1.0199778821613155,1.0199778821613155
74,0.5,1,1,0.9179079613269883,3,0.08174096016457838,0.04719316535483781,5.0,0.9,0.902744160986061,1.0167974504807253,1.0167974504807253
74,0.5,2,0,0.9855753054349987,5,0.028254827935463286,0.012635943191251189,1.0,0.4,0.9343756352283955,1.0547955964135218,1.0547955964135218
74,0.5,3,0,0.9135931826527752,5,0.041828020922168176,0.018706059629250295,1.0,0.4,0.9343756352283955,0.9777579254080825,0.9777579254080825
74,0.9,1,0,0.9848207942975287,3,0.020381125250444842,0.011767048149731809,1.0,0.4,0.9343756352283955,1.0539880934040007,1.0539880934040007
74,0.9,1,1,0.9730190353533434,2,0.04457326572550782,0.031518058454136494,5.0,0.9,0.902744160986061,1.077845836510891,1.077845836510891
74,0.9,2,0,0.9536425207896014,3,0.05089506944129941,0.029384282042358913,1.0,0.4,0.9343756352283955,1.0206200641741867,1.0206200641741867
74,0.9,2,1,0.8855431670780743,2,0.053915637039627026,0.038124112562712864,5.0,0.9,0.902744160986061,0.9809458818440895,0.9809458818440895
74,0.9,3,0,0.9765629779394516,3,0.06025930521156195,0.034790726085075115,1.0,0.4,0.9343756352283955,1.0451503026411257,1.0451503026411257
74,0.9,3,1,0.8468242209525888,2,0.04586118863055857,0.03242875747394336,5.0,0.9,0.902744160986061,0.938055605951091,0.938055605951091
75,0.1,1,0,0.6819018883880706,2,0.02644606447271596,0.01870019152435409,1.0,0.4,0.7810592353407011,0.87304759681975,0.87304759681975
75,0.1,1,1,0.9883593640217043,3,0.06875335382825569,0.039694767340433014,5.0,0.9,0.9793048039249608,1.0092459059329166,1.0092459059329166
75,0.1,2,0,0.7211495233908068,3,0.09087564953857763,0.052467080723879886,1.0,0.4,0.7810592353407011,0.9232968394211978,0.9232968394211978
75,0.1,2,1,0.8501075302097909,2,0.04761246782449545,0.033667098867727036,5.0,0.9,0.9793048039249608,0.868072459976343,0.868072459976343
75,0.1,3,0,0.799469462078723,5,0.05406741866156758,0.024179684699041158,1.0,0.4,0.7810592353407011,1.0235708457246413,1.0235708457246413
75,0.5,1,0,0.7790192361324394,3,0.09325754975121074,0.05384227145282644,1.0,0.4,0.7810592353407011,0.9973881632583579,0.9973881632583579
75,0.5,1,1,0.9805112232272497,2,0.056020262300498745,0.03961230735653176,5.0,0.9,0.9793048039249608,1.0012319140041523,1.0012319140041523
75,0.5,2,0,0.8041925897524163,5,0.06247379880541614,0.02793913218831113,1.0,0.4,0.7810592353407011,1.029617925715486,1.029617925715486
75,0.5,3,0,0.7465396067406557,5,0.039395859344031295,0.01761836390505485,1.0,0.4,0.7810592353407011,0.9558040836877272,0.9558040836877272
75,0.9,1,0,0.7643997792243955,4,0.07137259657148437,0.035686298285742185,1.0,0.4,0.7810592353407011,0.9786706880060912,0.9786706880060912
75,0.9,1,1,1.0982410982410982,1,,,5.0,0.9,0.9793048039249608,1.121449720086588,1.121449720086588
75,0.9,2,0,0.9150096491316033,5,0.07682976122009795,0.03435931375664324,1.0,0.4,0.7810592353407011,1.171498405921124,1.171498405921124
75,0.9,3,0,0.8178513832272,5,0.07253276840826771,0.03243764015142716,1.0,0.4,0.7810592353407011,1.0471054514456257,1.0471054514456257
76,0.1,1,1,0.9567879524002961,5,0.06610194815804361,0.029561689905310506,5.0,0.9,0.96222728655146,0.9943471420659271,0.9943471420659271
76,0.1,2,1,0.9411212756106359,5,0.06479563375735821,0.028977488345326614,5.0,0.9,0.96222728655146,0.9780654620422725,0.9780654620422725
76,0.1,3,0,0.9505442412830549,2,0.1387327550608045,0.09809887187618718,1.0,0.4,0.916498303150582,1.0371478463358148,1.0371478463358148
76,0.1,3,1,0.9090438747743632,3,0.026748492286897817,0.015443249222257083,5.0,0.9,0.96222728655146,0.9447288467907603,0.9447288467907603
76,0.5,1,0,0.9407582814517436,2,0.04352768388692566,0.030778720445789554,1.0,0.4,0.916498303150582,1.0264702926538596,1.0264702926538596
76,0.5,1,1,1.0089304562360233,3,0.06193181693880927,0.03575635118102416,5.0,0.9,0.96222728655146,1.048536525971887,1.048536525971887
76,0.5,2,0,0.8746636341676686,3,0.04498184208011947,0.025970278633602212,1.0,0.4,0.916498303150582,0.9543537954853802,0.9543537954853802
76,0.5,2,1,0.8519783628418984,2,0.011656690173391247,0.008242524667795542,5.0,0.9,0.96222728655146,0.8854231996426912,0.8854231996426912
76,0.5,3,0,0.8977918161999116,5,0.06496655122087008,0.02905392495871749,1.0,0.4,0.916498303150582,0.9795891744847051,0.9795891744847051
76,0.9,1,0,0.9035951472204098,3,0.017658796168713232,0.010195310721571317,1.0,0.4,0.916498303150582,0.985921244059246,0.985921244059246
76,0.9,1,1,1.014469848253275,2,0.009362158199471369,0.006620045549387442,5.0,0.9,0.96222728655146,1.054293369593631,1.054293369593631
76,0.9,2,0,0.9068185100916485,3,0.015130339217721969,0.008735505420282131,1.0,0.4,0.916498303150582,0.9894382858913563,0.9894382858913563
76,0.9,2,1,1.0524387428064557,2,0.030803030360993217,0.02178103164935341,5.0,0.9,0.96222728655146,1.093752752094888,1.093752752094888
76,0.9,3,0,0.9413164916396375,4,0.07365641065407312,0.03682820532703656,1.0,0.4,0.916498303150582,1.0270793610896385,1.0270793610896385
76,0.9,3,1,0.9630477794887318,1,,,5.0,0.9,0.96222728655146,1.0008527017979425,1.0008527017979425
77,0.1,1,0,0.9765536307503406,2,0.005481598235772592,0.003876075284255015,1.0,0.4,1.0288467888909232,0.9491730365441937,0.9491730365441937
77,0.1,1,1,1.0090875897259795,3,0.04955235202540913,0.02860906378084906,5.0,0.9,0.9995343986285529,1.009557641148253,1.009557641148253
77,0.1,2,1,0.9943048616671991,5,0.10496393336740216,0.046941298039053926,5.0,0.9,0.9995343986285529,0.9947680270248537,0.9947680270248537
77,0.1,3,0,0.8973777152431156,1,,,1.0,0.4,1.0288467888909232,0.8722170540187731,0.8722170540187731
77,0.1,3,1,0.9504708587538085,4,0.052437853555861946,0.026218926777930973,5.0,0.9,0.9995343986285529,0.9509136054326257,0.9509136054326257
77,0.5,1,0,0.9955309712412739,1,,,1.0,0.4,1.0288467888909232,0.9676182906829469,0.9676182906829469
77,0.5,1,1,0.9566906572172831,4,0.09115129730537111,0.045575648652685555,5.0,0.9,0.9995343986285529,0.9571363011917798,0.9571363011917798
77,0.5,2,0,1.2857456759895785,1,,,1.0,0.4,1.0288467888909232,1.2496959604409004,1.2496959604409004
77,0.5,2,1,1.0176940294665766,4,0.0683218702418209,0.03416093512091045,5.0,0.9,0.9995343986285529,1.0181680899256096,1.0181680899256096
77,0.5,3,0,1.0221659799176928,1,,,1.0,0.4,1.0288467888909232,0.99350650743593,0.99350650743593
77,0.5,3,1,0.9659968451787988,4,0.01665917776061063,0.008329588880305315,5.0,0.9,0.9995343986285529,0.9664468241455517,0.9664468241455517
77,0.9,1,0,0.988763766877325,2,0.01560564537194074,0.011034857667291759,1.0,0.4,1.0288467888909232,0.9610408250806645,0.9610408250806645
77,0.9,1,1,1.052985115720434,3,0.05193517770843582,0.029984788830376474,5.0,0.9,0.9995343986285529,1.0534756154117557,1.0534756154117557
77,0.9,2,0,1.0934945749094085,3,0.011560221187987033,0.00667429681477593,1.0,0.4,1.0288467888909232,1.0628351924859234,1.0628351924859234
77,0.9,2,1,1.0490452312983436,2,0.1082676710907177,0.07655680441152121,5.0,0.9,0.9995343986285529,1.0495338957195708,1.0495338957195708
77,0.9,3,0,0.9711419961986506,5,0.009860601498855679,0.0044097950500955226,1.0,0.4,1.0288467888909232,0.943913133310668,0.943913133310668
78,0.1,1,0,0.7074785282166652,1,,,1.0,0.4,0.7451899357812484,0.9493935629645254,0.9493935629645254
78,0.1,1,1,0.9296845085828422,4,0.0795433546325554,0.0397716773162777,5.0,0.9,0.9685281664262966,0.9598941371144829,0.9598941371144829
78,0.1,2,1,0.9613656945690325,5,0.05870720868147918,0.026254661876210648,5.0,0.9,0.9685281664262966,0.9926047872374303,0.9926047872374303
78,0.1,3,1,0.9487694501135706,5,0.04592056366196207,0.020536300382650773,5.0,0.9,0.9685281664262966,0.9795992341806308,0.9795992341806308
78,0.5,1,1,0.9978638008389646,5,0.03704056180395838,0.016565042823686635,5.0,0.9,0.9685281664262966,1.030288881035759,1.030288881035759
78,0.5,2,1,0.9548182889809486,5,0.03173070558517518,0.014190402932496788,5.0,0.9,0.9685281664262966,0.9858446270117934,0.9858446270117934
78,0.5,3,0,0.7680694339563734,1,,,1.0,0.4,0.7451899357812484,1.0307029081802326,1.0307029081802326
78,0.5,3,1,0.9928805376174605,4,0.006095456540834894,0.003047728270417447,5.0,0.9,0.9685281664262966,1.025143689192871,1.025143689192871
78,0.9,1,1,0.9872351492252458,5,0.034661144691355,0.015500935141565149,5.0,0.9,0.9685281664262966,1.0193148567562829,1.0193148567562829
78,0.9,2,0,0.7448752599484727,2,0.039433975279584754,0.027884031329337058,1.0,0.4,0.7451899357812484,0.9995777239899976,0.9995777239899976
78,0.9,2,1,0.9756079014823076,3,0.012512858382979998,0.007224302155745168,5.0,0.9,0.9685281664262966,1.0073097874707495,1.0073097874707495
78,0.9,3,0,0.7603365210034821,5,0.14438444447638815,0.06457068654854958,1.0,0.4,0.7451899357812484,1.0203258048652446,1.0203258048652446
79,0.1,1,1,0.9356600165773383,5,0.1312187267222298,0.0586827985743748,5.0,0.9,0.9492556065822174,0.9856776300180835,0.9856776300180835
79,0.1,2,0,0.7378614429602536,3,0.0016426133820342873,0.0009483632782919774,1.0,0.4,0.8770899687955642,0.8412608389233983,0.8412608389233983
79,0.1,2,1,0.9678724065619795,2,0.09967780935412454,0.07048285492812134,5.0,0.9,0.9492556065822174,1.0196119989712693,1.0196119989712693
79,0.1,3,0,0.8405939660739699,3,0.05581706709845708,0.0322259987146696,1.0,0.4,0.8770899687955642,0.9583896703644766,0.9583896703644766
79,0.1,3,1,0.9411749878428125,2,0.15962502456579042,0.11287193731753963,5.0,0.9,0.9492556065822174,0.9914874153143018,0.9914874153143018
79,0.5,1,0,0.9448369770002237,3,0.17453899951252233,0.10077013835264273,1.0,0.4,0.8770899687955642,1.0772406601545004,1.0772406601545004
79,0.5,1,1,0.949018873788555,2,0.1551641299499543,0.10971760848452335,5.0,0.9,0.9492556065822174,0.9997506121722949,0.9997506121722949
79,0.5,2,0,0.9060242286920306,4,0.1075691547843798,0.0537845773921899,1.0,0.4,0.8770899687955642,1.0329889303559125,1.0329889303559125
79,0.5,2,1,0.8252615460557797,1,,,5.0,0.9,0.9492556065822174,0.8693775842179361,0.8693775842179361
79,0.5,3,0,0.9988715922910332,4,0.10928916736784292,0.05464458368392146,1.0,0.4,0.8770899687955642,1.1388473564037014,1.1388473564037014
79,0.5,3,1,1.056800443773624,1,,,5.0,0.9,0.9492556065822174,1.11329386568347,1.11329386568347
79,0.9,1,0,0.8440964933227593,4,0.14524863992495932,0.07262431996247966,1.0,0.4,0.8770899687955642,0.9623830203894451,0.9623830203894451
79,0.9,1,1,1.0507615840949174,1,,,5.0,0.9,0.9492556065822174,1.106932186450993,1.106932186450993
79,0.9,2,0,0.8186847610640533,4,0.1460639913199308,0.0730319956599654,1.0,0.4,0.8770899687955642,0.9334102431798257,0.9334102431798257
79,0.9,2,1,0.9101096102344542,1,,,5.0,0.9,0.9492556065822174,0.9587613746220496,0.9587613746220496
79,0.9,3,0,0.9257502889601906,4,0.15724960954525938,0.07862480477262969,1.0,0.4,0.8770899687955642,1.0554792802287405,1.0554792802287405
79,0.9,3,1,0.9066409903104958,1,,,5.0,0.9,0.9492556065822174,0.9551073325496017,0.9551073325496017
80,0.1,1,1,0.9098582876234967,5,0.04470224647388655,0.019991452372512118,5.0,0.9,0.9186160086561065,0.9904663962416441,0.9904663962416441
80,0.1,2,0,0.881665148138978,2,0.023449201901862362,0.016581089678219363,1.0,0.4,0.9370155195658001,0.9409290771913035,0.9409290771913035
80,0.1,2,1,0.9094956428860085,3,0.012692378960599637,0.007327948409558943,5.0,0.9,0.9186160086561065,0.9900716233070653,0.9900716233070653
80,0.1,3,0,0.9416824716051652,5,0.02862912863487541,0.012803335552833434,1.0,0.4,0.9370155195658001,1.0049806560744348,1.0049806560744348
80,0.5,1,0,0.9285292987946269,4,0.050577396095452753,0.025288698047726377,1.0,0.4,0.9370155195658001,0.9909433508901693,0.9909433508901693
80,0.5,1,1,0.9364940954588141,1,,,5.0,0.9,0.9186160086561065,1.0194619804512906,1.0194619804512906
80,0.5,2,0,0.9218864340264489,5,0.0513312968440182,0.02295605382328902,1.0,0.4,0.9370155195658001,0.9838539648240172,0.9838539648240172
80,0.5,3,0,0.9272237225090993,5,0.03434532127612039,0.015359694616495003,1.0,0.4,0.9370155195658001,0.9895500161392864,0.9895500161392864
80,0.9,1,0,0.9587774783288943,5,0.029657883137864497,0.013263408553001956,1.0,0.4,0.9370155195658001,1.02322475808424,1.02322475808424
80,0.9,2,0,0.960619606294296,5,0.036223013618818675,0.01619942416031584,1.0,0.4,0.9370155195658001,1.0251907105438698,1.0251907105438698
80,0.9,3,0,0.9757399968288926,5,0.02517514787171652,0.01125866839695346,1.0,0.4,0.9370155195658001,1.0413274662526795,1.0413274662526795
81,0.1,1,1,0.9656185339714807,5,0.09035068782511266,0.040406055958162906,5.0,0.9,0.9602553990909037,1.0055851129664612,1.0055851129664612
81,0.1,2,0,0.9898023295152483,1,,,1.0,0.4,0.9900121653074001,0.9997880472589075,0.9997880472589075
81,0.1,2,1,0.9927983240818556,4,0.033224831895250155,0.016612415947625078,5.0,0.9,0.9602553990909037,1.033889864115069,1.033889864115069
81,0.1,3,0,0.9169582616084172,5,0.08239287161760908,0.03684721235967739,1.0,0.4,0.9900121653074001,0.926209084838569,0.926209084838569
81,0.5,1,0,0.9861679684821834,1,,,1.0,0.4,0.9900121653074001,0.9961170206186071,0.9961170206186071
81,0.5,1,1,0.965856489057032,4,0.06736276936317356,0.03368138468158678,5.0,0.9,0.9602553990909037,1.0058329169213014,1.0058329169213014
81,0.5,2,0,1.0262431952648141,4,0.17780385559618064,0.08890192779809032,1.0,0.4,0.9900121653074001,1.036596550251647,1.036596550251647
81,0.5,2,1,0.8831107230253442,1,,,5.0,0.9,0.9602553990909037,0.9196623355217849,0.9196623355217849
81,0.5,3,0,1.0140585387146257,5,0.20561099603320607,0.09195203281033767,1.0,0.4,0.9900121653074001,1.024288967600473,1.024288967600473
81,0.9,1,0,0.9049490544794025,2,0.12223674163019717,0.08643442891686037,1.0,0.4,0.9900121653074001,0.9140787216472382,0.9140787216472382
81,0.9,1,1,0.9938929253188057,3,0.09390056979857844,0.05421351925026851,5.0,0.9,0.9602553990909037,1.0350297704753832,1.0350297704753832
81,0.9,2,0,1.0331627712731803,5,0.05082782156028043,0.022730892831403293,1.0,0.4,0.9900121653074001,1.0435859350802845,1.0435859350802845
81,0.9,3,0,1.0487552031213294,5,0.04801296044754157,0.02147204867234233,1.0,0.4,0.9900121653074001,1.0593356727042738,1.0593356727042738
82,0.1,1,0,0.943945798045053,4,0.07645054841055791,0.03822527420527896,1.0,0.4,0.9732122765484189,0.9699279600056403,0.9699279600056403
82,0.1,1,1,0.3179065927257738,1,,,5.0,0.9,0.841660726681753,0.37771346891653174,0.37771346891653174
82,0.1,2,0,0.9091448190777159,4,0.17152367758164547,0.08576183879082273,1.0,0.4,0.9732122765484189,0.934169082106194,0.934169082106194
82,0.1,2,1,0.9443243318178448,1,,,5.0,0.9,0.841660726681753,1.1219774214021403,1.1219774214021403
82,0.1,3,0,0.9021086501077612,5,0.04396632232420447,0.019662337087517547,1.0,0.4,0.9732122765484189,0.926939242183799,0.926939242183799
82,0.5,1,0,1.0996634627852526,3,0.05187501045256016,0.029950051249000263,1.0,0.4,0.9732122765484189,1.1299317623543588,1.1299317623543588
82,0.5,1,1,0.8915463352208526,1,,,5.0,0.9,0.841660726681753,1.0592704482431698,1.0592704482431698
82,0.5,2,0,1.0084727803778786,5,0.12990215465103272,0.05809400964467992,1.0,0.4,0.9732122765484189,1.036231051209623,1.036231051209623
82,0.5,3,0,1.052752970241409,5,0.10049464953241577,0.04494257354589982,1.0,0.4,0.9732122765484189,1.081730055826143,1.081730055826143
82,0.9,1,0,1.0007986627967833,4,0.14564954207540168,0.07282477103770084,1.0,0.4,0.9732122765484189,1.0283457031041592,1.0283457031041592
82,0.9,1,1,0.956584693710736,1,,,5.0,0.9,0.841660726681753,1.1365442908118937,1.1365442908118937
82,0.9,2,0,1.0094905891959272,4,0.06134504406960887,0.030672522034804434,1.0,0.4,0.9732122765484189,1.0372768752734731,1.0372768752734731
82,0.9,2,1,0.8903952035619538,1,,,5.0,0.9,0.841660726681753,1.0579027574119284,1.0579027574119284
82,0.9,3,0,0.8325327563079894,4,0.43527133306077,0.217635666530385,1.0,0.4,0.9732122765484189,0.8554482679366093,0.8554482679366093
82,0.9,3,1,1.0492072030533568,1,,,5.0,0.9,0.841660726681753,1.246591613214336,1.246591613214336
83,0.1,1,0,0.7155549384798161,2,0.15412658134260349,0.10898395082845494,1.0,0.4,0.7241105983837932,0.9881845951114744,0.9881845951114744
83,0.1,1,1,0.6841633153924205,3,0.17606090118383982,0.10164880869225804,5.0,0.9,0.7274075246994985,0.940550231007106,0.940550231007106
83,0.1,2,0,0.7239057939018685,4,0.09967917073058175,0.04983958536529087,1.0,0.4,0.7241105983837932,0.9997171640873896,0.9997171640873896
83,0.1,2,1,0.72356839535836,1,,,5.0,0.9,0.7274075246994985,0.9947221753820535,0.9947221753820535
83,0.1,3,0,0.6703318613623699,4,0.12898623357652508,0.06449311678826254,1.0,0.4,0.7241105983837932,0.925731321787781,0.925731321787781
83,0.1,3,1,0.7469878455400658,1,,,5.0,0.9,0.7274075246994985,1.026917952008616,1.026917952008616
83,0.5,1,0,0.6516117017685943,4,0.15580865469434216,0.07790432734717108,1.0,0.4,0.7241105983837932,0.8998786970153239,0.8998786970153239
83,0.5,1,1,0.8908027228637916,1,,,5.0,0.9,0.7274075246994985,1.2246267637000232,1.2246267637000232
83,0.5,2,0,0.7394446681484853,3,0.0237963008494395,0.013738800701141217,1.0,0.4,0.7241105983837932,1.0211764194570796,1.0211764194570796
83,0.5,2,1,0.7431243985070408,2,0.16154327394457652,0.11422834446128616,5.0,0.9,0.7274075246994985,1.0216066967605746,1.0216066967605746
83,0.5,3,0,0.7687767087876411,5,0.1324527323082092,0.05923466264934767,1.0,0.4,0.7241105983837932,1.0616840997819148,1.0616840997819148
83,0.9,1,0,0.6348388808127885,4,0.3287085882525688,0.1643542941262844,1.0,0.4,0.7241105983837932,0.8767153556787345,0.8767153556787345
83,0.9,1,1,0.5757984705353126,1,,,5.0,0.9,0.7274075246994985,0.7915761811416268,0.7915761811416268
83,0.9,2,0,0.8379212565460433,5,0.12302859699900547,0.055020061213240566,1.0,0.4,0.7241105983837932,1.1571730318770008,1.1571730318770008
83,0.9,3,0,0.7746095756465318,5,0.12299444715739354,0.05500478893978754,1.0,0.4,0.7241105983837932,1.0697393152033015,1.0697393152033015
84,0.1,1,0,0.9719442626643244,1,,,1.0,0.4,0.8697526953784944,1.117494970500044,1.117494970500044
84,0.1,1,1,1.0255013886771598,4,0.04642683399387492,0.02321341699693746,5.0,0.9,0.9972263424895923,1.0283536896117067,1.0283536896117067
84,0.1,2,1,0.9678481266981876,5,0.07600220393686631,0.03398921888852704,5.0,0.9,0.9972263424895923,0.9705400724593161,0.9705400724593161
84,0.1,3,0,0.665045922707137,1,,,1.0,0.4,0.8697526953784944,0.7646379554106766,0.7646379554106766
84,0.1,3,1,0.9701973687422655,4,0.043791967881527526,0.021895983940763763,5.0,0.9,0.9972263424895923,0.9728958486196339,0.9728958486196339
84,0.5,1,0,0.9974894710423894,2,0.019560125428881366,0.01383109733162144,1.0,0.4,0.8697526953784944,1.1468656278303422,1.1468656278303422
84,0.5,1,1,0.8524685635024482,3,0.2088044114550548,0.12055328316155726,5.0,0.9,0.9972263424895923,0.8548395957674424,0.8548395957674424
84,0.5,2,0,0.5791978053833156,1,,,1.0,0.4,0.8697526953784944,0.6659339010513365,0.6659339010513365
84,0.5,2,1,1.0364818423059845,4,0.022202611928276925,0.011101305964138462,5.0,0.9,0.9972263424895923,1.0393646839677242,1.0393646839677242
84,0.5,3,0,0.9703861644160151,1,,,1.0,0.4,0.8697526953784944,1.1157035437455327,1.1157035437455327
84,0.5,3,1,1.0150360677521895,4,0.030351080881963335,0.015175540440981667,5.0,0.9,0.9972263424895923,1.017859260735266,1.017859260735266
84,0.9,1,0,0.8460689390069802,5,0.21132969765220305,0.09450951392296074,1.0,0.4,0.8697526953784944,0.9727695510489822,0.9727695510489822
84,0.9,2,0,0.9866802987240274,4,0.01790056872724531,0.008950284363622656,1.0,0.4,0.8697526953784944,1.1344377591088108,1.1344377591088108
84,0.9,2,1,1.1130510397489113,1,,,5.0,0.9,0.9972263424895923,1.1161468488389112,1.1161468488389112
84,0.9,3,0,0.9412086990837658,5,0.18349135484766663,0.08205982854458363,1.0,0.4,0.8697526953784944,1.0821566913042742,1.0821566913042742
85,0.1,1,1,0.8005889860185172,5,0.051215851825047454,0.022904425241272553,5.0,0.9,0.8370978004444178,0.9563864408596965,0.9563864408596965
85,0.1,2,1,0.8122970364562576,5,0.05337352068670146,0.023869364090791143,5.0,0.9,0.8370978004444178,0.9703729194187425,0.9703729194187425
85,0.1,3,0,0.7430958395885396,1,,,1.0,0.4,0.7637981042677835,0.9728956322834944,0.9728956322834944
85,0.1,3,1,0.8583015474979947,4,0.02976331700326928,0.01488165850163464,5.0,0.9,0.8370978004444178,1.0253300713994467,1.0253300713994467
85,0.5,1,0,0.766689440238093,1,,,1.0,0.4,0.7637981042677835,1.003785471519442,1.003785471519442
85,0.5,1,1,0.8772036318049016,4,0.07098220589888421,0.035491102949442105,5.0,0.9,0.8370978004444178,1.0479105683221142,1.0479105683221142
85,0.5,2,0,0.7479545750928395,5,0.008505810526622982,0.0038039141082524546,1.0,0.4,0.7637981042677835,0.9792569147705172,0.9792569147705172
85,0.5,3,0,0.7957754615580501,5,0.06265668656613232,0.028020922081353948,1.0,0.4,0.7637981042677835,1.0418662433326171,1.0418662433326171
85,0.9,1,0,0.749048790421923,5,0.03365888143829024,0.015052709388524573,1.0,0.4,0.7637981042677835,0.9806895123679313,0.9806895123679313
85,0.9,2,0,0.7691871910424435,5,0.03983869935779517,0.01781640797984144,1.0,0.4,0.7637981042677835,1.0070556430351791,1.0070556430351791
85,0.9,3,0,0.7748354319325963,5,0.05336613822755279,0.023866062554691633,1.0,0.4,0.7637981042677835,1.0144505826908194,1.0144505826908194
86,0.1,1,0,0.5276038848957931,1,,,1.0,0.4,0.6044166478597982,0.8729142169793067,0.8729142169793067
86,0.1,1,1,0.5311818208664152,4,0.054037674114300965,0.027018837057150483,5.0,0.9,0.510726934211831,1.0400505344135624,1.0400505344135624
86,0.1,2,0,0.6914059357215498,4,0.19996189963487404,0.09998094981743702,1.0,0.4,0.6044166478597982,1.1439227198155035,1.1439227198155035
86,0.1,3,0,0.6146180000958471,5,0.17268998006991315,0.07722930689388194,1.0,0.4,0.6044166478597982,1.0168780133243702,1.0168780133243702
86,0.5,1,0,0.5979602117041743,4,0.19281325745597166,0.09640662872798583,1.0,0.4,0.6044166478597982,0.9893179048285885,0.9893179048285885
86,0.5,1,1,0.5516889622433983,1,,,5.0,0.9,0.510726934211831,1.0802033832321396,1.0802033832321396
86,0.5,2,0,0.608195720972312,4,0.199562629750867,0.0997813148754335,1.0,0.4,0.6044166478597982,1.006252430547529,1.006252430547529
86,0.5,3,0,0.5390152315120651,4,0.06657076987796588,0.03328538493898294,1.0,0.4,0.6044166478597982,0.8917941513038804,0.8917941513038804
86,0.9,1,0,0.6653928977367877,4,0.15493973657716467,0.07746986828858234,1.0,0.4,0.6044166478597982,1.1008844645376705,1.1008844645376705
86,0.9,2,0,0.6465067823180248,5,0.15843308290279137,0.07085342865110024,1.0,0.4,0.6044166478597982,1.0696376160505592,1.0696376160505592
86,0.9,3,0,0.54905116578163,4,0.05469937129635399,0.027349685648176993,1.0,0.4,0.6044166478597982,0.908398482612592,0.908398482612592
86,0.9,3,1,0.4493100195256796,1,,,5.0,0.9,0.510726934211831,0.879746082354298,0.879746082354298
87,0.1,1,1,0.8948369785352497,5,0.05672700879582483,0.02536908956553856,5.0,0.9,0.9453641374245402,0.946552701875341,0.946552701875341
87,0.1,2,0,0.8069422874049413,3,0.07638980881828374,0.044103676684580165,1.0,0.4,0.7732551121997794,1.0435654089752187,1.0435654089752187
87,0.1,2,1,0.852940555248901,2,0.0021036625412121403,0.0014875140482192293,5.0,0.9,0.9453641374245402,0.9022349394092427,0.9022349394092427
87,0.1,3,0,0.28027976289656426,1,,,1.0,0.4,0.7732551121997794,0.3624673907414798,0.3624673907414798
87,0.1,3,1,0.9658631318035986,4,0.08510810429297896,0.04255405214648948,5.0,0.9,0.9453641374245402,1.0216837021498446,1.0216837021498446
87,0.5,1,1,0.9642221443648943,5,0.07556279541416004,0.03379270942319424,5.0,0.9,0.9453641374245402,1.0199478763725152,1.0199478763725152
87,0.5,2,0,0.8264187679379378,1,,,1.0,0.4,0.7732551121997794,1.0687530607937616,1.0687530607937616
87,0.5,2,1,0.9472503178956209,4,0.1307465868907045,0.06537329344535225,5.0,0.9,0.9453641374245402,1.0019951893629255,1.0019951893629255
87,0.5,3,0,0.912954833411507,3,0.11859890243869327,0.06847310824857372,1.0,0.4,0.7732551121997794,1.1806644650745413,1.1806644650745413
87,0.5,3,1,1.0022602351493282,2,0.06175159561104322,0.0436649720056581,5.0,0.9,0.9453641374245402,1.0601843199592809,1.0601843199592809
87,0.9,1,1,0.9973077225045307,5,0.039855885582389346,0.017824093893135273,5.0,0.9,0.9453641374245402,1.054945584482928,1.054945584482928
87,0.9,2,0,0.8312307231942752,3,0.21388224273817846,0.12348497041976822,1.0,0.4,0.7732551121997794,1.0749760461713147,1.0749760461713147
87,0.9,2,1,0.8755276231235256,2,0.22536109741748744,0.1593543601995475,5.0,0.9,0.9453641374245402,0.9261273920425303,0.9261273920425303
87,0.9,3,0,0.981704298353451,3,0.10117512181838134,0.05841348381713565,1.0,0.4,0.7732551121997794,1.269573628243684,1.269573628243684
87,0.9,3,1,1.008068528195212,2,0.012928166552453898,0.009141594237549261,5.0,0.9,0.9453641374245402,1.0663282943453913,1.0663282943453913
88,0.1,1,0,0.6949930072733448,1,,,1.0,0.4,0.6868993440108462,1.011782895606275,1.011782895606275
88,0.1,1,1,0.9514650698693496,4,0.03954715815931215,0.019773579079656076,5.0,0.9,0.8793791094311106,1.0819737012912132,1.0819737012912132
88,0.1,2,0,0.4936757655423186,2,0.04445190452179005,0.0314322431240147,1.0,0.4,0.6868993440108462,0.7187017571740809,0.7187017571740809
88,0.1,2,1,0.9440472959071361,3,0.10818006814362713,0.06245779146367519,5.0,0.9,0.8793791094311106,1.0735384611511418,1.0735384611511418
88,0.1,3,0,0.6479195155684485,4,0.16072470198023944,0.08036235099011972,1.0,0.4,0.6868993440108462,0.943252488472631,0.943252488472631
88,0.1,3,1,0.8666306981074191,1,,,5.0,0.9,0.8793791094311106,0.9855029404417638,0.9855029404417638
88,0.5,1,0,0.6495756551827029,4,0.16055956970465743,0.08027978485232871,1.0,0.4,0.6868993440108462,0.9456635252987606,0.9456635252987606
88,0.5,1,1,0.8805903567186399,1,,,5.0,0.9,0.8793791094311106,1.0013773891994238,1.0013773891994238
88,0.5,2,0,0.7897763487118307,5,0.18055572064087902,0.08074697301589347,1.0,0.4,0.6868993440108462,1.1497701309485602,1.1497701309485602
88,0.5,3,0,0.685156382318481,4,0.2385446132626725,0.11927230663133626,1.0,0.4,0.6868993440108462,0.9974625660840089,0.9974625660840089
88,0.5,3,1,0.9799980859412384,1,,,5.0,0.9,0.8793791094311106,1.1144204762553664,1.1144204762553664
88,0.9,1,0,0.7196895415013921,4,0.1342615168660492,0.0671307584330246,1.0,0.4,0.6868993440108462,1.0477365392418079,1.0477365392418079
88,0.9,1,1,0.6535431500428809,1,,,5.0,0.9,0.8793791094311106,0.743187031661091,0.743187031661091
88,0.9,2,0,0.8073634644915216,5,0.14304912971374165,0.06397351563242226,1.0,0.4,0.6868993440108462,1.1753737596796618,1.1753737596796618
88,0.9,3,0,0.6939444155075755,5,0.18606926197780332,0.08321270366111704,1.0,0.4,0.6868993440108462,1.0102563374942137,1.0102563374942137
89,0.1,1,1,0.9777076361028231,5,0.11103985539912636,0.04965853297683872,5.0,0.9,0.930715936547588,1.050489840895544,1.050489840895544
89,0.1,2,0,0.8795550688226073,1,,,1.0,0.4,0.8964329864328163,0.9811721368293558,0.9811721368293558
89,0.1,2,1,0.9401117069783952,4,0.08680093000178445,0.04340046500089222,5.0,0.9,0.930715936547588,1.0100952074224279,1.0100952074224279
89,0.1,3,0,0.915494036527579,2,0.05669073611203944,0.04008640393528018,1.0,0.4,0.8964329864328163,1.021263218091307,1.021263218091307
89,0.1,3,1,0.8906832889042228,3,0.1176627094767936,0.06793259699000752,5.0,0.9,0.930715936547588,0.9569872545732235,0.9569872545732235
89,0.5,1,1,0.9926718544056946,5,0.0746139397227278,0.033368368257818234,5.0,0.9,0.930715936547588,1.0665680208377293,1.0665680208377293
89,0.5,2,0,0.8755403693813548,1,,,1.0,0.4,0.8964329864328163,0.9766936097090764,0.9766936097090764
89,0.5,2,1,0.9382902382570193,4,0.08073723067507807,0.040368615337539035,5.0,0.9,0.930715936547588,1.008138145498537,1.008138145498537
89,0.5,3,0,0.9350797697371919,3,0.10379735857101005,0.059927432912144765,1.0,0.4,0.8964329864328163,1.0431117371730854,1.0431117371730854
89,0.5,3,1,0.881967546221074,2,0.10141411819555171,0.07171061068412865,5.0,0.9,0.930715936547588,0.947622697310479,0.947622697310479
89,0.9,1,0,0.8110569878420656,1,,,1.0,0.4,0.8964329864328163,0.9047603112749251,0.9047603112749251
89,0.9,1,1,1.0251605361763443,4,0.04584575443545866,0.02292287721772933,5.0,0.9,0.930715936547588,1.1014752148535143,1.1014752148535143
89,0.9,2,0,0.9416577670073618,3,0.09561476530045178,0.055203210484718726,1.0,0.4,0.8964329864328163,1.0504497059557223,1.0504497059557223
89,0.9,2,1,0.8468774343157447,2,0.04773751506663956,0.03375552062061581,5.0,0.9,0.930715936547588,0.909920418314921,0.909920418314921
89,0.9,3,0,0.9166469057115536,2,0.05776132185478373,0.0408434223738163,1.0,0.4,0.8964329864328163,1.022549280966528,1.022549280966528
89,0.9,3,1,0.8829731875669736,2,0.10493223639545948,0.07419829592029924,5.0,0.9,0.930715936547588,0.9487032002936233,0.9487032002936233
90,0.1,1,1,0.7861759535120845,5,0.16233839485241233,0.07259993724963917,5.0,0.9,0.829913618381736,0.9472985333643079,0.9472985333643079
90,0.1,2,0,0.5154408483938596,2,0.03475053015405988,0.024572335521763338,1.0,0.4,0.5417801610575507,0.9513837630889309,0.9513837630889309
90,0.1,2,1,0.8408022086786282,3,0.05160634490821223,0.029794937124649007,5.0,0.9,0.829913618381736,1.0131201489597483,1.0131201489597483
90,0.1,3,0,0.5079609098775317,3,0.03163701796887893,0.018265640840689278,1.0,0.4,0.5417801610575507,0.9375775386200853,0.9375775386200853
90,0.1,3,1,0.900571437156803,2,0.0007770593900628654,0.0005494639640981347,5.0,0.9,0.829913618381736,1.0851387628905813,1.0851387628905813
90,0.5,1,0,0.5832177658040238,4,0.15186128213401995,0.07593064106700997,1.0,0.4,0.5417801610575507,1.0764841677952683,1.0764841677952683
90,0.5,1,1,0.8104151003126113,1,,,5.0,0.9,0.829913618381736,0.9765053643689505,0.9765053643689505
90,0.5,2,0,0.5236108565721598,4,0.01985592752994242,0.00992796376497121,1.0,0.4,0.5417801610575507,0.9664636954407401,0.9664636954407401
90,0.5,2,1,0.8116033922485535,1,,,5.0,0.9,0.829913618381736,0.9779371904164122,0.9779371904164122
90,0.5,3,0,0.5198380038872635,5,0.018307395994578653,0.008187316386977048,1.0,0.4,0.5417801610575507,0.9594998880589201,0.9594998880589201
90,0.9,1,0,0.49481347286792854,5,0.018493122566628144,0.008270375835043182,1.0,0.4,0.5417801610575507,0.9133104318586648,0.9133104318586648
90,0.9,2,0,0.5828256173941374,5,0.1339437102098812,0.05990144823756539,1.0,0.4,0.5417801610575507,1.0757603531596032,1.0757603531596032
90,0.9,3,0,0.6065338136635009,5,0.16754148988437503,0.07492683208661119,1.0,0.4,0.5417801610575507,1.1195201619777875,1.1195201619777875
91,0.1,1,1,0.9498536964239209,5,0.07048652321358999,0.031522531480640825,5.0,0.9,0.9384371703434531,1.0121654666303228,1.0121654666303228
91,0.1,2,0,0.7597968461030368,3,0.040278711461312296,0.02325492490479992,1.0,0.4,0.857614436342486,0.8859422298712495,0.8859422298712495
91,0.1,2,1,0.9303274704606325,2,0.05711143922759579,0.04038388596115638,5.0,0.9,0.9384371703434531,0.9913582921274819,0.9913582921274819
91,0.1,3,0,0.8267272242833822,3,0.051666609600911906,0.029829730961201794,1.0,0.4,0.857614436342486,0.9639847339897517,0.9639847339897517
91,0.1,3,1,0.9465652839327201,2,0.02946387433516695,0.02083410534242483,5.0,0.9,0.9384371703434531,1.0086613295446218,1.0086613295446218
91,0.5,1,0,0.7993208894786656,1,,,1.0,0.4,0.857614436342486,0.9320282583949636,0.9320282583949636
91,0.5,1,1,0.9563346510009586,3,0.07795169842894038,0.04500543407173726,5.0,0.9,0.9384371703434531,1.0190715811597226,1.0190715811597226
91,0.5,2,0,0.9120767246943334,2,0.12623848277813285,0.08926408721911892,1.0,0.4,0.857614436342486,1.063504397831869,1.063504397831869
91,0.5,2,1,0.9656354833566289,3,0.00726148930252231,0.004192422803528844,5.0,0.9,0.9384371703434531,1.0289825615104542,1.0289825615104542
91,0.5,3,0,0.8734601142188018,2,0.15786706313700824,0.11162887087018336,1.0,0.4,0.857614436342486,1.018476458889724,1.018476458889724
91,0.5,3,1,0.8819064368858577,3,0.0250856333580697,0.014483197172073798,5.0,0.9,0.9384371703434531,0.9397607690273968,0.9397607690273968
91,0.9,1,0,0.8841240264210952,5,0.09757312598722051,0.043636028496915266,1.0,0.4,0.857614436342486,1.0309108486928766,1.0309108486928766
91,0.9,2,0,0.9312859925011642,5,0.10284694429148993,0.04599455174278108,1.0,0.4,0.857614436342486,1.0859028871678853,1.0859028871678853
91,0.9,3,0,0.8741236730394093,5,0.10264728802980413,0.0459052627481285,1.0,0.4,0.857614436342486,1.0192501851616806,1.0192501851616806
92,0.1,1,1,0.8762346186021922,5,0.05155406345222811,0.023055678079103907,5.0,0.9,0.8712333828421828,1.0057404087796706,1.0057404087796706
92,0.1,2,1,0.9024186759381603,5,0.03354203706698191,0.015000454997117843,5.0,0.9,0.8712333828421828,1.0357944193945408,1.0357944193945408
92,0.1,3,1,0.880618819118026,5,0.025741248767150515,0.011511836413816241,5.0,0.9,0.8712333828421828,1.0107725856936582,1.0107725856936582
92,0.5,1,0,0.8884975421043749,4,0.039788194536574784,0.019894097268287392,1.0,0.4,0.9066881082369188,0.979937350046516,0.979937350046516
92,0.5,1,1,0.834124496826945,1,,,5.0,0.9,0.8712333828421828,0.9574064920536226,0.9574064920536226
92,0.5,2,0,0.9331883335352079,3,0.045360639889354196,0.026188977650732324,1.0,0.4,0.9066881082369188,1.029227498472236,1.029227498472236
92,0.5,2,1,0.8627703037255905,2,0.00360501991310404,0.002549134026868405,5.0,0.9,0.8712333828421828,0.9902860940785079,0.9902860940785079
92,0.5,3,0,0.9113692028494074,5,0.058966283313032934,0.02637052357369063,1.0,0.4,0.9066881082369188,1.0051628499039114,1.0051628499039114
92,0.9,1,0,0.9220473002331915,5,0.05290646898723894,0.023660492220990145,1.0,0.4,0.9066881082369188,1.0169398846822189,1.0169398846822189
92,0.9,2,0,0.9208822314690173,5,0.028645357737581888,0.012810593428206537,1.0,0.4,0.9066881082369188,1.0156549127568237,1.0156549127568237
92,0.9,3,0,0.864144039230314,5,0.18905478587751845,0.08454787053875969,1.0,0.4,0.9066881082369188,0.9530775041382941,0.9530775041382941
93,0.1,1,0,0.9463228662429097,4,0.0028788020409205397,0.0014394010204602699,1.0,0.4,0.9210055483079616,1.0274887789562834,1.0274887789562834
93,0.1,1,1,0.943887544648001,1,,,5.0,0.9,0.943887544648001,1.0,1.0
93,0.1,2,0,0.9025487013150796,5,0.055502825151441004,0.02482161799638143,1.0,0.4,0.9210055483079616,0.9799601131320107,0.9799601131320107
93,0.1,3,0,0.8965406268834846,5,0.0848555952967227,0.037948575870936675,1.0,0.4,0.9210055483079616,0.9734367274231702,0.9734367274231702
93,0.5,1,0,0.9212501576949935,4,0.0521398357271327,0.02606991786356635,1.0,0.4,0.9210055483079616,1.0002655894825838,1.0002655894825838
93,0.5,2,0,0.9040954612585926,5,0.056620848418602474,0.025321613201541318,1.0,0.4,0.9210055483079616,0.9816395383497575,0.9816395383497575
93,0.5,3,0,0.9354900029895044,5,0.05594025796208597,0.025017243896419614,1.0,0.4,0.9210055483079616,1.0157267833056522,1.0157267833056522
93,0.9,1,0,0.9055362405793044,5,0.05537165719001316,0.024762957900736883,1.0,0.4,0.9210055483079616,0.9832038930090303,0.9832038930090303
93,0.9,2,0,0.9320273893219465,5,0.08875275494975958,0.039691438651608665,1.0,0.4,0.9210055483079616,1.0119671819938911,1.0119671819938911
93,0.9,3,0,0.9452384884858394,4,0.0018201092739916094,0.0009100546369958047,1.0,0.4,0.9210055483079616,1.0263113943476212,1.0263113943476212
94,0.1,1,1,1.0087878295672337,5,0.08342341511501467,0.03730808542247124,5.0,0.9,1.0300165962034469,0.9793898790422789,0.9793898790422789
94,0.1,2,1,1.0058548830520426,5,0.050869489656403366,0.02274952737048807,5.0,0.9,1.0300165962034469,0.976542404034593,0.976542404034593
94,0.1,3,1,1.039045130550361,5,0.05407227204391222,0.02418185519760984,5.0,0.9,1.0300165962034469,1.008765426091378,1.008765426091378
94,0.5,1,0,0.7557404725223024,1,,,1.0,0.4,0.814703034872655,0.9276269268352866,0.9276269268352866
94,0.5,1,1,1.0683620723654375,4,0.05403804547681499,0.027019022738407495,5.0,0.9,1.0300165962034469,1.0372280177846926,1.0372280177846926
94,0.5,2,0,0.7464755830859757,2,0.06053866898724223,0.042807303364886716,1.0,0.4,0.814703034872655,0.9162548206324728,0.9162548206324728
94,0.5,2,1,1.0212900965058307,3,0.06110634774274588,0.03527976631846921,5.0,0.9,1.0300165962034469,0.9915278067074051,0.9915278067074051
94,0.5,3,0,0.707073723564098,5,0.058173328388490785,0.026015903350816737,1.0,0.4,0.814703034872655,0.8678913583212804,0.8678913583212804
94,0.9,1,0,1.0046594548394845,3,0.08036666080223386,0.04639971324804106,1.0,0.4,0.814703034872655,1.2331603195715617,1.2331603195715617
94,0.9,1,1,1.036759565179776,2,0.07788126345020159,0.055070369513013556,5.0,0.9,1.0300165962034469,1.0065464663396524,1.0065464663396524
94,0.9,2,0,0.8751495553499685,5,0.15260656142277373,0.06824772903076382,1.0,0.4,0.814703034872655,1.0741945443799186,1.0741945443799186
94,0.9,3,0,0.7991194198741013,5,0.11371798953259603,0.05085623097189885,1.0,0.4,0.814703034872655,0.9808720302594802,0.9808720302594802
95,0.1,1,1,1.1538421010344284,5,0.0187064284770641,0.008365769138190638,5.0,0.9,1.1300233476730823,1.0210781072890158,1.0210781072890158
95,0.1,2,1,1.106709645173444,5,0.12963887442822963,0.05797626714961612,5.0,0.9,1.1300233476730823,0.9793688311417234,0.9793688311417234
95,0.1,3,1,1.11602796173376,5,0.08715494340354815,0.038976875605096106,5.0,0.9,1.1300233476730823,0.987614958604049,0.987614958604049
95,0.5,1,0,1.1670675697260369,2,0.11596342997472295,0.08199852770477795,1.0,0.4,1.1474905390399488,1.017060733853603,1.017060733853603
95,0.5,1,1,1.1710156033456363,3,0.04493342127522428,0.025942322868861598,5.0,0.9,1.1300233476730823,1.0362755829399137,1.0362755829399137
95,0.5,2,0,1.099448298139659,5,0.08826456177969744,0.03947311202872666,1.0,0.4,1.1474905390399488,0.9581327782096709,0.9581327782096709
95,0.5,3,0,1.1422954312636606,5,0.03177784116301557,0.014211482603738756,1.0,0.4,1.1474905390399488,0.9954726356344212,0.9954726356344212
95,0.9,1,0,1.2092767361570311,1,,,1.0,0.4,1.1474905390399488,1.0538446244347914,1.0538446244347914
95,0.9,1,1,1.1025214270781438,4,0.08198329967422656,0.04099164983711328,5.0,0.9,1.1300233476730823,0.9756625200252987,0.9756625200252987
95,0.9,2,0,1.1262335403864294,5,0.020708703591023492,0.009261213791084506,1.0,0.4,1.1474905390399488,0.9814752297031537,0.9814752297031537
95,0.9,3,0,1.140621658566876,5,0.08462878930568589,0.03784714514820418,1.0,0.4,1.1474905390399488,0.9940139981643599,0.9940139981643599
96,0.1,1,1,0.9258590122887448,5,0.002039412168723271,0.0009120528486811009,5.0,0.9,0.9395624563415614,0.9854150791569783,0.9854150791569783
96,0.1,2,1,0.9268364530945361,5,0.0024332935615369792,0.0010882019625618506,5.0,0.9,0.9395624563415614,0.9864553940388621,0.9864553940388621
96,0.1,3,0,0.9261520372631484,2,0.0,0.0,1.0,0.4,0.9479905118023964,0.9769634038871056,0.9769634038871056
96,0.1,3,1,0.9267179719024782,3,0.00049011377454116,0.00028296731966488225,5.0,0.9,0.9395624563415614,0.9863292915203352,0.9863292915203352
96,0.5,1,1,1.0056572262373131,5,0.07161273582616973,0.03202618907241001,5.0,0.9,0.9395624563415614,1.0703463292404312,1.0703463292404312
96,0.5,2,0,0.9586144217789505,4,0.06620039469240942,0.03310019734620471,1.0,0.4,0.9479905118023964,1.011206768258002,1.011206768258002
96,0.5,2,1,0.9261520372631484,1,,,5.0,0.9,0.9395624563415614,0.9857269530216969,0.9857269530216969
96,0.5,3,0,0.9286372784585548,5,0.11730367110497501,0.0524597965202004,1.0,0.4,0.9479905118023964,0.9795849925680737,0.9795849925680737
96,0.9,1,0,0.942748805289533,4,0.032929432169787894,0.016464716084893947,1.0,0.4,0.9479905118023964,0.9944707183799789,0.9944707183799789
96,0.9,1,1,0.9261520372631484,1,,,5.0,0.9,0.9395624563415614,0.9857269530216969,0.9857269530216969
96,0.9,2,0,0.9521289609407889,5,0.05820471430180065,0.026029939557956093,1.0,0.4,0.9479905118023964,1.0043654963703426,1.0043654963703426
96,0.9,3,0,0.9796615670834028,5,0.07143741607229856,0.03194778369491912,1.0,0.4,0.9479905118023964,1.0334086205364976,1.0334086205364976
97,0.1,1,0,1.0545964803872347,1,,,1.0,0.4,1.0063022382819518,1.0479917864316144,1.0479917864316144
97,0.1,1,1,0.9320214053285589,4,0.0960335603514334,0.0480167801757167,5.0,0.9,0.9420836809897476,0.9893191275210104,0.9893191275210104
97,0.1,2,0,1.0556973117863861,1,,,1.0,0.4,1.0063022382819518,1.0490857235782025,1.0490857235782025
97,0.1,2,1,0.9919249819260256,4,0.07620409712079286,0.03810204856039643,5.0,0.9,0.9420836809897476,1.052905386158388,1.052905386158388
97,0.1,3,0,0.9785813824250819,3,0.13452404805134707,0.07766749535492339,1.0,0.4,1.0063022382819518,0.9724527534548691,0.9724527534548691
97,0.1,3,1,0.9909712262480287,2,0.09465990017521676,0.06693465732033743,5.0,0.9,0.9420836809897476,1.051892996603996,1.051892996603996
97,0.5,1,0,0.9350745639478926,3,0.11705477881309627,0.06758160805767324,1.0,0.4,1.0063022382819518,0.9292184081239198,0.9292184081239198
97,0.5,1,1,0.9402412804142595,2,0.16640287759178563,0.11766460315410661,5.0,0.9,0.9420836809897476,0.9980443344761556,0.9980443344761556
97,0.5,2,0,1.0564338882232398,3,0.0012757878122888005,0.0007365764368537827,1.0,0.4,1.0063022382819518,1.0498176870071134,1.0498176870071134
97,0.5,2,1,0.8733066230939222,2,0.07174297741656879,0.05072994583376913,5.0,0.9,0.9420836809897476,0.9269947465563052,0.9269947465563052
97,0.5,3,0,0.9939549342719818,5,0.08839341489214361,0.03953073689243507,1.0,0.4,1.0063022382819518,0.9877300243006014,0.9877300243006014
97,0.9,1,0,1.0246498115540428,4,0.06651214402864669,0.033256072014323346,1.0,0.4,1.0063022382819518,1.01823266666227,1.01823266666227
97,0.9,1,1,0.9240365689276913,1,,,5.0,0.9,0.9420836809897476,0.9808434086841457,0.9808434086841457
97,0.9,2,0,1.0041182154380746,5,0.07214407309310265,0.032263810321978205,1.0,0.4,1.0063022382819518,0.9978296551862927,0.9978296551862927
97,0.9,3,0,0.9536135565036329,5,0.16674699549916155,0.07457152339599533,1.0,0.4,1.0063022382819518,0.9476412952551178,0.9476412952551178
98,0.1,1,1,0.8260363194223826,5,0.01031353852660381,0.004612354646809828,5.0,0.9,0.864394092234571,0.9556246703248185,0.9556246703248185
98,0.1,2,0,0.7749213263881976,2,0.08053669635179214,0.0569480441247141,1.0,0.4,0.8496347272837766,0.9120640923724568,0.9120640923724568
98,0.1,2,1,0.8730840616305509,3,0.08828651951620636,0.050972245808496894,5.0,0.9,0.864394092234571,1.0100532494079353,1.0100532494079353
98,0.1,3,0,0.8158184639964949,2,0.00869676390073912,0.006149540728591002,1.0,0.4,0.8496347272837766,0.9601990570755153,0.9601990570755153
98,0.1,3,1,0.8281104409809189,3,0.02299338601908379,0.013275237607699004,5.0,0.9,0.864394092234571,0.9580241795037561,0.9580241795037561
98,0.5,1,0,0.9037599035488594,2,0.10341015223781069,0.07312201989088916,1.0,0.4,0.8496347272837766,1.0637040536680005,1.0637040536680005
98,0.5,1,1,0.8334950824374756,3,0.006068703130593556,0.003503767386080114,5.0,0.9,0.864394092234571,0.9642535620330104,0.9642535620330104
98,0.5,2,0,0.8306378836579702,1,,,1.0,0.4,0.8496347272837766,0.9776411638839928,0.9776411638839928
98,0.5,2,1,0.8251614880619216,4,0.01219122714623233,0.006095613573116165,5.0,0.9,0.864394092234571,0.9546125956608195,0.9546125956608195
98,0.5,3,0,0.7953916133966329,2,0.0004930214497304808,0.0003486188103748455,1.0,0.4,0.8496347272837766,0.9361571365373033,0.9361571365373033
98,0.5,3,1,0.9138612693613594,3,0.06400491991479354,0.036953257742266495,5.0,0.9,0.864394092234571,1.0572275742872204,1.0572275742872204
98,0.9,1,0,0.8267924743552997,4,0.007761980332163638,0.003880990166081819,1.0,0.4,0.8496347272837766,0.9731152079888471,0.9731152079888471
98,0.9,1,1,0.951009983747388,1,,,5.0,0.9,0.864394092234571,1.10020416878244,1.10020416878244
98,0.9,2,0,0.9098765348443182,5,0.07559032569314258,0.033805021338243146,1.0,0.4,0.8496347272837766,1.070903184187316,1.070903184187316
98,0.9,3,0,0.9398796180824404,5,0.06349693495231719,0.028396692583252718,1.0,0.4,0.8496347272837766,1.1062161042865684,1.1062161042865684
99,0.1,1,1,0.7314150599028297,5,0.016023966734724747,0.007166135777607974,5.0,0.9,0.7438119698993174,0.9833332744051353,0.9833332744051353
99,0.1,2,1,0.7465759165491533,5,0.0015100192342319208,0.0006753011310149504,5.0,0.9,0.7438119698993174,1.0037159211758988,1.0037159211758988
99,0.1,3,0,0.7580131764009179,1,,,1.0,0.4,0.7383588185558686,1.0266189789450753,1.0266189789450753
99,0.1,3,1,0.7445087472960975,4,0.0033523294763114684,0.0016761647381557342,5.0,0.9,0.7438119698993174,1.0009367655065762,1.0009367655065762
99,0.5,1,0,0.7184074545404933,1,,,1.0,0.4,0.7383588185558686,0.9729787692460997,0.9729787692460997
99,0.5,1,1,0.7495874668122552,4,0.017730876804789478,0.008865438402394739,5.0,0.9,0.7438119698993174,1.0077647270367531,1.0077647270367531
99,0.5,2,1,0.7409207492050458,5,0.01084703763454173,0.004850942701066766,5.0,0.9,0.7438119698993174,0.9961129683155503,0.9961129683155503
99,0.5,3,0,0.7500186369063276,1,,,1.0,0.4,0.7383588185558686,1.0157915339499353,1.0157915339499353
99,0.5,3,1,0.7499276470014415,4,0.01595142445618176,0.00797571222809088,5.0,0.9,0.7438119698993174,1.0082220740585177,1.0082220740585177
99,0.9,1,0,0.7346901382578966,2,0.02765692592500398,0.01955639986834434,1.0,0.4,0.7383588185558686,0.9950313042848904,0.9950313042848904
99,0.9,1,1,0.7462660769740279,3,0.004639566574700659,0.0026786550108266155,5.0,0.9,0.7438119698993174,1.0032993648583561,1.0032993648583561
99,0.9,2,0,0.7351908966140104,3,0.0061067952727709915,0.003525759894620266,1.0,0.4,0.7383588185558686,0.9957095088969693,0.9957095088969693
99,0.9,2,1,0.741294095453688,2,0.010244444594440048,0.007243916242218428,5.0,0.9,0.7438119698993174,0.9966149046432121,0.9966149046432121
99,0.9,3,0,0.7338326086155655,5,0.01180630349850808,0.00527993943713153,1.0,0.4,0.7383588185558686,0.9938699046770298,0.9938699046770298
100,0.1,1,0,0.8648182204497293,3,0.01805683667323149,0.010425119514003309,1.0,0.4,0.9282134516142224,0.9317018827358677,0.9317018827358677
100,0.1,1,1,1.048104178313405,2,0.2511396892973905,0.17758257732726743,5.0,0.9,1.0304503889410126,1.0171321099607087,1.0171321099607087
100,0.1,2,0,0.9232997652850766,3,0.08431693162533947,0.048680403171133015,1.0,0.4,0.9282134516142224,0.9947062970046376,0.9947062970046376
100,0.1,2,1,1.222997534273528,2,0.0012652375272264509,0.0008946580353135224,5.0,0.9,1.0304503889410126,1.1868572688204766,1.1868572688204766
100,0.1,3,0,1.005911285218022,5,0.20747004959122664,0.09278342683624705,1.0,0.4,0.9282134516142224,1.08370686017174,1.08370686017174
100,0.5,1,0,0.8953057354912465,3,0.04058174737470098,0.023429882770969,1.0,0.4,0.9282134516142224,0.964547253580793,0.964547253580793
100,0.5,1,1,0.8202494542361045,2,0.07867509489934055,0.05563169311381885,5.0,0.9,1.0304503889410126,0.7960106212188146,0.7960106212188146
100,0.5,2,0,0.9334020609327783,5,0.1648637241840457,0.07372929885986045,1.0,0.4,0.9282134516142224,1.0055898880904306,1.0055898880904306
100,0.5,3,0,1.02066736960455,5,0.15183950147501676,0.06790468939356341,1.0,0.4,0.9282134516142224,1.0996041565973262,1.0996041565973262
100,0.9,1,0,0.85791702214986,5,0.06436818096488331,0.028786325645097414,1.0,0.4,0.9282134516142224,0.9242669567628949,0.9242669567628949
100,0.9,2,0,0.8869573881388699,5,0.029380467631894388,0.013139344567129623,1.0,0.4,0.9282134516142224,0.9555532583549553,0.9555532583549553
100,0.9,3,0,0.9656422172578696,5,0.15271059076667018,0.06829425236768524,1.0,0.4,0.9282134516142224,1.0403234467013553,1.0403234467013553
101,0.1,1,1,0.2133681771398812,5,0.0007790502774320705,0.00034840187564563594,5.0,0.9,0.2137641193536897,0.9981477611162921,0.9981477611162921
101,0.1,2,0,0.21363439637332343,1,,,1.0,0.4,0.2146381624480237,0.9953234501113317,0.9953234501113317
101,0.1,2,1,0.21394134795037115,4,0.0018735375703555343,0.0009367687851777671,5.0,0.9,0.2137641193536897,1.0008290848680186,1.0008290848680186
101,0.1,3,0,0.2188733969153632,3,0.009260258990123785,0.00534641302071362,1.0,0.4,0.2146381624480237,1.019731973191697,1.019731973191697
101,0.1,3,1,0.21510035164580238,2,3.3147851647447625e-05,2.3439070681675885e-05,5.0,0.9,0.2137641193536897,1.0062509662339627,1.0062509662339627
101,0.5,1,0,0.21344895151540416,1,,,1.0,0.4,0.2146381624480237,0.9944594618260977,0.9944594618260977
101,0.5,1,1,0.21409941074604744,4,0.0019823214856597433,0.0009911607428298717,5.0,0.9,0.2137641193536897,1.0015685110923735,1.0015685110923735
101,0.5,2,0,0.21379613091889027,4,0.0003412566680232403,0.00017062833401162015,1.0,0.4,0.2146381624480237,0.9960769719628152,0.9960769719628152
101,0.5,2,1,0.2129423844244291,1,,,5.0,0.9,0.2137641193536897,0.9961558799870385,0.9961558799870385
101,0.5,3,0,0.21718001215175592,4,0.0075000852849503,0.00375004264247515,1.0,0.4,0.2146381624480237,1.0118424872573522,1.0118424872573522
101,0.5,3,1,0.21163275235336218,1,,,5.0,0.9,0.2137641193536897,0.9900293510118927,0.9900293510118927
101,0.9,1,0,0.2130252733753381,2,0.0024381938389093395,0.0017240633973400546,1.0,0.4,0.2146381624480237,0.9924855437901162,0.9924855437901162
101,0.9,1,1,0.21413203145896212,3,0.0010214569540673995,0.0005897384473964283,5.0,0.9,0.2137641193536897,1.0017211125346237,1.0017211125346237
101,0.9,2,0,0.21385561220134278,4,0.0007505586411405763,0.00037527932057028815,1.0,0.4,0.2146381624480237,0.9963540954797803,0.9963540954797803
101,0.9,2,1,0.21465629240033843,1,,,5.0,0.9,0.2137641193536897,1.0041736332989193,1.0041736332989193
101,0.9,3,0,0.21329152613277166,4,0.0016244973338240547,0.0008122486669120273,1.0,0.4,0.2146381624480237,0.9937260163808096,0.9937260163808096
101,0.9,3,1,0.21400432606401318,1,,,5.0,0.9,0.2137641193536897,1.0011236998568784,1.0011236998568784
102,0.1,1,0,0.8612158319417255,3,0.13742380011079194,0.07934166798702706,1.0,0.4,0.8747130935880073,0.9845694985644755,0.9845694985644755
102,0.1,1,1,0.8887803417795853,2,0.171745971274916,0.1214427409299631,5.0,0.9,0.972830654624193,0.9136023187128323,0.9136023187128323
102,0.1,2,0,0.780439548329834,3,0.0007020872310379631,0.00040535025183436696,1.0,0.4,0.8747130935880073,0.892223466243691,0.892223466243691
102,0.1,2,1,1.0247555378465985,2,0.02782628834995605,0.01967615718750615,5.0,0.9,0.972830654624193,1.0533750483453506,1.0533750483453506
102,0.1,3,0,0.7736546223753491,2,0.0015007568841975936,0.0010611953697285126,1.0,0.4,0.8747130935880073,0.8844667217703076,0.8844667217703076
102,0.1,3,1,0.858107769295506,3,0.13269449592457602,0.07661120294203567,5.0,0.9,0.972830654624193,0.8820731184987126,0.8820731184987126
102,0.5,1,0,0.8219618183575362,4,0.08215019744956101,0.041075098724780504,1.0,0.4,0.8747130935880073,0.9396930540800649,0.9396930540800649
102,0.5,1,1,1.0291845170044096,1,,,5.0,0.9,0.972830654624193,1.057927720628814,1.057927720628814
102,0.5,2,0,0.8345473812281021,4,0.13660108805304752,0.06830054402652376,1.0,0.4,0.8747130935880073,0.954081272300214,0.954081272300214
102,0.5,2,1,1.043327644616521,1,,,5.0,0.9,0.972830654624193,1.0724658394112396,1.0724658394112396
102,0.5,3,0,0.8484115168666637,3,0.12756092761141433,0.07364733589452843,1.0,0.4,0.8747130935880073,0.9699311958239284,0.9699311958239284
102,0.5,3,1,0.9928281172025379,2,0.027530803695160193,0.01946721798436343,5.0,0.9,0.972830654624193,1.0205559544030507,1.0205559544030507
102,0.9,1,0,0.9666150482523544,5,0.09687651009382515,0.043324492398547514,1.0,0.4,0.8747130935880073,1.105065255496945,1.105065255496945
102,0.9,2,0,1.017600617341134,5,0.03577109379000364,0.015997319468793746,1.0,0.4,0.8747130935880073,1.1633535896519085,1.1633535896519085
102,0.9,3,0,0.9679714575993668,5,0.10007917493886391,0.04475676765907861,1.0,0.4,0.8747130935880073,1.1066159460684653,1.1066159460684653
103,0.1,1,1,0.9774398240780492,5,0.087893190277947,0.03930702964416262,5.0,0.9,1.0115123972938973,0.9663152193616187,0.9663152193616187
103,0.1,2,0,0.873797750766365,2,0.13830679833249515,0.0977976749851076,1.0,0.4,0.9279850027907461,0.9416076209621677,0.9416076209621677
103,0.1,2,1,0.9719022845953492,3,0.0037013288682943516,0.002136963218469077,5.0,0.9,1.0115123972938973,0.9608407046670736,0.9608407046670736
103,0.1,3,0,0.9015599710930529,4,0.18615390797026998,0.09307695398513499,1.0,0.4,0.9279850027907461,0.971524290135913,0.971524290135913
103,0.1,3,1,1.0979331650712751,1,,,5.0,0.9,1.0115123972938973,1.0854371810059666,1.0854371810059666
103,0.5,1,0,0.9754924758695861,2,0.0004746718738505833,0.0003356437008382729,1.0,0.4,0.9279850027907461,1.0511942250531743,1.0511942250531743
103,0.5,1,1,1.0270232815541458,3,0.04549241845007611,0.02626506003823854,5.0,0.9,1.0115123972938973,1.0153343491406974,1.0153343491406974
103,0.5,2,0,1.1105387305804841,1,,,1.0,0.4,0.9279850027907461,1.1967205582425802,1.1967205582425802
103,0.5,2,1,0.9849478982549192,4,0.10344511890150332,0.05172255945075166,5.0,0.9,1.0115123972938973,0.9737378413650232,0.9737378413650232
103,0.5,3,0,0.9237458190323604,2,0.0771448629399567,0.05454965571855016,1.0,0.4,0.9279850027907461,0.9954318402284119,0.9954318402284119
103,0.5,3,1,0.9954978387104402,3,0.03886688892003266,0.022439808780544142,5.0,0.9,1.0115123972938973,0.9841677090401453,0.9841677090401453
103,0.9,1,0,0.9056647454820985,2,0.28158284529624017,0.19910913937477395,1.0,0.4,0.9279850027907461,0.975947609884294,0.975947609884294
103,0.9,1,1,0.8240556504270331,2,0.20333982061182598,0.14378296603987825,5.0,0.9,1.0115123972938973,0.8146767678098974,0.8146767678098974
103,0.9,2,0,0.7594811458786405,3,0.3032734544366758,0.1750950105570825,1.0,0.4,0.9279850027907461,0.8184196335012301,0.8184196335012301
103,0.9,2,1,1.1845867839938145,2,0.1244737194423803,0.08801621109721891,5.0,0.9,1.0115123972938973,1.171104562991955,1.171104562991955
103,0.9,3,0,0.9735993836233818,2,0.002835170368166797,0.002004768193149903,1.0,0.4,0.9279850027907461,1.0491542219922292,1.0491542219922292
103,0.9,3,1,1.0402248489600483,3,0.06618692425559829,0.038213038535803046,5.0,0.9,1.0115123972938973,1.0283856646176217,1.0283856646176217
104,0.1,1,1,1.000189508681332,5,0.20948218819555334,0.09368328257613225,5.0,0.9,1.1327894802455263,0.8829438533138091,0.8829438533138091
104,0.1,2,0,0.9753658217147484,1,,,1.0,0.4,0.963747633990031,1.012055217896221,1.012055217896221
104,0.1,2,1,0.9068116336172781,4,0.022592364154990732,0.011296182077495366,5.0,0.9,1.1327894802455263,0.8005120540320796,0.8005120540320796
104,0.1,3,0,0.9244120105928434,1,,,1.0,0.4,0.963747633990031,0.9591847263641692,0.9591847263641692
104,0.1,3,1,1.2143664190970271,4,0.06885720687243008,0.03442860343621504,5.0,0.9,1.1327894802455263,1.0720142094132261,1.0720142094132261
104,0.5,1,0,0.9031951402266684,3,0.0595576969500473,0.03438565236642396,1.0,0.4,0.963747633990031,0.9371697614315606,0.9371697614315606
104,0.5,1,1,0.9567062583238852,2,0.04584434720090893,0.03241684878483322,5.0,0.9,1.1327894802455263,0.8445578591677282,0.8445578591677282
104,0.5,2,0,0.9061103642675695,3,0.048942204745860855,0.028256795084756547,1.0,0.4,0.963747633990031,0.9401946446458849,0.9401946446458849
104,0.5,2,1,1.3318818026917885,2,0.044054749467010955,0.031151412091597885,5.0,0.9,1.1327894802455263,1.1757540354304048,1.1757540354304048
104,0.5,3,0,0.9715386837440049,5,0.02844631438017112,0.012721578532678484,1.0,0.4,0.963747633990031,1.0080841181645426,1.0080841181645426
104,0.9,1,0,0.9647759761604472,4,0.05886073511896168,0.02943036755948084,1.0,0.4,0.963747633990031,1.001067024326855,1.001067024326855
104,0.9,1,1,0.9241668734911217,1,,,5.0,0.9,1.1327894802455263,0.8158328529770715,0.8158328529770715
104,0.9,2,0,1.0600151432825413,4,0.19576619359292263,0.09788309679646132,1.0,0.4,0.963747633990031,1.0998887114191411,1.0998887114191411
104,0.9,2,1,1.595403865816252,1,,,5.0,0.9,1.1327894802455263,1.4083851356656811,1.4083851356656811
104,0.9,3,0,1.0045679319314256,5,0.1379202735247955,0.06167982141536145,1.0,0.4,0.963747633990031,1.0423557957516258,1.0423557957516258
105,0.1,1,0,0.6343012001548587,1,,,1.0,0.4,0.749130868693758,0.8467161435502917,0.8467161435502917
105,0.1,1,1,0.845185148356624,4,0.10532916351994215,0.052664581759971074,5.0,0.9,0.8070904051325108,1.047200094291616,1.047200094291616
105,0.1,2,0,0.5759280089988751,1,,,1.0,0.4,0.749130868693758,0.7687949236467952,0.7687949236467952
105,0.1,2,1,0.7926119367882954,4,0.18621502477780974,0.09310751238890487,5.0,0.9,0.8070904051325108,0.9820609088496867,0.9820609088496867
105,0.1,3,0,0.7802025693645411,2,0.2164307161341949,0.15303962703554994,1.0,0.4,0.749130868693758,1.041476999506057,1.041476999506057
105,0.1,3,1,0.5884418273270373,2,0.03591879536359595,0.025398423773650616,5.0,0.9,0.8070904051325108,0.7290903516941513,0.7290903516941513
105,0.5,1,0,0.8192409620481024,1,,,1.0,0.4,0.749130868693758,1.0935885788241428,1.0935885788241428
105,0.5,1,1,0.8276316844109104,4,0.21818181006080867,0.10909090503040433,5.0,0.9,0.8070904051325108,1.025451026486961,1.025451026486961
105,0.5,2,0,0.8114837989876174,3,0.1495242176029152,0.08632784728341128,1.0,0.4,0.749130868693758,1.083233695071974,1.083233695071974
105,0.5,2,1,0.7623511388712914,2,0.2674322775143206,0.18910317693853873,5.0,0.9,0.8070904051325108,0.9445672182735538,0.9445672182735538
105,0.5,3,0,0.7109767198500329,3,0.2378849549120027,0.13734294275460676,1.0,0.4,0.749130868693758,0.9490687803183793,0.9490687803183793
105,0.5,3,1,0.8982181915061684,2,0.11934472044669821,0.0843894611266731,5.0,0.9,0.8070904051325108,1.1129090196019564,1.1129090196019564
105,0.9,1,0,0.7282475124558663,3,0.18649704772372655,0.10767412070636401,1.0,0.4,0.749130868693758,0.9721232202401356,0.9721232202401356
105,0.9,1,1,0.9472522578991387,2,0.028179645423015286,0.019926018370046563,5.0,0.9,0.8070904051325108,1.1736631384480598,1.1736631384480598
105,0.9,2,0,0.7965106884577005,4,0.22315561197569525,0.11157780598784763,1.0,0.4,0.749130868693758,1.0632463855701975,1.0632463855701975
105,0.9,2,1,0.7950310559006211,1,,,5.0,0.9,0.8070904051325108,0.9850582423540151,0.9850582423540151
105,0.9,3,0,0.885286357926228,5,0.20491217285282093,0.09163950958321891,1.0,0.4,0.749130868693758,1.1817512732720268,1.1817512732720268
106,0.1,1,1,0.9992224005382292,5,0.14224102691087742,0.06361212107241976,5.0,0.9,1.0954557419183577,0.9121522324474697,0.9121522324474697
106,0.1,2,0,0.7581614300107498,2,0.03115067765559896,0.022026855408830287,1.0,0.4,0.9738232021665284,0.778541144146102,0.778541144146102
106,0.1,2,1,1.0514034874425116,3,0.23419897674975035,0.13521484227040328,5.0,0.9,1.0954557419183577,0.9597863676366313,0.9597863676366313
106,0.1,3,1,1.1045092604745488,4,0.05672348776080597,0.028361743880402985,5.0,0.9,1.0954557419183577,1.008264613721716,1.008264613721716
106,0.5,1,0,0.8537613227756597,2,0.22266353184577695,0.15744689329109565,1.0,0.4,0.9738232021665284,0.8767108042571187,0.8767108042571187
106,0.5,1,1,1.1588269557830075,3,0.0817733709155385,0.04721187771062927,5.0,0.9,1.0954557419183577,1.0578491776889811,1.0578491776889811
106,0.5,2,0,0.8845270860779268,4,0.10503312317929678,0.05251656158964839,1.0,0.4,0.9738232021665284,0.9083035648668685,0.9083035648668685
106,0.5,2,1,1.1925873374533018,1,,,5.0,0.9,1.0954557419183577,1.0886677497028292,1.0886677497028292
106,0.5,3,0,1.1084598775493024,4,0.10714690821526994,0.05357345410763497,1.0,0.4,0.9738232021665284,1.1382557686890586,1.1382557686890586
106,0.5,3,1,1.0112082160667555,1,,,5.0,0.9,1.0954557419183577,0.9230936288634826,0.9230936288634826
106,0.9,1,0,1.02956384100602,5,0.1383527006813063,0.06187320871881647,1.0,0.4,0.9738232021665284,1.0572389718333695,1.0572389718333695
106,0.9,2,0,1.122190485988606,4,0.16420354940727083,0.08210177470363542,1.0,0.4,0.9738232021665284,1.152355461948324,1.152355461948324
106,0.9,2,1,1.1504325356701495,1,,,5.0,0.9,1.0954557419183577,1.0501862299388898,1.0501862299388898
106,0.9,3,0,1.0600983717574344,5,0.1994297732656377,0.08918770595186723,1.0,0.4,0.9738232021665284,1.0885942842591592,1.0885942842591592
107,0.1,1,0,1.07362847631779,1,,,1.0,0.4,0.8678469984618237,1.2371172317478707,1.2371172317478707
107,0.1,1,1,1.0693021638906806,4,0.0418892790898948,0.0209446395449474,5.0,0.9,1.001499420628881,1.0677012306399774,1.0677012306399774
107,0.1,2,0,0.7147325842829577,4,0.15514663567349352,0.07757331783674676,1.0,0.4,0.8678469984618237,0.8235698061406599,0.8235698061406599
107,0.1,2,1,0.9278513987994111,1,,,5.0,0.9,1.001499420628881,0.9264622422015748,0.9264622422015748
107,0.1,3,0,0.6464707716868325,4,0.17640732548253618,0.08820366274126809,1.0,0.4,0.8678469984618237,0.7449133001930531,0.7449133001930531
107,0.1,3,1,1.0073446991965511,1,,,5.0,0.9,1.001499420628881,1.0058365271584477,1.0058365271584477
107,0.5,1,0,0.8265313662683438,5,0.28553612270157386,0.127695636078488,1.0,0.4,0.8678469984618237,0.9523929537502487,0.9523929537502487
107,0.5,2,0,0.9408971718776011,4,0.22076191037293566,0.11038095518646783,1.0,0.4,0.8678469984618237,1.0841740232382573,1.0841740232382573
107,0.5,3,0,0.9861558303128263,4,0.08800820118476257,0.04400410059238129,1.0,0.4,0.8678469984618237,1.1363245273195548,1.1363245273195548
107,0.9,1,0,0.7574663203776748,5,0.11083369533374429,0.049566335392750696,1.0,0.4,0.8678469984618237,0.8728109006774373,0.8728109006774373
107,0.9,2,0,1.0100804478636012,5,0.297151754749172,0.1328903046504989,1.0,0.4,0.8678469984618237,1.1638923101121197,1.1638923101121197
107,0.9,3,0,0.8546600171687857,4,0.45049639396457,0.225248196982285,1.0,0.4,0.8678469984618237,0.9848049468207983,0.9848049468207983
108,0.1,1,0,0.890783982299259,5,0.0013634060366234787,0.0006097337157647332,1.0,0.4,0.8866284573509923,1.004686884245383,1.004686884245383
108,0.1,2,0,0.8857742419104161,5,0.004887859026201927,0.002185917009404687,1.0,0.4,0.8866284573509923,0.9990365576093414,0.9990365576093414
108,0.1,3,0,0.8850767488708716,4,0.006270462964486004,0.003135231482243002,1.0,0.4,0.8866284573509923,0.998249877423564,0.998249877423564
108,0.1,3,1,0.8924719468351672,1,,,5.0,0.9,0.8877411260535383,1.0053290544312843,1.0053290544312843
108,0.5,1,0,0.8952842030994794,4,0.010769808665066662,0.005384904332533331,1.0,0.4,0.8866284573509923,1.0097625399644268,1.0097625399644268
108,0.5,2,0,0.884899820595004,4,0.003921681471349053,0.0019608407356745267,1.0,0.4,0.8866284573509923,0.9980503256559654,0.9980503256559654
108,0.5,2,1,0.8821710772817128,1,,,5.0,0.9,0.8877411260535383,0.9937255934096608,0.9937255934096608
108,0.5,3,0,0.8848972086044452,4,0.004065569747308848,0.002032784873654424,1.0,0.4,0.8866284573509923,0.9980473796749999,0.9980473796749999
108,0.9,1,0,0.8879472043470852,3,0.004019195980386773,0.0023204838812021654,1.0,0.4,0.8866284573509923,1.0014873727378806,1.0014873727378806
108,0.9,1,1,0.8885803540437348,1,,,5.0,0.9,0.8877411260535383,1.000945352159055,1.000945352159055
108,0.9,2,0,0.8845462367402064,5,0.014950138350065182,0.006685905124754458,1.0,0.4,0.8866284573509923,0.9976515296869592,0.9976515296869592
108,0.9,3,0,0.8804464696921634,4,0.005298569197233609,0.0026492845986168046,1.0,0.4,0.8866284573509923,0.9930275330014796,0.9930275330014796
109,0.1,1,1,1.0016332575002782,5,0.09186582083778635,0.04108364404042139,5.0,0.9,0.9952853734261664,1.0063779537443214,1.0063779537443214
109,0.1,2,0,1.130242825607064,1,,,1.0,0.4,1.098455959669766,1.0289377700193407,1.0289377700193407
109,0.1,2,1,0.9568678198990779,4,0.07069622260045266,0.03534811130022633,5.0,0.9,0.9952853734261664,0.9614004640751023,0.9614004640751023
109,0.1,3,1,0.9995749228843206,5,0.07133276284591696,0.03190098134926833,5.0,0.9,0.9952853734261664,1.0043098688805079,1.0043098688805079
109,0.5,1,0,1.1548325236766033,1,,,1.0,0.4,1.098455959669766,1.0513234631853479,1.0513234631853479
109,0.5,1,1,1.1518482172949551,3,0.07581496258577176,0.043771789057496735,5.0,0.9,0.9952853734261664,1.1573044757302495,1.1573044757302495
109,0.5,2,0,1.0811695109055453,4,0.1392454075708034,0.0696227037854017,1.0,0.4,1.098455959669766,0.9842629569150704,0.9842629569150704
109,0.5,2,1,0.901329108353138,1,,,5.0,0.9,0.9952853734261664,0.9055986678980383,0.9055986678980383
109,0.5,3,0,1.0677971580528505,5,0.0889451983817244,0.03977750197074801,1.0,0.4,1.098455959669766,0.9720891845075585,0.9720891845075585
109,0.9,1,0,1.0044566495658096,3,0.040085365285773285,0.023143296438305688,1.0,0.4,1.098455959669766,0.9144259637571488,0.9144259637571488
109,0.9,1,1,0.960458914625229,2,0.2529150198589454,0.1788379256061906,5.0,0.9,0.9952853734261664,0.9650085696717807,0.9650085696717807
109,0.9,2,0,1.114928410399814,5,0.1310575844020005,0.05861073353795784,1.0,0.4,1.098455959669766,1.014996004696447,1.014996004696447
109,0.9,3,0,1.1357646394806762,5,0.1393483621314225,0.06231848205582363,1.0,0.4,1.098455959669766,1.033964656919087,1.033964656919087
110,0.1,1,0,0.9484692445069656,1,,,1.0,0.4,1.02904438052563,0.92169906610101,0.92169906610101
110,0.1,1,1,0.9577563165214098,4,0.05997905747323753,0.029989528736618764,5.0,0.9,0.9639773250894561,0.9935465198131408,0.9935465198131408
110,0.1,2,1,0.9867092788137015,5,0.039983640715234955,0.017881227725438733,5.0,0.9,0.9639773250894561,1.0235814195340496,1.0235814195340496
110,0.1,3,1,0.9458854781433219,5,0.03799515857886457,0.016991951479645096,5.0,0.9,0.9639773250894561,0.9812320824616333,0.9812320824616333
110,0.5,1,0,1.045287013557672,2,0.07351535396080959,0.05198320530701777,1.0,0.4,1.02904438052563,1.015784190982847,1.015784190982847
110,0.5,1,1,0.9971422958670001,3,0.08496028138460282,0.04905184132782679,5.0,0.9,0.9639773250894561,1.0344043059046708,1.0344043059046708
110,0.5,2,0,1.026688492852263,4,0.0701523925572529,0.03507619627862645,1.0,0.4,1.02904438052563,0.997710606347062,0.997710606347062
110,0.5,2,1,0.9479012988515721,1,,,5.0,0.9,0.9639773250894561,0.9833232319687685,0.9833232319687685
110,0.5,3,0,1.039357510960373,4,0.053780936199214625,0.026890468099607313,1.0,0.4,1.02904438052563,1.0100220463081244,1.0100220463081244
110,0.5,3,1,0.9484692823397309,1,,,5.0,0.9,0.9639773250894561,0.9839124403177367,0.9839124403177367
110,0.9,1,0,1.0068178566157564,5,0.06492172070994623,0.029033876144739134,1.0,0.4,1.02904438052563,0.9784008111501271,0.9784008111501271
110,0.9,2,0,1.0296887455233807,5,0.050072861030304845,0.02239326421833236,1.0,0.4,1.02904438052563,1.0006261780443537,1.0006261780443537
110,0.9,3,0,1.1070017996629993,5,0.05798502994488212,0.025931693726823458,1.0,0.4,1.02904438052563,1.075757101066476,1.075757101066476
111,0.1,1,1,0.9879355855720229,5,0.038490463437015565,0.017213458546127398,5.0,0.9,0.9854864387654755,1.0024852161432232,1.0024852161432232
111,0.1,2,0,0.9584980042071533,2,0.062313325278101524,0.044062174862428694,1.0,0.4,0.9468653273095453,1.0122854608380913,1.0122854608380913
111,0.1,2,1,0.9350206538052706,3,0.03490632826614175,0.020153178020878383,5.0,0.9,0.9854864387654755,0.9487909899364788,0.9487909899364788
111,0.1,3,0,0.9321240757127653,2,0.026057269657334913,0.01842527207390798,1.0,0.4,0.9468653273095453,0.9844315224439929,0.9844315224439929
111,0.1,3,1,0.9490575102165456,3,0.031991253584227546,0.018470158868567354,5.0,0.9,0.9854864387654755,0.9630345714401056,0.9630345714401056
111,0.5,1,1,1.0082755758188822,5,0.03612880071219691,0.01615729086760302,5.0,0.9,0.9854864387654755,1.0231247596688948,1.0231247596688948
111,0.5,2,0,0.9636403188238893,4,0.036516564686736225,0.018258282343368112,1.0,0.4,0.9468653273095453,1.0177163436346424,1.0177163436346424
111,0.5,2,1,0.952962722547976,1,,,5.0,0.9,0.9854864387654755,0.9669972970320706,0.9669972970320706
111,0.5,3,0,0.8377138633219978,5,0.17905784139380498,0.08007710105218473,1.0,0.4,0.9468653273095453,0.8847233488866953,0.8847233488866953
111,0.9,1,0,0.9680249490591594,3,0.01911460186635383,0.011035820532991908,1.0,0.4,0.9468653273095453,1.0223470235305139,1.0223470235305139
111,0.9,1,1,1.0516553925968046,2,0.00962242018053026,0.00680407856107923,5.0,0.9,0.9854864387654755,1.0671434443219934,1.0671434443219934
111,0.9,2,0,0.9607925672944406,4,0.03494193701427702,0.01747096850713851,1.0,0.4,0.9468653273095453,1.0147087865435611,1.0147087865435611
111,0.9,2,1,1.0134976308008266,1,,,5.0,0.9,0.9854864387654755,1.0284237214572336,1.0284237214572336
111,0.9,3,0,1.0072635127474112,5,0.021090192258341273,0.009431820709638179,1.0,0.4,0.9468653273095453,1.0637875141225028,1.0637875141225028
112,0.1,1,1,0.9452467564734899,5,0.0794344422952983,0.03552416254541428,5.0,0.9,0.9573191082729612,0.9873894172850574,0.9873894172850574
112,0.1,2,1,0.8798872412329292,5,0.053435640023874444,0.023897144702918347,5.0,0.9,0.9573191082729612,0.9191159286690496,0.9191159286690496
112,0.1,3,0,0.9598125366139425,1,,,1.0,0.4,0.9580267531326078,1.00186402256043,1.00186402256043
112,0.1,3,1,0.9478947035137983,4,0.014207853291772925,0.007103926645886462,5.0,0.9,0.9573191082729612,0.9901554197782965,0.9901554197782965
112,0.5,1,0,0.9599305910892191,1,,,1.0,0.4,0.9580267531326078,1.0019872492604054,1.0019872492604054
112,0.5,1,1,0.9821474493501953,4,0.02646893046499094,0.01323446523249547,5.0,0.9,0.9573191082729612,1.025935282041978,1.025935282041978
112,0.5,2,0,1.0212302554805732,2,0.07166008624132071,0.050671332921650686,1.0,0.4,0.9580267531326078,1.0659725859860376,1.0659725859860376
112,0.5,2,1,0.8851581941538563,3,0.04747854131559306,0.02741174860928842,5.0,0.9,0.9573191082729612,0.9246218805249946,0.9246218805249946
112,0.5,3,0,0.9814700742007169,3,0.03548054621922489,0.02048470291066445,1.0,0.4,0.9580267531326078,1.0244704242250573,1.0244704242250573
112,0.5,3,1,1.0130328890900384,2,0.08474054570831087,0.0599206145117952,5.0,0.9,0.9573191082729612,1.0581977110198781,1.0581977110198781
112,0.9,1,0,0.9225330517985886,1,,,1.0,0.4,0.9580267531326078,0.9629512420003304,0.9629512420003304
112,0.9,1,1,0.949456514344267,4,0.11149174058949049,0.055745870294745245,5.0,0.9,0.9573191082729612,0.9917868620183727,0.9917868620183727
112,0.9,2,0,0.9005680178135497,4,0.1345354540221422,0.0672677270110711,1.0,0.4,0.9580267531326078,0.9400238718478618,0.9400238718478618
112,0.9,2,1,1.0729535036018336,1,,,5.0,0.9,0.9573191082729612,1.1207898122262294,1.1207898122262294
112,0.9,3,0,0.9606427449316642,3,0.11755776226905397,0.06787200569136835,1.0,0.4,0.9580267531326078,1.0027306041198771,1.0027306041198771
112,0.9,3,1,0.9400947226962422,2,0.002141787840749152,0.0015144727060566188,5.0,0.9,0.9573191082729612,0.9820076864361431,0.9820076864361431
113,0.1,1,0,0.8395949503306431,2,0.3330457158931881,0.2354988841532016,1.0,0.4,0.952198500229818,0.8817436176679574,0.8817436176679574
113,0.1,1,1,1.1635492468356163,3,0.07673181261717063,0.04430113266993139,5.0,0.9,1.1486054336057625,1.0130103974721254,1.0130103974721254
113,0.1,2,1,1.1563788568399527,5,0.0724986149158864,0.032422366245300434,5.0,0.9,1.1486054336057625,1.0067677054336992,1.0067677054336992
113,0.1,3,0,1.0759693180624146,1,,,1.0,0.4,0.952198500229818,1.1299842604275514,1.1299842604275514
113,0.1,3,1,1.0757504471677721,4,0.0004377417892848882,0.0002188708946424441,5.0,0.9,1.1486054336057625,0.9365709195634917,0.9365709195634917
113,0.5,1,0,0.46086164024438264,1,,,1.0,0.4,0.952198500229818,0.4839974439501336,0.4839974439501336
113,0.5,1,1,1.1729509476713984,4,0.06528186536785328,0.03264093268392664,5.0,0.9,1.1486054336057625,1.0211957155637068,1.0211957155637068
113,0.5,2,0,0.9359155570542785,2,0.3782249012291169,0.2674453924727207,1.0,0.4,0.952198500229818,0.9828996336671298,0.9828996336671298
113,0.5,2,1,1.1231415491037515,3,0.07720116210170037,0.04457211172116865,5.0,0.9,1.1486054336057625,0.977830607659522,0.977830607659522
113,0.5,3,0,0.9479096576834563,3,0.2214268508387995,0.127840851937592,1.0,0.4,0.952198500229818,0.9954958524453392,0.9954958524453392
113,0.5,3,1,1.1441999579125584,2,0.09773081699591585,0.06910612342871358,5.0,0.9,1.1486054336057625,0.9961645003895078,0.9961645003895078
113,0.9,1,0,1.0870244366775879,3,0.12321742262672716,0.07113961212239282,1.0,0.4,0.952198500229818,1.1415943591753495,1.1415943591753495
113,0.9,1,1,1.1489632855650316,2,0.09575778024258479,0.0677109757609029,5.0,0.9,1.1486054336057625,1.0003115534271378,1.0003115534271378
113,0.9,2,0,1.175929045145356,4,0.06676975100895904,0.03338487550447952,1.0,0.4,0.952198500229818,1.2349620849660436,1.2349620849660436
113,0.9,2,1,1.2039091777500184,1,,,5.0,0.9,1.1486054336057625,1.0481486004908087,1.0481486004908087
113,0.9,3,0,1.0943833966404253,5,0.25118781519295424,0.11233460597822002,1.0,0.4,0.952198500229818,1.1493227477004955,1.1493227477004955
114,0.1,1,0,0.7250099294893964,1,,,1.0,0.4,0.7540962335063672,0.9614289228289518,0.9614289228289518
114,0.1,1,1,0.8128739818502906,4,0.15981489391461426,0.07990744695730713,5.0,0.9,0.9746301791243476,0.8340332561634956,0.8340332561634956
114,0.1,2,0,0.7758059094476872,4,0.08938501780171794,0.04469250890085897,1.0,0.4,0.7540962335063672,1.0287889993036767,1.0287889993036767
114,0.1,2,1,1.0491803278688523,1,,,5.0,0.9,0.9746301791243476,1.076490704208938,1.076490704208938
114,0.1,3,0,0.8067936648495021,3,0.04084835149188514,0.02358380672979234,1.0,0.4,0.7540962335063672,1.0698815734672276,1.0698815734672276
114,0.1,3,1,1.045121045121045,2,0.0045254879250818895,0.0032000032000032426,5.0,0.9,0.9746301791243476,1.072325757509407,1.072325757509407
114,0.5,1,0,0.720011264414733,1,,,1.0,0.4,0.7540962335063672,0.9548002395753293,0.9548002395753293
114,0.5,1,1,0.9355222562679124,4,0.17050780011013728,0.08525390005506864,5.0,0.9,0.9746301791243476,0.9598740899942463,0.9598740899942463
114,0.5,2,0,0.6274509803921569,1,,,1.0,0.4,0.7540962335063672,0.8320569080084909,0.8320569080084909
114,0.5,2,1,1.140998473240568,4,0.06179229286208966,0.03089614643104483,5.0,0.9,0.9746301791243476,1.1706988944931844,1.1706988944931844
114,0.5,3,0,0.7567175185561987,4,0.07802544217959774,0.03901272108979887,1.0,0.4,0.7540962335063672,1.0034760617191298,1.0034760617191298
114,0.5,3,1,1.1668185961713764,1,,,5.0,0.9,0.9746301791243476,1.1971911204511436,1.1971911204511436
114,0.9,1,0,0.9166921534657846,4,0.2309529710619393,0.11547648553096965,1.0,0.4,0.7540962335063672,1.2156169368508647,1.2156169368508647
114,0.9,1,1,0.7832380233484189,1,,,5.0,0.9,0.9746301791243476,0.8036258676620457,0.8036258676620457
114,0.9,2,0,0.7332964114046328,4,0.05639957669141901,0.028199788345709506,1.0,0.4,0.7540962335063672,0.9724175494087535,0.9724175494087535
114,0.9,2,1,1.048750512085211,1,,,5.0,0.9,0.9746301791243476,1.0760497002334326,1.0760497002334326
114,0.9,3,0,0.7250882695372127,4,0.06608626394591258,0.03304313197295629,1.0,0.4,0.7540962335063672,0.9615328088375745,0.9615328088375745
114,0.9,3,1,0.7891683961654541,1,,,5.0,0.9,0.9746301791243476,0.8097106092841073,0.8097106092841073
115,0.1,1,1,0.6893966229764297,5,0.019734549568294655,0.008825558868009195,5.0,0.9,0.9639029446198175,0.7152137326941577,0.7152137326941577
115,0.1,2,0,0.7092799485014171,2,0.03580369893495604,0.025317038308468983,1.0,0.4,0.6816515343569989,1.0405315806565008,1.0405315806565008
115,0.1,2,1,0.8071489855537122,3,0.11853016303060236,0.0684334215328085,5.0,0.9,0.9639029446198175,0.8373757856628063,0.8373757856628063
115,0.1,3,0,0.6913557681138996,3,0.036920699125980665,0.02131617557905412,1.0,0.4,0.6816515343569989,1.0142363557738556,1.0142363557738556
115,0.1,3,1,1.1183416157646384,2,0.053742801760505485,0.03800189956481775,5.0,0.9,0.9639029446198175,1.1602222215492188,1.1602222215492188
115,0.5,1,0,0.6613959864701509,2,0.0189791945916089,0.0134203171971857,1.0,0.4,0.6816515343569989,0.9702846001719118,0.9702846001719118
115,0.5,1,1,0.9608892610237181,3,0.3404357895261927,0.19655069472473014,5.0,0.9,0.9639029446198175,0.9968734574233632,0.9968734574233632
115,0.5,2,0,0.6519987629412781,3,0.02045520241348852,0.011809816619755881,1.0,0.4,0.6816515343569989,0.9564986361489053,0.9564986361489053
115,0.5,2,1,1.2451126729394404,2,0.0005954870574073919,0.0004210729364015897,5.0,0.9,0.9639029446198175,1.2917407088433968,1.2917407088433968
115,0.5,3,0,0.6980565763091944,5,0.025688550008332534,0.011488268812406867,1.0,0.4,0.6816515343569989,1.0240666104678695,1.0240666104678695
115,0.9,1,0,0.6757704330379596,3,0.028318456516278675,0.016349668492708205,1.0,0.4,0.6816515343569989,0.991372275975896,0.991372275975896
115,0.9,1,1,0.9625285094609662,2,0.40863245001532206,0.28894677641870714,5.0,0.9,0.9639029446198175,0.9985740938270571,0.9985740938270571
115,0.9,2,0,0.6667064192076736,5,0.026951709719236185,0.012053171008410775,1.0,0.4,0.6816515343569989,0.9780751389881004,0.9780751389881004
115,0.9,3,0,0.6986483802744174,5,0.024786465283191478,0.011084844259030944,1.0,0.4,0.6816515343569989,1.0249348018169602,1.0249348018169602
116,0.1,1,1,3.2971641297553687,5,0.5579727838775742,0.24953301486901092,5.0,0.9,3.5548594036968324,0.9275090109967565,0.9275090109967565
116,0.1,2,1,4.2905351326597785,5,0.5109458455781409,0.2285019287067667,5.0,0.9,3.5548594036968324,1.2069493179386754,1.2069493179386754
116,0.1,3,0,2.9929818484090114,3,0.12932865469473237,0.0746679336019359,1.0,0.4,3.708241914896785,0.8071161259424785,0.8071161259424785
116,0.1,3,1,2.4960635269231357,2,0.12675853630253572,0.08963182059280417,5.0,0.9,3.5548594036968324,0.702155343844931,0.702155343844931
116,0.5,1,1,3.5944385275877173,5,1.0317849447560457,0.4614282549270766,5.0,0.9,3.5548594036968324,1.0111338085128556,1.0111338085128556
116,0.5,2,0,3.9730508302990017,3,0.9753236663398519,0.5631033813083263,1.0,0.4,3.708241914896785,1.071410906159715,1.071410906159715
116,0.5,2,1,3.5508012556295565,2,0.48600913626296366,0.34366035597015837,5.0,0.9,3.5548594036968324,0.9988584223434953,0.9988584223434953
116,0.5,3,0,3.0806063525690157,5,0.5084119507588285,0.22736873649400324,1.0,0.4,3.708241914896785,0.8307457882382415,0.8307457882382415
116,0.9,1,0,4.780578898225958,1,,,1.0,0.4,3.708241914896785,1.289176652424258,1.289176652424258
116,0.9,1,1,4.026306908970615,4,0.5405713264490196,0.2702856632245098,5.0,0.9,3.5548594036968324,1.1326205770004594,1.1326205770004594
116,0.9,2,0,3.7042814806888162,4,0.3816242051952888,0.1908121025976444,1.0,0.4,3.708241914896785,0.9989319914129499,0.9989319914129499
116,0.9,2,1,3.134134210727676,1,,,5.0,0.9,3.5548594036968324,0.8816478669925375,0.8816478669925375
116,0.9,3,0,3.717952079188907,4,0.8552202766742059,0.42761013833710293,1.0,0.4,3.708241914896785,1.0026185358223567,1.0026185358223567
116,0.9,3,1,4.049431537320811,1,,,5.0,0.9,3.5548594036968324,1.139125652370289,1.139125652370289
117,0.1,1,1,1.0233238242261171,5,0.05319706060481339,0.02379044874310776,5.0,0.9,1.0300193404344498,0.9934996208852656,0.9934996208852656
117,0.1,2,1,1.02811877464135,5,0.05110560538792735,0.02285512153573701,5.0,0.9,1.0300193404344498,0.9981548251392075,0.9981548251392075
117,0.1,3,1,1.013847965252155,5,0.028010093839520418,0.012526494776263148,5.0,0.9,1.0300193404344498,0.984299930547446,0.984299930547446
117,0.5,1,0,1.0405827385960125,3,0.07482918869661674,0.04320265223723298,1.0,0.4,1.0344307835374482,1.005947188692052,1.005947188692052
117,0.5,1,1,1.0547867976181773,2,0.0006722369511509368,0.00047534330672299724,5.0,0.9,1.0300193404344498,1.0240456234280815,1.0240456234280815
117,0.5,2,0,1.0246523615670413,5,0.038100796984015924,0.017039194410635713,1.0,0.4,1.0344307835374482,0.9905470504880302,0.9905470504880302
117,0.5,3,0,1.0328695222214106,5,0.047987372756888615,0.021460605509204884,1.0,0.4,1.0344307835374482,0.9984907048969497,0.9984907048969497
117,0.9,1,0,1.0006651272780656,5,0.04914879885638052,0.021980011051066152,1.0,0.4,1.0344307835374482,0.9673582256089537,0.9673582256089537
117,0.9,2,0,1.0642005078311167,5,0.03290067032186358,0.014713627068999369,1.0,0.4,1.0344307835374482,1.028778846074036,1.028778846074036
117,0.9,3,0,1.0436144437310424,5,0.03186642532391758,0.014251098644840091,1.0,0.4,1.0344307835374482,1.0088779842399787,1.0088779842399787
118,0.1,1,1,1.0044456367792225,5,0.08802651560246678,0.039366654541912315,5.0,0.9,1.0180607418191305,0.9866264315274748,0.9866264315274748
118,0.1,2,1,1.0098596252191416,5,0.015834122719255876,0.0070812349528659915,5.0,0.9,1.0180607418191305,0.9919443739817188,0.9919443739817188
118,0.1,3,1,0.9901049185635973,5,0.049891032523305325,0.022311948037952712,5.0,0.9,1.0180607418191305,0.972540122502337,0.972540122502337
118,0.5,1,0,1.0491619830124226,4,0.04292448974393053,0.021462244871965266,1.0,0.4,1.0473514944923619,1.0017286350662422,1.0017286350662422
118,0.5,1,1,1.0678327867145607,1,,,5.0,0.9,1.0180607418191305,1.0488890719884696,1.0488890719884696
118,0.5,2,0,1.0699840710823612,5,0.07632200856505393,0.03413223986615635,1.0,0.4,1.0473514944923619,1.0216093419535044,1.0216093419535044
118,0.5,3,0,1.049782027300623,5,0.051490853209542706,0.023027409599200143,1.0,0.4,1.0473514944923619,1.0023206467179762,1.0023206467179762
118,0.9,1,0,1.007846322258875,5,0.07332351030500409,0.032791270678179094,1.0,0.4,1.0473514944923619,0.9622808842673829,0.9622808842673829
118,0.9,2,0,1.0645759432802175,5,0.05813610246250193,0.025999255410609445,1.0,0.4,1.0473514944923619,1.0164457193964325,1.0164457193964325
118,0.9,3,0,1.0427586200196721,5,0.05237828509199521,0.02342428120211302,1.0,0.4,1.0473514944923619,0.995614772598462,0.995614772598462
119,0.1,1,0,0.9075029415937179,1,,,1.0,0.4,0.6541681827473204,1.3872624281151424,1.3872624281151424
119,0.1,1,1,0.7034444796081541,4,0.1795434976094002,0.0897717488047001,5.0,0.9,0.7548381660092461,0.9319142980371471,0.9319142980371471
119,0.1,2,0,0.5503856230323007,3,0.24016759515965813,0.1386608257160537,1.0,0.4,0.6541681827473204,0.8413518687516068,0.8413518687516068
119,0.1,2,1,0.7973770333999367,2,0.018654075365073,0.013190423187408038,5.0,0.9,0.7548381660092461,1.0563549503804097,1.0563549503804097
119,0.1,3,0,0.4268222789558693,1,,,1.0,0.4,0.6541681827473204,0.6524656658832552,0.6524656658832552
119,0.1,3,1,0.8807284883449562,4,0.037336223310832764,0.018668111655416382,5.0,0.9,0.7548381660092461,1.166777897574098,1.166777897574098
119,0.5,1,0,0.8141929113401047,1,,,1.0,0.4,0.6541681827473204,1.2446232219988536,1.2446232219988536
119,0.5,1,1,0.6408984970540027,4,0.2469070705517726,0.1234535352758863,5.0,0.9,0.7548381660092461,0.8490541759995641,0.8490541759995641
119,0.5,2,1,0.7350420327997288,5,0.2060504148681112,0.092148546887426,5.0,0.9,0.7548381660092461,0.9737743345515006,0.9737743345515006
119,0.5,3,0,0.4169478054266122,1,,,1.0,0.4,0.6541681827473204,0.6373709642611323,0.6373709642611323
119,0.5,3,1,0.7715384648486983,4,0.12819411346897217,0.06409705673448608,5.0,0.9,0.7548381660092461,1.0221243434572802,1.0221243434572802
119,0.9,1,0,0.5339155217772317,5,0.1700338119667507,0.07604143240621435,1.0,0.4,0.6541681827473204,0.8161747022530785,0.8161747022530785
119,0.9,2,0,0.8420382677732065,5,0.5625082728229874,0.25156134718763945,1.0,0.4,0.6541681827473204,1.2871892733102444,1.2871892733102444
119,0.9,3,0,0.7415401120795199,5,0.19516108090407622,0.0872786886927701,1.0,0.4,0.6541681827473204,1.1335618754266865,1.1335618754266865
120,0.1,1,1,0.9156877446584026,5,0.05654185720817872,0.02528628725831482,5.0,0.9,0.9257377286154642,0.9891438107723098,0.9891438107723098
120,0.1,2,0,0.7745076943346063,2,0.18674409184583518,0.1320480136907135,1.0,0.4,0.7870923843067257,0.984011165368848,0.984011165368848
120,0.1,2,1,0.9258856910249817,3,0.019588587488377895,0.011309476259459514,5.0,0.9,0.9257377286154642,1.000159831888605,1.000159831888605
120,0.1,3,0,0.6093497671104047,1,,,1.0,0.4,0.7870923843067257,0.7741782022794218,0.7741782022794218
120,0.1,3,1,0.9401931632008769,4,0.01625026484736143,0.008125132423680716,5.0,0.9,0.9257377286154642,1.0156150431581008,1.0156150431581008
120,0.5,1,0,0.9237930390916747,5,0.03891135169697885,0.0174016854981693,1.0,0.4,0.7870923843067257,1.1736780300642287,1.1736780300642287
120,0.5,2,0,0.7910048303118192,4,0.18612855323892086,0.09306427661946043,1.0,0.4,0.7870923843067257,1.0049707583037277,1.0049707583037277
120,0.5,2,1,0.9211843155775956,1,,,5.0,0.9,0.9257377286154642,0.9950813141809844,0.9950813141809844
120,0.5,3,0,0.7830859414921209,5,0.14669671607140253,0.06560476584232838,1.0,0.4,0.7870923843067257,0.9949098188541949,0.9949098188541949
120,0.9,1,0,0.7413760889257024,5,0.1736713923021172,0.07766820778691355,1.0,0.4,0.7870923843067257,0.941917497497717,0.941917497497717
120,0.9,2,0,0.7468494032152698,5,0.1681393751621171,0.07519421451136671,1.0,0.4,0.7870923843067257,0.9488713372231368,0.9488713372231368
120,0.9,3,0,0.9267723099722076,5,0.20403274348209982,0.09124621681235047,1.0,0.4,0.7870923843067257,1.1774631904087252,1.1774631904087252
121,0.1,1,0,0.9353428494516878,2,0.028189952375431402,0.019933306485993365,1.0,0.4,1.0499487892445434,0.8908461622444305,0.8908461622444305
121,0.1,1,1,1.115828686260688,3,0.08717575355766118,0.05033094478332416,5.0,0.9,1.0625519472156433,1.0501403617815144,1.0501403617815144
121,0.1,2,0,0.9751852924283047,5,0.12263648767442004,0.05484470459236366,1.0,0.4,1.0499487892445434,0.9287931967900717,0.9287931967900717
121,0.1,3,0,1.0334451647815395,5,0.1341702760319879,0.06000277155348713,1.0,0.4,1.0499487892445434,0.9842814957909722,0.9842814957909722
121,0.5,1,1,1.0067567544036011,4,0.18836153505118935,0.09418076752559468,5.0,0.9,1.0625519472156433,0.9474894446730343,0.9474894446730343
121,0.5,2,0,1.0364779483769677,5,0.09711904574882799,0.043432957640858263,1.0,0.4,1.0499487892445434,0.9871700019986039,0.9871700019986039
121,0.5,3,0,0.9733964321582793,5,0.1040366755842778,0.046526615751907564,1.0,0.4,1.0499487892445434,0.9270894372464158,0.9270894372464158
121,0.9,1,0,1.1382290684374572,2,0.2800993653709881,0.1980601606598741,1.0,0.4,1.0499487892445434,1.084080557163586,1.084080557163586
121,0.9,1,1,1.044989717368377,3,0.11385111512062054,0.06573197196242934,5.0,0.9,1.0625519472156433,0.9834716505924374,0.9834716505924374
121,0.9,2,0,1.1111454485193861,4,0.0741900087452444,0.0370950043726222,1.0,0.4,1.0499487892445434,1.0582853753456631,1.0582853753456631
121,0.9,2,1,1.0826326308299066,1,,,5.0,0.9,1.0625519472156433,1.0188985429530137,1.0188985429530137
121,0.9,3,0,1.1963681098027252,5,0.07141733074852584,0.031938801265057944,1.0,0.4,1.0499487892445434,1.1394537734202572,1.1394537734202572
122,0.1,1,1,0.8676223942601373,5,0.14060907645466653,0.06288229064121989,5.0,0.9,0.9397018288676225,0.9232954194690205,0.9232954194690205
122,0.1,2,0,1.0132220395878468,1,,,1.0,0.4,0.9510296138417179,1.0653948361238725,1.0653948361238725
122,0.1,2,1,1.0288653783946766,4,0.07216042263709226,0.03608021131854613,5.0,0.9,0.9397018288676225,1.094884937740836,1.094884937740836
122,0.1,3,1,0.9965074761398501,5,0.11032271185127253,0.0493378166323134,5.0,0.9,0.9397018288676225,1.0604507148194875,1.0604507148194875
122,0.5,1,0,0.817474272371846,2,0.054311702564519,0.038404173181158185,1.0,0.4,0.9510296138417179,0.8595676312009146,0.8595676312009146
122,0.5,1,1,0.9512288303314986,3,0.1805146711136711,0.10422019396015476,5.0,0.9,0.9397018288676225,1.012266658539727,1.012266658539727
122,0.5,2,0,0.9242069679128828,5,0.13527807864299676,0.06049819594226065,1.0,0.4,0.9510296138417179,0.9717962032533518,0.9717962032533518
122,0.5,3,0,0.9729883517014912,4,0.11925108754001172,0.05962554377000586,1.0,0.4,0.9510296138417179,1.0230894364803953,1.0230894364803953
122,0.5,3,1,0.8916644838633214,1,,,5.0,0.9,0.9397018288676225,0.9488802261221647,0.9488802261221647
122,0.9,1,0,1.0297594518402045,4,0.022819199654820394,0.011409599827410197,1.0,0.4,0.9510296138417179,1.0827837922737806,1.0827837922737806
122,0.9,1,1,0.8930663300818127,1,,,5.0,0.9,0.9397018288676225,0.9503720250901209,0.9503720250901209
122,0.9,2,0,1.0660125151375262,3,0.14601195976208325,0.08430004427354358,1.0,0.4,0.9510296138417179,1.1209035971354568,1.1209035971354568
122,0.9,2,1,0.9489579090020605,2,0.13602501201917566,0.09618420840974073,5.0,0.9,0.9397018288676225,1.0098500182186427,1.0098500182186427
122,0.9,3,0,0.8335436983402282,5,0.3521913405263062,0.15750475570071942,1.0,0.4,0.9510296138417179,0.8764645035322285,0.8764645035322285
123,0.1,1,0,1.04205496138416,3,0.006944424380322019,0.004009365285345918,1.0,0.4,0.9354320745798628,1.1139825003885884,1.1139825003885884
123,0.1,1,1,1.0189477509603813,2,0.004385220399740207,0.0031008190816538828,5.0,0.9,1.0089558355461627,1.0099032237707508,1.0099032237707508
123,0.1,2,0,0.6613473340094878,3,0.25357507600401047,0.14640163839069525,1.0,0.4,0.9354320745798628,0.7069966403563009,0.7069966403563009
123,0.1,2,1,0.9590163819850814,2,0.00944654509212832,0.006679716093428434,5.0,0.9,1.0089558355461627,0.9505038260331302,0.9505038260331302
123,0.1,3,0,1.003138240959843,4,0.08553665471722702,0.04276832735861351,1.0,0.4,0.9354320745798628,1.0723795647165397,1.0723795647165397
123,0.1,3,1,0.9884766214177979,1,,,5.0,0.9,1.0089558355461627,0.9797025663494189,0.9797025663494189
123,0.5,1,0,0.9058488080130597,3,0.0919710346995219,0.053099501641417385,1.0,0.4,0.9354320745798628,0.9683747571088045,0.9683747571088045
123,0.5,1,1,1.121729211247565,2,0.014304259162978214,0.010114638653991703,5.0,0.9,1.0089558355461627,1.1117723608192982,1.1117723608192982
123,0.5,2,0,1.0095706861832172,3,0.01803943765947488,0.010415074188727294,1.0,0.4,0.9354320745798628,1.0792560075905595,1.0792560075905595
123,0.5,2,1,1.0291629859620106,2,0.010101938752972826,0.0071431493953582606,5.0,0.9,1.0089558355461627,1.0200277848682142,1.0200277848682142
123,0.5,3,0,0.9405358124700236,4,0.07752590458737042,0.03876295229368521,1.0,0.4,0.9354320745798628,1.0054560219056559,1.0054560219056559
123,0.5,3,1,1.0475703324808183,1,,,5.0,0.9,1.0089558355461627,1.0382717415116123,1.0382717415116123
123,0.9,1,0,0.9079365727530309,5,0.26359064748427974,0.11788132120160667,1.0,0.4,0.9354320745798628,0.9706066291994733,0.9706066291994733
123,0.9,2,0,1.0383315699234683,5,0.09277741535143832,0.04149132150050972,1.0,0.4,0.9354320745798628,1.1100021029210716,1.1100021029210716
123,0.9,3,0,0.9101246855224752,4,0.26418916263643377,0.13209458131821689,1.0,0.4,0.9354320745798628,0.9729457758130069,0.9729457758130069
123,0.9,3,1,0.8977875647694842,1,,,5.0,0.9,1.0089558355461627,0.8898184966475747,0.8898184966475747
124,0.1,1,0,1.0258287325494009,2,0.050949027774418114,0.0360264030341528,1.0,0.4,1.044955601854829,0.9816959981156355,0.9816959981156355
124,0.1,1,1,1.0232112439942878,2,0.007807765567064925,0.0055209239783864375,5.0,0.9,1.099373149063115,0.9307224256534442,0.9307224256534442
124,0.1,2,1,1.0294600602770227,5,0.052525811158929646,0.023490256864936738,5.0,0.9,1.099373149063115,0.93640640682768,0.93640640682768
124,0.1,3,0,1.0397153488346524,2,0.0010980606267153347,0.0007764461153043634,1.0,0.4,1.044955601854829,0.9949851907479371,0.9949851907479371
124,0.1,3,1,0.9981732573237602,3,0.11455094578341782,0.0661360193839825,5.0,0.9,1.099373149063115,0.9079476410483581,0.9079476410483581
124,0.5,1,0,1.0517065401085377,2,0.026365508458480243,0.018643229820422654,1.0,0.4,1.044955601854829,1.0064605024765891,1.0064605024765891
124,0.5,1,1,1.1686171113229022,3,0.2021610965480021,0.11671776351165894,5.0,0.9,1.099373149063115,1.062984949485802,1.062984949485802
124,0.5,2,0,1.046545729058952,4,0.03215855026652728,0.01607927513326364,1.0,0.4,1.044955601854829,1.0015217174790014,1.0015217174790014
124,0.5,2,1,1.0534988455922887,1,,,5.0,0.9,1.099373149063115,0.9582723086243099,0.9582723086243099
124,0.5,3,0,1.0596989121289355,5,0.016681780751540653,0.007460319149238485,1.0,0.4,1.044955601854829,1.0141090303242901,1.0141090303242901
124,0.9,1,0,1.0092000649040804,4,0.02924648254614159,0.014623241273070796,1.0,0.4,1.044955601854829,0.9657827214024391,0.9657827214024391
124,0.9,1,1,1.389246696245408,1,,,5.0,0.9,1.099373149063115,1.263671663646982,1.263671663646982
124,0.9,2,0,1.0428839010271356,4,0.01605863576707008,0.00802931788353504,1.0,0.4,1.044955601854829,0.9980174269375502,0.9980174269375502
124,0.9,2,1,1.0334048286861353,1,,,5.0,0.9,1.099373149063115,0.9399946047134243,0.9399946047134243
124,0.9,3,0,1.0840655862269375,5,0.04996774733244823,0.022346255943577604,1.0,0.4,1.044955601854829,1.0374274125165577,1.0374274125165577
125,0.1,1,0,0.8962765618613614,3,0.057835892673435724,0.03339156820383042,1.0,0.4,0.9397308714409834,0.9537587718992468,0.9537587718992468
125,0.1,1,1,0.9319716187987315,2,0.04417597736252586,0.03123713315858545,5.0,0.9,0.9706376216097512,0.9601643270874931,0.9601643270874931
125,0.1,2,0,0.8880180802567926,5,0.11109259238760265,0.04968211767507103,1.0,0.4,0.9397308714409834,0.9449706370666588,0.9449706370666588
125,0.1,3,0,0.9036675753445647,5,0.036152132850259595,0.016167725316956736,1.0,0.4,0.9397308714409834,0.9616238040141011,0.9616238040141011
125,0.5,1,0,0.9361815284141696,3,0.0882027681333001,0.05092389192503096,1.0,0.4,0.9397308714409834,0.9962230217877472,0.9962230217877472
125,0.5,1,1,1.009303624420771,2,0.11658636004743535,0.08243900578339791,5.0,0.9,0.9706376216097512,1.039835672912507,1.039835672912507
125,0.5,2,0,0.9602566652582585,5,0.01914141662401802,0.008560301751389764,1.0,0.4,0.9397308714409834,1.021842204444982,1.021842204444982
125,0.5,3,0,0.9202078148722425,5,0.055519333246023844,0.024829000640714673,1.0,0.4,0.9397308714409834,0.9792248428118528,0.9792248428118528
125,0.9,1,0,0.9993229888611885,5,0.1052741100657346,0.047080013275555485,1.0,0.4,0.9397308714409834,1.0634140254739386,1.0634140254739386
125,0.9,2,0,0.9330449438937046,5,0.042700252153500685,0.019096133294321863,1.0,0.4,0.9397308714409834,0.9928852741242536,0.9928852741242536
125,0.9,3,0,1.0206016842065688,5,0.05947211173632607,0.026596736921577626,1.0,0.4,0.9397308714409834,1.0860574183772191,1.0860574183772191
126,0.1,1,0,0.5891703359484584,1,,,1.0,0.4,0.9225186724741824,0.6386541037357126,0.6386541037357126
126,0.1,1,1,1.0483395175310717,4,0.051073601988078116,0.025536800994039058,5.0,0.9,1.032456548133044,1.015383668617094,1.015383668617094
126,0.1,2,0,0.801346422555504,1,,,1.0,0.4,0.9225186724741824,0.8686506262321,0.8686506262321
126,0.1,2,1,0.9319580421000947,4,0.111571824823029,0.0557859124115145,5.0,0.9,1.032456548133044,0.9026607887618346,0.9026607887618346
126,0.1,3,0,0.9328411214297985,2,0.10229985296950839,0.07233691974912615,1.0,0.4,0.9225186724741824,1.0111894200774618,1.0111894200774618
126,0.1,3,1,1.04836376124691,3,0.0916450447559997,0.05291129125977173,5.0,0.9,1.032456548133044,1.0154071502017499,1.0154071502017499
126,0.5,1,0,0.9689052636298804,3,0.1737663127596274,0.10032402744785958,1.0,0.4,0.9225186724741824,1.0502825498710935,1.0502825498710935
126,0.5,1,1,1.1517235401920627,2,0.09731252912311492,0.06881034923736795,5.0,0.9,1.032456548133044,1.1155176867004089,1.1155176867004089
126,0.5,2,0,0.9471842651348457,4,0.2487960231657869,0.12439801158289344,1.0,0.4,0.9225186724741824,1.0267372286292162,1.0267372286292162
126,0.5,2,1,1.0005862810240376,1,,,5.0,0.9,1.032456548133044,0.969131614142371,0.969131614142371
126,0.5,3,0,0.9985912842959108,2,0.01109645487395094,0.007846378488501225,1.0,0.4,0.9225186724741824,1.082461866725909,1.082461866725909
126,0.5,3,1,1.013768146704088,3,0.02214706254451508,0.01278661252183526,5.0,0.9,1.032456548133044,0.9818990915765416,0.9818990915765416
126,0.9,1,0,0.9641102895493244,5,0.1489538849056306,0.06661420243233397,1.0,0.4,0.9225186724741824,1.0450848511972055,1.0450848511972055
126,0.9,2,0,1.0026320591864848,5,0.15400999936123186,0.06887536555728273,1.0,0.4,0.9225186724741824,1.0868420218502888,1.0868420218502888
126,0.9,3,0,1.0978870105374336,5,0.1494418874050954,0.06683244378473259,1.0,0.4,0.9225186724741824,1.1900973316810117,1.1900973316810117
127,0.1,1,1,0.8998147436977053,5,0.056891259691167886,0.025442544799009016,5.0,0.9,0.9106803091653761,0.988068737889338,0.988068737889338
127,0.1,2,0,0.8985608985608986,1,,,1.0,0.4,0.9628086634716106,0.933270474863559,0.933270474863559
127,0.1,2,1,0.8931016659201408,4,0.05827156673787006,0.02913578336893503,5.0,0.9,0.9106803091653761,0.9806972402188581,0.9806972402188581
127,0.1,3,0,0.918297032137843,2,0.02064963914839047,0.014601499870882105,1.0,0.4,0.9628086634716106,0.9537689750596223,0.9537689750596223
127,0.1,3,1,0.9650634879520753,3,0.06171832574999297,0.03563309198569145,5.0,0.9,0.9106803091653761,1.0597170908818052,1.0597170908818052
127,0.5,1,0,0.9595640059824762,2,0.07271946031884008,0.051420423515677875,1.0,0.4,0.9628086634716106,0.9966300080044614,0.9966300080044614
127,0.5,1,1,0.9329032897251021,3,0.10040104247578206,0.05796656890031183,5.0,0.9,0.9106803091653761,1.0244026145465832,1.0244026145465832
127,0.5,2,0,1.0384868921454287,1,,,1.0,0.4,0.9628086634716106,1.078601524420173,1.078601524420173
127,0.5,2,1,0.7708330047532773,4,0.2887902654394927,0.14439513271974636,5.0,0.9,0.9106803091653761,0.8464364464624621,0.8464364464624621
127,0.5,3,0,0.9570556526332525,4,0.05280796708962181,0.026403983544810904,1.0,0.4,0.9628086634716106,0.9940247620772186,0.9940247620772186
127,0.5,3,1,0.8842068905966669,1,,,5.0,0.9,0.9106803091653761,0.9709300637092158,0.9709300637092158
127,0.9,1,0,0.940754121733997,4,0.06493164368203025,0.032465821841015124,1.0,0.4,0.9628086634716106,0.9770935362607859,0.9770935362607859
127,0.9,1,1,1.028839081512665,1,,,5.0,0.9,0.9106803091653761,1.1297478062917374,1.1297478062917374
127,0.9,2,0,0.960460395335977,5,0.09228363646930808,0.04127049687125031,1.0,0.4,0.9628086634716106,0.9975610230519049,0.9975610230519049
127,0.9,3,0,1.0292903092430117,5,0.0923709623504076,0.04130955019251703,1.0,0.4,0.9628086634716106,1.0690496962622744,1.0690496962622744
128,0.1,1,1,0.9621578590761833,5,0.07487136814341927,0.03348349374741954,5.0,0.9,0.9142581077259151,1.0523919349967943,1.0523919349967943
128,0.1,2,1,0.9639765577993471,5,0.10882713591442202,0.04866897474025127,5.0,0.9,0.9142581077259151,1.0543811967903676,1.0543811967903676
128,0.1,3,0,0.5951109796704371,1,,,1.0,0.4,0.752380427726772,0.7909708409992724,0.7909708409992724
128,0.1,3,1,0.8831466104874556,4,0.019450677234166457,0.009725338617083228,5.0,0.9,0.9142581077259151,0.9659707723939743,0.9659707723939743
128,0.5,1,0,0.8930751787894645,1,,,1.0,0.4,0.752380427726772,1.1869994830777097,1.1869994830777097
128,0.5,1,1,0.9469369947353597,4,0.15989618568189,0.079948092840945,5.0,0.9,0.9142581077259151,1.0357436119333179,1.0357436119333179
128,0.5,2,0,0.760869733751711,3,0.2369057362677946,0.13677759060677772,1.0,0.4,0.752380427726772,1.0112832627113764,1.0112832627113764
128,0.5,2,1,0.943259058905084,2,0.12626840469788317,0.0892852452114805,5.0,0.9,0.9142581077259151,1.0317207481498902,1.0317207481498902
128,0.5,3,0,0.5865552855302303,2,0.011971499256887166,0.00846512830551463,1.0,0.4,0.752380427726772,0.7795993408579717,0.7795993408579717
128,0.5,3,1,1.0007038264301025,3,0.05609658102019199,0.0323873761526255,5.0,0.9,0.9142581077259151,1.094552859825557,1.094552859825557
128,0.9,1,0,0.7940063463788947,4,0.08686464039316745,0.043432320196583725,1.0,0.4,0.752380427726772,1.0553256266618876,1.0553256266618876
128,0.9,1,1,0.9359290741248514,1,,,5.0,0.9,0.9142581077259151,1.0237033352133345,1.0237033352133345
128,0.9,2,0,0.7411255924458258,4,0.1414186389066797,0.07070931945333984,1.0,0.4,0.752380427726772,0.9850410312839325,0.9850410312839325
128,0.9,2,1,0.6779548802489366,1,,,5.0,0.9,0.9142581077259151,0.7415355406967638,0.7415355406967638
128,0.9,3,0,0.8959198775208417,5,0.15567744054769206,0.0696210679255643,1.0,0.4,0.752380427726772,1.1907804144078509,1.1907804144078509
129,0.1,1,0,0.6725708181910592,4,0.03296319891862658,0.01648159945931329,1.0,0.4,0.6862711809178677,0.9800365174762481,0.9800365174762481
129,0.1,1,1,0.7126638770237237,1,,,5.0,0.9,0.7606002049583201,0.9369756573530988,0.9369756573530988
129,0.1,2,0,0.6995348774410376,4,0.0518754609715342,0.0259377304857671,1.0,0.4,0.6862711809178677,1.0193271943977453,1.0193271943977453
129,0.1,2,1,0.7477659215174391,1,,,5.0,0.9,0.7606002049583201,0.9831261109881185,0.9831261109881185
129,0.1,3,0,0.6981258148151263,5,0.021024657017836,0.00940251245909986,1.0,0.4,0.6862711809178677,1.0172739788976763,1.0172739788976763
129,0.5,1,0,0.6257178997681523,4,0.13912246556215752,0.06956123278107876,1.0,0.4,0.6862711809178677,0.9117647908969059,0.9117647908969059
129,0.5,1,1,0.7355218570416737,1,,,5.0,0.9,0.7606002049583201,0.967028213043907,0.967028213043907
129,0.5,2,0,0.7043131719611887,4,0.12027601301495548,0.06013800650747774,1.0,0.4,0.6862711809178677,1.0262898859007752,1.0262898859007752
129,0.5,2,1,0.8336725555646015,1,,,5.0,0.9,0.7606002049583201,1.09607195755395,1.09607195755395
129,0.5,3,0,0.7129261926575917,4,0.17486769017612636,0.08743384508806318,1.0,0.4,0.6862711809178677,1.0388403483650206,1.0388403483650206
129,0.5,3,1,0.7952233846917958,1,,,5.0,0.9,0.7606002049583201,1.0455208656371227,1.0455208656371227
129,0.9,1,0,0.6703051556432243,3,0.005898036276925585,0.003405232832173165,1.0,0.4,0.6862711809178677,0.9767351074639485,0.9767351074639485
129,0.9,1,1,0.7387536339106865,2,0.01914905527006077,0.013540426834775965,5.0,0.9,0.7606002049583201,0.9712771954238024,0.9712771954238024
129,0.9,2,0,0.6693408826110296,5,0.00897159565962627,0.00401221955231328,1.0,0.4,0.6862711809178677,0.9753300170871313,0.9753300170871313
129,0.9,3,0,0.7236058151723992,5,0.11186246023637689,0.05002641304378118,1.0,0.4,0.6862711809178677,1.0544021595145487,1.0544021595145487
130,0.1,1,0,0.8634266127731026,3,0.06509846164335645,0.03758461435362238,1.0,0.4,0.8730940820859799,0.9889273452755745,0.9889273452755745
130,0.1,1,1,0.8486149152120841,2,0.05560707129515393,0.039320137194727156,5.0,0.9,0.8386305788121048,1.0119055239007881,1.0119055239007881
130,0.1,2,0,0.8898925811819585,2,0.002768363742548817,0.001957528775147238,1.0,0.4,0.8730940820859799,1.01924019351482,1.01924019351482
130,0.1,2,1,0.8088921749451353,3,0.036501006306772374,0.021073865816907258,5.0,0.9,0.8386305788121048,0.9645393280208158,0.9645393280208158
130,0.1,3,0,0.8162337108928067,4,0.11063103979172202,0.05531551989586101,1.0,0.4,0.8730940820859799,0.9348748635916493,0.9348748635916493
130,0.1,3,1,0.8079553145856968,1,,,5.0,0.9,0.8386305788121048,0.9634221968511348,0.9634221968511348
130,0.5,1,0,0.8743528890683161,4,0.04465165402051955,0.022325827010259775,1.0,0.4,0.8730940820859799,1.0014417770182666,1.0014417770182666
130,0.5,1,1,0.8887153116795764,1,,,5.0,0.9,0.8386305788121048,1.0597220446437992,1.0597220446437992
130,0.5,2,0,0.8723068914353799,4,0.020180754188527217,0.010090377094263608,1.0,0.4,0.8730940820859799,0.9990983896618343,0.9990983896618343
130,0.5,2,1,0.8871561620099633,1,,,5.0,0.9,0.8386305788121048,1.057862883161968,1.057862883161968
130,0.5,3,0,0.8502777866202822,5,0.06305438264875411,0.028198777176379485,1.0,0.4,0.8730940820859799,0.9738673117435575,0.9738673117435575
130,0.9,1,0,0.8744230924996266,4,0.04537222770244446,0.02268611385122223,1.0,0.4,0.8730940820859799,1.0015221846544549,1.0015221846544549
130,0.9,1,1,0.7904495944401733,1,,,5.0,0.9,0.8386305788121048,0.9425480234214946,0.9425480234214946
130,0.9,2,0,0.8851742907452284,5,0.07501787954005115,0.033549015635889,1.0,0.4,0.8730940820859799,1.013836090413517,1.013836090413517
130,0.9,3,0,0.9317588835571184,5,0.02658501837517744,0.011889181653995553,1.0,0.4,0.8730940820859799,1.0671918441263255,1.0671918441263255
131,0.1,1,0,1.2810447455926688,2,0.578411591678234,0.4089987587925836,1.0,0.4,0.953666225284417,1.3432841717872686,1.3432841717872686
131,0.1,1,1,0.7768294558870606,3,0.17108620725832832,0.09877666781522797,5.0,0.9,0.966888740743891,0.803432104597055,0.803432104597055
131,0.1,2,0,0.5859345776516309,2,0.002167950516022152,0.0015329725111561388,1.0,0.4,0.953666225284417,0.6144021483794129,0.6144021483794129
131,0.1,2,1,0.8712249391891363,3,0.00582886834550886,0.003365298708350429,5.0,0.9,0.966888740743891,0.9010601762916857,0.9010601762916857
131,0.1,3,0,1.2834545767356242,2,0.5753796114197887,0.40685482499141323,1.0,0.4,0.953666225284417,1.3458110843265447,1.3458110843265447
131,0.1,3,1,0.7806029246687677,3,0.17434497905072904,0.10065812058679809,5.0,0.9,0.966888740743891,0.8073347964194915,0.8073347964194915
131,0.5,1,1,0.8839946400689043,5,0.015188367126717424,0.006792444272512664,5.0,0.9,0.966888740743891,0.9142671776163089,0.9142671776163089
131,0.5,2,0,0.8909201949794474,1,,,1.0,0.4,0.953666225284417,0.9342054603157866,0.9342054603157866
131,0.5,2,1,1.0897004996690671,4,0.4070578852672495,0.20352894263362475,5.0,0.9,0.966888740743891,1.12701746721209,1.12701746721209
131,0.5,3,0,0.8762660693006435,4,0.010504442274352334,0.005252221137176167,1.0,0.4,0.953666225284417,0.9188393654596607,0.9188393654596607
131,0.5,3,1,0.895897811655858,1,,,5.0,0.9,0.966888740743891,0.9265779752141752,0.9265779752141752
131,0.9,1,1,1.0395443322665001,5,0.33472747255005647,0.14969467651172422,5.0,0.9,0.966888740743891,1.0751436938511771,1.0751436938511771
131,0.9,2,0,0.8814905281733713,1,,,1.0,0.4,0.953666225284417,0.9243176541252466,0.9243176541252466
131,0.9,2,1,1.4829296298888017,4,0.41925083713071803,0.20962541856535902,5.0,0.9,0.966888740743891,1.533712791761218,1.533712791761218
131,0.9,3,0,0.876552884557533,2,0.006573887862943943,0.004648440686647604,1.0,0.4,0.953666225284417,0.91914011560608,0.91914011560608
131,0.9,3,1,0.881274433400923,3,0.009831100717580346,0.005675988645725337,5.0,0.9,0.966888740743891,0.9114538170367986,0.9114538170367986
132,0.1,1,0,0.7258914203141726,5,0.06523633876151179,0.02917457761478896,1.0,0.4,0.8172530353018166,0.8882089009875582,0.8882089009875582
132,0.1,2,0,0.7625820126810127,5,0.11058229529641354,0.049453905878147186,1.0,0.4,0.8172530353018166,0.9331039222134996,0.9331039222134996
132,0.1,3,0,0.8425242194765182,5,0.15116049375654272,0.0676010279104124,1.0,0.4,0.8172530353018166,1.0309221050067667,1.0309221050067667
132,0.5,1,0,0.7266066925561583,5,0.02479655055321909,0.01108935452890158,1.0,0.4,0.8172530353018166,0.8890841161425824,0.8890841161425824
132,0.5,2,0,0.7885648758117328,5,0.11657893245162959,0.05213568354123999,1.0,0.4,0.8172530353018166,0.9648968455901923,0.9648968455901923
132,0.5,3,0,0.7642244425948053,5,0.13754888359566472,0.0615137307898224,1.0,0.4,0.8172530353018166,0.9351136179170904,0.9351136179170904
132,0.9,1,0,0.8204325533160779,5,0.15516537442992265,0.06939206499590295,1.0,0.4,0.8172530353018166,1.0038904939803461,1.0038904939803461
132,0.9,2,0,1.0512018929726117,5,0.003133943118343133,0.0014015419700465826,1.0,0.4,0.8172530353018166,1.2862624518542123,1.2862624518542123
132,0.9,3,0,0.8732492079932601,5,0.16594322442602907,0.0742120660444209,1.0,0.4,0.8172530353018166,1.0685175463077525,1.0685175463077525
133,0.1,1,1,0.8807895009046538,5,0.1829289660548221,0.08180832063046674,5.0,0.9,1.0728915480722527,0.8209492399182717,0.8209492399182717
133,0.1,2,0,0.7904436596615141,1,,,1.0,0.4,0.9387299422032036,0.8420352053609147,0.8420352053609147
133,0.1,2,1,0.9079447057552852,4,0.3584202906517038,0.1792101453258519,5.0,0.9,1.0728915480722527,0.8462595379623036,0.8462595379623036
133,0.1,3,0,0.8049225650392128,4,0.2926920516257576,0.1463460258128788,1.0,0.4,0.9387299422032036,0.8574591358512074,0.8574591358512074
133,0.1,3,1,1.0783345838434097,1,,,5.0,0.9,1.0728915480722527,1.0050732394909223,1.0050732394909223
133,0.5,1,0,0.8149794534065335,4,0.17368308117142914,0.08684154058571457,1.0,0.4,0.9387299422032036,0.8681724282638443,0.8681724282638443
133,0.5,1,1,1.4244974017856622,1,,,5.0,0.9,1.0728915480722527,1.3277179826285024,1.3277179826285024
133,0.5,2,0,0.9184158131299818,5,0.2873393252146618,0.12850205275778062,1.0,0.4,0.9387299422032036,0.9783599860194675,0.9783599860194675
133,0.5,3,0,0.960300671564457,5,0.3442251723746634,0.153942176999266,1.0,0.4,0.9387299422032036,1.0229786314375215,1.0229786314375215
133,0.9,1,0,1.1481442555995074,5,0.38341201150569515,0.17146706422333316,1.0,0.4,0.9387299422032036,1.2230825970084722,1.2230825970084722
133,0.9,2,0,1.0747603933702017,5,0.28506546896413604,0.12748515332833293,1.0,0.4,0.9387299422032036,1.1449090361896137,1.1449090361896137
133,0.9,3,0,0.9978727258542207,5,0.1638635788070704,0.07328202024980066,1.0,0.4,0.9387299422032036,1.0630029798689586,1.0630029798689586
134,0.1,1,1,1.1133370912948461,5,0.16074881237317454,0.0718890543537555,5.0,0.9,1.0728112549436217,1.0377753646454373,1.0377753646454373
134,0.1,2,1,1.070222711378186,5,0.1544073670252423,0.06905307377904026,5.0,0.9,1.0728112549436217,0.9975871398127979,0.9975871398127979
134,0.1,3,1,1.0194021825594028,5,0.13564340094248425,0.06066157304133076,5.0,0.9,1.0728112549436217,0.9502157792080345,0.9502157792080345
134,0.5,1,1,1.091750012022768,5,0.20094966783082768,0.08986742346514667,5.0,0.9,1.0728112549436217,1.0176533914906973,1.0176533914906973
134,0.5,2,0,0.9892525057360222,1,,,1.0,0.4,0.9967068561397012,0.9925210202400432,0.9925210202400432
134,0.5,2,1,1.0048421845808526,4,0.18387255717468542,0.09193627858734271,5.0,0.9,1.0728112549436217,0.9366439622537881,0.9366439622537881
134,0.5,3,0,1.0744512891806974,5,0.18010019912798414,0.08054325760228417,1.0,0.4,0.9967068561397012,1.0780013025515893,1.0780013025515893
134,0.9,1,0,0.940991663436033,3,0.03543690141325622,0.02045950457018971,1.0,0.4,0.9967068561397012,0.9441007229352709,0.9441007229352709
134,0.9,1,1,1.1373133478256743,2,0.24286441578814794,0.17173107531270862,5.0,0.9,1.0728112549436217,1.0601243625892443,1.0601243625892443
134,0.9,2,0,0.9808795535602336,5,0.043079081379231506,0.019265550874441408,1.0,0.4,0.9967068561397012,0.9841204036252268,0.9841204036252268
134,0.9,3,0,0.9979592687855199,5,0.2438197979368651,0.10903952848941866,1.0,0.4,0.9967068561397012,1.00125655064787,1.00125655064787
135,0.1,1,1,1.0013044725828424,5,0.037020542632202315,0.016556089977906672,5.0,0.9,0.986964336453663,1.0145295383019675,1.0145295383019675
135,0.1,2,1,0.9792915770649188,5,0.01999116366857455,0.008940320182451353,5.0,0.9,0.986964336453663,0.9922259000600632,0.9922259000600632
135,0.1,3,0,0.9196228109564437,1,,,1.0,0.4,0.9795804329723898,0.9387925483219242,0.9387925483219242
135,0.1,3,1,0.9691182092170616,4,0.026740898529827924,0.013370449264913962,5.0,0.9,0.986964336453663,0.9819181640334385,0.9819181640334385
135,0.5,1,0,1.0068923991234904,3,0.04205909792679175,0.02428283150990605,1.0,0.4,0.9795804329723898,1.027881290021511,1.027881290021511
135,0.5,1,1,0.9562466030079021,2,0.05278588711007613,0.0373252587264824,5.0,0.9,0.986964336453663,0.968876551754509,0.968876551754509
135,0.5,2,0,1.0205984803415256,4,0.050447234122410964,0.025223617061205482,1.0,0.4,0.9795804329723898,1.04187307748142,1.04187307748142
135,0.5,2,1,0.9972840160701628,1,,,5.0,0.9,0.986964336453663,1.0104559802571795,1.0104559802571795
135,0.5,3,0,1.003135099413182,5,0.0589713102493416,0.026372771687951577,1.0,0.4,0.9795804329723898,1.0240456685821286,1.0240456685821286
135,0.9,1,0,0.9378432488187506,3,0.13304364866139276,0.07681278636862511,1.0,0.4,0.9795804329723898,0.9573927951715062,0.9573927951715062
135,0.9,1,1,1.0185411407790905,2,0.039784222296410356,0.028131693370024802,5.0,0.9,0.986964336453663,1.0319938655928425,1.0319938655928425
135,0.9,2,0,0.9917557332895843,5,0.05540132019180852,0.024776223598423106,1.0,0.4,0.9795804329723898,1.0124290970984897,1.0124290970984897
135,0.9,3,0,0.9772152588637522,5,0.04569980997143255,0.020437576330989183,1.0,0.4,0.9795804329723898,0.9975855233230201,0.9975855233230201
136,0.1,1,0,0.7370766522594525,2,0.2849807187039334,0.20151179870296726,1.0,0.4,0.8926961064316599,0.825674769889768,0.825674769889768
136,0.1,1,1,1.0675003208789837,3,0.2754722719594441,0.15904399037006287,5.0,0.9,1.0439172174406135,1.0225909708589627,1.0225909708589627
136,0.1,2,0,1.1903920456080623,2,0.03032395458375314,0.021442273918564736,1.0,0.4,0.8926961064316599,1.3334795985235905,1.3334795985235905
136,0.1,2,1,0.9396130719806975,3,0.025076189997008086,0.01447774504502282,5.0,0.9,1.0439172174406135,0.9000838919817418,0.9000838919817418
136,0.1,3,0,0.8942681640026688,4,0.3609989621750152,0.1804994810875076,1.0,0.4,0.8926961064316599,1.0017610220988786,1.0017610220988786
136,0.1,3,1,1.0178926441351888,1,,,5.0,0.9,1.0439172174406135,0.9750702710228024,0.9750702710228024
136,0.5,1,0,1.1518560179977504,1,,,1.0,0.4,0.8926961064316599,1.2903114617605096,1.2903114617605096
136,0.5,1,1,1.043592047381138,4,0.1279766587532861,0.06398832937664305,5.0,0.9,1.0439172174406135,0.9996885097265924,0.9996885097265924
136,0.5,2,0,0.5333333333333333,1,,,1.0,0.4,0.8926961064316599,0.5974410882839025,0.5974410882839025
136,0.5,2,1,0.9846352123700883,4,0.3273283893342448,0.1636641946671224,5.0,0.9,1.0439172174406135,0.9432119673091821,0.9432119673091821
136,0.5,3,0,0.7961757751329742,5,0.18699371759539146,0.08362613278173876,1.0,0.4,0.8926961064316599,0.8918777279263571,0.8918777279263571
136,0.9,1,1,1.0643588233189072,5,0.1537068602061482,0.06873979760580094,5.0,0.9,1.0439172174406135,1.0195816349580005,1.0195816349580005
136,0.9,2,0,0.9336690519159011,3,0.2981727218893229,0.17215010124780403,1.0,0.4,0.8926961064316599,1.0458979771380665,1.0458979771380665
136,0.9,2,1,1.0818181818181818,1,,,5.0,0.9,1.0439172174406135,1.0363064845989327,1.0363064845989327
136,0.9,3,0,0.9047978112031366,4,0.27216914666651965,0.13608457333325982,1.0,0.4,0.8926961064316599,1.0135563543789279,1.0135563543789279
136,0.9,3,1,1.1519274376417235,1,,,5.0,0.9,1.0439172174406135,1.1034662695437865,1.1034662695437865
137,0.1,1,1,0.9306745763992664,5,0.06042216864198018,0.027021615286284766,5.0,0.9,0.9409832825920235,0.9890447509711747,0.9890447509711747
137,0.1,2,1,0.9330492873660404,5,0.04703325099132715,0.021033909283883375,5.0,0.9,0.9409832825920235,0.9915683993831133,0.9915683993831133
137,0.1,3,0,0.9535312223843653,2,0.07317918603308304,0.0517454986857049,1.0,0.4,0.9761393923329642,0.9768391992719753,0.9768391992719753
137,0.1,3,1,0.9329424487101724,3,0.0075304126637633015,0.004347685778532709,5.0,0.9,0.9409832825920235,0.9914548600059059,0.9914548600059059
137,0.5,1,1,0.9881978853315532,5,0.028433744243381336,0.012715956996608798,5.0,0.9,0.9409832825920235,1.050175814611151,1.050175814611151
137,0.5,2,0,0.9932586449391339,1,,,1.0,0.4,0.9761393923329642,1.0175377130977725,1.0175377130977725
137,0.5,2,1,0.9328545055342772,4,0.04517916800121283,0.022589584000606414,5.0,0.9,0.9409832825920235,0.9913614011979524,0.9913614011979524
137,0.5,3,0,0.9704309595734387,4,0.05308580624174797,0.026542903120873984,1.0,0.4,0.9761393923329642,0.994152031150098,0.994152031150098
137,0.5,3,1,0.8677093081987409,1,,,5.0,0.9,0.9409832825920235,0.92213041852195,0.92213041852195
137,0.9,1,1,0.970423230631791,5,0.03971733556400469,0.017762132441256885,5.0,0.9,0.9409832825920235,1.0312863667021508,1.0312863667021508
137,0.9,2,0,0.9832757178506124,1,,,1.0,0.4,0.9761393923329642,1.0073107648084896,1.0073107648084896
137,0.9,2,1,0.9840282291401998,4,0.008934497246896326,0.004467248623448163,5.0,0.9,0.9409832825920235,1.0457446453560846,1.0457446453560846
137,0.9,3,0,0.9802004169172711,4,0.02452948107935697,0.012264740539678486,1.0,0.4,0.9761393923329642,1.004160291671665,1.004160291671665
137,0.9,3,1,0.9289700720161695,1,,,5.0,0.9,0.9409832825920235,0.9872333432505173,0.9872333432505173
138,0.1,1,1,0.9917768723008008,5,0.057513883403990676,0.02572099058826403,5.0,0.9,0.9788555976900777,1.0132003889452286,1.0132003889452286
138,0.1,2,0,0.8947138488422892,1,,,1.0,0.4,0.9663553581084496,0.9258642189283329,0.9258642189283329
138,0.1,2,1,0.9878389516680467,4,0.06208694996206346,0.03104347498103173,5.0,0.9,0.9788555976900777,1.0091774047154332,1.0091774047154332
138,0.1,3,0,0.8953310806211525,2,0.0014530518212400798,0.0010274627962143235,1.0,0.4,0.9663553581084496,0.9265029402575875,0.9265029402575875
138,0.1,3,1,1.0215612609964417,3,0.004463471980891069,0.002576986749687811,5.0,0.9,0.9788555976900777,1.043628154558386,1.043628154558386
138,0.5,1,0,1.0219943361153736,1,,,1.0,0.4,0.9663553581084496,1.0575761054565187,1.0575761054565187
138,0.5,1,1,0.9591032385583169,4,0.06869995579342027,0.034349977896710134,5.0,0.9,0.9788555976900777,0.9798209672822296,0.9798209672822296
138,0.5,2,1,0.9575851081175782,4,0.07284677068175313,0.036423385340876566,5.0,0.9,0.9788555976900777,0.9782700434847653,0.9782700434847653
138,0.5,3,0,0.9356917941096411,3,0.06669952943327095,0.03850899127312035,1.0,0.4,0.9663553581084496,0.9682688529209073,0.9682688529209073
138,0.5,3,1,0.9587751330898852,2,0.08827038763195182,0.06241658967251828,5.0,0.9,0.9788555976900777,0.9794857743597944,0.9794857743597944
138,0.9,1,0,0.9761935670269163,3,0.07057147317772926,0.04074445903627044,1.0,0.4,0.9663553581084496,1.0101807361400925,1.0101807361400925
138,0.9,1,1,1.0190586834746127,2,0.0015059212236403297,0.0010648471091688205,5.0,0.9,0.9788555976900777,1.0410715184950743,1.0410715184950743
138,0.9,2,0,1.0180291847544474,3,0.007331718384958926,0.004232969583178564,1.0,0.4,0.9663553581084496,1.0534729033294175,1.0534729033294175
138,0.9,2,1,1.0182596311007872,2,0.0003758905195301369,0.00026579473534349413,5.0,0.9,0.9788555976900777,1.040255205674561,1.040255205674561
138,0.9,3,0,1.0225336952893271,4,0.002209754969562578,0.001104877484781289,1.0,0.4,0.9663553581084496,1.0581342429671434,1.0581342429671434
138,0.9,3,1,0.8957414999042297,1,,,5.0,0.9,0.9788555976900777,0.9150905424845276,0.9150905424845276
139,0.1,1,1,0.8954438501160477,5,0.047083018325487454,0.021056165912331653,5.0,0.9,0.9226644661050002,0.9704978169324505,0.9704978169324505
139,0.1,2,0,0.8056729795551995,2,0.03510325372371083,0.02482174874974785,1.0,0.4,0.9426529780587762,0.8546867174963343,0.8546867174963343
139,0.1,2,1,0.947029862085539,3,0.044292295426104605,0.025572168687287924,5.0,0.9,0.9226644661050002,1.0264076453311317,1.0264076453311317
139,0.1,3,0,0.9416091954022988,1,,,1.0,0.4,0.9426529780587762,0.9988927180194912,0.9988927180194912
139,0.1,3,1,0.8961616418513291,4,0.07292027552063167,0.036460137760315835,5.0,0.9,0.9226644661050002,0.9712757722581948,0.9712757722581948
139,0.5,1,1,0.9768785059526534,4,0.09891652814359918,0.04945826407179959,5.0,0.9,0.9226644661050002,1.0587581313026133,1.0587581313026133
139,0.5,2,0,0.9270761630034591,3,0.11213124155671642,0.06473900249733718,1.0,0.4,0.9426529780587762,0.9834755573706511,0.9834755573706511
139,0.5,2,1,0.9069807813014339,2,0.09949855742354513,0.07035610467246786,5.0,0.9,0.9226644661050002,0.983001746160471,0.983001746160471
139,0.5,3,0,0.989952217014157,3,0.0035957175282826355,0.0020759884828838357,1.0,0.4,0.9426529780587762,1.0501767246869416,1.0501767246869416
139,0.5,3,1,0.8962714640097668,2,0.020588089702557738,0.014557977840355505,5.0,0.9,0.9226644661050002,0.9713947994478961,0.9713947994478961
139,0.9,1,0,0.9447149349012192,4,0.08458081859536172,0.04229040929768086,1.0,0.4,0.9426529780587762,1.0021873975794244,1.0021873975794244
139,0.9,1,1,0.9157165213503241,1,,,5.0,0.9,0.9226644661050002,0.9924696950951123,0.9924696950951123
139,0.9,2,0,0.9971815032269402,4,0.05646777019251039,0.028233885096255195,1.0,0.4,0.9426529780587762,1.0578458101097348,1.0578458101097348
139,0.9,2,1,0.9468331021729081,1,,,5.0,0.9,0.9226644661050002,1.0261943934721307,1.0261943934721307
139,0.9,3,0,0.99236385330816,5,0.02470759839340875,0.011049573913685311,1.0,0.4,0.9426529780587762,1.052735074737423,1.052735074737423
140,0.1,1,0,1.0198584919031601,2,0.04430421934141164,0.03132781393148837,1.0,0.4,0.9840723213097731,1.0363653867896179,1.0363653867896179
140,0.1,1,1,0.9441641806763849,3,0.06207768874067538,0.03584057030509873,5.0,0.9,0.9640267610316364,0.9793962355007697,0.9793962355007697
140,0.1,2,0,0.9352535475370578,2,0.08009398101686331,0.05663499710925065,1.0,0.4,0.9840723213097731,0.9503910711483696,0.9503910711483696
140,0.1,2,1,0.9182715771808057,3,0.02303504025633449,0.013299286692788586,5.0,0.9,0.9640267610316364,0.9525374339174292,0.9525374339174292
140,0.1,3,0,0.9320714277350926,4,0.02203356920355168,0.01101678460177584,1.0,0.4,0.9840723213097731,0.9471574472235245,0.9471574472235245
140,0.1,3,1,0.9649936315383094,1,,,5.0,0.9,0.9640267610316364,1.0010029498617221,1.0010029498617221
140,0.5,1,0,0.9857944760604131,2,0.07305596677184897,0.051658369510513495,1.0,0.4,0.9840723213097731,1.0017500286445897,1.0017500286445897
140,0.5,1,1,1.0742376442374901,3,0.058503771723436376,0.03377716835313441,5.0,0.9,0.9640267610316364,1.1143234686637884,1.1143234686637884
140,0.5,2,0,1.0002609132734306,4,0.10309571520560844,0.05154785760280422,1.0,0.4,0.9840723213097731,1.0164506120262695,1.0164506120262695
140,0.5,2,1,0.9505244592963891,1,,,5.0,0.9,0.9640267610316364,0.985993851746607,0.985993851746607
140,0.5,3,0,0.9257538397776928,5,0.053394979803761185,0.023878960899687676,1.0,0.4,0.9840723213097731,0.9407376060994582,0.9407376060994582
140,0.9,1,0,1.0008553825655189,2,0.07117867429396296,0.0503309232691298,1.0,0.4,0.9840723213097731,1.0170547030866675,1.0170547030866675
140,0.9,1,1,0.8758003847216485,2,0.30415486545437515,0.21506996789367064,5.0,0.9,0.9640267610316364,0.9084814033423989,0.9084814033423989
140,0.9,2,0,1.0807758836839743,3,0.08480303468543748,0.04896105490373451,1.0,0.4,0.9840723213097731,1.098268755537694,1.098268755537694
140,0.9,2,1,1.0201954495704277,2,0.143724089251637,0.10162827812969309,5.0,0.9,0.9640267610316364,1.0582646569672851,1.0582646569672851
140,0.9,3,0,0.9760269292516174,4,0.1271156460190476,0.0635578230095238,1.0,0.4,0.9840723213097731,0.9918243894438089,0.9918243894438089
141,0.1,1,0,0.5514790320282312,1,,,1.0,0.4,0.8828091418229961,0.6246865895491636,0.6246865895491636
141,0.1,1,1,0.8472207590507396,4,0.07333422136054117,0.036667110680270586,5.0,0.9,0.8439939432741836,1.003823268878018,1.003823268878018
141,0.1,2,0,0.7489582410626198,3,0.1260460557661247,0.07277272422686269,1.0,0.4,0.8828091418229961,0.8483807038019849,0.8483807038019849
141,0.1,2,1,0.8104425919953842,2,0.10475052034828601,0.07406980327109247,5.0,0.9,0.8439939432741836,0.9602469288480429,0.9602469288480429
141,0.1,3,0,0.84804143745236,4,0.07394535574138067,0.036972677870690335,1.0,0.4,0.8828091418229961,0.9606169638220545,0.9606169638220545
141,0.1,3,1,0.8832154562704848,1,,,5.0,0.9,0.8439939432741836,1.0464713204506486,1.0464713204506486
141,0.5,1,1,0.9686641923552642,5,0.12055916225000478,0.053915696420287436,5.0,0.9,0.8439939432741836,1.1477146252939159,1.1477146252939159
141,0.5,2,0,1.099184199227136,1,,,1.0,0.4,0.8828091418229961,1.2450983424994067,1.2450983424994067
141,0.5,2,1,0.8716482744650953,4,0.1901156423637143,0.09505782118185716,5.0,0.9,0.8439939432741836,1.0327660303859878,1.0327660303859878
141,0.5,3,0,0.9970757742967408,5,0.14023567778788126,0.06271530168089197,1.0,0.4,0.8828091418229961,1.1294352618933972,1.1294352618933972
141,0.9,1,0,0.8831098333666336,3,0.0015314076854191492,0.0008841586394158075,1.0,0.4,0.8828091418229961,1.0003406076459704,1.0003406076459704
141,0.9,1,1,0.7156733600257086,2,0.2323843552753398,0.16432055345685662,5.0,0.9,0.8439939432741836,0.8479603031857442,0.8479603031857442
141,0.9,2,0,1.0290383257060904,3,0.12628857272280486,0.07291274145708503,1.0,0.4,0.8828091418229961,1.1656407675855416,1.1656407675855416
141,0.9,2,1,0.8110929687566095,2,0.10567029198466321,0.07472018003231783,5.0,0.9,0.8439939432741836,0.9610175229576431,0.9610175229576431
141,0.9,3,0,0.9055862914441567,5,0.04792442377714715,0.02143245386964165,1.0,0.4,0.8828091418229961,1.025800763202481,1.025800763202481
142,0.1,1,0,0.8777096273503698,3,0.1464207711542307,0.08453607164084768,1.0,0.4,0.8481250616889626,1.0348823151181175,1.0348823151181175
142,0.1,1,1,0.8091735236773405,2,0.16171164368089425,0.11434739984358303,5.0,0.9,0.8408370414019493,0.9623428605478472,0.9623428605478472
142,0.1,2,0,0.8232383941250235,3,0.061460819841813785,0.035484420880286284,1.0,0.4,0.8481250616889626,0.9706568421473366,0.9706568421473366
142,0.1,2,1,0.8794271860220156,2,0.0655460555212033,0.04634806033907279,5.0,0.9,0.8408370414019493,1.0458949150904722,1.0458949150904722
142,0.1,3,0,0.8327236760447655,3,0.0003515280808128359,0.00020295483208500334,1.0,0.4,0.8481250616889626,0.9818406667366641,0.9818406667366641
142,0.1,3,1,0.8415158354194054,2,0.11916080171129607,0.084259410941683,5.0,0.9,0.8408370414019493,1.00080728367571,1.00080728367571
142,0.5,1,0,0.9026304309686228,4,0.046164221258169796,0.023082110629084898,1.0,0.4,0.8481250616889626,1.064265721815976,1.064265721815976
142,0.5,1,1,0.8332316204890353,1,,,5.0,0.9,0.8408370414019493,0.9909549406859702,0.9909549406859702
142,0.5,2,0,0.8182201786253117,5,0.03408686480740011,0.015244109369838383,1.0,0.4,0.8481250616889626,0.9647400077954328,0.9647400077954328
142,0.5,3,0,0.8274748271623871,5,0.10254544525816933,0.04585971727605002,1.0,0.4,0.8481250616889626,0.9756518991604227,0.9756518991604227
142,0.9,1,0,0.8931373569082453,5,0.09170292913209027,0.04101079665503993,1.0,0.4,0.8481250616889626,1.0530727097365156,1.0530727097365156
142,0.9,2,0,0.8306073028169418,5,0.07411413042615647,0.03314484674523426,1.0,0.4,0.8481250616889626,0.9793453116016454,0.9793453116016454
142,0.9,3,0,0.8273837611989961,5,0.04367295189810219,0.019531137844446992,1.0,0.4,0.8481250616889626,0.9755445258878895,0.9755445258878895
143,0.1,1,0,0.8135822924308829,2,0.00831548450459301,0.0058799354820493754,1.0,0.4,1.0496977072519997,0.7750634176012038,0.7750634176012038
143,0.1,1,1,0.9592328907574981,3,0.19750176338279893,0.11402769625448474,5.0,0.9,0.9729408497909262,0.9859107991648477,0.9859107991648477
143,0.1,2,0,1.0037287849919012,3,0.32610174314007334,0.18827492918512756,1.0,0.4,1.0496977072519997,0.9562074662614626,0.9562074662614626
143,0.1,2,1,0.9388161959616748,2,0.0010785431331474574,0.0007626451632507525,5.0,0.9,0.9729408497909262,0.9649262811438286,0.9649262811438286
143,0.1,3,0,1.019320734078617,1,,,1.0,0.4,1.0496977072519997,0.9710612179453963,0.9710612179453963
143,0.1,3,1,1.0605746799034992,4,0.08590534595580632,0.04295267297790316,5.0,0.9,0.9729408497909262,1.0900710769122341,1.0900710769122341
143,0.5,1,0,1.001674427908354,4,0.09596055308498665,0.04798027654249332,1.0,0.4,1.0496977072519997,0.9542503722625386,0.9542503722625386
143,0.5,1,1,0.867209720871836,1,,,5.0,0.9,0.9729408497909262,0.8913283074281334,0.8913283074281334
143,0.5,2,0,1.0259294913917354,4,0.18290408810112285,0.09145204405056143,1.0,0.4,1.0496977072519997,0.9773570850959682,0.9773570850959682
143,0.5,2,1,1.0823818600215618,1,,,5.0,0.9,0.9729408497909262,1.1124847520321026,1.1124847520321026
143,0.5,3,0,1.1448613527709544,4,0.22973011678857036,0.11486505839428518,1.0,0.4,1.0496977072519997,1.0906581436364982,1.0906581436364982
143,0.5,3,1,0.8418900707801487,1,,,5.0,0.9,0.9729408497909262,0.8653044745331241,0.8653044745331241
143,0.9,1,0,1.0465305956745414,5,0.1540473233817525,0.06889205736669828,1.0,0.4,1.0496977072519997,0.996982834624123,0.996982834624123
143,0.9,2,0,1.1952156239033855,4,0.11677215358647285,0.05838607679323642,1.0,0.4,1.0496977072519997,1.1386284028687998,1.1386284028687998
143,0.9,2,1,1.0604805302402651,1,,,5.0,0.9,0.9729408497909262,1.0899743087857297,1.0899743087857297
143,0.9,3,0,1.1964360621176255,5,0.20575003866123903,0.09201421456394805,1.0,0.4,1.0496977072519997,1.139791059704009,1.139791059704009
144,0.1,1,0,0.9975745222719403,2,0.0012927235560998556,0.0009140935927177961,1.0,0.4,0.8976812633007194,1.1112792068355304,1.1112792068355304
144,0.1,1,1,1.1057520548320452,3,0.09560619066912505,0.05519825991901404,5.0,0.9,0.9854205307692436,1.1221118500229215,1.1221118500229215
144,0.1,2,1,0.9975485067558088,5,0.0010701834488826875,0.0004786005880193721,5.0,0.9,0.9854205307692436,1.0123074115140445,1.0123074115140445
144,0.1,3,0,0.7486985514203002,4,0.16770589882010722,0.08385294941005361,1.0,0.4,0.8976812633007194,0.8340360682892959,0.8340360682892959
144,0.1,3,1,0.9995363478855024,1,,,5.0,0.9,0.9854205307692436,1.0143246631011833,1.0143246631011833
144,0.5,1,0,0.9963997275469495,1,,,1.0,0.4,0.8976812633007194,1.1099705076646562,1.1099705076646562
144,0.5,1,1,1.0386278201219055,4,0.08202599281474861,0.041012996407374304,5.0,0.9,0.9854205307692436,1.0539945005114992,1.0539945005114992
144,0.5,2,0,0.9653118667364646,4,0.062011335023688545,0.031005667511844272,1.0,0.4,0.8976812633007194,1.0753392169366125,1.0753392169366125
144,0.5,2,1,0.7756988106961594,1,,,5.0,0.9,0.9854205307692436,0.7871754103708696,0.7871754103708696
144,0.5,3,0,0.8706237074119517,5,0.21749159466104565,0.09726519803938567,1.0,0.4,0.8976812633007194,0.9698583929564502,0.9698583929564502
144,0.9,1,0,0.7232925597822483,3,0.24338139779850798,0.14051631553471597,1.0,0.4,0.8976812633007194,0.805734272677972,0.805734272677972
144,0.9,1,1,0.9953596443240403,2,0.0014708997998348539,0.0010400832229091606,5.0,0.9,0.9854205307692436,1.0100861644794816,1.0100861644794816
144,0.9,2,0,0.8008180830764996,5,0.199379920530784,0.08916541113106778,1.0,0.4,0.8976812633007194,0.8920962437513068,0.8920962437513068
144,0.9,3,0,1.0787310881594008,5,0.08263093727007256,0.03695367855608063,1.0,0.4,0.8976812633007194,1.201686090888176,1.201686090888176
145,0.1,1,1,1.0174154944527154,5,0.061306743503289865,0.027417209190499947,5.0,0.9,0.982145105059516,1.0359115870063438,1.0359115870063438
145,0.1,2,1,0.9363222037622156,5,0.018574617428132774,0.008306821445071439,5.0,0.9,0.982145105059516,0.9533440618282941,0.9533440618282941
145,0.1,3,1,0.9323202962960446,5,0.008304375127425618,0.0037138294591164316,5.0,0.9,0.982145105059516,0.9492694017342252,0.9492694017342252
145,0.5,1,1,1.0689761630759764,5,0.06340794194017346,0.02835689369831755,5.0,0.9,0.982145105059516,1.0884096021750254,1.0884096021750254
145,0.5,2,0,1.041503772781306,1,,,1.0,0.4,1.0223645090000357,1.0187205870438423,1.0187205870438423
145,0.5,2,1,0.9533359032122101,4,0.026632369984440102,0.013316184992220051,5.0,0.9,0.982145105059516,0.9706670616196166,0.9706670616196166
145,0.5,3,0,0.9390641228255836,2,0.0287485318353735,0.020328281809949944,1.0,0.4,1.0223645090000357,0.9185218330241849,0.9185218330241849
145,0.5,3,1,0.9327799480557516,3,0.004542600671571834,0.0026226717205529732,5.0,0.9,0.982145105059516,0.9497374097274832,0.9497374097274832
145,0.9,1,1,0.9776738812907777,5,0.05519409706957024,0.0246835506008562,5.0,0.9,0.982145105059516,0.9954474916733741,0.9954474916733741
145,0.9,2,0,1.1288340015305716,1,,,1.0,0.4,1.0223645090000357,1.1041404426633241,1.1041404426633241
145,0.9,2,1,1.00821082128276,4,0.09114382046955394,0.04557191023477697,5.0,0.9,0.982145105059516,1.0265395775929307,1.0265395775929307
145,0.9,3,0,0.9800561388626817,4,0.09363314868908855,0.046816574344544275,1.0,0.4,1.0223645090000357,0.9586171372686485,0.9586171372686485
145,0.9,3,1,1.0122712341071929,1,,,5.0,0.9,0.982145105059516,1.030673806642707,1.030673806642707
146,0.1,1,1,0.9978129855616803,5,0.04488748487815577,0.020074293505310033,5.0,0.9,0.9282201500103058,1.0749744934438257,1.0749744934438257
146,0.1,2,0,0.9118635766602106,1,,,1.0,0.4,0.9774310314037523,0.9329185869519857,0.9329185869519857
146,0.1,2,1,0.9716672763459564,4,0.056884494278103465,0.028442247139051732,5.0,0.9,0.9282201500103058,1.0468069200341839,1.0468069200341839
146,0.1,3,0,1.0058830038603344,3,0.005790296522207837,0.0033430292557844487,1.0,0.4,0.9774310314037523,1.0291089310063344,1.0291089310063344
146,0.1,3,1,0.911176137427921,2,0.15027905603060232,0.10626333958955202,5.0,0.9,0.9282201500103058,0.981637963168333,0.981637963168333
146,0.5,1,1,1.0099548206118338,5,0.16173148487978822,0.07232851885863717,5.0,0.9,0.9282201500103058,1.0880552642609844,1.0880552642609844
146,0.5,2,0,0.9467674456232809,1,,,1.0,0.4,0.9774310314037523,0.9686283893233536,0.9686283893233536
146,0.5,2,1,0.8952749592560726,4,0.5770371841083359,0.28851859205416797,5.0,0.9,0.9282201500103058,0.9645071368533991,0.9645071368533991
146,0.5,3,0,0.9536509235590023,1,,,1.0,0.4,0.9774310314037523,0.9756708073708301,0.9756708073708301
146,0.5,3,1,0.9657869424140273,4,0.030570254839254022,0.015285127419627011,5.0,0.9,0.9282201500103058,1.0404718561682855,1.0404718561682855
146,0.9,1,1,0.9078437457970143,5,0.07874979598563495,0.03521797940762396,5.0,0.9,0.9282201500103058,0.978047875589573,0.978047875589573
146,0.9,2,0,0.9734443415926697,2,0.036658247585506065,0.02592129545412672,1.0,0.4,0.9774310314037523,0.9959212571700766,0.9959212571700766
146,0.9,2,1,0.5890209288499455,2,0.56037614747995,0.3962457738982655,5.0,0.9,0.9282201500103058,0.6345702890024589,0.6345702890024589
146,0.9,3,0,1.072976897127016,4,0.0965341221126807,0.04826706105634035,1.0,0.4,0.9774310314037523,1.0977520281774193,1.0977520281774193
146,0.9,3,1,1.1054435538282998,1,,,5.0,0.9,0.9282201500103058,1.1909282014789555,1.1909282014789555
147,0.1,1,1,0.9456607032898772,5,0.11128139180083349,0.04976655133949028,5.0,0.9,0.9923976485621265,0.9529050221552158,0.9529050221552158
147,0.1,2,0,0.9255869658554221,1,,,1.0,0.4,0.9830396093972766,0.9415561255186045,0.9415561255186045
147,0.1,2,1,1.0101910711727458,4,0.0757255997237058,0.0378627998618529,5.0,0.9,0.9923976485621265,1.0179297307247754,1.0179297307247754
147,0.1,3,0,0.9628559018341898,1,,,1.0,0.4,0.9830396093972766,0.9794680627615179,0.9794680627615179
147,0.1,3,1,0.9714559580879434,4,0.03529889313196361,0.017649446565981806,5.0,0.9,0.9923976485621265,0.978897883822553,0.978897883822553
147,0.5,1,0,0.9416741384463295,1,,,1.0,0.4,0.9830396093972766,0.9579208502327702,0.9579208502327702
147,0.5,1,1,1.036667776565816,3,0.033417619522063305,0.019293671626739742,5.0,0.9,0.9923976485621265,1.044609263300686,1.044609263300686
147,0.5,2,0,1.043583236461968,2,0.03288063915620659,0.0232501229171016,1.0,0.4,0.9830396093972766,1.0615881867688037,1.0615881867688037
147,0.5,2,1,0.9980127336942503,3,0.07665652890942941,0.0442576676010014,5.0,0.9,0.9923976485621265,1.0056580999967697,1.0056580999967697
147,0.5,3,0,0.9625973049309785,5,0.09137657329425825,0.040864845887390665,1.0,0.4,0.9830396093972766,0.9792050042837727,0.9792050042837727
147,0.9,1,0,1.0265245763818833,5,0.08183514245976924,0.03659778829768467,1.0,0.4,0.9830396093972766,1.0442352134836848,1.0442352134836848
147,0.9,2,0,0.9818692232321802,5,0.07987313015043199,0.03572034971841078,1.0,0.4,0.9830396093972766,0.9988094211526084,0.9988094211526084
147,0.9,3,0,1.0196255280352624,5,0.07103287437629173,0.03176686714851826,1.0,0.4,0.9830396093972766,1.0372171357982385,1.0372171357982385
148,0.1,1,0,0.7189748499154417,3,0.08617470850359824,0.049752991151889976,1.0,0.4,0.6503568683052687,1.105508198581774,1.105508198581774
148,0.1,1,1,0.7569458071549438,2,0.13191287086802925,0.09327648551656885,5.0,0.9,0.5761339485357422,1.3138364942366947,1.3138364942366947
148,0.1,2,0,0.886292329330304,1,,,1.0,0.4,0.6503568683052687,1.362778456756899,1.362778456756899
148,0.1,2,1,0.574600191707991,4,0.15916164696182564,0.07958082348091282,5.0,0.9,0.5761339485357422,0.9973378468121012,0.9973378468121012
148,0.1,3,0,0.6129592943369226,5,0.12804583043112833,0.057263836215882824,1.0,0.4,0.6503568683052687,0.9424968416712528,0.9424968416712528
148,0.5,1,0,0.5250231070241853,4,0.07063683223680463,0.035318416118402314,1.0,0.4,0.6503568683052687,0.8072846349609805,0.8072846349609805
148,0.5,1,1,0.4875000785763227,1,,,5.0,0.9,0.5761339485357422,0.8461575295386004,0.8461575295386004
148,0.5,2,0,0.671678466246264,5,0.11872601224872573,0.053095886817124675,1.0,0.4,0.6503568683052687,1.0327844587796176,1.0327844587796176
148,0.5,3,0,0.6565423288018539,5,0.1908347423167371,0.08534389125777597,1.0,0.4,0.6503568683052687,1.0095108713354617,1.0095108713354617
148,0.9,1,0,0.569915264167408,3,0.18466721683946033,0.10661766735276142,1.0,0.4,0.6503568683052687,0.8763115943597561,0.8763115943597561
148,0.9,1,1,0.5766430476006621,2,0.1305461670107199,0.09231007995119159,5.0,0.9,0.5761339485357422,1.0008836470515472,1.0008836470515472
148,0.9,2,0,0.5954024653990538,3,0.16817152954221237,0.09709387785122742,1.0,0.4,0.6503568683052687,0.9155011570041265,0.9155011570041265
148,0.9,2,1,0.4849806176387915,1,,,5.0,0.9,0.5761339485357422,0.8417844823610569,0.8417844823610569
148,0.9,3,0,0.6164237095259855,5,0.12734680981230698,0.056951224691611124,1.0,0.4,0.6503568683052687,0.9478237865501322,0.9478237865501322
149,0.1,1,0,0.6209532120461715,3,0.06608806594966184,0.038155962666259,1.0,0.4,0.6748648765525981,0.920114875763245,0.920114875763245
149,0.1,1,1,0.8739068259898279,2,0.0005670525720105759,0.0004009667189579513,5.0,0.9,0.8973483534967831,0.9738768924959763,0.9738768924959763
149,0.1,2,0,0.645353289981204,2,0.033344310094852135,0.023577987782056994,1.0,0.4,0.6748648765525981,0.9562703770832649,0.9562703770832649
149,0.1,2,1,0.8040813232977935,3,0.11542248625884345,0.06663920351207915,5.0,0.9,0.8973483534967831,0.8960637417614384,0.8960637417614384
149,0.1,3,0,0.6537246180099,5,0.05538468925684874,0.024768786018203218,1.0,0.4,0.6748648765525981,0.9686748276918951,0.9686748276918951
149,0.5,1,0,0.7623470952762529,3,0.1274989167437507,0.07361153390339015,1.0,0.4,0.6748648765525981,1.1296292365525658,1.1296292365525658
149,0.5,1,1,0.9433583749282876,2,0.033524959388137855,0.023705726122355886,5.0,0.9,0.8973483534967831,1.0512733112533308,1.0512733112533308
149,0.5,2,0,0.673020094912933,5,0.11423538118501735,0.05108761555305985,1.0,0.4,0.6748648765525981,0.9972664429521229,0.9972664429521229
149,0.5,3,0,0.6840012476788506,5,0.11246822669051103,0.05029732003776777,1.0,0.4,0.6748648765525981,1.013538074722341,1.013538074722341
149,0.9,1,0,0.6450203044254276,4,0.10124452812229505,0.050622264061147525,1.0,0.4,0.6748648765525981,0.9557769663764025,0.9557769663764025
149,0.9,1,1,0.9680468897712234,1,,,5.0,0.9,0.8973483534967831,1.0787860544892545,1.0787860544892545
149,0.9,2,0,0.703088272813597,5,0.10394314152942342,0.046484786050934444,1.0,0.4,0.6748648765525981,1.0418208107157274,1.0418208107157274
149,0.9,3,0,0.6862757538290458,5,0.10538524096747352,0.0471297125256933,1.0,0.4,0.6748648765525981,1.016908388142435,1.016908388142435
150,0.1,1,1,0.8710350189714209,5,0.06527502529536072,0.02919187875868897,5.0,0.9,0.878764930797551,0.991203663738476,0.991203663738476
150,0.1,2,0,0.9527806900577278,2,0.09215375868465212,0.06516254767774621,1.0,0.4,0.934080019409994,1.0200204160876345,1.0200204160876345
150,0.1,2,1,0.826896118625383,3,0.00827908609626445,0.004779932586322368,5.0,0.9,0.878764930797551,0.9409753275826644,0.9409753275826644
150,0.1,3,0,0.8323422702380703,3,0.02858197287707727,0.016501809734551145,1.0,0.4,0.934080019409994,0.8910824050853955,0.8910824050853955
150,0.1,3,1,0.9409205470975108,2,0.157664046387749,0.11148531635008771,5.0,0.9,0.878764930797551,1.0707306517609305,1.0707306517609305
150,0.5,1,1,0.9352550630129922,5,0.13485611871558867,0.06030948972596758,5.0,0.9,0.878764930797551,1.0642835532412198,1.0642835532412198
150,0.5,2,0,0.9000615276434912,1,,,1.0,0.4,0.934080019409994,0.9635807521201553,0.9635807521201553
150,0.5,2,1,0.8577856458577584,4,0.030748014958829544,0.015374007479414772,5.0,0.9,0.878764930797551,0.9761263971688626,0.9761263971688626
150,0.5,3,0,0.9752068647893103,4,0.1297748937343905,0.06488744686719525,1.0,0.4,0.934080019409994,1.0440292528741744,1.0440292528741744
150,0.5,3,1,0.8258180646794377,1,,,5.0,0.9,0.878764930797551,0.9397485445054576,0.9397485445054576
150,0.9,1,1,0.9820845232007087,5,0.1400281729624678,0.06262250270183523,5.0,0.9,0.878764930797551,1.1175736408932326,1.1175736408932326
150,0.9,2,0,0.9803297046520101,2,0.1740108611577124,0.12304425992472923,1.0,0.4,0.934080019409994,1.0495136222603598,1.0495136222603598
150,0.9,2,1,0.857486003484194,3,0.008692798619586575,0.005018789623029516,5.0,0.9,0.878764930797551,0.9757854159086154,0.9757854159086154
150,0.9,3,0,0.9637590590793541,4,0.1006815230635288,0.0503407615317644,1.0,0.4,0.934080019409994,1.0317735515722803,1.0317735515722803
150,0.9,3,1,0.8116033922485535,1,,,5.0,0.9,0.878764930797551,0.923572805200541,0.923572805200541
151,0.1,1,1,0.9125283332665874,5,0.0763066331252329,0.0341253637604316,5.0,0.9,0.9507018777035885,0.9598469874392077,0.9598469874392077
151,0.1,2,1,0.9774445597942757,5,0.06636782817232341,0.029680595062468153,5.0,0.9,0.9507018777035885,1.0281294091427313,1.0281294091427313
151,0.1,3,0,1.0291654230535574,2,0.09013971220341875,0.06373840175324119,1.0,0.4,1.0247934369425,1.0042662120515733,1.0042662120515733
151,0.1,3,1,0.9451909819158674,3,0.02154153518011819,0.01243701113499903,5.0,0.9,0.9507018777035885,0.994203339746175,0.994203339746175
151,0.5,1,0,1.0146650812524771,1,,,1.0,0.4,1.0247934369425,0.9901166856413122,0.9901166856413122
151,0.5,1,1,1.0179985998658507,4,0.07276467491470505,0.036382337457352525,5.0,0.9,0.9507018777035885,1.0707863566282385,1.0707863566282385
151,0.5,2,0,0.9906149265984948,3,0.061289868230707374,0.03538572192159559,1.0,0.4,1.0247934369425,0.966648390678635,0.966648390678635
151,0.5,2,1,0.9041714880832117,2,0.03803646197217761,0.02689584019287103,5.0,0.9,0.9507018777035885,0.9510568026511418,0.9510568026511418
151,0.5,3,0,1.0130404032400404,3,0.10280046048405607,0.05935187353328726,1.0,0.4,1.0247934369425,0.9885313144300327,0.9885313144300327
151,0.5,3,1,0.9468773032957385,2,0.04707201407550377,0.03328494035689733,5.0,0.9,0.9507018777035885,0.9959771043925061,0.9959771043925061
151,0.9,1,0,0.9739979217380389,5,0.050980742349576474,0.02279928108741107,1.0,0.4,1.0247934369425,0.9504334108969209,0.9504334108969209
151,0.9,2,0,1.0325250032527822,5,0.06669263804206291,0.029825854452168225,1.0,0.4,1.0247934369425,1.0075445119294963,1.0075445119294963
151,0.9,3,0,1.1195452994621085,5,0.04418686098793593,0.01976096497627165,1.0,0.4,1.0247934369425,1.0924594743720288,1.0924594743720288
152,0.1,1,1,1.0359162415389853,5,0.06075334078080185,0.027169719969216615,5.0,0.9,1.0673495072470243,0.9705501660940345,0.9705501660940345
152,0.1,2,1,1.0616664682416315,5,0.009971996627200197,0.004459612465963653,5.0,0.9,1.0673495072470243,0.9946755594425196,0.9946755594425196
152,0.1,3,1,1.0610347084910776,5,0.03230037568821223,0.014445167147524819,5.0,0.9,1.0673495072470243,0.9940836635862285,0.9940836635862285
152,0.5,1,0,0.9957211552983564,2,0.11999579549861226,0.08484984071094293,1.0,0.4,1.0323644074344307,0.9645055061253633,0.9645055061253633
152,0.5,1,1,1.09543662307148,3,0.08891781343459142,0.05133672352221428,5.0,0.9,1.0673495072470243,1.0263148253067544,1.0263148253067544
152,0.5,2,0,1.0654704505572739,2,0.027584489912784747,0.019505179872902012,1.0,0.4,1.0323644074344307,1.0320681756213548,1.0320681756213548
152,0.5,2,1,1.07248583246231,3,0.025944763473249977,0.014979216175342045,5.0,0.9,1.0673495072470243,1.0048122242811859,1.0048122242811859
152,0.5,3,0,1.0290443459260177,3,0.04979016516796302,0.02874636526271938,1.0,0.4,1.0323644074344307,0.996784021722849,0.996784021722849
152,0.5,3,1,1.056802230081989,2,0.03984320487057269,0.028173400348186824,5.0,0.9,1.0673495072470243,0.9901182535866443,0.9901182535866443
152,0.9,1,0,0.9297469072749971,1,,,1.0,0.4,1.0323644074344307,0.9005995369266436,0.9005995369266436
152,0.9,1,1,1.0866719897843677,4,0.03319552919284729,0.016597764596423644,5.0,0.9,1.0673495072470243,1.0181032383545867,1.0181032383545867
152,0.9,2,0,1.0989843291264099,5,0.037787874983878714,0.016899251437843314,1.0,0.4,1.0323644074344307,1.0645314011333837,1.0645314011333837
152,0.9,3,0,1.0752192564235301,4,0.012618307310054483,0.006309153655027241,1.0,0.4,1.0323644074344307,1.0415113584704065,1.0415113584704065
152,0.9,3,1,1.0687819643043523,1,,,5.0,0.9,1.0673495072470243,1.001342069348046,1.001342069348046
153,0.1,1,1,1.0582935592601663,5,0.07509063829900645,0.03358155434208552,5.0,0.9,1.0629225724961704,0.995645013704871,0.995645013704871
153,0.1,2,1,1.014947872982285,5,0.0871829030730168,0.03898937954940817,5.0,0.9,1.0629225724961704,0.9548652923973366,0.9548652923973366
153,0.1,3,1,1.0176342360746673,5,0.025847157742169443,0.01155920034733017,5.0,0.9,1.0629225724961704,0.9573926289709439,0.9573926289709439
153,0.5,1,0,1.0216576552285999,3,0.07766383556273357,0.04483923636844306,1.0,0.4,1.0499182412732446,0.9730830602482219,0.9730830602482219
153,0.5,1,1,1.1556711716064827,2,0.028316422895002306,0.02002273464800214,5.0,0.9,1.0629225724961704,1.0872580952839315,1.0872580952839315
153,0.5,2,0,1.0120386095088731,4,0.08788142513809231,0.04394071256904616,1.0,0.4,1.0499182412732446,0.9639213509440178,0.9639213509440178
153,0.5,2,1,1.1267915600671232,1,,,5.0,0.9,1.0629225724961704,1.0600880903497634,1.0600880903497634
153,0.5,3,0,1.0119671443835812,4,0.09559296501576443,0.04779648250788222,1.0,0.4,1.0499182412732446,0.963853283619837,0.963853283619837
153,0.5,3,1,1.0433935677557409,1,,,5.0,0.9,1.0629225724961704,0.9816270674405121,0.9816270674405121
153,0.9,1,0,1.056834019159525,3,0.11343450755394749,0.06549144347166422,1.0,0.4,1.0499182412732446,1.006586968027047,1.006586968027047
153,0.9,1,1,1.102245233368702,2,0.10387210933337909,0.07344867288578283,5.0,0.9,1.0629225724961704,1.036994849756729,1.036994849756729
153,0.9,2,0,1.0984209008860166,3,0.06864755771597399,0.03963368592652795,1.0,0.4,1.0499182412732446,1.0461966062747443,1.0461966062747443
153,0.9,2,1,1.0855526818847894,2,0.06664910298042401,0.04712803267745835,5.0,0.9,1.0629225724961704,1.0212904589423426,1.0212904589423426
153,0.9,3,0,1.0985911184728712,4,0.074378906298474,0.037189453149237,1.0,0.4,1.0499182412732446,1.0463587308861313,1.0463587308861313
153,0.9,3,1,0.9617732694655772,1,,,5.0,0.9,1.0629225724961704,0.9048385031535704,0.9048385031535704
154,0.1,1,1,0.9497788944216186,5,0.016227442749545556,0.007257133017793991,5.0,0.9,0.946951141091349,1.0029861660307104,1.0029861660307104
154,0.1,2,1,0.9459778899503632,5,0.01456812470827598,0.006515063430479876,5.0,0.9,0.946951141091349,0.9989722266558926,0.9989722266558926
154,0.1,3,0,0.9643265487438342,1,,,1.0,0.4,0.9499183577969672,1.0151678202959276,1.0151678202959276
154,0.1,3,1,0.9409358990825505,4,0.0182105698881349,0.00910528494406745,5.0,0.9,0.946951141091349,0.9936477799669093,0.9936477799669093
154,0.5,1,0,0.9480228446015914,3,0.015336001488691405,0.008854244587788485,1.0,0.4,0.9499183577969672,0.9980045514650628,0.9980045514650628
154,0.5,1,1,0.9748708690565351,2,0.025544545346943785,0.01806272123715122,5.0,0.9,0.946951141091349,1.0294838104667248,1.0294838104667248
154,0.5,2,0,0.9418947262099073,2,0.005453962938516486,0.003856534178165116,1.0,0.4,0.9499183577969672,0.9915533461152723,0.9915533461152723
154,0.5,2,1,0.9432251267688724,3,0.013066174102548424,0.00754375913538485,5.0,0.9,0.946951141091349,0.9960652517740435,0.9960652517740435
154,0.5,3,0,0.9541422444354709,4,0.015292979616920412,0.007646489808460206,1.0,0.4,0.9499183577969672,1.004446578596817,1.004446578596817
154,0.5,3,1,0.939234120614538,1,,,5.0,0.9,0.946951141091349,0.99185066669024,0.99185066669024
154,0.9,1,0,0.9447627797795062,3,0.014356701893310236,0.008288845702777875,1.0,0.4,0.9499183577969672,0.9945726093456939,0.9945726093456939
154,0.9,1,1,0.9465384769631086,2,0.010329919812554446,0.007304356348570518,5.0,0.9,0.946951141091349,0.9995642181414293,0.9995642181414293
154,0.9,2,0,0.9459147207990863,3,0.002436886729617238,0.0014069372093291391,1.0,0.4,0.9499183577969672,0.9957852830561502,0.9957852830561502
154,0.9,2,1,0.9350478518732057,2,0.014102686438046722,0.009972105213290394,5.0,0.9,0.946951141091349,0.9874298802740499,0.9874298802740499
154,0.9,3,0,0.9503646400093742,5,0.02226452719214617,0.00995699925770627,1.0,0.4,0.9499183577969672,1.000469811125076,1.000469811125076
155,0.1,1,0,0.881133518060634,3,0.037826513089498706,0.021839147514726983,1.0,0.4,0.8628734987156955,1.0211618729421135,1.0211618729421135
155,0.1,1,1,0.882673744313863,2,0.020662313741341958,0.014610462161506882,5.0,0.9,0.9394208770157467,0.9395934941512563,0.9395934941512563
155,0.1,2,0,0.8106992935640935,4,0.011170872035300915,0.0055854360176504575,1.0,0.4,0.8628734987156955,0.9395343521046152,0.9395343521046152
155,0.1,2,1,0.8703597458617538,1,,,5.0,0.9,0.9394208770157467,0.9264854200671172,0.9264854200671172
155,0.1,3,0,0.8673569652633135,5,0.03455213581112215,0.015452184888294793,1.0,0.4,0.8628734987156955,1.0051959720101395,1.0051959720101395
155,0.5,1,0,0.8898120202161471,2,0.06843302337531307,0.048389454885781384,1.0,0.4,0.8628734987156955,1.0312195490307061,1.0312195490307061
155,0.5,1,1,0.9355061249163583,3,0.09247529547107967,0.05339063673361803,5.0,0.9,0.9394208770157467,0.9958328027456401,0.9958328027456401
155,0.5,2,0,0.8380661249492514,4,0.02705764025636244,0.01352882012818122,1.0,0.4,0.8628734987156955,0.9712502773542501,0.9712502773542501
155,0.5,2,1,0.9796428184567353,1,,,5.0,0.9,0.9394208770157467,1.0428156776425508,1.0428156776425508
155,0.5,3,0,0.8911871834038523,5,0.05784290369018099,0.025868132933443623,1.0,0.4,0.8628734987156955,1.0328132509925254,1.0328132509925254
155,0.9,1,0,0.8455200272259533,4,0.03751758717081845,0.018758793585409224,1.0,0.4,0.8628734987156955,0.9798887420745089,0.9798887420745089
155,0.9,1,1,1.0289219515300232,1,,,5.0,0.9,0.9394208770157467,1.0952726053934356,1.0952726053934356
155,0.9,2,0,0.842935549505432,5,0.05558097010803635,0.02485656548339062,1.0,0.4,0.8628734987156955,0.9768935432135311,0.9768935432135311
155,0.9,3,0,0.8991508062525825,4,0.007608478486630194,0.003804239243315097,1.0,0.4,0.8628734987156955,1.0420424402776098,1.0420424402776098
156,0.1,1,0,1.008122077282796,1,,,1.0,0.4,1.0397214801437105,0.9696078195320665,0.9696078195320665
156,0.1,1,1,1.0925542254132343,4,0.09474946222393478,0.04737473111196739,5.0,0.9,1.064321557909247,1.0265264452215432,1.0265264452215432
156,0.1,2,1,1.0752756020331424,5,0.09003164838676175,0.04026337718383171,5.0,0.9,1.064321557909247,1.0102920438306384,1.0102920438306384
156,0.1,3,0,1.0086496136916305,1,,,1.0,0.4,1.0397214801437105,0.9701152019598699,0.9701152019598699
156,0.1,3,1,1.0101058085011871,4,0.0018532584767994677,0.0009266292383997339,5.0,0.9,1.064321557909247,0.9490607429632814,0.9490607429632814
156,0.5,1,0,1.0102355407571835,1,,,1.0,0.4,1.0397214801437105,0.9716405403277314,0.9716405403277314
156,0.5,1,1,1.133965809038847,4,0.08319275782933173,0.04159637891466587,5.0,0.9,1.064321557909247,1.0654353476278438,1.0654353476278438
156,0.5,2,0,1.0197928147944264,4,0.11969605646052817,0.05984802823026408,1.0,0.4,1.0397214801437105,0.980832688628757,0.980832688628757
156,0.5,2,1,1.009706344559825,1,,,5.0,0.9,1.064321557909247,0.9486854203566936,0.9486854203566936
156,0.5,3,0,1.108759371599514,5,0.09114746566360223,0.04076238584012851,1.0,0.4,1.0397214801437105,1.0664003704590783,1.0664003704590783
156,0.9,1,0,1.0759532638618594,5,0.09071388234615535,0.04056848148578429,1.0,0.4,1.0397214801437105,1.0348475860219228,1.0348475860219228
156,0.9,2,0,1.0428833329417107,5,0.074042137256178,0.033112650420836755,1.0,0.4,1.0397214801437105,1.0030410574931694,1.0030410574931694
156,0.9,3,0,1.0433758262205626,5,0.0733684722632089,0.03281137827716859,1.0,0.4,1.0397214801437105,1.003514735577404,1.003514735577404
157,0.1,1,1,0.8161709670236756,5,0.03991552252593278,0.01785076434508196,5.0,0.9,0.8173548767254858,0.9985515352810359,0.9985515352810359
157,0.1,2,0,0.7308295410072873,3,0.03594913189091601,0.02075524097435372,1.0,0.4,0.8122850707758179,0.8997205135252184,0.8997205135252184
157,0.1,2,1,0.8063390134541076,2,0.0004377487787705993,0.0003095351299248205,5.0,0.9,0.8173548767254858,0.9865225453654718,0.9865225453654718
157,0.1,3,0,0.8036970745847797,3,0.06448240227528888,0.037228932311631775,1.0,0.4,0.8122850707758179,0.9894273617723446,0.9894273617723446
157,0.1,3,1,0.8398398903364384,2,0.05390620027015395,0.038117439759025956,5.0,0.9,0.8173548767254858,1.027509487312332,1.027509487312332
157,0.5,1,0,0.9222888344732472,1,,,1.0,0.4,0.8122850707758179,1.1354250713882554,1.1354250713882554
157,0.5,1,1,0.8343295793806602,4,0.07801853749568163,0.03900926874784082,5.0,0.9,0.8173548767254858,1.0207678489950156,1.0207678489950156
157,0.5,2,0,0.8056257509563586,4,0.06360525698689834,0.03180262849344917,1.0,0.4,0.8122850707758179,0.9918017453982024,0.9918017453982024
157,0.5,2,1,0.8063388946306413,1,,,5.0,0.9,0.8173548767254858,0.9865223999898587,0.9865223999898587
157,0.5,3,0,0.7778464740439855,4,0.05610206719445978,0.02805103359722989,1.0,0.4,0.8122850707758179,0.9576028195385398,0.9576028195385398
157,0.5,3,1,0.8011109155273916,1,,,5.0,0.9,0.8173548767254858,0.980126183056286,0.980126183056286
157,0.9,1,0,0.810531360097864,5,0.06635444255396865,0.029674608831955728,1.0,0.4,0.8122850707758179,0.9978410157455203,0.9978410157455203
157,0.9,2,0,0.8285034575235459,5,0.059605210023804034,0.026656260285275533,1.0,0.4,0.8122850707758179,1.019966373052059,1.019966373052059
157,0.9,3,0,0.8189580735194752,5,0.06801126002220305,0.030415560129011972,1.0,0.4,0.8122850707758179,1.0082150995798604,1.0082150995798604
158,0.1,1,1,1.061045644260506,5,0.0606478509161229,0.02712254346754474,5.0,0.9,1.0674847072919504,0.9939680044243637,0.9939680044243637
158,0.1,2,1,1.020843746129282,5,0.07149934696949169,0.0319754800341254,5.0,0.9,1.0674847072919504,0.9563076071778213,0.9563076071778213
158,0.1,3,1,1.0580822083916073,5,0.05840608104170493,0.02611999350172279,5.0,0.9,1.0674847072919504,0.9911919123186356,0.9911919123186356
158,0.5,1,0,0.8903050882521555,3,0.3116572255904597,0.17993538308954385,1.0,0.4,1.0303187330800678,0.8641064746931747,0.8641064746931747
158,0.5,1,1,1.1254145702748435,2,0.002903751833104815,0.0020532626120712827,5.0,0.9,1.0674847072919504,1.0542676279923977,1.0542676279923977
158,0.5,2,0,0.9880997218935247,3,0.05235354698419645,0.03022633444435754,1.0,0.4,1.0303187330800678,0.9590233489588874,0.9590233489588874
158,0.5,2,1,1.0720373674035133,2,0.08228213428127606,0.05818225512079239,5.0,0.9,1.0674847072919504,1.0042648480867817,1.0042648480867817
158,0.5,3,0,1.0610547835181814,5,0.06075528384428761,0.027170588933624368,1.0,0.4,1.0303187330800678,1.0298315942933798,1.0298315942933798
158,0.9,1,0,1.0412100992279154,5,0.08356029612216577,0.03736930046983494,1.0,0.4,1.0303187330800678,1.0105708707394736,1.0105708707394736
158,0.9,2,0,1.0389920215917856,5,0.04540634326953252,0.020306334032072954,1.0,0.4,1.0303187330800678,1.008418063491663,1.008418063491663
158,0.9,3,0,1.1622506839968438,5,0.1060452210367936,0.047424864585452246,1.0,0.4,1.0303187330800678,1.128049647823421,1.128049647823421
159,0.1,1,0,0.8390691576532284,1,,,1.0,0.4,0.9997208989140928,0.8393034081458476,0.8393034081458476
159,0.1,1,1,0.840038120958044,4,0.03590053329132249,0.017950266645661246,5.0,0.9,0.9607184686125979,0.8743853151601926,0.8743853151601926
159,0.1,2,0,1.0429233519344838,3,0.18562634295375857,0.10717141907303832,1.0,0.4,0.9997208989140928,1.0432145142382419,1.0432145142382419
159,0.1,2,1,0.8369093341804075,2,0.00043561594805836037,0.00030802699086507346,5.0,0.9,0.9607184686125979,0.871128599608388,0.871128599608388
159,0.1,3,0,0.8471452030924008,4,0.016936016501768507,0.008468008250884253,1.0,0.4,0.9997208989140928,0.8473817082473506,0.8473817082473506
159,0.1,3,1,1.135506764249279,1,,,5.0,0.9,0.9607184686125979,1.1819349802748127,1.1819349802748127
159,0.5,1,0,1.054603670707934,4,0.15030355980849774,0.07515177990424887,1.0,0.4,0.9997208989140928,1.0548980939114663,1.0548980939114663
159,0.5,1,1,0.8418629506309862,1,,,5.0,0.9,0.9607184686125979,0.8762847578508046,0.8762847578508046
159,0.5,2,0,1.038088554515139,4,0.15269145622371844,0.07634572811185922,1.0,0.4,0.9997208989140928,1.0383783670449638,1.0383783670449638
159,0.5,2,1,1.1492751730442732,1,,,5.0,0.9,0.9607184686125979,1.1962663471058026,1.1962663471058026
159,0.5,3,0,1.0584554308860272,5,0.11596652814000244,0.051861808007137536,1.0,0.4,0.9997208989140928,1.0587509294201336,1.0587509294201336
159,0.9,1,0,1.068964787732421,5,0.13783590879196822,0.061642092359860366,1.0,0.4,0.9997208989140928,1.0692632202583159,1.0692632202583159
159,0.9,2,0,1.0240077300575372,5,0.1582247356641865,0.07076025293341126,1.0,0.4,0.9997208989140928,1.0242936115167993,1.0242936115167993
159,0.9,3,0,1.0242302036476636,5,0.19215253562812692,0.0859332263426884,1.0,0.4,0.9997208989140928,1.0245161472168813,1.0245161472168813
160,0.1,1,0,0.7957551147678956,2,0.004524604290279078,0.003199378375842082,1.0,0.4,0.911830445589201,0.8727007511289003,0.8727007511289003
160,0.1,1,1,0.9500370127724443,3,0.012050679596263087,0.0069574631088204246,5.0,0.9,0.9593133142278953,0.990330269247939,0.990330269247939
160,0.1,2,0,0.934413418401499,2,0.024811174580299113,0.017544149794932795,1.0,0.4,0.911830445589201,1.0247666360796996,1.0247666360796996
160,0.1,2,1,0.8926178561219347,3,0.08177107215144913,0.04721055051856347,5.0,0.9,0.9593133142278953,0.9304758339983631,0.9304758339983631
160,0.1,3,0,0.8647163733346217,2,0.106523989820264,0.07532383556095543,1.0,0.4,0.911830445589201,0.9483302268722389,0.9483302268722389
160,0.1,3,1,0.8651692279746442,3,0.08569397357547515,0.049475438711729255,5.0,0.9,0.9593133142278953,0.9018630463510005,0.9018630463510005
160,0.5,1,0,0.9675021954282095,2,0.013654679332417692,0.00965531635088035,1.0,0.4,0.911830445589201,1.0610549363736532,1.0610549363736532
160,0.5,1,1,1.0108569701068884,3,0.10298100403941036,0.059456110403571516,5.0,0.9,0.9593133142278953,1.0537297409663056,1.0537297409663056
160,0.5,2,0,0.9187952221432159,4,0.09046918112860522,0.04523459056430261,1.0,0.4,0.911830445589201,1.007638236459098,1.007638236459098
160,0.5,2,1,0.8685347766948688,1,,,5.0,0.9,0.9593133142278953,0.9053713357391586,0.9053713357391586
160,0.5,3,0,0.8811600754622932,3,0.07982809095761548,0.04608876980327323,1.0,0.4,0.911830445589201,0.9663639547513799,0.9663639547513799
160,0.5,3,1,1.0138723164086128,2,0.07404402138526647,0.052357029627843665,5.0,0.9,0.9593133142278953,1.0568729750453107,1.0568729750453107
160,0.9,1,0,0.9668495705808673,2,0.15152594537267366,0.1071450234987199,1.0,0.4,0.911830445589201,1.060339205888343,1.060339205888343
160,0.9,1,1,0.9209098404684352,3,0.04686875596508169,0.027059688873022795,5.0,0.9,0.9593133142278953,0.9599677465225537,0.9599677465225537
160,0.9,2,0,0.9340205973358315,4,0.09423900893705961,0.047119504468529805,1.0,0.4,0.911830445589201,1.0243358311339252,1.0243358311339252
160,0.9,2,1,1.0749254285411385,1,,,5.0,0.9,0.9593133142278953,1.1205154901934138,1.1205154901934138
160,0.9,3,0,0.9432614428483749,4,0.10051972331290704,0.05025986165645352,1.0,0.4,0.911830445589201,1.0344702213127617,1.0344702213127617
160,0.9,3,1,1.036896398962091,1,,,5.0,0.9,0.9593133142278953,1.0808735619359546,1.0808735619359546
161,0.1,1,0,0.8366013071895424,1,,,1.0,0.4,1.027302812601433,0.8143668029789792,0.8143668029789792
161,0.1,1,1,1.0661188469208556,4,0.017823322338867135,0.008911661169433567,5.0,0.9,1.0522430933826128,1.013186832610739,1.013186832610739
161,0.1,2,0,1.0368341804390868,2,0.01670066774673786,0.0118091554140618,1.0,0.4,1.027302812601433,1.009278050951226,1.009278050951226
161,0.1,2,1,1.0122429139715565,3,0.07263080831852141,0.04193341673415845,5.0,0.9,1.0522430933826128,0.9619857999899348,0.9619857999899348
161,0.1,3,0,1.0267440347588495,4,0.04242805797571287,0.021214028987856435,1.0,0.4,1.027302812601433,0.9994560728971738,0.9994560728971738
161,0.1,3,1,1.0653349979192677,1,,,5.0,0.9,1.0522430933826128,1.0124419011338612,1.0124419011338612
161,0.5,1,0,1.0774410774410774,1,,,1.0,0.4,1.027302812601433,1.0488057311092915,1.0488057311092915
161,0.5,1,1,1.063208133886891,4,0.008483712314087934,0.004241856157043967,5.0,0.9,1.0522430933826128,1.0104206343317772,1.0104206343317772
161,0.5,2,0,1.045291617518122,5,0.012011780475920655,0.005371831534992672,1.0,0.4,1.027302812601433,1.017510713195787,1.017510713195787
161,0.5,3,0,1.0582015039447283,4,0.015568473399756613,0.007784236699878306,1.0,0.4,1.027302812601433,1.030077491236543,1.030077491236543
161,0.5,3,1,1.0409677747280675,1,,,5.0,0.9,1.0522430933826128,0.9892844925992349,0.9892844925992349
161,0.9,1,0,1.0528179898955055,4,0.008439317936395843,0.004219658968197921,1.0,0.4,1.027302812601433,1.024837055813622,1.024837055813622
161,0.9,1,1,1.065585892869038,1,,,5.0,0.9,1.0522430933826128,1.0126803393344523,1.0126803393344523
161,0.9,2,0,1.0794767712615,5,0.05812225081018643,0.025993060763373817,1.0,0.4,1.027302812601433,1.0507873219269666,1.0507873219269666
161,0.9,3,0,1.0323168309644832,5,0.06869641699736444,0.030721971643355772,1.0,0.4,1.027302812601433,1.00488075989041,1.00488075989041
162,0.1,1,0,0.8952081724667394,2,0.10925007186317176,0.07725146665956638,1.0,0.4,0.9260898854571126,0.9666536548176098,0.9666536548176098
162,0.1,1,1,0.9661618980907672,3,0.03042190463043281,0.017564094827641506,5.0,0.9,0.9661618980907672,1.0,1.0
162,0.1,2,0,0.9093038127742977,5,0.043694985779741506,0.01954099169587773,1.0,0.4,0.9260898854571126,0.9818742511429878,0.9818742511429878
162,0.1,3,0,0.9068167719225461,5,0.06779322292124829,0.030318050973141608,1.0,0.4,0.9260898854571126,0.9791887225665429,0.9791887225665429
162,0.5,1,0,0.9456666251845274,5,0.05847909774438175,0.026152647563858444,1.0,0.4,0.9260898854571126,1.0211391356658126,1.0211391356658126
162,0.5,2,0,0.945727793516158,5,0.03730307539961964,0.01668244247266993,1.0,0.4,0.9260898854571126,1.0212051857680664,1.0212051857680664
162,0.5,3,0,0.9379383800847922,5,0.034975987992781864,0.015641737346415333,1.0,0.4,0.9260898854571126,1.0127941086645507,1.0127941086645507
162,0.9,1,0,0.9114144338308823,5,0.0851234142294502,0.03806834813878471,1.0,0.4,0.9260898854571126,0.9841533183153311,0.9841533183153311
162,0.9,2,0,0.9253343093577626,5,0.07438289611016344,0.03326504241312603,1.0,0.4,0.9260898854571126,0.9991841222853038,0.9991841222853038
162,0.9,3,0,0.9573986699763063,5,0.03378927665385688,0.015111023901714121,1.0,0.4,0.9260898854571126,1.0338075007737935,1.0338075007737935
163,0.1,1,0,0.9733361097850313,4,0.05401217449954452,0.02700608724977226,1.0,0.4,0.9836048995532966,0.9895600461395334,0.9895600461395334
163,0.1,1,1,1.2832125539856007,1,,,5.0,0.9,1.0690486969981088,1.200331245516565,1.200331245516565
163,0.1,2,0,0.9639257380647794,5,0.04418718343672843,0.019761109179755508,1.0,0.4,0.9836048995532966,0.9799928187654876,0.9799928187654876
163,0.1,3,0,0.9882530149888765,5,0.06937232333699646,0.031024246147723825,1.0,0.4,0.9836048995532966,1.0047255919909417,1.0047255919909417
163,0.5,1,0,1.0286251861249363,4,0.055964498423512754,0.027982249211756377,1.0,0.4,0.9836048995532966,1.0457707018255864,1.0457707018255864
163,0.5,1,1,0.9451999647267666,1,,,5.0,0.9,1.0690486969981088,0.884150523152865,0.884150523152865
163,0.5,2,0,1.0174073306750142,5,0.17096646448196434,0.07645852729089513,1.0,0.4,0.9836048995532966,1.0343658628958325,1.0343658628958325
163,0.5,3,0,0.965180833297964,4,0.06122281371207012,0.03061140685603506,1.0,0.4,0.9836048995532966,0.9812688344032244,0.9812688344032244
163,0.5,3,1,0.9787335722819593,1,,,5.0,0.9,1.0690486969981088,0.9155182313305703,0.9155182313305703
163,0.9,1,0,0.9747468177457203,5,0.04990524070184846,0.02231830212856449,1.0,0.4,0.9836048995532966,0.990994268316883,0.990994268316883
163,0.9,2,0,0.9674557618366249,5,0.051845667549525805,0.023186087395918927,1.0,0.4,0.9836048995532966,0.9835816823157287,0.9835816823157287
163,0.9,3,0,0.9735133034607222,4,0.04741999754322756,0.02370999877161378,1.0,0.4,0.9836048995532966,0.9897401933467823,0.9897401933467823
164,0.1,1,1,0.9065132350535763,5,0.17180121661432252,0.07683183979335828,5.0,0.9,1.0119104380151662,0.8958433483813809,0.8958433483813809
164,0.1,2,1,0.97980763486811,5,0.06434488886843608,0.028775909102898515,5.0,0.9,1.0119104380151662,0.9682750548457382,0.9682750548457382
164,0.1,3,1,1.0056135891172953,5,0.09043860299378759,0.040445372816845,5.0,0.9,1.0119104380151662,0.9937772665827798,0.9937772665827798
164,0.5,1,0,0.7698741624141269,1,,,1.0,0.4,0.8538000570143348,0.9017031049474399,0.9017031049474399
164,0.5,1,1,1.079882083524608,4,0.0878669355517066,0.0439334677758533,5.0,0.9,1.0119104380151662,1.0671716023038227,1.0671716023038227
164,0.5,2,0,0.8290171555511026,4,0.1640521900113237,0.08202609500566185,1.0,0.4,0.8538000570143348,0.9709734132018029,0.9709734132018029
164,0.5,2,1,1.0908703526153192,1,,,5.0,0.9,1.0119104380151662,1.0780305367291503,1.0780305367291503
164,0.5,3,0,0.8495182090726182,5,0.1344882015858131,0.060144952183514615,1.0,0.4,0.8538000570143348,0.9949849523825404,0.9949849523825404
164,0.9,1,0,0.8268456231209584,3,0.10441027244437653,0.060281298901922964,1.0,0.4,0.8538000570143348,0.9684300397125368,0.9684300397125368
164,0.9,1,1,1.0087757329120888,2,0.0542910484207982,0.03838956849607361,5.0,0.9,1.0119104380151662,0.9969021911571284,0.9969021911571284
164,0.9,2,0,0.8493213089767355,5,0.1379104843509092,0.061675443563710776,1.0,0.4,0.8538000570143348,0.9947543362163022,0.9947543362163022
164,0.9,3,0,0.9982238829504672,5,0.12196791633362375,0.05454571039919792,1.0,0.4,0.8538000570143348,1.169154153539378,1.169154153539378
165,0.1,1,1,1.1797143263246521,2,0.018683761336674015,0.01321141433923323,5.0,0.9,1.1441877283956006,1.0310496232806723,1.0310496232806723
165,0.1,2,0,1.1771890874341675,1,,,1.0,0.4,1.1703741436677813,1.0058228762171977,1.0058228762171977
165,0.1,2,1,1.1088860768207136,3,0.09213465408962725,0.05319396734033935,5.0,0.9,1.1441877283956006,0.9691469758862145,0.9691469758862145
165,0.1,3,0,1.1792002646481028,2,0.012547747905932398,0.0088725976329041,1.0,0.4,1.1703741436677813,1.0075412815876654,1.0075412815876654
165,0.5,1,0,1.2030813407137095,4,0.022997605463587537,0.011498802731793769,1.0,0.4,1.1703741436677813,1.027945932694163,1.027945932694163
165,0.5,1,1,1.238453746957534,1,,,5.0,0.9,1.1441877283956006,1.0823868463386817,1.0823868463386817
165,0.5,2,0,1.1076801041143503,3,0.13351701892821982,0.07708608681960408,1.0,0.4,1.1703741436677813,0.9464324806792492,0.9464324806792492
165,0.5,3,0,1.0877350419157534,4,0.19211594188564596,0.09605797094282298,1.0,0.4,1.1703741436677813,0.9293908685533252,0.9293908685533252
165,0.9,1,1,1.1928945419115282,2,0.03130945313070626,0.022139126623964774,5.0,0.9,1.1441877283956006,1.042568900458516,1.042568900458516
165,0.9,2,0,1.1978199251073054,1,,,1.0,0.4,1.1703741436677813,1.023450433853155,1.023450433853155
165,0.9,2,1,0.9531372258145211,1,,,5.0,0.9,1.1441877283956006,0.8330252126991663,0.8330252126991663
165,0.9,3,0,1.2399132417410803,3,0.09381512498590465,0.05416418766467044,1.0,0.4,1.1703741436677813,1.059416126415245,1.059416126415245
165,0.9,3,1,1.1920404525446542,1,,,5.0,0.9,1.1441877283956006,1.0418224413367494,1.0418224413367494
166,0.1,1,0,0.8714089814360898,1,,,1.0,0.4,0.8745536577949942,0.9964042499498167,0.9964042499498167
166,0.1,1,1,0.8675285387157721,4,0.05690787350570384,0.02845393675285192,5.0,0.9,0.8928909040715496,0.9715952248587973,0.9715952248587973
166,0.1,2,0,0.8865894324798218,1,,,1.0,0.4,0.8745536577949942,1.0137621912361254,1.0137621912361254
166,0.1,2,1,0.9016906026682164,4,0.03200890289482854,0.01600445144741427,5.0,0.9,0.8928909040715496,1.0098552897745297,1.0098552897745297
166,0.1,3,0,0.8031372549019608,1,,,1.0,0.4,0.8745536577949942,0.9183395984265904,0.9183395984265904
166,0.1,3,1,0.9007146371902065,4,0.017096464783991423,0.008548232391995711,5.0,0.9,0.8928909040715496,1.0087622497697994,1.0087622497697994
166,0.5,1,0,0.9292040104427783,1,,,1.0,0.4,0.8745536577949942,1.0624894220733965,1.0624894220733965
166,0.5,1,1,0.8745262921537746,4,0.08315205077962579,0.04157602538981289,5.0,0.9,0.8928909040715496,0.9794324123652364,0.9794324123652364
166,0.5,2,1,0.9065792768385312,5,0.04405639143340566,0.019702617217686888,5.0,0.9,0.8928909040715496,1.0153303978174302,1.0153303978174302
166,0.5,3,0,0.8658025577167588,4,0.0558147506594678,0.0279073753297339,1.0,0.4,0.8745536577949942,0.9899936384689083,0.9899936384689083
166,0.5,3,1,0.8661908538197198,1,,,5.0,0.9,0.8928909040715496,0.9700970744241223,0.9700970744241223
166,0.9,1,0,0.8947349459392632,3,0.006616094538379514,0.0038198039627174254,1.0,0.4,0.8745536577949942,1.0230761005507105,1.0230761005507105
166,0.9,1,1,0.8574298683909736,2,0.09647743585300615,0.0682198491231508,5.0,0.9,0.8928909040715496,0.9602851417582204,0.9602851417582204
166,0.9,2,0,0.8709984216482864,2,0.05977601004195267,0.04226802205293989,1.0,0.4,0.8745536577949942,0.9959347992944521,0.9959347992944521
166,0.9,2,1,0.820739559659538,3,0.11999151209664344,0.06927713180946733,5.0,0.9,0.8928909040715496,0.9191935497573062,0.9191935497573062
166,0.9,3,1,1.0406185072072145,5,0.1653051748434025,0.07392672159646724,5.0,0.9,0.8928909040715496,1.165448659474559,1.165448659474559
167,0.1,1,1,1.0833040874088455,5,0.2050697800407167,0.09170999366039441,5.0,0.9,1.1708460363726325,0.9252318868200653,0.9252318868200653
167,0.1,2,0,1.0860112419132464,1,,,1.0,0.4,1.1990296009714574,0.905741810738748,0.905741810738748
167,0.1,2,1,1.1116991639530227,4,0.08071621136093006,0.04035810568046503,5.0,0.9,1.1708460363726325,0.9494836463700631,0.9494836463700631
167,0.1,3,0,1.1094858876428841,1,,,1.0,0.4,1.1990296009714574,0.925319847603408,0.925319847603408
167,0.1,3,1,1.2180000279973093,4,0.113502208585916,0.056751104292958,5.0,0.9,1.1708460363726325,1.0402734349007692,1.0402734349007692
167,0.5,1,0,1.2937315338005015,3,0.2067873245485885,0.11938871749313008,1.0,0.4,1.1990296009714574,1.078982147523561,1.078982147523561
167,0.5,1,1,1.1370431395791611,2,0.005549008513617925,0.00392374154884112,5.0,0.9,1.1708460363726325,0.9711295117006201,0.9711295117006201
167,0.5,2,0,1.2329672528061728,4,0.21986007201256474,0.10993003600628237,1.0,0.4,1.1990296009714574,1.0283042652218253,1.0283042652218253
167,0.5,2,1,1.119248005246475,1,,,5.0,0.9,1.1708460363726325,0.955930985353111,0.955930985353111
167,0.5,3,0,1.2974408380872622,5,0.13960105516907376,0.06243148981774946,1.0,0.4,1.1990296009714574,1.0820757361086597,1.0820757361086597
167,0.9,1,0,1.2062376808063129,5,0.20464213606460382,0.09151874546024308,1.0,0.4,1.1990296009714574,1.006011594566986,1.006011594566986
167,0.9,2,0,1.1884264473372022,4,0.2347186249308134,0.1173593124654067,1.0,0.4,1.1990296009714574,0.9911568875149833,0.9911568875149833
167,0.9,2,1,1.3557817940509813,1,,,5.0,0.9,1.1708460363726325,1.1579505348553714,1.1579505348553714
167,0.9,3,0,1.1779359253780775,5,0.1914222217862648,0.08560662006362586,1.0,0.4,1.1990296009714574,0.9824077107218289,0.9824077107218289
168,0.1,1,0,0.8404076880068528,1,,,1.0,0.4,0.8416364703829716,0.9985400081634299,0.9985400081634299
168,0.1,1,1,0.9311571417923986,4,0.16380241072281643,0.08190120536140821,5.0,0.9,1.048927459072257,0.8877231058627996,0.8877231058627996
168,0.1,2,1,1.0690338652231632,5,0.09836022350001683,0.04398802920562198,5.0,0.9,1.048927459072257,1.0191685382787954,1.0191685382787954
168,0.1,3,1,1.0129685634188275,5,0.07096613935899522,0.03173702234148733,5.0,0.9,1.048927459072257,0.9657184151845599,0.9657184151845599
168,0.5,1,1,1.0766276619837691,5,0.07146083560636747,0.03195825722895501,5.0,0.9,1.048927459072257,1.0264081206683369,1.0264081206683369
168,0.5,2,0,0.8072349281070192,2,0.22810330805665135,0.1612933959379422,1.0,0.4,0.8416364703829716,0.9591254140159842,0.9591254140159842
168,0.5,2,1,1.1357338320633825,3,0.1512587819332577,0.08732929846646124,5.0,0.9,1.048927459072257,1.082757270047924,1.082757270047924
168,0.5,3,0,0.6986833231063972,4,0.06188679436060072,0.03094339718030036,1.0,0.4,0.8416364703829716,0.8301485827823905,0.8301485827823905
168,0.5,3,1,1.0680436899520014,1,,,5.0,0.9,1.048927459072257,1.0182245499575844,1.0182245499575844
168,0.9,1,0,0.8867271337862297,5,0.1541836142288287,0.06895300848645296,1.0,0.4,0.8416364703829716,1.0535749875272638,1.0535749875272638
168,0.9,2,0,0.9007540291734404,5,0.1993898939742257,0.08916987139056888,1.0,0.4,0.8416364703829716,1.0702412037391493,1.0702412037391493
168,0.9,3,0,0.916011720117891,5,0.16223054440140078,0.07255170506166601,1.0,0.4,0.8416364703829716,1.088369803771783,1.088369803771783
169,0.1,1,0,1.0579058835683661,1,,,1.0,0.4,0.8266769886111985,1.279708880424539,1.279708880424539
169,0.1,1,1,0.9137428749698187,4,0.1288346483897818,0.0644173241948909,5.0,0.9,0.9730251478181623,0.9390742644408794,0.9390742644408794
169,0.1,2,0,0.7068437563850514,2,0.048961588295315585,0.03462107110128154,1.0,0.4,0.8266769886111985,0.8550422548624891,0.8550422548624891
169,0.1,2,1,1.011312879849863,3,0.0694572531018746,0.040101163775539274,5.0,0.9,0.9730251478181623,1.0393491700780335,1.0393491700780335
169,0.1,3,0,0.8205698456062506,4,0.13044265513743636,0.06522132756871818,1.0,0.4,0.8266769886111985,0.9926124192531259,0.9926124192531259
169,0.1,3,1,0.9332027765191795,1,,,5.0,0.9,0.9730251478181623,0.9590736463612709,0.9590736463612709
169,0.5,1,0,0.8261193577815769,1,,,1.0,0.4,0.8266769886111985,0.99932545499959,0.99932545499959
169,0.5,1,1,1.0563886405389251,4,0.0017064169497060092,0.0008532084748530046,5.0,0.9,0.9730251478181623,1.0856745510716663,1.0856745510716663
169,0.5,2,0,0.7927550009130905,3,0.12049852105495706,0.06956985356803125,1.0,0.4,0.8266769886111985,0.958965849823525,0.958965849823525
169,0.5,2,1,0.9930915488017866,2,0.09166131126308677,0.06481433476657951,5.0,0.9,0.9730251478181623,1.0206226951365232,1.0206226951365232
169,0.5,3,0,0.75594791913953,4,0.12105042090935861,0.060525210454679304,1.0,0.4,0.8266769886111985,0.9144417100680496,0.9144417100680496
169,0.5,3,1,0.9304121662294003,1,,,5.0,0.9,0.9730251478181623,0.9562056729116261,0.9562056729116261
169,0.9,1,0,0.8066396171515526,5,0.12599733516074757,0.056347721280651186,1.0,0.4,0.8266769886111985,0.9757615468487779,0.9757615468487779
169,0.9,2,0,0.860713465868432,5,0.18076692145458043,0.08084142489116139,1.0,0.4,0.8266769886111985,1.0411726438816375,1.0411726438816375
169,0.9,3,0,0.8125980510869363,5,0.11821116196486009,0.05286563877053295,1.0,0.4,0.8266769886111985,0.9829692398382655,0.9829692398382655
170,0.1,1,1,1.0121645064342792,5,0.10351960095095719,0.04629537294599843,5.0,0.9,1.047821643624366,0.9659702226929096,0.9659702226929096
170,0.1,2,1,0.9119442469245186,5,0.13980268775893553,0.06252166265323152,5.0,0.9,1.047821643624366,0.8703239262840059,0.8703239262840059
170,0.1,3,1,0.9893875801473719,5,0.1424936917881777,0.06372511624065377,5.0,0.9,1.047821643624366,0.9442328149713788,0.9442328149713788
170,0.5,1,1,1.118825578615944,5,0.017879852211916413,0.007996112994699014,5.0,0.9,1.047821643624366,1.067763378838004,1.067763378838004
170,0.5,2,1,1.0892205505042851,5,0.025787733902398528,0.011532625198287806,5.0,0.9,1.047821643624366,1.0395094977583421,1.0395094977583421
170,0.5,3,0,1.0833972544766841,1,,,1.0,0.4,0.9833265296298738,1.1017675429589775,1.1017675429589775
170,0.5,3,1,1.0882270708654085,4,0.01926582808550131,0.009632914042750655,5.0,0.9,1.047821643624366,1.0385613596425458,1.0385613596425458
170,0.9,1,0,0.8499754826205168,1,,,1.0,0.4,0.9833265296298738,0.8643878274497988,0.8643878274497988
170,0.9,1,1,1.1196749463611382,4,0.022894056207685403,0.011447028103842702,5.0,0.9,1.047821643624366,1.068573982198187,1.068573982198187
170,0.9,2,1,1.0086040234905655,5,0.1277664967653144,0.057138914402849995,5.0,0.9,1.047821643624366,0.9625722370095845,0.9625722370095845
170,0.9,3,0,1.0166068517924203,3,0.17076087705466225,0.09858883833456585,1.0,0.4,0.9833265296298738,1.0338446295912236,1.0338446295912236
170,0.9,3,1,1.092346289275782,2,0.009503421457940068,0.0067199337573831674,5.0,0.9,1.047821643624366,1.0424925806050422,1.0424925806050422
171,0.1,1,0,0.678215874987064,1,,,1.0,0.4,0.9587954447516894,0.707362429285122,0.707362429285122
171,0.1,1,1,1.020394635663634,4,0.362068345061529,0.1810341725307645,5.0,0.9,1.0119428907857215,1.0083519978793962,1.0083519978793962
171,0.1,2,0,0.8554298666977829,2,0.11578152925062468,0.08186990446926531,1.0,0.4,0.9587954447516894,0.89219225162185,0.89219225162185
171,0.1,2,1,0.7427174753494974,2,0.657116766195278,0.46465172140805616,5.0,0.9,1.0119428907857215,0.7339519671636959,0.7339519671636959
171,0.1,3,0,1.0552734420418899,2,0.19213089108106782,0.13585705595883701,1.0,0.4,0.9587954447516894,1.1006241715251228,1.1006241715251228
171,0.1,3,1,1.188409629123858,3,0.061675718321121245,0.03560849257516289,5.0,0.9,1.0119428907857215,1.1743840882177838,1.1743840882177838
171,0.5,1,1,0.9933019182671137,3,0.394006275578489,0.2274796292676425,5.0,0.9,1.0119428907857215,0.9815790271483265,0.9815790271483265
171,0.5,2,0,1.184141915384172,1,,,1.0,0.4,0.9587954447516894,1.235030810655179,1.235030810655179
171,0.5,2,1,1.1523288335143664,2,0.06194792759781326,0.04380379968486702,5.0,0.9,1.0119428907857215,1.138729116046897,1.138729116046897
171,0.5,3,0,1.020916124647539,3,0.23972582426949873,0.1384057691737,1.0,0.4,0.9587954447516894,1.0647903369127265,1.0647903369127265
171,0.5,3,1,1.2033786265148732,1,,,5.0,0.9,1.0119428907857215,1.1891764223774641,1.1891764223774641
171,0.9,1,1,0.6656625997266239,1,,,5.0,0.9,1.0119428907857215,0.6578064886742484,0.6578064886742484
171,0.9,2,1,1.1977210781827645,2,0.0013224353708529153,0.0009351030184110432,5.0,0.9,1.0119428907857215,1.1835856440997334,1.1835856440997334
171,0.9,3,1,0.9435712207287635,4,0.18961176482153355,0.09480588241076678,5.0,0.9,1.0119428907857215,0.9324352483924553,0.9324352483924553
172,0.1,1,1,0.9824853174995442,5,0.13674120204502235,0.06115252461954065,5.0,0.9,1.063752540422944,0.9236032631319608,0.9236032631319608
172,0.1,2,1,0.9977848967798206,5,0.22203125622551168,0.09929539640998349,5.0,0.9,1.063752540422944,0.9379859120083559,0.9379859120083559
172,0.1,3,1,1.0103407979608943,5,0.12294948013992686,0.054984679078227364,5.0,0.9,1.063752540422944,0.9497893161873782,0.9497893161873782
172,0.5,1,1,1.119661779242769,5,0.06038421593208986,0.02700464231843575,5.0,0.9,1.063752540422944,1.0525585008686285,1.0525585008686285
172,0.5,2,0,0.696919257635611,4,0.21873459168805862,0.10936729584402931,1.0,0.4,0.6228175775131035,1.118978145122997,1.118978145122997
172,0.5,2,1,1.135601314413499,1,,,5.0,0.9,1.063752540422944,1.0675427519655918,1.0675427519655918
172,0.5,3,0,0.5929659599004575,4,0.009922459793915858,0.004961229896957929,1.0,0.4,0.6228175775131035,0.9520700463659956,0.9520700463659956
172,0.5,3,1,1.1366411366411366,1,,,5.0,0.9,1.063752540422944,1.0685202558380846,1.0685202558380846
172,0.9,1,0,0.5872820992394827,5,0.03139677727288476,0.014041065651318156,1.0,0.4,0.6228175775131035,0.9429440022943586,0.9429440022943586
172,0.9,2,0,0.5948697510023602,5,0.03947359035307745,0.017653126269092222,1.0,0.4,0.6228175775131035,0.9551267858843381,0.9551267858843381
172,0.9,3,0,0.6420508197876061,5,0.1008819143530992,0.045115763638768305,1.0,0.4,0.6228175775131035,1.0308810203323107,1.0308810203323107
173,0.1,1,1,1.000440232726452,5,0.2477328950899562,0.11078951873679317,5.0,0.9,1.0148292537634027,0.9858212394020076,0.9858212394020076
173,0.1,2,0,0.9070137420678845,1,,,1.0,0.4,1.0519328577221196,0.8622353940269093,0.8622353940269093
173,0.1,2,1,0.8606979257678152,4,0.2473847711963572,0.1236923855981786,5.0,0.9,1.0148292537634027,0.8481209253438395,0.8481209253438395
173,0.1,3,1,1.0325201134953874,5,0.1666090769834787,0.0745098443607108,5.0,0.9,1.0148292537634027,1.0174323509756737,1.0174323509756737
173,0.5,1,0,1.1203423042606546,3,0.016170098698358323,0.009335810836319996,1.0,0.4,1.0519328577221196,1.065032141582373,1.065032141582373
173,0.5,1,1,1.1175684155957546,1,,,5.0,0.9,1.0148292537634027,1.1012378796249251,1.1012378796249251
173,0.5,2,0,0.9774063086933653,3,0.21931553926686082,0.12662188563319005,1.0,0.4,1.0519328577221196,0.9291527510699343,0.9291527510699343
173,0.5,2,1,0.9475788900538146,2,0.25780066742113167,0.18229260012790005,5.0,0.9,1.0148292537634027,0.9337323362918478,0.9337323362918478
173,0.5,3,0,1.0736531714085495,3,0.09690528751368678,0.05594829383192514,1.0,0.4,1.0519328577221196,1.0206480038407237,1.0206480038407237
173,0.5,3,1,1.114756270241204,2,0.0033627182077315505,0.0023778008479064527,5.0,0.9,1.0148292537634027,1.0984668269142133,1.0984668269142133
173,0.9,1,1,1.1020550099532866,5,0.026112649973790106,0.011677932082810556,5.0,0.9,1.0148292537634027,1.085951164559373,1.085951164559373
173,0.9,2,0,1.1278250840021555,2,0.01173210463610721,0.008295850745781541,1.0,0.4,1.0519328577221196,1.0721455040812915,1.0721455040812915
173,0.9,2,1,0.9577868189548563,3,0.1965046544590244,0.11345201514893213,5.0,0.9,1.0148292537634027,0.9437911012152934,0.9437911012152934
173,0.9,3,0,1.1053565359001079,2,0.023439138011833727,0.016573973433335,1.0,0.4,1.0519328577221196,1.0507862053987678,1.0507862053987678
173,0.9,3,1,1.000059607082053,3,0.20547043354963762,0.1186284101203924,5.0,0.9,1.0148292537634027,0.985446175672826,0.985446175672826
174,0.1,1,1,1.5931065868383438,5,0.20508137857188627,0.09171518068122128,5.0,0.9,1.662417317715318,0.9583072612764713,0.9583072612764713
174,0.1,2,0,1.4760432110584099,2,0.003757777499972254,0.002657149952420612,1.0,0.4,1.556739782285644,0.9481630956274829,0.9481630956274829
174,0.1,2,1,1.5131591729989784,3,0.1273962689281935,0.07355227015944647,5.0,0.9,1.662417317715318,0.9102161995512251,0.9102161995512251
174,0.1,3,0,1.538394826126888,3,0.07345951205794506,0.04241186906119314,1.0,0.4,1.556739782285644,0.9882157850865599,0.9882157850865599
174,0.1,3,1,1.720468263295868,2,0.045016117496935855,0.031831201944773735,5.0,0.9,1.662417317715318,1.0349195986843605,1.0349195986843605
174,0.5,1,0,1.5499938940120632,4,0.1620408245420638,0.0810204122710319,1.0,0.4,1.556739782285644,0.9956666564634995,0.9956666564634995
174,0.5,1,1,1.694751472547226,1,,,5.0,0.9,1.662417317715318,1.0194500830130577,1.0194500830130577
174,0.5,2,0,1.5090683909983587,4,0.17176260849823535,0.08588130424911768,1.0,0.4,1.556739782285644,0.9693774182238133,0.9693774182238133
174,0.5,2,1,1.7906010928961749,1,,,5.0,0.9,1.662417317715318,1.0771068574748857,1.0771068574748857
174,0.5,3,0,1.6438249237913876,5,0.11956450008210803,0.053470869975874545,1.0,0.4,1.556739782285644,1.0559407182219518,1.0559407182219518
174,0.9,1,0,1.4899197828915878,5,0.11489567798028368,0.05138290925696801,1.0,0.4,1.556739782285644,0.9570769629231487,0.9570769629231487
174,0.9,2,0,1.6273009447367492,5,0.15909046380666414,0.0711474183287342,1.0,0.4,1.556739782285644,1.0453262409389357,1.0453262409389357
174,0.9,3,0,1.6193722846697067,5,0.174531821917547,0.07805300360890455,1.0,0.4,1.556739782285644,1.0402331225146082,1.0402331225146082
175,0.1,1,1,1.0545049894228984,5,0.18982682558905029,0.0848931371940226,5.0,0.9,1.047857647632922,1.0063437450735724,1.0063437450735724
175,0.1,2,0,0.9911203670979469,4,0.027732199350972507,0.013866099675486254,1.0,0.4,1.0306361861303346,0.9616588088365544,0.9616588088365544
175,0.1,2,1,0.9791547140944732,1,,,5.0,0.9,1.047857647632922,0.9344348598364992,0.9344348598364992
175,0.1,3,0,1.0114222248878426,5,0.018861759108163782,0.008435235108216005,1.0,0.4,1.0306361861303346,0.9813571835521966,0.9813571835521966
175,0.5,1,1,1.0538613622489141,5,0.14814626640286732,0.06625302445792092,5.0,0.9,1.047857647632922,1.0057295135742477,1.0057295135742477
175,0.5,2,0,0.9951767789350366,5,0.012859978796966163,0.0057511573558444605,1.0,0.4,1.0306361861303346,0.9655946417635158,0.9655946417635158
175,0.5,3,0,1.0688145073572493,5,0.1487246237469234,0.06651167372524004,1.0,0.4,1.0306361861303346,1.0370434511621995,1.0370434511621995
175,0.9,1,1,1.1123803997566841,5,0.1847019112183148,0.08260120581165657,5.0,0.9,1.047857647632922,1.0615758755681337,1.0615758755681337
175,0.9,2,0,1.1028886163136185,2,0.18841013012490054,0.133226080655557,1.0,0.4,1.0306361861303346,1.0701046898562387,1.0701046898562387
175,0.9,2,1,1.0808067574901503,3,0.12645156580891273,0.07300684555922544,5.0,0.9,1.047857647632922,1.031444261471641,1.031444261471641
175,0.9,3,0,1.0143946221903137,4,0.01990780489944279,0.009953902449721394,1.0,0.4,1.0306361861303346,0.984241224829295,0.984241224829295
175,0.9,3,1,1.006437662784412,1,,,5.0,0.9,1.047857647632922,0.9604717444759062,0.9604717444759062
176,0.1,1,1,0.9960338873043751,5,0.04730964241705304,0.02115751528714761,5.0,0.9,0.9911105768708794,1.004967468361643,1.004967468361643
176,0.1,2,1,0.9787965430226905,5,0.039463111643298805,0.017648440047615913,5.0,0.9,0.9911105768708794,0.9875755196891687,0.9875755196891687
176,0.1,3,1,0.9791634365669062,5,0.03926136754999344,0.017558217346277938,5.0,0.9,0.9911105768708794,0.9879457039579856,0.9879457039579856
176,0.5,1,0,1.1525449984515568,1,,,1.0,0.4,1.0730955821192447,1.0740375952116104,1.0740375952116104
176,0.5,1,1,1.0271432102735776,4,0.04376071372240598,0.02188035686120299,5.0,0.9,0.9911105768708794,1.0363558156310468,1.0363558156310468
176,0.5,2,0,1.0822261752416198,3,0.059540334900480614,0.03437562838243295,1.0,0.4,1.0730955821192447,1.0085086485067278,1.0085086485067278
176,0.5,2,1,0.9613332384655184,2,0.0005185089640725295,0.0003666412046016975,5.0,0.9,0.9911105768708794,0.9699555840687589,0.9699555840687589
176,0.5,3,0,0.991510797736804,3,0.05163508593156487,0.029811530762218437,1.0,0.4,1.0730955821192447,0.9239724906691724,0.9239724906691724
176,0.5,3,1,1.0041931455922088,2,0.06113157090468942,0.04322654833129213,5.0,0.9,0.9911105768708794,1.0131999082913972,1.0131999082913972
176,0.9,1,0,1.052949170657535,5,0.06745135218985833,0.030165161734160503,1.0,0.4,1.0730955821192447,0.9812258928306061,0.9812258928306061
176,0.9,2,0,1.068956705110709,5,0.04584464704762961,0.020502349440596968,1.0,0.4,1.0730955821192447,0.9961430490652455,0.9961430490652455
176,0.9,3,0,1.0903856455172438,5,0.05675057225902555,0.025379627466638986,1.0,0.4,1.0730955821192447,1.0161123237166378,1.0161123237166378
177,0.1,1,0,0.6877500536570774,5,0.004224643069463907,0.0018893178167989323,1.0,0.4,0.683403720433388,1.006359832546614,1.006359832546614
177,0.1,2,0,0.6765956467174986,5,0.021660461822334796,0.009686853011755914,1.0,0.4,0.683403720433388,0.9900379914356158,0.9900379914356158
177,0.1,3,0,0.6858389078090277,5,0.005875122342178901,0.0026274345866479604,1.0,0.4,0.683403720433388,1.003563321800612,1.003563321800612
177,0.5,1,0,0.6724244462265923,5,0.024049692143917566,0.010755349294348467,1.0,0.4,0.683403720433388,0.9839344242963249,0.9839344242963249
177,0.5,2,0,0.6855210298898438,4,0.01239756985278373,0.006198784926391865,1.0,0.4,0.683403720433388,1.0030981825137169,1.0030981825137169
177,0.5,2,1,0.6849326521909984,1,,,5.0,0.9,0.6849328171173767,0.9999997592079483,0.9999997592079483
177,0.5,3,0,0.68711070491226,4,0.005467736669545032,0.002733868334772516,1.0,0.4,0.683403720433388,1.0054242966024842,1.0054242966024842
177,0.9,1,0,0.6784319294140829,4,0.02399963368875991,0.011999816844379955,1.0,0.4,0.683403720433388,0.9927249576338972,0.9927249576338972
177,0.9,1,1,0.6849329820437552,1,,,5.0,0.9,0.6849328171173767,1.0000002407920519,1.0000002407920519
177,0.9,2,0,0.6930907178259257,5,0.017772373369053057,0.007948046994941917,1.0,0.4,0.683403720433388,1.0141746336797735,1.0141746336797735
177,0.9,3,0,0.6838700474481836,5,0.026831519303280947,0.011999420220346798,1.0,0.4,0.683403720433388,1.0006823594909606,1.0006823594909606
178,0.1,1,1,1.0727418631777694,5,0.07963069050567517,0.035611927413187354,5.0,0.9,1.0556366892631823,1.0162036561333674,1.0162036561333674
178,0.1,2,1,1.170232463543402,5,0.2041638383331935,0.09130484421205959,5.0,0.9,1.0556366892631823,1.108556073738026,1.108556073738026
178,0.1,3,1,0.95583000342561,5,0.12064641202992729,0.05395471570807316,5.0,0.9,1.0556366892631823,0.9054535647986659,0.9054535647986659
178,0.5,1,0,1.1264563752120806,1,,,1.0,0.4,1.0681353686745174,1.0546007633938155,1.0546007633938155
178,0.5,1,1,1.0627058500200413,4,0.10010134862240078,0.05005067431120039,5.0,0.9,1.0556366892631823,1.0066965849413525,1.0066965849413525
178,0.5,2,0,1.1247109140242264,1,,,1.0,0.4,1.0681353686745174,1.0529666435630864,1.0529666435630864
178,0.5,2,1,1.0381180752487025,4,0.13115837057908197,0.06557918528954099,5.0,0.9,1.0556366892631823,0.9834046938755913,0.9834046938755913
178,0.5,3,0,1.0303467998776297,5,0.09523784383474937,0.04259165856900177,1.0,0.4,1.0681353686745174,0.9646219291064383,0.9646219291064383
178,0.9,1,0,1.1243947176345872,1,,,1.0,0.4,1.0681353686745174,1.052670617049114,1.052670617049114
178,0.9,1,1,1.0470056151011744,4,0.12148400862437649,0.06074200431218824,5.0,0.9,1.0556366892631823,0.9918238213489602,0.9918238213489602
178,0.9,2,0,0.9773872585873393,4,0.0535908066340198,0.0267954033170099,1.0,0.4,1.0681353686745174,0.9150406280434378,0.9150406280434378
178,0.9,2,1,1.0428229543255767,1,,,5.0,0.9,1.0556366892631823,0.9878616051640366,0.9878616051640366
178,0.9,3,0,1.0255161467112408,5,0.1880637970066682,0.0841046868427263,1.0,0.4,1.0681353686745174,0.9600994188441077,0.9600994188441077
179,0.1,1,1,0.9029688120969539,5,0.09084258412030333,0.04062603866894823,5.0,0.9,0.925476601743718,0.975679785308071,0.975679785308071
179,0.1,2,0,0.8693547538099351,2,0.0070046547857162906,0.004953038898850791,1.0,0.4,0.9184437441928364,0.9465519900448094,0.9465519900448094
179,0.1,2,1,0.9541818907447553,3,0.06952048435469428,0.040137670356375915,5.0,0.9,0.925476601743718,1.031016763629629,1.031016763629629
179,0.1,3,0,0.8313814725626263,3,0.1798571921307516,0.10384059829237968,1.0,0.4,0.9184437441928364,0.9052067454531755,0.9052067454531755
179,0.1,3,1,0.8743076085680439,2,0.0,0.0,5.0,0.9,0.925476601743718,0.9447106571043881,0.9447106571043881
179,0.5,1,0,0.9621304073524016,2,0.045522337792766085,0.03218915374872955,1.0,0.4,0.9184437441928364,1.0475659651838107,1.0475659651838107
179,0.5,1,1,0.9510554395885539,3,0.06657724092633172,0.03843838797072019,5.0,0.9,0.925476601743718,1.0276385570382245,1.0276385570382245
179,0.5,2,0,0.9136986105305063,3,0.06892187052126136,0.039792060498502785,1.0,0.4,0.9184437441928364,0.9948335064696855,0.9948335064696855
179,0.5,2,1,0.87602629836287,2,0.0024305944173553663,0.0017186897948261448,5.0,0.9,0.925476601743718,0.9465677432712213,0.9465677432712213
179,0.5,3,0,0.9348729361320508,5,0.05792841691564619,0.025906375610466714,1.0,0.4,0.9184437441928364,1.0178880764805611,1.0178880764805611
179,0.9,1,0,0.9339147466381293,4,0.049159713000497623,0.024579856500248812,1.0,0.4,0.9184437441928364,1.0168448013752758,1.0168448013752758
179,0.9,1,1,0.9943195611011312,1,,,5.0,0.9,0.925476601743718,1.0743864936484662,1.0743864936484662
179,0.9,2,0,0.9083959342887693,5,0.05387767452219924,0.0240948285402492,1.0,0.4,0.9184437441928364,0.9890599615190395,0.9890599615190395
179,0.9,3,0,0.9938010922282718,5,0.0003665746311707728,0.00016393715882495225,1.0,0.4,0.9184437441928364,1.082048953473642,1.082048953473642
180,0.1,1,0,0.9660872879489439,4,0.03438478015666283,0.017192390078331416,1.0,0.4,0.9163458766641265,1.054282354023239,1.054282354023239
180,0.1,1,1,0.8622794829691381,1,,,5.0,0.9,0.8989330612155785,0.9592254642443836,0.9592254642443836
180,0.1,2,0,0.8955853106556215,5,0.05143763942315092,0.023003611670457703,1.0,0.4,0.9163458766641265,0.9773441813433134,0.9773441813433134
180,0.1,3,0,0.9477402736266812,4,0.10466103707672922,0.05233051853836461,1.0,0.4,0.9163458766641265,1.0342604225784735,1.0342604225784735
180,0.1,3,1,0.8753726638385178,1,,,5.0,0.9,0.8989330612155785,0.9737907099053613,0.9737907099053613
180,0.5,1,0,0.9026829830322092,2,0.06331268923818517,0.044768831895477285,1.0,0.4,0.9163458766641265,0.9850898072661648,0.9850898072661648
180,0.5,1,1,0.9255563585711702,3,0.060645227186599204,0.035013538241249066,5.0,0.9,0.8989330612155785,1.029616551559012,1.029616551559012
180,0.5,2,0,0.8904133432664529,4,0.05196569229791658,0.02598284614895829,1.0,0.4,0.9163458766641265,0.971700059924885,0.971700059924885
180,0.5,2,1,0.866511529511318,1,,,5.0,0.9,0.8989330612155785,0.9639333192836199,0.9639333192836199
180,0.5,3,0,0.8791918358160749,5,0.09319895790184239,0.04167984106013215,1.0,0.4,0.9163458766641265,0.9594541299369322,0.9594541299369322
180,0.9,1,0,0.9246334393934106,2,0.0474961834969601,0.03358487343118107,1.0,0.4,0.9163458766641265,1.00904414254523,1.00904414254523
180,0.9,1,1,1.0449295811319597,3,0.05430050889265349,0.031350413426307164,5.0,0.9,0.8989330612155785,1.1624108915506546,1.1624108915506546
180,0.9,2,0,0.9082433656977731,3,0.05769218354023725,0.033308597697093274,1.0,0.4,0.9163458766641265,0.9911578027765565,0.9911578027765565
180,0.9,2,1,0.8600537387829136,2,0.003147677614531848,0.0022257441862245653,5.0,0.9,0.8989330612155785,0.9567494798999934,0.9567494798999934
180,0.9,3,0,0.9325350505399708,4,0.06116948220904677,0.030584741104523385,1.0,0.4,0.9163458766641265,1.0176670996052053,1.0176670996052053
180,0.9,3,1,0.8578280737040311,1,,,5.0,0.9,0.8989330612155785,0.9542735835569744,0.9542735835569744
181,0.1,1,1,0.9041037610021986,5,0.06344828218332085,0.02837493440349884,5.0,0.9,0.9410829009396874,0.9607057572711559,0.9607057572711559
181,0.1,2,1,0.9465293765810061,5,0.032534130991274605,0.014549705697074526,5.0,0.9,0.9410829009396874,1.0057874557447386,1.0057874557447386
181,0.1,3,1,1.0385109036328664,5,0.1319561406895898,0.05901258012608975,5.0,0.9,0.9410829009396874,1.1035275453372868,1.1035275453372868
181,0.5,1,0,0.9762551051269284,2,0.0327535431872387,0.023160252495582928,1.0,0.4,0.9646272090240836,1.0120542899827683,1.0120542899827683
181,0.5,1,1,1.004087722365615,3,0.04548919463844849,0.02626319876972752,5.0,0.9,0.9410829009396874,1.0669492787118078,1.0669492787118078
181,0.5,2,0,0.9444119063453458,4,0.033533402945188105,0.016766701472594053,1.0,0.4,0.9646272090240836,0.9790434040325384,0.9790434040325384
181,0.5,2,1,0.8121827411167512,1,,,5.0,0.9,0.9410829009396874,0.8630299629350111,0.8630299629350111
181,0.5,3,0,0.9518541333835587,5,0.048863730235828566,0.021852524488304898,1.0,0.4,0.9646272090240836,0.9867585368513009,0.9867585368513009
181,0.9,1,0,0.981262956369606,5,0.018094411113565863,0.008092066652552186,1.0,0.4,0.9646272090240836,1.0172457786696198,1.0172457786696198
181,0.9,2,0,0.9651846136136466,5,0.13535878928103157,0.06053429083689129,1.0,0.4,0.9646272090240836,1.000577844564562,1.000577844564562
181,0.9,3,0,0.9687945393054163,5,0.04593975034000986,0.020544880925926226,1.0,0.4,0.9646272090240836,1.0043201458992108,1.0043201458992108
182,0.1,1,1,2.1240707880747167,5,0.11872725882301251,0.05309644430209352,5.0,0.9,2.086949052517611,1.0177875619494994,1.0177875619494994
182,0.1,2,0,2.1281869834753415,2,0.09796310168150268,0.06927037350505783,1.0,0.4,2.1143308273566648,1.006553447520793,1.006553447520793
182,0.1,2,1,2.0429792457324627,3,0.12421282059210308,0.0717143054056534,5.0,0.9,2.086949052517611,0.9789310588430011,0.9789310588430011
182,0.1,3,0,2.0524491855134905,3,0.007642286791020374,0.004412276336019935,1.0,0.4,2.1143308273566648,0.9707322803780245,0.9707322803780245
182,0.1,3,1,1.946992811666386,2,0.07680736956253552,0.05431101186277009,5.0,0.9,2.086949052517611,0.9329373945749239,0.9329373945749239
182,0.5,1,0,2.040824503788319,2,0.0528925542485507,0.037400683783427535,1.0,0.4,2.1143308273566648,0.9652342374157957,0.9652342374157957
182,0.5,1,1,2.190555273769584,3,0.11221256443393701,0.06478595428239177,5.0,0.9,2.086949052517611,1.0496448253621653,1.0496448253621653
182,0.5,2,0,2.048237877205882,3,0.00862635938604962,0.004980430913662203,1.0,0.4,2.1143308273566648,0.9687404878670703,0.9687404878670703
182,0.5,2,1,2.130246545544219,2,0.1858628202173866,0.1314248605461702,5.0,0.9,2.086949052517611,1.0207467896613844,1.0207467896613844
182,0.5,3,0,2.2047378168887186,3,0.07151266339582181,0.041287855462044824,1.0,0.4,2.1143308273566648,1.0427591502532652,1.0427591502532652
182,0.5,3,1,1.9861209493469851,2,0.10666121959103748,0.07542087166245004,5.0,0.9,2.086949052517611,0.9516863609827989,0.9516863609827989
182,0.9,1,0,2.053578234564653,4,0.03518639468718611,0.017593197343593055,1.0,0.4,2.1143308273566648,0.971266278670323,0.971266278670323
182,0.9,1,1,2.065311603430668,1,,,5.0,0.9,2.086949052517611,0.9896320185388137,0.9896320185388137
182,0.9,2,0,2.229088520887608,4,0.043654886657316455,0.021827443328658228,1.0,0.4,2.1143308273566648,1.0542761293767888,1.0542761293767888
182,0.9,2,1,2.059662840836235,1,,,5.0,0.9,2.086949052517611,0.9869253101083332,0.9869253101083332
182,0.9,3,0,2.1575434965293043,4,0.09461128527472408,0.04730564263736204,1.0,0.4,2.1143308273566648,1.0204379885179389,1.0204379885179389
182,0.9,3,1,2.2366014142572417,1,,,5.0,0.9,2.086949052517611,1.0717086799790805,1.0717086799790805
183,0.1,1,0,1.1322597538539303,4,0.13937312078149655,0.06968656039074828,1.0,0.4,1.162436923845372,0.9740397355138937,0.9740397355138937
183,0.1,1,1,0.8174424986279499,1,,,5.0,0.9,0.8174424986279499,1.0,1.0
183,0.1,2,0,1.092506424810693,5,0.16580568352104091,0.07415055588177283,1.0,0.4,1.162436923845372,0.9398414678679106,0.9398414678679106
183,0.1,3,0,1.192194760289436,5,0.14687824812876207,0.06568594944639865,1.0,0.4,1.162436923845372,1.0255995278828758,1.0255995278828758
183,0.5,1,0,1.155725784201045,5,0.17453464071527686,0.07805426421357231,1.0,0.4,1.162436923845372,0.9942266633942372,0.9942266633942372
183,0.5,2,0,1.1027032707847977,5,0.15302708346783192,0.06843579220652128,1.0,0.4,1.162436923845372,0.9486134242338295,0.9486134242338295
183,0.5,3,0,1.1942825294622819,5,0.12411618099912927,0.055506443564344164,1.0,0.4,1.162436923845372,1.0273955558049237,1.0273955558049237
183,0.9,1,0,1.247372954504812,5,0.08809174641288592,0.03939582664717723,1.0,0.4,1.162436923845372,1.0730672167384956,1.0730672167384956
183,0.9,2,0,1.1706909853127514,5,0.10498310486385645,0.04694987179291436,1.0,0.4,1.162436923845372,1.0071006532036808,1.0071006532036808
183,0.9,3,0,1.1741958513886008,5,0.10589193054949199,0.04735631099547015,1.0,0.4,1.162436923845372,1.0101157553601532,1.0101157553601532
184,0.1,1,1,0.8781380351852286,5,0.050245188198074574,0.02247033127063298,5.0,0.9,0.8568071501144984,1.024895783220156,1.024895783220156
184,0.1,2,0,0.8011109155273914,1,,,1.0,0.4,0.8538098620484145,0.9382778896526323,0.9382778896526323
184,0.1,2,1,0.7707034405020929,4,0.23620096487509484,0.11810048243754742,5.0,0.9,0.8568071501144984,0.8995063129423009,0.8995063129423009
184,0.1,3,0,0.910864993109235,2,0.009384821449774143,0.0066360708873602625,1.0,0.4,0.8538098620484145,1.0668241649539358,1.0668241649539358
184,0.1,3,1,0.957331539147163,3,0.06996790448755107,0.04039598849052164,5.0,0.9,0.8568071501144984,1.1173244049366664,1.1173244049366664
184,0.5,1,0,0.9439168138391083,4,0.06595881862717626,0.03297940931358813,1.0,0.4,0.8538098620484145,1.105535149915596,1.105535149915596
184,0.5,1,1,0.8210555856235091,1,,,5.0,0.9,0.8568071501144984,0.9582734989008768,0.9582734989008768
184,0.5,2,0,0.8200304629310867,5,0.2170156819496376,0.09705236340457275,1.0,0.4,0.8538098620484145,0.9604368599862667,0.9604368599862667
184,0.5,3,0,0.9378728424764734,5,0.04814499705539265,0.021531097238477032,1.0,0.4,0.8538098620484145,1.0984563240185345,1.0984563240185345
184,0.9,1,0,0.8200673625967866,5,0.19587448932796414,0.08759773463907698,1.0,0.4,0.8538098620484145,0.9604800776478797,0.9604800776478797
184,0.9,2,0,0.6989167616506399,5,0.26097416627766473,0.1167111952336383,1.0,0.4,0.8538098620484145,0.8185859553950765,0.8185859553950765
184,0.9,3,0,0.8976987442565946,5,0.19340611215869868,0.08649384281015976,1.0,0.4,0.8538098620484145,1.0514035784300784,1.0514035784300784
185,0.1,1,1,1.0680071020201958,5,0.04962425527451176,0.022192641625322154,5.0,0.9,1.0091113740832247,1.0583639521360837,1.0583639521360837
185,0.1,2,1,0.9752403570279251,5,0.042860684789146605,0.01916788095014461,5.0,0.9,1.0091113740832247,0.966434807965502,0.966434807965502
185,0.1,3,1,1.0097194163506513,5,0.021378281061287578,0.009560657939027073,5.0,0.9,1.0091113740832247,1.0006025521890276,1.0006025521890276
185,0.5,1,0,1.034217469226973,3,0.028472682676184243,0.016438711007645768,1.0,0.4,1.0616716854039343,0.9741405779635954,0.9741405779635954
185,0.5,1,1,1.0478383218214378,1,,,5.0,0.9,1.0091113740832247,1.0383772780020406,1.0383772780020406
185,0.5,2,0,1.0567076367847195,2,0.013679506710870534,0.009672871958543439,1.0,0.4,1.0616716854039343,0.9953243091179114,0.9953243091179114
185,0.5,2,1,1.0141962061465462,3,0.022905794263139306,0.013224666483825665,5.0,0.9,1.0091113740832247,1.005038920573005,1.005038920573005
185,0.5,3,0,1.0834298056958174,4,0.07965402034043924,0.03982701017021962,1.0,0.4,1.0616716854039343,1.020494207946786,1.020494207946786
185,0.5,3,1,0.9396668411325918,1,,,5.0,0.9,1.0091113740832247,0.9311824891343405,0.9311824891343405
185,0.9,1,0,0.9537322597003819,5,0.1484561728054804,0.06639161881450197,1.0,0.4,1.0616716854039343,0.8983306918819403,0.8983306918819403
185,0.9,2,0,1.0963932360416546,5,0.036327613527343636,0.016246202661496255,1.0,0.4,1.0616716854039343,1.0327046026705609,1.0327046026705609
185,0.9,3,0,1.145549704974059,5,0.05983276294582049,0.026758025045697034,1.0,0.4,1.0616716854039343,1.0790056104192056,1.0790056104192056
186,0.1,1,1,1.1073905614025328,5,0.1695714541084303,0.07583465968598722,5.0,0.9,1.2011355535459642,0.9219530286430373,0.9219530286430373
186,0.1,2,1,1.2178111030440322,5,0.14423934878050396,0.06450579778070165,5.0,0.9,1.2011355535459642,1.0138831536947173,1.0138831536947173
186,0.1,3,0,1.239059062335358,2,0.174869493675162,0.12365140480036513,1.0,0.4,1.2663195231447884,0.9784726837806846,0.9784726837806846
186,0.1,3,1,1.152014125305072,3,0.06301159496415565,0.036379761314622935,5.0,0.9,1.2011355535459642,0.9591041759642556,0.9591041759642556
186,0.5,1,0,1.3766971888991497,2,0.006985446873785191,0.0049394568540718775,1.0,0.4,1.2663195231447884,1.087164150703646,1.087164150703646
186,0.5,1,1,1.2744741288473567,3,0.07821514391941513,0.04515753439657965,5.0,0.9,1.2011355535459642,1.0610577008439088,1.0610577008439088
186,0.5,2,0,1.2502244561137212,3,0.19964700497677004,0.11526625206624075,1.0,0.4,1.2663195231447884,0.9872898847906123,0.9872898847906123
186,0.5,2,1,1.2264401275879244,2,0.0015839710154097006,0.0011200366461991407,5.0,0.9,1.2011355535459642,1.0210672092481623,1.0210672092481623
186,0.5,3,0,1.2021413583382805,4,0.0553971060191822,0.0276985530095911,1.0,0.4,1.2663195231447884,0.9493191381531201,0.9493191381531201
186,0.5,3,1,1.2286832750888668,1,,,5.0,0.9,1.2011355535459642,1.022934731605918,1.022934731605918
186,0.9,1,0,1.3105235266332507,5,0.07436903491963602,0.03325884350027235,1.0,0.4,1.2663195231447884,1.0349074642541132,1.0349074642541132
186,0.9,2,0,1.2292633394606134,5,0.20569845497684655,0.09199114563898175,1.0,0.4,1.2663195231447884,0.9707370983334843,0.9707370983334843
186,0.9,3,0,1.2563277302331453,5,0.18183142141312025,0.08131748374502955,1.0,0.4,1.2663195231447884,0.9921095799843397,0.9921095799843397
187,0.1,1,0,1.0845023893437917,1,,,1.0,0.4,0.7518461824853886,1.442452478456081,1.442452478456081
187,0.1,1,1,0.7990258068887759,4,0.16734121530510426,0.08367060765255213,5.0,0.9,0.8073612735887832,0.98967566692547,0.98967566692547
187,0.1,2,0,0.6566877330762655,4,0.14681756290354997,0.07340878145177498,1.0,0.4,0.7518461824853886,0.873433620299093,0.873433620299093
187,0.1,3,0,0.6400543071222918,4,0.16639086793698307,0.08319543396849154,1.0,0.4,0.7518461824853886,0.8513101775770879,0.8513101775770879
187,0.1,3,1,0.8875887101143074,1,,,5.0,0.9,0.8073612735887832,1.0993699340679384,1.0993699340679384
187,0.5,1,0,0.7326644166812842,4,0.1899455373759029,0.09497276868795144,1.0,0.4,0.7518461824853886,0.9744871141851184,0.9744871141851184
187,0.5,1,1,0.8973895516338581,1,,,5.0,0.9,0.8073612735887832,1.1115092846166528,1.1115092846166528
187,0.5,2,0,0.6714355700453449,5,0.15854415106174866,0.07090309984181309,1.0,0.4,0.7518461824853886,0.8930491178737795,0.8930491178737795
187,0.5,3,0,0.6737178373843179,5,0.18070781597045704,0.08081499211509281,1.0,0.4,0.7518461824853886,0.8960846687512588,0.8960846687512588
187,0.9,1,0,0.6407236647532266,4,0.17546806866986692,0.08773403433493346,1.0,0.4,0.7518461824853886,0.8522004629127428,0.8522004629127428
187,0.9,1,1,0.5597233290300629,1,,,5.0,0.9,0.8073612735887832,0.6932749282635883,0.6932749282635883
187,0.9,2,0,0.7892013270866614,4,0.26354488561354233,0.13177244280677117,1.0,0.4,0.7518461824853886,1.0496845571228244,1.0496845571228244
187,0.9,2,1,0.8930789702769115,1,,,5.0,0.9,0.8073612735887832,1.1061701861263502,1.1061701861263502
187,0.9,3,0,0.8776283968753134,5,0.23035813177580972,0.10301928836411296,1.0,0.4,0.7518461824853886,1.1672978028220145,1.1672978028220145
188,0.1,1,0,0.9349894799459157,3,0.07231745444344698,0.04175250179003261,1.0,0.4,0.9158546360925285,1.0208928831053645,1.0208928831053645
188,0.1,1,1,0.8723318647172569,2,0.0319502266949307,0.022592221956432953,5.0,0.9,0.9311220272960737,0.9368609474855404,0.9368609474855404
188,0.1,2,0,0.91891103657921,1,,,1.0,0.4,0.9158546360925285,1.0033372113501784,1.0033372113501784
188,0.1,2,1,0.9351161248395007,4,0.07511380386403653,0.037556901932018265,5.0,0.9,0.9311220272960737,1.0042895532769487,1.0042895532769487
188,0.1,3,0,0.8908965853969393,4,0.0822274794412977,0.04111373972064885,1.0,0.4,0.9158546360925285,0.9727488951717577,0.9727488951717577
188,0.1,3,1,0.906316542188587,1,,,5.0,0.9,0.9311220272960737,0.9733595765320681,0.9733595765320681
188,0.5,1,0,0.9305233479217848,3,0.08252888612800174,0.047648074621921784,1.0,0.4,0.9158546360925285,1.0160164192560515,1.0160164192560515
188,0.5,1,1,0.962989724336901,2,0.0055386999123316506,0.0039164522669670465,5.0,0.9,0.9311220272960737,1.0342250490339804,1.0342250490339804
188,0.5,2,0,0.8989081827234858,3,0.028035500422563187,0.016186303715832726,1.0,0.4,0.9158546360925285,0.9814965686679883,0.9814965686679883
188,0.5,2,1,0.9787030337506164,2,0.05549402866567209,0.039240203984857384,5.0,0.9,0.9311220272960737,1.0511007204852787,1.0511007204852787
188,0.5,3,0,0.9096361588865224,3,0.04768864605852954,0.027533052639180815,1.0,0.4,0.9158546360925285,0.9932101919224462,0.9932101919224462
188,0.5,3,1,0.8560591135194444,2,0.007463941608538682,0.005277803725778129,5.0,0.9,0.9311220272960737,0.9193844506131943,0.9193844506131943
188,0.9,1,0,0.9399038032061565,3,0.07831329367825787,0.045214201186268406,1.0,0.4,0.9158546360925285,1.026258716357252,1.026258716357252
188,0.9,1,1,0.9871484921616628,2,0.022892228507294627,0.016187250013980026,5.0,0.9,0.9311220272960737,1.060170915543999,1.060170915543999
188,0.9,2,0,0.9213025291938621,4,0.004706509705827199,0.0023532548529135995,1.0,0.4,0.9158546360925285,1.0059484255324371,1.0059484255324371
188,0.9,2,1,0.9262709390289366,1,,,5.0,0.9,0.9311220272960737,0.9947900617481638,0.9947900617481638
188,0.9,3,0,0.897620600978879,2,0.06844844408997389,0.048400358977688795,1.0,0.4,0.9158546360925285,0.9800906886365236,0.9800906886365236
188,0.9,3,1,0.9551624111217588,3,0.07995778521830672,0.04616364881959567,5.0,0.9,0.9311220272960737,1.0258187252808282,1.0258187252808282
189,0.1,1,0,0.9540893480396342,2,0.0006600127649013418,0.0004666995017314213,1.0,0.4,1.0415709993816913,0.9160099010110795,0.9160099010110795
189,0.1,1,1,1.0649362256561967,3,0.22920884877627978,0.13233379054162936,5.0,0.9,0.991024791706972,1.0745808122740474,1.0745808122740474
189,0.1,2,0,0.9010564924543825,2,0.08052265875060145,0.056938118041720574,1.0,0.4,1.0415709993816913,0.8650936834735965,0.8650936834735965
189,0.1,2,1,1.0472738028148008,3,0.270200396423839,0.15600027161044702,5.0,0.9,0.991024791706972,1.0567584298380102,1.0567584298380102
189,0.1,3,0,0.9884428293351064,4,0.08781491174406658,0.04390745587203329,1.0,0.4,1.0415709993816913,0.9489922721752782,0.9489922721752782
189,0.1,3,1,1.0345524348353203,1,,,5.0,0.9,0.991024791706972,1.0439218508886896,1.0439218508886896
189,0.5,1,0,1.0730071084549408,3,0.0974865494861609,0.05628388558820277,1.0,0.4,1.0415709993816913,1.030181436591371,1.030181436591371
189,0.5,1,1,0.9898459640059816,2,0.0388059479819193,0.027439948968387556,5.0,0.9,0.991024791706972,0.9988104962551341,0.9988104962551341
189,0.5,2,0,0.9887510259257472,1,,,1.0,0.4,1.0415709993816913,0.9492881680775486,0.9492881680775486
189,0.5,2,1,0.9540958168016186,4,0.07679218317334192,0.03839609158667096,5.0,0.9,0.991024791706972,0.9627365781215768,0.9627365781215768
189,0.5,3,0,1.1060060393707043,4,0.20689609622419228,0.10344804811209614,1.0,0.4,1.0415709993816913,1.0618633199534777,1.0618633199534777
189,0.5,3,1,0.9700644183402805,1,,,5.0,0.9,0.991024791706972,0.9788497991754689,0.9788497991754689
189,0.9,1,0,1.1210166461308013,1,,,1.0,0.4,1.0415709993816913,1.0762748260044408,1.0762748260044408
189,0.9,1,1,1.0466110168821756,4,0.11799859606280914,0.05899929803140457,5.0,0.9,0.991024791706972,1.056089641389758,1.056089641389758
189,0.9,2,0,1.1215697738987973,3,0.14823716563769632,0.08558476748483111,1.0,0.4,1.0415709993816913,1.0768058774337954,1.0768058774337954
189,0.9,2,1,0.8998377459907486,2,0.06906657555684417,0.04883744392957756,5.0,0.9,0.991024791706972,0.9079871195157894,0.9079871195157894
189,0.9,3,0,1.1201997308251082,4,0.17796664034114804,0.08898332017057402,1.0,0.4,1.0415709993816913,1.0754905152794128,1.0754905152794128
189,0.9,3,1,0.9120057000356253,1,,,5.0,0.9,0.991024791706972,0.9202652725415257,0.9202652725415257
190,0.1,1,0,1.685076064679013,4,0.4678990858515153,0.23394954292575765,1.0,0.4,1.558243522752881,1.0813945574450792,1.0813945574450792
190,0.1,2,0,1.5371384951353886,5,0.5439994664292538,0.24328395733188524,1.0,0.4,1.558243522752881,0.9864558861889526,0.9864558861889526
190,0.1,3,0,1.540448248544695,5,0.5327116732410629,0.23823590275493448,1.0,0.4,1.558243522752881,0.9885799145330328,0.9885799145330328
190,0.5,1,0,1.6766100192936206,5,0.244222779297358,0.10921974723256415,1.0,0.4,1.558243522752881,1.0759614879268848,1.0759614879268848
190,0.5,2,0,1.67961626825742,4,0.5115631206748413,0.25578156033742067,1.0,0.4,1.558243522752881,1.0778907428346727,1.0778907428346727
190,0.5,3,0,1.4773732579914327,4,0.393213561035569,0.1966067805177845,1.0,0.4,1.558243522752881,0.9481016519044607,0.9481016519044607
190,0.9,1,0,1.6919455227222076,4,0.4783330006546536,0.2391665003273268,1.0,0.4,1.558243522752881,1.0858030198855704,1.0858030198855704
190,0.9,2,0,1.1598741292678592,5,0.47765122054765996,0.2136121197360624,1.0,0.4,1.558243522752881,0.744347152631676,0.744347152631676
190,0.9,3,0,1.5761096988842942,5,0.44343110134399716,0.19830841718855519,1.0,0.4,1.558243522752881,1.011465586649672,1.011465586649672
191,0.1,1,0,1.0006826753733937,2,0.21617695130874037,0.1528601882066444,1.0,0.4,1.1583456291046972,0.86388954231807,0.86388954231807
191,0.1,1,1,1.0550510125443788,3,0.27625359612287687,0.15949508808614513,5.0,0.9,1.1711063992360073,0.900901073747578,0.900901073747578
191,0.1,2,0,1.1515489330195332,5,0.12499890605230407,0.055901210209212356,1.0,0.4,1.1583456291046972,0.9941324109882322,0.9941324109882322
191,0.1,3,0,1.1464397671294222,1,,,1.0,0.4,1.1583456291046972,0.9897216671120197,0.9897216671120197
191,0.1,3,1,1.143448415181569,4,0.13042594335584862,0.06521297167792431,5.0,0.9,1.1711063992360073,0.9763830305491613,0.9763830305491613
191,0.5,1,0,1.2505079295452344,2,0.0012143147878379383,0.0008586502209753099,1.0,0.4,1.1583456291046972,1.0795637313465505,1.0795637313465505
191,0.5,1,1,1.264522308232124,3,0.08236785435708684,0.047555102885635976,5.0,0.9,1.1711063992360073,1.0797672261521738,1.0797672261521738
191,0.5,2,0,1.1271865389512448,2,0.019280575099638916,0.013633425398131171,1.0,0.4,1.1583456291046972,0.973100351595805,0.973100351595805
191,0.5,2,1,1.1497645373961864,3,0.06585374809952088,0.03802067919240419,5.0,0.9,1.1711063992360073,0.9817763254869551,0.9817763254869551
191,0.5,3,0,1.1695133149678605,1,,,1.0,0.4,1.1583456291046972,1.0096410653112189,1.0096410653112189
191,0.5,3,1,1.1585630438863217,4,0.12123651636761397,0.060618258183806985,5.0,0.9,1.1711063992360073,0.9892893119208737,0.9892893119208737
191,0.9,1,0,1.2674057485268073,1,,,1.0,0.4,1.1583456291046972,1.0941516216592488,1.0941516216592488
191,0.9,1,1,1.2267703602605806,4,0.040960989662474176,0.020480494831237088,5.0,0.9,1.1711063992360073,1.047531087748207,1.047531087748207
191,0.9,2,0,1.1568383252692125,4,0.04209769831625912,0.02104884915812956,1.0,0.4,1.1583456291046972,0.9986987443146398,0.9986987443146398
191,0.9,2,1,1.1996251171508903,1,,,5.0,0.9,1.1711063992360073,1.0243519443950504,1.0243519443950504
191,0.9,3,0,1.1549874291595665,5,0.08676602487456768,0.0388029459513942,1.0,0.4,1.1583456291046972,0.9971008653542154,0.9971008653542154
192,0.1,1,0,1.2620971543690687,3,0.1811854534774117,0.10460747033842806,1.0,0.4,1.255485970080951,1.0052658368517582,1.0052658368517582
192,0.1,1,1,1.2119438972597936,2,0.04608493908776248,0.03258697293952584,5.0,0.9,1.2129541003736897,0.9991671547063612,0.9991671547063612
192,0.1,2,0,1.2095379130188602,2,0.020355042329276676,0.014393188462370754,1.0,0.4,1.255485970080951,0.9634021740130411,0.9634021740130411
192,0.1,2,1,1.1749619510638525,3,0.006108332059798934,0.003526647159024536,5.0,0.9,1.2129541003736897,0.9686779991937597,0.9686779991937597
192,0.1,3,0,1.2773749729184682,3,0.1437680456240702,0.08300451984192334,1.0,0.4,1.255485970080951,1.0174346853402956,1.0174346853402956
192,0.1,3,1,1.1625953117426358,2,0.026966412905067776,0.01906813342944985,5.0,0.9,1.2129541003736897,0.9584825273969235,0.9584825273969235
192,0.5,1,0,1.20709890718993,2,0.010355359864742425,0.007322345181986377,1.0,0.4,1.255485970080951,0.9614594953315957,0.9614594953315957
192,0.5,1,1,1.2897160655679833,3,0.13450621697073709,0.07765720057573328,5.0,0.9,1.2129541003736897,1.0632851359920747,1.0632851359920747
192,0.5,2,0,1.235882269103901,4,0.0731728611904849,0.03658643059524245,1.0,0.4,1.255485970080951,0.9843855674661295,0.9843855674661295
192,0.5,2,1,1.2578542463751927,1,,,5.0,0.9,1.2129541003736897,1.0370171847291418,1.0370171847291418
192,0.5,3,0,1.2256465785524606,4,0.08835713808106158,0.04417856904053079,1.0,0.4,1.255485970080951,0.976232795714502,0.976232795714502
192,0.5,3,1,1.1806531302326797,1,,,5.0,0.9,1.2129541003736897,0.9733699979817385,0.9733699979817385
192,0.9,1,0,1.3008255432857223,5,0.12935435915248364,0.0578490280501751,1.0,0.4,1.255485970080951,1.0361131659654053,1.0361131659654053
192,0.9,2,0,1.3114817641489256,5,0.08044312823809532,0.0359752606126228,1.0,0.4,1.255485970080951,1.0446008919274214,1.0446008919274214
192,0.9,3,0,1.2694286281412226,5,0.11324026925045279,0.050642587966878316,1.0,0.4,1.255485970080951,1.0111053873898508,1.0111053873898508
193,0.1,1,0,0.7826921676656035,3,0.3061910307520363,0.17677947402813715,1.0,0.4,0.7529721988495206,1.0394702073482827,1.0394702073482827
193,0.1,1,1,1.0729744429042996,2,0.08856762168914047,0.06262676588995596,5.0,0.9,1.0267954113811997,1.0449739363959387,1.0449739363959387
193,0.1,2,0,0.6063566786576069,1,,,1.0,0.4,0.7529721988495206,0.8052842848435439,0.8052842848435439
193,0.1,2,1,0.9847424271923599,4,0.04984793197115686,0.02492396598557843,5.0,0.9,1.0267954113811997,0.9590444369708744,0.9590444369708744
193,0.1,3,0,0.6275934258975753,1,,,1.0,0.4,0.7529721988495206,0.8334881777261979,0.8334881777261979
193,0.1,3,1,1.010040061982707,4,0.0009705070306552582,0.0004852535153276291,5.0,0.9,1.0267954113811997,0.9836819007829865,0.9836819007829865
193,0.5,1,0,0.8287678379755663,2,0.2544702859956759,0.17993766483802254,1.0,0.4,0.7529721988495206,1.1006619357817662,1.1006619357817662
193,0.5,1,1,1.0725252026032086,3,0.06277930517568789,0.03624564874272107,5.0,0.9,1.0267954113811997,1.0445364195390152,1.0445364195390152
193,0.5,2,0,0.6792894773094175,3,0.07605210489881566,0.04390870323576888,1.0,0.4,0.7529721988495206,0.9021441672711367,0.9021441672711367
193,0.5,2,1,1.0101424892268343,2,0.0008719576041875844,0.0006165671348282165,5.0,0.9,1.0267954113811997,0.9837816550699573,0.9837816550699573
193,0.5,3,0,0.7693530299942165,3,0.12120917126358875,0.06998014765728443,1.0,0.4,0.7529721988495206,1.0217548950276312,1.0217548950276312
193,0.5,3,1,1.0103478443777885,2,0.0005815415646048069,0.00041121198387389363,5.0,0.9,1.0267954113811997,0.9839816512412276,0.9839816512412276
193,0.9,1,0,0.8278291553145459,5,0.20650310635215938,0.0923509966736594,1.0,0.4,0.7529721988495206,1.099415299236015,1.099415299236015
193,0.9,2,0,0.853004180016411,5,0.23248551118487953,0.10397068135863566,1.0,0.4,0.7529721988495206,1.1328495013756563,1.1328495013756563
193,0.9,3,0,0.8018638368147423,5,0.23194054438991032,0.1037269647988294,1.0,0.4,0.7529721988495206,1.0649315313897698,1.0649315313897698
194,0.1,1,0,1.0365336321884546,1,,,1.0,0.4,1.141339860437839,0.9081726382453874,0.9081726382453874
194,0.1,1,1,1.1783808456184748,4,0.052657491794044095,0.026328745897022048,5.0,0.9,1.1388676370507422,1.0346951720131916,1.0346951720131916
194,0.1,2,0,0.9857517240544498,1,,,1.0,0.4,1.141339860437839,0.8636793984188874,0.8636793984188874
194,0.1,2,1,1.0588553750886334,4,0.11934171844134489,0.059670859220672445,5.0,0.9,1.1388676370507422,0.929744019972934,0.929744019972934
194,0.1,3,0,1.1490152513111282,2,0.08967101393510989,0.0634069820293896,1.0,0.4,1.141339860437839,1.0067248951336412,1.0067248951336412
194,0.1,3,1,1.1504285080677097,3,0.0605333847857526,0.03494896600101346,5.0,0.9,1.1388676370507422,1.0101511981207105,1.0101511981207105
194,0.5,1,0,1.124944630950792,3,0.22213044837681145,0.12824707416556436,1.0,0.4,1.141339860437839,0.9856351030439281,0.9856351030439281
194,0.5,1,1,1.3196016998235438,2,0.30647473525948243,0.2167103635643319,5.0,0.9,1.1388676370507422,1.158696284706832,1.158696284706832
194,0.5,2,0,1.1282749740978308,3,0.06361278295131004,0.03672685736084009,1.0,0.4,1.141339860437839,0.9885530271982297,0.9885530271982297
194,0.5,2,1,0.9561697501720969,2,0.20951966390691823,0.1481527751405082,5.0,0.9,1.1388676370507422,0.8395793497550188,0.8395793497550188
194,0.5,3,0,1.1908579178869558,4,0.08074353958031884,0.04037176979015942,1.0,0.4,1.141339860437839,1.0433859003488415,1.0433859003488415
194,0.5,3,1,1.1115332428765266,1,,,5.0,0.9,1.1388676370507422,0.9759986206606046,0.9759986206606046
194,0.9,1,0,1.366352999751058,2,0.2281023067321958,0.16129268789462953,1.0,0.4,1.141339860437839,1.197148235256499,1.197148235256499
194,0.9,1,1,1.0605055794274407,3,0.06080825088889783,0.035107660019655464,5.0,0.9,1.1388676370507422,0.931193006918494,0.931193006918494
194,0.9,2,0,1.1214286621336114,4,0.10145961473329905,0.050729807366649525,1.0,0.4,1.141339860437839,0.9825545405059372,0.9825545405059372
194,0.9,2,1,1.2754660953315113,1,,,5.0,0.9,1.1388676370507422,1.119942347852214,1.119942347852214
194,0.9,3,0,1.1688989515662707,5,0.24470625755815908,0.10943596528392308,1.0,0.4,1.141339860437839,1.024146261848648,1.024146261848648
195,0.1,1,1,0.8795350837468623,5,0.09394609687679023,0.04201397176745673,5.0,0.9,0.8726743033217225,1.00786178806804,1.00786178806804
195,0.1,2,0,0.8488123381740402,1,,,1.0,0.4,0.9029691842469371,0.9400235943621233,0.9400235943621233
195,0.1,2,1,0.8602500215139217,4,0.006333181246387038,0.003166590623193519,5.0,0.9,0.8726743033217225,0.9857629796586088,0.9857629796586088
195,0.1,3,0,0.8561872909698995,1,,,1.0,0.4,0.9029691842469371,0.948191041185915,0.948191041185915
195,0.1,3,1,0.8675762411608873,4,0.018544404637377214,0.009272202318688607,5.0,0.9,0.8726743033217225,0.9941581158727488,0.9941581158727488
195,0.5,1,1,0.8936673456681588,5,0.08934104556099134,0.039954530211056494,5.0,0.9,0.8726743033217225,1.0240559877454039,1.0240559877454039
195,0.5,2,0,0.8553982215638615,3,0.014418706023662324,0.008324643804127521,1.0,0.4,0.9029691842469371,0.9473171803501256,0.9473171803501256
195,0.5,2,1,0.8553291967178563,2,0.00040414906458125996,0.0002857765441756088,5.0,0.9,0.8726743033217225,0.980124192338603,0.980124192338603
195,0.5,3,0,0.931446543039684,4,0.14520439362836357,0.07260219681418179,1.0,0.4,0.9029691842469371,1.031537464721453,1.031537464721453
195,0.5,3,1,0.8561872909698995,1,,,5.0,0.9,0.8726743033217225,0.9811074850158104,0.9811074850158104
195,0.9,1,0,1.0052578777513206,1,,,1.0,0.4,0.9029691842469371,1.1132803813118948,1.1132803813118948
195,0.9,1,1,0.8961749434744715,4,0.08541640174187479,0.04270820087093739,5.0,0.9,0.8726743033217225,1.0269294513007852,1.0269294513007852
195,0.9,2,0,0.9027012282375797,5,0.06880246576272421,0.030769398093010648,1.0,0.4,0.9029691842469371,0.9997032501063912,0.9997032501063912
195,0.9,3,0,0.9209807899921737,5,0.1367437427661341,0.06115366086456419,1.0,0.4,0.9029691842469371,1.019947087962097,1.019947087962097
196,0.1,1,0,0.7257585825027686,1,,,1.0,0.4,0.828563197412157,0.8759242321762818,0.8759242321762818
196,0.1,1,1,0.943677373112429,4,0.20368762972963567,0.10184381486481783,5.0,0.9,1.0979098217578414,0.8595217516148331,0.8595217516148331
196,0.1,2,1,1.1376917548231056,5,0.16198851675268366,0.07244346700667283,5.0,0.9,1.0979098217578414,1.0362342446318316,1.0362342446318316
196,0.1,3,0,0.6543703467642531,3,0.1821113680401823,0.10514204736049027,1.0,0.4,0.828563197412157,0.7897651607119908,0.7897651607119908
196,0.1,3,1,1.106204075795656,2,0.19538376621505496,0.13815718602443242,5.0,0.9,1.0979098217578414,1.0075545858807737,1.0075545858807737
196,0.5,1,0,0.51282179865786,1,,,1.0,0.4,0.828563197412157,0.6189290089875475,0.6189290089875475
196,0.5,1,1,1.204066083300175,4,0.07788767692506433,0.03894383846253217,5.0,0.9,1.0979098217578414,1.0966894178725617,1.0966894178725617
196,0.5,2,0,0.8293934214963444,5,0.16103634035310951,0.07201764077546907,1.0,0.4,0.828563197412157,1.0010020045384354,1.0010020045384354
196,0.5,3,0,0.8552624311888593,5,0.1421971826602066,0.06359251332743526,1.0,0.4,0.828563197412157,1.0322235332924412,1.0322235332924412
196,0.9,1,0,1.0491879397501687,5,0.21054014000135382,0.09415641300706995,1.0,0.4,0.828563197412157,1.2662738859595584,1.2662738859595584
196,0.9,2,0,0.9682227212585144,5,0.1989905320481743,0.08899127130771363,1.0,0.4,0.828563197412157,1.1685562722102003,1.1685562722102003
196,0.9,3,0,1.0334883376784876,5,0.22792190071005308,0.10192977270972725,1.0,0.4,0.828563197412157,1.247325902123545,1.247325902123545
197,0.1,1,1,0.6445046367915721,5,0.1484263257445705,0.06637827080307733,5.0,0.9,0.633398260454757,1.0175345861051799,1.0175345861051799
197,0.1,2,1,0.7059850870614074,5,0.11139621395633637,0.04981790136849578,5.0,0.9,0.633398260454757,1.1145990305602287,1.1145990305602287
197,0.1,3,1,0.7058570934421532,5,0.0967459728099233,0.04326611435046696,5.0,0.9,0.633398260454757,1.1143969560879017,1.1143969560879017
197,0.5,1,1,0.5416465396150694,5,0.12754173137939645,0.05703839626646969,5.0,0.9,0.633398260454757,0.8551437119928097,0.8551437119928097
197,0.5,2,0,0.7733846909104641,1,,,1.0,0.4,0.6284864919605762,1.2305510155005481,1.2305510155005481
197,0.5,2,1,0.5859064630418611,4,0.1987355474900498,0.0993677737450249,5.0,0.9,0.633398260454757,0.9250206380756422,0.9250206380756422
197,0.5,3,0,0.5387075074172666,5,0.13128389282184177,0.058711941740086974,1.0,0.4,0.6284864919605762,0.8571504945742872,0.8571504945742872
197,0.9,1,1,0.5172507774433249,5,0.04411629410774748,0.019729406508059356,5.0,0.9,0.633398260454757,0.8166280360036947,0.8166280360036947
197,0.9,2,0,0.5687220486424599,3,0.19933956335635147,0.11508875056393199,1.0,0.4,0.6284864919605762,0.9049073542826992,0.9049073542826992
197,0.9,2,1,0.7326372257879108,2,0.01878573432791161,0.013283520132835208,5.0,0.9,0.633398260454757,1.1566770411745428,1.1566770411745428
197,0.9,3,0,0.6331317208721141,4,0.16607581543962374,0.08303790771981187,1.0,0.4,0.6284864919605762,1.0073911356424656,1.0073911356424656
198,0.1,1,0,0.572251040413701,3,0.07218199414294743,0.04167429374907469,1.0,0.4,0.6172067912112561,0.9271625791587123,0.9271625791587123
198,0.1,1,1,0.5139033863492259,2,0.09327372085249028,0.06595448052129696,5.0,0.9,0.6343204612311384,0.8101636597876763,0.8101636597876763
198,0.1,2,0,0.605804598581179,3,0.11635997347596498,0.0671804620092461,1.0,0.4,0.6172067912112561,0.9815261387391727,0.9815261387391727
198,0.1,2,1,0.7486309691232245,2,0.24568722580830393,0.17372710341996225,5.0,0.9,0.6343204612311384,1.1802093971085583,1.1802093971085583
198,0.1,3,0,0.5237880752958503,5,0.034969512779935694,0.01563884154319677,1.0,0.4,0.6172067912112561,0.8486427608288731,0.8486427608288731
198,0.5,1,0,0.6247412349541416,3,0.028108380014829713,0.01622838076804623,1.0,0.4,0.6172067912112561,1.012207324757557,1.012207324757557
198,0.5,1,1,0.5342587059331766,2,0.016484442977139333,0.011656261413218181,5.0,0.9,0.6343204612311384,0.8422536219251793,0.8422536219251793
198,0.5,2,0,0.6490213816853281,4,0.028715530697126568,0.014357765348563284,1.0,0.4,0.6172067912112561,1.0515460797371274,1.0515460797371274
198,0.5,2,1,0.6782579897333996,1,,,5.0,0.9,0.6343204612311384,1.0692670837339597,1.0692670837339597
198,0.5,3,0,0.645139526118912,5,0.1619601487014665,0.07243078042849067,1.0,0.4,0.6172067912112561,1.0452566875565943,1.0452566875565943
198,0.9,1,0,0.6995535786573153,4,0.19381547690972636,0.09690773845486318,1.0,0.4,0.6172067912112561,1.1334184727365932,1.1334184727365932
198,0.9,1,1,0.6965512550166656,1,,,5.0,0.9,0.6343204612311384,1.0981062374446267,1.0981062374446267
198,0.9,2,0,0.6599294363824946,5,0.07136248073397314,0.0319142715928366,1.0,0.4,0.6172067912112561,1.0692193374726098,1.0692193374726098
198,0.9,3,0,0.5746322488123832,5,0.044882083910771225,0.020071878119266813,1.0,0.4,0.6172067912112561,0.9310206190127603,0.9310206190127603
199,0.1,1,0,1.031196399834378,4,0.12044861450517058,0.06022430725258529,1.0,0.4,0.9789437027826435,1.0533766108339084,1.0533766108339084
199,0.1,1,1,0.9508333720228425,1,,,5.0,0.9,0.9743745958660548,0.9758396576192669,0.9758396576192669
199,0.1,2,0,0.8995052866715925,4,0.11156637132046933,0.055783185660234665,1.0,0.4,0.9789437027826435,0.9188529270015756,0.9188529270015756
199,0.1,2,1,0.9784997611084568,1,,,5.0,0.9,0.9743745958660548,1.0042336543459813,1.0042336543459813
199,0.1,3,0,0.962260432930689,5,0.02697070399875083,0.01206166550844645,1.0,0.4,0.9789437027826435,0.9829578863375571,0.9829578863375571
199,0.5,1,0,1.0407142090676467,4,0.11638523092666886,0.05819261546333443,1.0,0.4,0.9789437027826435,1.0630991405424242,1.0630991405424242
199,0.5,1,1,0.9937906544668652,1,,,5.0,0.9,0.9743745958660548,1.019926688034752,1.019926688034752
199,0.5,2,0,0.9616587501888748,5,0.12766063959451743,0.05709157363688843,1.0,0.4,0.9789437027826435,0.982343261880498,0.982343261880498
199,0.5,3,0,0.8972359285165419,5,0.15842620719357545,0.07085035374046017,1.0,0.4,0.9789437027826435,0.9165347567650237,0.9165347567650237
199,0.9,1,0,1.0150214471898207,5,0.11337178902810928,0.05070140539952343,1.0,0.4,0.9789437027826435,1.0368537478760282,1.0368537478760282
199,0.9,2,0,0.9980556726496562,5,0.018318915179209735,0.008192467922953141,1.0,0.4,0.9789437027826435,1.0195230530751533,1.0195230530751533
199,0.9,3,0,1.004845197994593,5,0.1391102802360607,0.06221200859537544,1.0,0.4,0.9789437027826435,1.0264586156878321,1.0264586156878321
200,0.1,1,0,1.0253670556451167,4,0.04228174473880582,0.02114087236940291,1.0,0.4,1.0304683384442601,0.995049549210949,0.995049549210949
200,0.1,1,1,1.0037186853944606,1,,,5.0,0.9,0.990613073868488,1.0132297986688117,1.0132297986688117
200,0.1,2,0,1.0206627215963568,3,0.06623648792727889,0.038241654134989866,1.0,0.4,1.0304683384442601,0.9904843104032607,0.9904843104032607
200,0.1,2,1,0.9758049949131491,2,0.009120548552390974,0.006449201729536807,5.0,0.9,0.990613073868488,0.985051601532462,0.985051601532462
200,0.1,3,0,1.0134036985977855,5,0.05202823140398054,0.02326773243367796,1.0,0.4,1.0304683384442601,0.9834399183266146,0.9834399183266146
200,0.5,1,0,1.0269042487060047,2,0.04686301990469503,0.03313715916149001,1.0,0.4,1.0304683384442601,0.9965412913669562,0.9965412913669562
200,0.5,1,1,0.9920965459251666,3,0.010968910501902287,0.006332903430990199,5.0,0.9,0.990613073868488,1.0014975292531578,1.0014975292531578
200,0.5,2,0,1.0168519486840342,4,0.02723526285100993,0.013617631425504964,1.0,0.4,1.0304683384442601,0.9867862123927231,0.9867862123927231
200,0.5,2,1,0.9995943946482946,1,,,5.0,0.9,0.990613073868488,1.0090664266571137,1.0090664266571137
200,0.5,3,0,1.0530010522792441,4,0.05777721604088387,0.028888608020441936,1.0,0.4,1.0304683384442601,1.0218664785654672,1.0218664785654672
200,0.5,3,1,0.971767497034401,1,,,5.0,0.9,0.990613073868488,0.9809758448265858,0.9809758448265858
200,0.9,1,0,1.0304331722418947,5,0.03402310323695876,0.015215594328666582,1.0,0.4,1.0304683384442601,0.9999658735731575,0.9999658735731575
200,0.9,2,0,1.0307629346247855,4,0.04402753907150348,0.02201376953575174,1.0,0.4,1.0304683384442601,1.0002858857177215,1.0002858857177215
200,0.9,2,1,1.007868158943784,1,,,5.0,0.9,0.990613073868488,1.0174185921127734,1.0174185921127734
200,0.9,3,0,1.0568282136231189,3,0.03621708253367059,0.02090994235007761,1.0,0.4,1.0304683384442601,1.02558048044315,1.02558048044315
200,0.9,3,1,0.9834412402201599,2,0.015527538502934765,0.010979627770560383,5.0,0.9,0.990613073868488,0.9927602069490956,0.9927602069490956
201,0.1,1,0,0.8630425621576064,1,,,1.0,0.4,1.0128908886043921,0.8520587675013509,0.8520587675013509
201,0.1,1,1,0.8851596993115445,4,0.0443879059445026,0.0221939529722513,5.0,0.9,0.9364203859690579,0.945258895015975,0.945258895015975
201,0.1,2,0,0.8841325851499753,4,0.04396135404098571,0.021980677020492854,1.0,0.4,1.0128908886043921,0.8728803813885363,0.8728803813885363
201,0.1,2,1,0.9468331021729081,1,,,5.0,0.9,0.9364203859690579,1.011119702603521,1.011119702603521
201,0.1,3,0,0.9512060399401383,5,0.15092456542749771,0.0674955175540999,1.0,0.4,1.0128908886043921,0.9391002038242776,0.9391002038242776
201,0.5,1,0,1.2203350391105494,1,,,1.0,0.4,1.0128908886043921,1.2048040443842707,1.2048040443842707
201,0.5,1,1,1.0349708493844987,4,0.202371910178239,0.1011859550891195,5.0,0.9,0.9364203859690579,1.1052416894079635,1.1052416894079635
201,0.5,2,0,0.9388973775362992,4,0.10057838079408166,0.05028919039704083,1.0,0.4,1.0128908886043921,0.9269481916556238,0.9269481916556238
201,0.5,2,1,0.8681644764730818,1,,,5.0,0.9,0.9364203859690579,0.9271097569866111,0.9271097569866111
201,0.5,3,0,1.0395255048340069,5,0.1643342985125581,0.07349253250176449,1.0,0.4,1.0128908886043921,1.0262956420373306,1.0262956420373306
201,0.9,1,0,1.2040295083568553,1,,,1.0,0.4,1.0128908886043921,1.1887060313236926,1.1887060313236926
201,0.9,1,1,0.9469738025032557,4,0.10821989140348888,0.05410994570174444,5.0,0.9,0.9364203859690579,1.0112699559859288,1.0112699559859288
201,0.9,2,0,1.0384447812380941,5,0.13705880885020377,0.06129456270084108,1.0,0.4,1.0128908886043921,1.025228672625253,1.025228672625253
201,0.9,3,0,0.9764045991160042,5,0.10493705007630978,0.04692927546578563,1.0,0.4,1.0128908886043921,0.9639780652596645,0.9639780652596645
202,0.1,1,1,0.7355294399976309,5,0.11006155268603762,0.049221022703030935,5.0,0.9,0.8586169006333915,0.8566444935512445,0.8566444935512445
202,0.1,2,0,0.5757013549221341,1,,,1.0,0.4,0.6605629531484426,0.8715313993589371,0.8715313993589371
202,0.1,2,1,0.8765511675114038,4,0.15944824670321472,0.07972412335160736,5.0,0.9,0.8586169006333915,1.02088739094791,1.02088739094791
202,0.1,3,0,0.5672646214173157,3,0.0300949307641367,0.017375316377917473,1.0,0.4,0.6605629531484426,0.8587593638328658,0.8587593638328658
202,0.1,3,1,0.9637700943911396,2,0.013580954564125612,0.009603185067279613,5.0,0.9,0.8586169006333915,1.1224681155008454,1.1224681155008454
202,0.5,1,0,0.7513346106515637,5,0.17256336583582932,0.07717268328701583,1.0,0.4,0.6605629531484426,1.137415604478689,1.137415604478689
202,0.5,2,0,0.7072767251952954,5,0.10386232205487778,0.04644864248313647,1.0,0.4,0.6605629531484426,1.0707181228135803,1.0707181228135803
202,0.5,3,0,0.6091501699281909,5,0.05590520184626871,0.025001566324820715,1.0,0.4,0.6605629531484426,0.9221682309381675,0.9221682309381675
202,0.9,1,0,0.6962028577418152,5,0.16022868377966484,0.0716564457753297,1.0,0.4,0.6605629531484426,1.0539538350183009,1.0539538350183009
202,0.9,2,0,0.6367292756715958,5,0.01691414935229998,0.0075642375466653585,1.0,0.4,0.6605629531484426,0.963919142962456,0.963919142962456
202,0.9,3,0,0.7408440096596298,5,0.16182243276165875,0.0723691919878916,1.0,0.4,0.6605629531484426,1.1215343005970035,1.1215343005970035
203,0.1,1,1,1.3627889515010307,5,0.17523112067418095,0.07836573952018747,5.0,0.9,1.4257286692520887,0.9558543507552001,0.9558543507552001
203,0.1,2,0,1.1325241242016202,1,,,1.0,0.4,1.1852103118111321,0.9555469716349315,0.9555469716349315
203,0.1,2,1,1.4257823859316985,4,0.12348277913982517,0.06174138956991258,5.0,0.9,1.4257286692520887,1.0000376766496797,1.0000376766496797
203,0.1,3,0,0.8959211301415972,2,0.07043662429203768,0.04980621468078894,1.0,0.4,1.1852103118111321,0.7559174276610291,0.7559174276610291
203,0.1,3,1,1.278677475096127,3,0.15309891066859757,0.08839169728715328,5.0,0.9,1.4257286692520887,0.8968589204051692,0.8968589204051692
203,0.5,1,0,1.2685925776803895,1,,,1.0,0.4,1.1852103118111321,1.0703522953169722,1.0703522953169722
203,0.5,1,1,1.4414499364620323,4,0.14692157295923727,0.07346078647961864,5.0,0.9,1.4257286692520887,1.0110268296829512,1.0110268296829512
203,0.5,2,0,1.205453677737514,4,0.17154868479188218,0.08577434239594109,1.0,0.4,1.1852103118111321,1.0170799778947652,1.0170799778947652
203,0.5,2,1,1.4497254777041884,1,,,5.0,0.9,1.4257286692520887,1.0168312589692736,1.0168312589692736
203,0.5,3,0,1.1319074591884681,5,0.262133099391565,0.11722948587844961,1.0,0.4,1.1852103118111321,0.9550266715607534,0.9550266715607534
203,0.9,1,0,1.2920956457752517,4,0.07252538247316602,0.03626269123658301,1.0,0.4,1.1852103118111321,1.0901825886080818,1.0901825886080818
203,0.9,1,1,1.5959477888174556,1,,,5.0,0.9,1.4257286692520887,1.1193909635377262,1.1193909635377262
203,0.9,2,0,1.329188920754626,5,0.08603341741431357,0.03847531393500386,1.0,0.4,1.1852103118111321,1.1214793758615538,1.1214793758615538
203,0.9,3,0,1.2259989590095903,5,0.23912311168452152,0.10693910654357287,1.0,0.4,1.1852103118111321,1.0344146914619132,1.0344146914619132
204,0.1,1,1,0.8518713819759753,5,0.159212532029158,0.07120200889741196,5.0,0.9,0.8258073442325085,1.0315618865895293,1.0315618865895293
204,0.1,2,0,0.5076497434910245,2,0.005898853352858392,0.004171119207031171,1.0,0.4,0.7561618747747683,0.6713506200537207,0.6713506200537207
204,0.1,2,1,0.6853598973921082,3,0.16521296023082382,0.09538574706288108,5.0,0.9,0.8258073442325085,0.829927103674611,0.829927103674611
204,0.1,3,0,0.7427271897384349,2,0.03305509819059838,0.02337348408335929,1.0,0.4,0.7561618747747683,0.9822330568565956,0.9822330568565956
204,0.1,3,1,0.883439687633731,3,0.18898661446492512,0.10911147273456055,5.0,0.9,0.8258073442325085,1.0697890904019327,1.0697890904019327
204,0.5,1,0,1.0684195424785454,1,,,1.0,0.4,0.7561618747747683,1.4129508219345055,1.4129508219345055
204,0.5,1,1,0.9026921442601324,4,0.1948778011243299,0.09743890056216495,5.0,0.9,0.8258073442325085,1.0931025868982547,1.0931025868982547
204,0.5,2,1,0.8171828239532275,5,0.23426362790594507,0.10476587933068197,5.0,0.9,0.8258073442325085,0.9895562562630192,0.9895562562630192
204,0.5,3,0,0.7750969817390482,1,,,1.0,0.4,0.7561618747747683,1.0250410759864348,1.0250410759864348
204,0.5,3,1,0.8530327919586509,4,0.18639280037003766,0.09319640018501883,5.0,0.9,0.8258073442325085,1.0329682799702458,1.0329682799702458
204,0.9,1,1,0.8671256938412322,5,0.20929669106407006,0.09360032573700669,5.0,0.9,0.8258073442325085,1.0500338848973598,1.0500338848973598
204,0.9,2,0,0.6775847808105873,1,,,1.0,0.4,0.7561618747747683,0.8960842954591091,0.8960842954591091
204,0.9,2,1,0.7578981965976674,4,0.3157809346564988,0.1578904673282494,5.0,0.9,0.8258073442325085,0.91776635542282,0.91776635542282
204,0.9,3,0,0.7654930103909696,1,,,1.0,0.4,0.7561618747747683,1.0123401297096348,1.0123401297096348
204,0.9,3,1,0.8136634804798507,4,0.1888062584942643,0.09440312924713215,5.0,0.9,0.8258073442325085,0.9852945558822269,0.9852945558822269
205,0.1,1,1,0.9993434139182471,5,0.1001217013157747,0.044775786033000475,5.0,0.9,1.0415416239083948,0.9594848549289864,0.9594848549289864
205,0.1,2,1,0.9967151309956336,5,0.12872100012429977,0.05756578128193863,5.0,0.9,1.0415416239083948,0.956961400405152,0.956961400405152
205,0.1,3,1,1.051160742215595,5,0.05816022107464248,0.026010041581863288,5.0,0.9,1.0415416239083948,1.0092354622094741,1.0092354622094741
205,0.5,1,0,1.0922759342192871,2,0.0018840508368535211,0.0013322251228393145,1.0,0.4,1.0559914510192552,1.0343605842310652,1.0343605842310652
205,0.5,1,1,1.09242460072812,3,0.002049983653195243,0.0011835586140066061,5.0,0.9,1.0415416239083948,1.0488535221749338,1.0488535221749338
205,0.5,2,0,1.0117067499241437,3,0.10405045022033715,0.06007355544401342,1.0,0.4,1.0559914510192552,0.958063390520475,0.958063390520475
205,0.5,2,1,1.1027325705175497,2,0.017925279964327065,0.01267508701744302,5.0,0.9,1.0415416239083948,1.058750361199714,1.058750361199714
205,0.5,3,0,1.0485200617627164,5,0.087032134902049,0.03892195397358271,1.0,0.4,1.0559914510192552,0.9929247635013263,0.9929247635013263
205,0.9,1,0,1.0540515780432862,3,0.06390771045847009,0.03689713383649037,1.0,0.4,1.0559914510192552,0.9981629842039946,0.9981629842039946
205,0.9,1,1,1.050413657195504,2,0.061086250755707484,0.04319450214662262,5.0,0.9,1.0415416239083948,1.0085181744862168,1.0085181744862168
205,0.9,2,0,1.0403797968390927,4,0.06611942418319329,0.033059712091596645,1.0,0.4,1.0559914510192552,0.9852161168870316,0.9852161168870316
205,0.9,2,1,0.9980012517881136,1,,,5.0,0.9,1.0415416239083948,0.9581962245955227,0.9581962245955227
205,0.9,3,0,1.0890145853270048,5,0.004058090197864984,0.0018148331082503352,1.0,0.4,1.0559914510192552,1.0312721606561068,1.0312721606561068
206,0.1,1,0,0.6302951520423615,5,0.051685726780150903,0.02311455970937975,1.0,0.4,0.5973321926707201,1.0551836311119636,1.0551836311119636
206,0.1,2,0,0.5975341987945261,5,0.06163852894686267,0.027565588151654687,1.0,0.4,0.5973321926707201,1.0003381805405511,1.0003381805405511
206,0.1,3,0,0.6488420642132484,5,0.04308977463410271,0.019270333043399958,1.0,0.4,0.5973321926707201,1.0862332085471964,1.0862332085471964
206,0.5,1,0,0.35086433058883765,4,0.11911602221435687,0.059558011107178434,1.0,0.4,0.5973321926707201,0.587385603679077,0.587385603679077
206,0.5,1,1,0.6813612956208934,1,,,5.0,0.9,0.6813612956208934,1.0,1.0
206,0.5,2,0,0.5561929751530936,5,0.14175785368905722,0.06339603943864025,1.0,0.4,0.5973321926707201,0.9311284105855909,0.9311284105855909
206,0.5,3,0,0.5712590454428488,4,0.16638441689760186,0.08319220844880093,1.0,0.4,0.5973321926707201,0.9563506746366771,0.9563506746366771
206,0.9,1,0,0.6651612794524336,5,0.06904906360455731,0.03087968000049936,1.0,0.4,0.5973321926707201,1.1135533755152962,1.1135533755152962
206,0.9,2,0,0.7215207429254671,2,0.1281471058409615,0.0906136875295741,1.0,0.4,0.5973321926707201,1.2079053360567928,1.2079053360567928
206,0.9,3,0,0.6343199454236643,4,0.11101712411242552,0.05550856205621276,1.0,0.4,0.5973321926707201,1.0619215793268548,1.0619215793268548
207,0.1,1,1,1.0148771822700033,4,0.10757189888193089,0.053785949440965444,5.0,0.9,0.990933991941213,1.0241622454406738,1.0241622454406738
207,0.1,2,0,0.8678609642664181,1,,,1.0,0.4,0.9270526012562099,0.9361507244469368,0.9361507244469368
207,0.1,2,1,1.0015502648365704,4,0.10653053290504601,0.053265266452523004,5.0,0.9,0.990933991941213,1.0107134006721885,1.0107134006721885
207,0.1,3,0,0.8502478734488121,2,0.27952987072410757,0.19765746713321544,1.0,0.4,0.9270526012562099,0.9171517045491022,0.9171517045491022
207,0.1,3,1,1.0375466138147988,3,0.09154171913621244,0.05285163618537337,5.0,0.9,0.990933991941213,1.0470390785386956,1.0470390785386956
207,0.5,1,1,0.9414739167471229,5,0.39746743486572134,0.17775284064044458,5.0,0.9,0.990933991941213,0.9500874169255218,0.9500874169255218
207,0.5,2,0,0.6762591294343592,2,0.4391259284823142,0.31050892182468326,1.0,0.4,0.9270526012562099,0.7294722311527835,0.7294722311527835
207,0.5,2,1,1.0382918810373096,3,0.08231350268643331,0.04752372293395326,5.0,0.9,0.990933991941213,1.0477911641756519,1.0477911641756519
207,0.5,3,0,0.9915089048091943,2,0.006359958221744524,0.004497169586658689,1.0,0.4,0.9270526012562099,1.0695282052664998,1.0695282052664998
207,0.5,3,1,1.081083855916023,3,0.0942546744610909,0.054417961672491376,5.0,0.9,0.990933991941213,1.0909746408014613,1.0909746408014613
207,0.9,1,1,1.0311433279164257,5,0.07031449131706119,0.031445596477653506,5.0,0.9,0.990933991941213,1.0405772092815624,1.0405772092815624
207,0.9,2,0,1.0209024555916908,4,0.05207628732476564,0.02603814366238282,1.0,0.4,0.9270526012562099,1.1012346594015365,1.1012346594015365
207,0.9,2,1,0.7815048929914504,1,,,5.0,0.9,0.990933991941213,0.7886548441642449,0.7886548441642449
207,0.9,3,0,1.1555362799867848,4,0.0956941035064107,0.04784705175320535,1.0,0.4,0.9270526012562099,1.2464624751831408,1.2464624751831408
208,0.1,1,1,0.9455862203942779,5,0.101120033989187,0.04522225397738227,5.0,0.9,0.9821809225890612,0.9627413836360021,0.9627413836360021
208,0.1,2,1,1.0131188510697509,5,0.08943059567911488,0.03999457824135996,5.0,0.9,0.9821809225890612,1.0314992154389806,1.0314992154389806
208,0.1,3,1,0.9919234046798904,5,0.10164964344158191,0.04545910252479856,5.0,0.9,0.9821809225890612,1.0099192336836962,1.0099192336836962
208,0.5,1,0,1.0220580896297036,1,,,1.0,0.4,0.9756296820343553,1.0475881458408862,1.0475881458408862
208,0.5,1,1,0.9780952142123255,4,0.07097929275941586,0.03548964637970793,5.0,0.9,0.9821809225890612,0.9958401672413209,0.9958401672413209
208,0.5,2,0,0.9988082501132963,5,0.10654692946129982,0.047649235413868285,1.0,0.4,0.9756296820343553,1.023757547054749,1.023757547054749
208,0.5,3,0,0.9437583419138044,5,0.13778570738728133,0.061619641609171195,1.0,0.4,0.9756296820343553,0.967332543579349,0.967332543579349
208,0.9,1,0,0.9328903461334808,5,0.1694776054656151,0.07579268929700105,1.0,0.4,0.9756296820343553,0.9561930754179643,0.9561930754179643
208,0.9,2,0,0.9544553466056623,5,0.16378809647457854,0.07324826352449025,1.0,0.4,0.9756296820343553,0.9782967494546283,0.9782967494546283
208,0.9,3,0,1.0018077178101845,5,0.08798861680316357,0.03934970568361079,1.0,0.4,0.9756296820343553,1.0268319386524234,1.0268319386524234
209,0.1,1,0,0.8057672907805922,5,0.07799735046739713,0.03488147554199499,1.0,0.4,0.8181838148632061,0.9848242853781092,0.9848242853781092
209,0.1,2,0,0.8046996084662785,5,0.06321809525209517,0.028271991678348297,1.0,0.4,0.8181838148632061,0.9835193435118463,0.9835193435118463
209,0.1,3,0,0.8098513760657875,5,0.10916501612092942,0.04882007936225172,1.0,0.4,0.8181838148632061,0.9898159329895669,0.9898159329895669
209,0.5,1,0,0.852284592448392,5,0.06643605316282598,0.02971110620577376,1.0,0.4,0.8181838148632061,1.0416786264476368,1.0416786264476368
209,0.5,2,0,0.7691075366499651,5,0.18057771779447304,0.08075681044204303,1.0,0.4,0.8181838148632061,0.9400180285631217,0.9400180285631217
209,0.5,3,0,0.8061140576398959,5,0.13961621575742922,0.0624382698389778,1.0,0.4,0.8181838148632061,0.9852481105051825,0.9852481105051825
209,0.9,1,0,0.8139926857314732,5,0.02974555286010476,0.013302615644701506,1.0,0.4,0.8181838148632061,0.9948775213398304,0.9948775213398304
209,0.9,2,0,0.8945404613167357,5,0.07707332258091465,0.034468237708538935,1.0,0.4,0.8181838148632061,1.0933245623616934,1.0933245623616934
209,0.9,3,0,0.8072967246697346,5,0.0942474117092102,0.04214872385704072,1.0,0.4,0.8181838148632061,0.9866935889030122,0.9866935889030122
210,0.1,1,0,1.1383959225328426,1,,,1.0,0.4,1.048456428486919,1.0857827675068195,1.0857827675068195
210,0.1,1,1,1.0848348860206278,4,0.1545907045411845,0.07729535227059225,5.0,0.9,1.0758515898409942,1.0083499399586902,1.0083499399586902
210,0.1,2,0,0.600357634919239,1,,,1.0,0.4,1.048456428486919,0.5726109532139985,0.5726109532139985
210,0.1,2,1,0.964589366952096,4,0.26578807447403663,0.13289403723701831,5.0,0.9,1.0758515898409942,0.8965821829520721,0.8965821829520721
210,0.1,3,0,1.0680475860417655,2,0.030183686269190036,0.021343089242151555,1.0,0.4,1.048456428486919,1.0186857145633792,1.0186857145633792
210,0.1,3,1,1.101757685520893,3,0.015298068224622525,0.008832343807567075,5.0,0.9,1.0758515898409942,1.0240796183456193,1.0240796183456193
210,0.5,1,0,1.0926496229452238,2,0.023087890314213644,0.016325603804471678,1.0,0.4,1.048456428486919,1.0421507210577003,1.0421507210577003
210,0.5,1,1,1.1169911273803577,3,0.05807993353077793,0.03353246525851021,5.0,0.9,1.0758515898409942,1.0382390451692727,1.0382390451692727
210,0.5,2,0,1.121112939407485,4,0.031494760628762275,0.015747380314381138,1.0,0.4,1.048456428486919,1.0692985506564354,1.0692985506564354
210,0.5,2,1,1.071659526655983,1,,,5.0,0.9,1.0758515898409942,0.9961034930611287,0.9961034930611287
210,0.5,3,0,1.1068453720397646,5,0.029025662435246586,0.01298067085943469,1.0,0.4,1.048456428486919,1.0556903863302263,1.0556903863302263
210,0.9,1,0,1.0834846915391583,3,0.010624514825003569,0.00613406649422498,1.0,0.4,1.048456428486919,1.033409364567291,1.033409364567291
210,0.9,1,1,1.115276946516007,2,0.00891197755979241,0.006301719766311553,5.0,0.9,1.0758515898409942,1.0366457205132167,1.0366457205132167
210,0.9,2,0,1.1322599497040886,5,0.03481159300682781,0.015568217673664656,1.0,0.4,1.048456428486919,1.079930380452825,1.079930380452825
210,0.9,3,0,1.0929541372527019,5,0.022387288150341883,0.010011899627207997,1.0,0.4,1.048456428486919,1.0424411616513238,1.0424411616513238
211,0.1,1,1,0.7092510994879083,5,0.07434699462568702,0.03324898678116954,5.0,0.9,0.8117670541694227,0.8737125950665664,0.8737125950665664
211,0.1,2,0,0.6737949295431719,2,0.015572977540476006,0.011011758022136385,1.0,0.4,0.719067510499764,0.9370398741487751,0.9370398741487751
211,0.1,2,1,0.7603126131703627,3,0.08901215576244301,0.051391192090595374,5.0,0.9,0.8117670541694227,0.9366142777847682,0.9366142777847682
211,0.1,3,1,0.8727281102354268,5,0.08773050264926349,0.03923427352479571,5.0,0.9,0.8117670541694227,1.075096735883643,1.075096735883643
211,0.5,1,0,0.8170666457846533,1,,,1.0,0.4,0.719067510499764,1.1362864179703769,1.1362864179703769
211,0.5,1,1,0.7455927178933575,4,0.0808325589097976,0.0404162794548988,5.0,0.9,0.8117670541694227,0.91848112591392,0.91848112591392
211,0.5,2,0,0.7120575852234143,2,0.03671359614320369,0.025960432794603607,1.0,0.4,0.719067510499764,0.9902513669801634,0.9902513669801634
211,0.5,2,1,0.822061085314207,3,0.07334172696129211,0.04234386580393404,5.0,0.9,0.8117670541694227,1.0126810161756525,1.0126810161756525
211,0.5,3,0,0.698940437124187,5,0.025709787988878484,0.011497766726047978,1.0,0.4,0.719067510499764,0.9720094802203086,0.9720094802203086
211,0.9,1,0,0.6832356921657993,4,0.02098972741082675,0.010494863705413375,1.0,0.4,0.719067510499764,0.9501690483706307,0.9501690483706307
211,0.9,1,1,0.9606566989152742,1,,,5.0,0.9,0.8117670541694227,1.1834142491754498,1.1834142491754498
211,0.9,2,0,0.7122651044930484,5,0.03239957598014761,0.014489530866755885,1.0,0.4,0.719067510499764,0.9905399619543541,0.9905399619543541
211,0.9,3,0,0.7361121791640739,5,0.03989978954725887,0.017843728343121278,1.0,0.4,0.719067510499764,1.0237038503553908,1.0237038503553908
212,0.1,1,0,1.018535072746268,2,0.017771913149053586,0.01256664030235416,1.0,0.4,0.9801433509354096,1.0391694967621001,1.0391694967621001
212,0.1,1,1,0.9634756562772281,3,0.011351978067594325,0.006554067593160311,5.0,0.9,0.9761687230120129,0.9869970565174228,0.9869970565174228
212,0.1,2,1,0.9529171695453444,5,0.023468454720896273,0.010495412016559983,5.0,0.9,0.9761687230120129,0.9761808046923234,0.9761808046923234
212,0.1,3,0,0.9739523813057064,2,0.023245474210711218,0.01643703244629091,1.0,0.4,0.9801433509354096,0.993683607990816,0.993683607990816
212,0.1,3,1,1.0056896497275363,3,0.00761651556852308,0.004397397313773776,5.0,0.9,0.9761687230120129,1.0302416232149247,1.0302416232149247
212,0.5,1,0,1.0001944201920538,5,0.027658578858208924,0.012369292497598734,1.0,0.4,0.9801433509354096,1.0204572823327407,1.0204572823327407
212,0.5,2,0,0.980320769339055,4,0.02304535501981375,0.011522677509906876,1.0,0.4,0.9801433509354096,1.000181012709494,1.000181012709494
212,0.5,2,1,0.9825924164979427,1,,,5.0,0.9,0.9761687230120129,1.0065805155753293,1.0065805155753293
212,0.5,3,0,0.9924961850747126,5,0.02448314072114666,0.010949193391035431,1.0,0.4,0.9801433509354096,1.0126030892598659,1.0126030892598659
212,0.9,1,0,0.9024484958974222,5,0.13924350866961355,0.062271590162167434,1.0,0.4,0.9801433509354096,0.920731130845464,0.920731130845464
212,0.9,2,0,0.987243416374581,5,0.008579725464486711,0.0038369698733756487,1.0,0.4,0.9801433509354096,1.0072439051210167,1.0072439051210167
212,0.9,3,0,0.9859560665534772,5,0.022686191534224767,0.010145573284221365,1.0,0.4,0.9801433509354096,1.005930474978502,1.005930474978502
213,0.1,1,1,0.17589110067494299,5,0.0013880352853059084,0.0006207482506224652,5.0,0.9,0.1759831416553171,0.999476989787156,0.999476989787156
213,0.1,2,1,0.17632203328227658,5,0.001681985418725546,0.0007522067466867537,5.0,0.9,0.1759831416553171,1.0019257050634045,1.0019257050634045
213,0.1,3,1,0.1770489574114698,5,0.0007149535809800391,0.0003197369615656536,5.0,0.9,0.1759831416553171,1.0060563514557561,1.0060563514557561
213,0.5,1,1,0.17426645640847815,5,0.0007316967903405902,0.0003272247524239942,5.0,0.9,0.1759831416553171,0.9902451721756322,0.9902451721756322
213,0.5,2,1,0.174967326172143,5,0.0009511917047943584,0.00042538586231081956,5.0,0.9,0.1759831416553171,0.9942277682190509,0.9942277682190509
213,0.5,3,1,0.17559188566640777,5,0.0006041294301560556,0.0002701748946074303,5.0,0.9,0.1759831416553171,0.9977767416513359,0.9977767416513359
213,0.9,1,1,0.17637721730570363,5,0.0017607070686472689,0.0007874121387919363,5.0,0.9,0.1759831416553171,1.0022392806872285,1.0022392806872285
213,0.9,2,1,0.17662436992397057,5,0.0009953796577106947,0.0004451473156123172,5.0,0.9,0.1759831416553171,1.0036436914503402,1.0036436914503402
213,0.9,3,1,0.1767589280524612,5,0.0006123808476350344,0.0002738650406861756,5.0,0.9,0.1759831416553171,1.0044082995100951,1.0044082995100951
214,0.1,1,1,1.0796906424397243,5,0.018389185417256683,0.008223893728766755,5.0,0.9,1.0829303687263605,0.9970083706393363,0.9970083706393363
214,0.1,2,1,1.0010410835302772,5,0.05779531105137757,0.025846848858325017,5.0,0.9,1.0829303687263605,0.9243817630745792,0.9243817630745792
214,0.1,3,0,1.0365092623267358,3,0.030781327770891487,0.017771607874538305,1.0,0.4,0.9902990959947141,1.0466628380445056,1.0466628380445056
214,0.1,3,1,1.064073909079037,2,0.011882491523878472,0.00840219033392614,5.0,0.9,1.0829303687263605,0.9825875603899624,0.9825875603899624
214,0.5,1,0,0.8140891358850137,2,0.16427661677602756,0.11616110971271283,1.0,0.4,0.9902990959947141,0.8220638988540075,0.8220638988540075
214,0.5,1,1,1.1869158398564033,3,0.10163495000776246,0.058678965746055814,5.0,0.9,1.0829303687263605,1.096022305896122,1.096022305896122
214,0.5,2,0,1.0218706946784928,5,0.08436560526806605,0.03772944566846201,1.0,0.4,0.9902990959947141,1.0318808719622896,1.0318808719622896
214,0.5,3,0,1.0521109258340293,5,0.029808606899881848,0.013330814268541016,1.0,0.4,0.9902990959947141,1.0624173344086796,1.0624173344086796
214,0.9,1,0,0.9534254671988146,5,0.09176421528458853,0.041038204655653034,1.0,0.4,0.9902990959947141,0.9627651595916469,0.9627651595916469
214,0.9,2,0,1.037247183874491,5,0.025146433108047997,0.011245826764249326,1.0,0.4,0.9902990959947141,1.0474079882226082,1.0474079882226082
214,0.9,3,0,1.0168410021654215,5,0.018665079763986528,0.00834727743154592,1.0,0.4,0.9902990959947141,1.0268019089162626,1.0268019089162626
215,0.1,1,0,1.0359722842301233,2,0.03499520181507651,0.024745344512432373,1.0,0.4,1.1348514661796685,0.9128703756427181,0.9128703756427181
215,0.1,1,1,1.1757317104112326,3,0.10194196046882609,0.05885621831839493,5.0,0.9,1.143932033925521,1.0277985715432654,1.0277985715432654
215,0.1,2,0,1.1397702299091206,3,0.13934632318681883,0.08045163720249444,1.0,0.4,1.1348514661796685,1.0043342797502923,1.0043342797502923
215,0.1,2,1,1.133632235615645,2,0.008818044848944304,0.006235299309495622,5.0,0.9,1.143932033925521,0.9909961448718844,0.9909961448718844
215,0.1,3,0,1.113659648600849,4,0.07665506285704961,0.038327531428524804,1.0,0.4,1.1348514661796685,0.9813263513240557,0.9813263513240557
215,0.1,3,1,1.133182094837603,1,,,5.0,0.9,1.143932033925521,0.990602641792425,0.990602641792425
215,0.5,1,0,1.1677330419185137,5,0.12330396741845494,0.0551432106086169,1.0,0.4,1.1348514661796685,1.0289743430913798,1.0289743430913798
215,0.5,2,0,1.0529968433208627,4,0.1125562951093194,0.0562781475546597,1.0,0.4,1.1348514661796685,0.9278719503845214,0.9278719503845214
215,0.5,2,1,1.133182094837603,1,,,5.0,0.9,1.143932033925521,0.990602641792425,0.990602641792425
215,0.5,3,0,1.140408757872997,5,0.10918994400405982,0.04883122745049466,1.0,0.4,1.1348514661796685,1.004896933086791,1.004896933086791
215,0.9,1,0,1.1190691382989937,5,0.16698965216835146,0.0746800427574958,1.0,0.4,1.1348514661796685,0.9860930453446882,0.9860930453446882
215,0.9,2,0,1.1722569999790835,5,0.11778841856654305,0.05267658217539772,1.0,0.4,1.1348514661796685,1.032960730909866,1.032960730909866
215,0.9,3,0,1.271796251486473,5,0.15387265229341338,0.06881394208125224,1.0,0.4,1.1348514661796685,1.1206719904656874,1.1206719904656874
216,0.1,1,0,0.5125808698354193,2,0.0024287711645617294,0.0017174005604119469,1.0,0.4,0.5519043781418412,0.9287494177183069,0.9287494177183069
216,0.1,1,1,0.8468618688538282,3,0.20299603429586932,0.11719981504514666,5.0,0.9,0.8539726741059959,0.9916732637146595,0.9916732637146595
216,0.1,2,1,0.9397644535171791,5,0.06630874959607783,0.029654174319968345,5.0,0.9,0.8539726741059959,1.1004619726281015,1.1004619726281015
216,0.1,3,1,0.9660973940086048,5,0.06127288528327048,0.02740206733418785,5.0,0.9,0.8539726741059959,1.1312977842294425,1.1312977842294425
216,0.5,1,0,0.543150252588526,4,0.10264570419519223,0.051322852097596114,1.0,0.4,0.5519043781418412,0.9841383292105985,0.9841383292105985
216,0.5,1,1,0.7138133813018537,1,,,5.0,0.9,0.8539726741059959,0.8358737966049421,0.8358737966049421
216,0.5,2,0,0.5151557356964095,5,0.026675894356427966,0.011929822628315186,1.0,0.4,0.5519043781418412,0.9334148379667552,0.9334148379667552
216,0.5,3,0,0.5941587501982379,5,0.1644803715469614,0.07355785834868558,1.0,0.4,0.5519043781418412,1.0765610379802735,1.0765610379802735
216,0.9,1,0,0.564937141897648,4,0.05807892164582545,0.029039460822912724,1.0,0.4,0.5519043781418412,1.0236141699032821,1.0236141699032821
216,0.9,1,1,0.8033262728485133,1,,,5.0,0.9,0.8539726741059959,0.9406931828228543,0.9406931828228543
216,0.9,2,0,0.593554746657819,5,0.1729391894998854,0.07734075673909233,1.0,0.4,0.5519043781418412,1.0754666390873846,1.0754666390873846
216,0.9,3,0,0.5397931501188291,5,0.056122477508797924,0.02509873495507504,1.0,0.4,0.5519043781418412,0.9780555681333996,0.9780555681333996
217,0.1,1,1,0.874703705575361,5,0.08623322067033008,0.038564668667519605,5.0,0.9,0.901475588375568,0.9703021544394241,0.9703021544394241
217,0.1,2,0,0.6189578919702207,3,0.09634171136113859,0.05562291298854259,1.0,0.4,0.8156882843423204,0.7588166997755508,0.7588166997755508
217,0.1,2,1,0.9241100987278077,2,0.08129605715316507,0.05748499329673215,5.0,0.9,0.901475588375568,1.025108289835143,1.025108289835143
217,0.1,3,0,0.7826544502253003,2,0.1643626639728409,0.11622195426908165,1.0,0.4,0.8156882843423204,0.9595018896910419,0.9595018896910419
217,0.1,3,1,0.9343031808056796,3,0.1899850791002541,0.10968793656054406,5.0,0.9,0.901475588375568,1.0364153981022004,1.0364153981022004
217,0.5,1,0,0.773881499395405,1,,,1.0,0.4,0.8156882843423204,0.9487466158955271,0.9487466158955271
217,0.5,1,1,0.9316352873535355,4,0.048909131644402255,0.024454565822201128,5.0,0.9,0.901475588375568,1.03345592422787,1.03345592422787
217,0.5,2,0,0.8501172585584943,3,0.13351404907533013,0.07708437217423876,1.0,0.4,0.8156882843423204,1.042208494196939,1.042208494196939
217,0.5,2,1,0.8426256694154554,2,0.11158501255646175,0.07890251905746015,5.0,0.9,0.901475588375568,0.934718233395362,0.934718233395362
217,0.5,3,0,0.8247396115444955,5,0.08308106807019167,0.03715498316964717,1.0,0.4,0.8156882843423204,1.011096551680245,1.011096551680245
217,0.9,1,0,0.8816478338842488,5,0.05955799010150998,0.02663514289404718,1.0,0.4,0.8156882843423204,1.0808636715863962,1.0808636715863962
217,0.9,2,0,0.8705478679263126,5,0.16046729885846628,0.07176315768266099,1.0,0.4,0.8156882843423204,1.067255573773779,1.067255573773779
217,0.9,3,0,0.9229598612340861,5,0.032793713739690346,0.01466579463132329,1.0,0.4,0.8156882843423204,1.1315105034005208,1.1315105034005208
218,0.1,1,0,0.936074336081394,2,0.02850071389962529,0.02015304806708273,1.0,0.4,1.0037311537395806,0.932594681946337,0.932594681946337
218,0.1,1,1,1.014159801756594,3,0.03844661169691163,0.022197161612640945,5.0,0.9,1.011532516087561,1.0025973318971444,1.0025973318971444
218,0.1,2,0,0.9393683838832273,3,0.09788381350532273,0.056513246076605204,1.0,0.4,1.0037311537395806,0.9358764848370421,0.9358764848370421
218,0.1,2,1,1.0192542647668186,2,0.0005828723027658837,0.00041215295785157474,5.0,0.9,1.011532516087561,1.007633712763999,1.007633712763999
218,0.1,3,0,1.0230756167523563,2,0.09144001872419238,0.0646578573117013,1.0,0.4,1.0037311537395806,1.0192725541502865,1.0192725541502865
218,0.1,3,1,0.9597347185554775,3,0.03797114248980543,0.021922649337926804,5.0,0.9,1.011532516087561,0.9487927508920536,0.9487927508920536
218,0.5,1,0,1.0040538566064987,4,0.07964205965222641,0.039821029826113206,1.0,0.4,1.0037311537395806,1.0003215032887203,1.0003215032887203
218,0.5,1,1,0.9212775528565001,1,,,5.0,0.9,1.011532516087561,0.9107740366269668,0.9107740366269668
218,0.5,2,0,1.0014726821326707,5,0.06801765739511184,0.03041842112115227,1.0,0.4,1.0037311537395806,0.9977499237734173,0.9977499237734173
218,0.5,3,0,0.9897478400972561,3,0.026425270018256043,0.015256636758448674,1.0,0.4,1.0037311537395806,0.9860686663054872,0.9860686663054872
218,0.5,3,1,1.059682140811823,2,0.023453367737652633,0.016584035368955974,5.0,0.9,1.011532516087561,1.0476006692404678,1.0476006692404678
218,0.9,1,0,1.0340954955302348,4,0.0520146570040544,0.0260073285020272,1.0,0.4,1.0037311537395806,1.0302514689093054,1.0302514689093054
218,0.9,1,1,1.0950866177781524,1,,,5.0,0.9,1.011532516087561,1.0826014985793682,1.0826014985793682
218,0.9,2,0,1.0196849809937238,5,0.060425239645695995,0.027022988680898308,1.0,0.4,1.0037311537395806,1.015894522347647,1.015894522347647
218,0.9,3,0,1.0860071915788647,5,0.07386147230995095,0.03303185460065375,1.0,0.4,1.0037311537395806,1.0819701944417586,1.0819701944417586
219,0.1,1,0,1.007622862875141,3,0.010945009712053692,0.006319104303537268,1.0,0.4,0.9702588248898228,1.0385093513471118,1.0385093513471118
219,0.1,1,1,0.9957014600052058,2,0.006242264990191932,0.004413947904528093,5.0,0.9,1.0149785062062495,0.9810074340656761,0.9810074340656761
219,0.1,2,0,0.9739187583033347,5,0.0900966200598685,0.040292433399367424,1.0,0.4,0.9702588248898228,1.0037721207162713,1.0037721207162713
219,0.1,3,0,0.9518912160028208,5,0.08060236485249264,0.03604647339148267,1.0,0.4,0.9702588248898228,0.9810693719904193,0.9810693719904193
219,0.5,1,0,0.9341793820338653,4,0.10805336481718346,0.05402668240859173,1.0,0.4,0.9702588248898228,0.9628146202534622,0.9628146202534622
219,0.5,1,1,1.0481064483111566,1,,,5.0,0.9,1.0149785062062495,1.0326390577754514,1.0326390577754514
219,0.5,2,0,0.9955947569791537,4,0.03100279727211568,0.01550139863605784,1.0,0.4,0.9702588248898228,1.0261125500118051,1.0261125500118051
219,0.5,2,1,0.9874638379942141,1,,,5.0,0.9,1.0149785062062495,0.9728913784441813,0.9728913784441813
219,0.5,3,0,1.0022516225527163,5,0.02611309498951663,0.01167813109989367,1.0,0.4,0.9702588248898228,1.032973467328706,1.032973467328706
219,0.9,1,0,0.9634818766736934,3,0.04935174103614661,0.02849324097219595,1.0,0.4,0.9702588248898228,0.9930153191681622,0.9930153191681622
219,0.9,1,1,1.0286422785144216,2,0.016609098748473366,0.011744406354442516,5.0,0.9,1.0149785062062495,1.0134621297146913,1.0134621297146913
219,0.9,2,0,0.9598993321903195,5,0.05750273011697883,0.02571600268667782,1.0,0.4,0.9702588248898228,0.9893229595714528,0.9893229595714528
219,0.9,3,0,0.9434896163973612,5,0.12294584667598867,0.05498305414375544,1.0,0.4,0.9702588248898228,0.9724102396126091,0.9724102396126091
220,0.1,1,1,0.9495947188016572,5,0.0890732498478923,0.039834768327342,5.0,0.9,0.9541956164379396,0.9951782448409712,0.9951782448409712
220,0.1,2,0,0.8353728177516723,1,,,1.0,0.4,0.928761197281857,0.899448448316426,0.899448448316426
220,0.1,2,1,1.0043461129871105,4,0.07324861317072652,0.03662430658536326,5.0,0.9,0.9541956164379396,1.0525578777404,1.0525578777404
220,0.1,3,0,0.8346071511494898,2,0.0006494354736561077,0.00045922022736533114,1.0,0.4,0.928761197281857,0.8986240527619785,0.8986240527619785
220,0.1,3,1,0.9558050290445594,3,0.07011881301853924,0.04048311557151067,5.0,0.9,0.9541956164379396,1.0016866694615805,1.0016866694615805
220,0.5,1,0,0.9576901387286002,5,0.08551127054708586,0.038241802757131925,1.0,0.4,0.928761197281857,1.031147879058048,1.031147879058048
220,0.5,2,0,0.9318725208784997,3,0.10263846309248063,0.059258344295653166,1.0,0.4,0.928761197281857,1.0033499715596952,1.0033499715596952
220,0.5,2,1,0.8649294387138338,2,0.038319564006108225,0.02709602356083107,5.0,0.9,0.9541956164379396,0.9064487656552637,0.9064487656552637
220,0.5,3,0,0.9720839393101997,5,0.1354291237120209,0.060565745350661476,1.0,0.4,0.928761197281857,1.0466457278309347,1.0466457278309347
220,0.9,1,0,0.9796672259274238,5,0.08745156141271104,0.039109527211463886,1.0,0.4,0.928761197281857,1.054810675547762,1.054810675547762
220,0.9,2,0,0.9278676661178642,4,0.1100178231446941,0.05500891157234705,1.0,0.4,0.928761197281857,0.9990379322837691,0.9990379322837691
220,0.9,2,1,0.9963027826425375,1,,,5.0,0.9,0.9541956164379396,1.0441284423017851,1.0441284423017851
220,0.9,3,0,0.9909281183911067,5,0.09268934300340928,0.041451934349083536,1.0,0.4,0.928761197281857,1.0669353126413867,1.0669353126413867
221,0.1,1,1,0.97367206605533,5,0.046639359983493195,0.02085775587003485,5.0,0.9,0.937039709727357,1.0390937075000073,1.0390937075000073
221,0.1,2,1,0.926031259415851,5,0.03652078577922832,0.01633259191881243,5.0,0.9,0.937039709727357,0.9882518849551114,0.9882518849551114
221,0.1,3,1,0.9171755411955242,5,0.012138501608170472,0.005428502948171938,5.0,0.9,0.937039709727357,0.9788011454310592,0.9788011454310592
221,0.5,1,1,0.8912605480915132,5,0.03296587639852194,0.014742788112990202,5.0,0.9,0.937039709727357,0.9511449075630277,0.9511449075630277
221,0.5,2,0,0.938290065983097,1,,,1.0,0.4,0.9237835911492708,1.0157033259443145,1.0157033259443145
221,0.5,2,1,0.9548069426667056,4,0.017448980487596574,0.008724490243798287,5.0,0.9,0.937039709727357,1.0189610245488083,1.0189610245488083
221,0.5,3,0,0.9376330028662706,3,0.04700137727893569,0.027136257824276682,1.0,0.4,0.9237835911492708,1.0149920520884874,1.0149920520884874
221,0.5,3,1,0.94901883525743,2,0.03431039563296124,0.024261113417260196,5.0,0.9,0.937039709727357,1.0127840105448238,1.0127840105448238
221,0.9,1,0,0.8190001443920211,3,0.18159401384770826,0.104843352778199,1.0,0.4,0.9237835911492708,0.8865714353868426,0.8865714353868426
221,0.9,1,1,0.9201115749005294,2,0.03661239000476541,0.025888869247816193,5.0,0.9,0.937039709727357,0.9819344530961736,0.9819344530961736
221,0.9,2,0,0.9228550829127613,1,,,1.0,0.4,0.9237835911492708,0.9989948855495968,0.9989948855495968
221,0.9,2,1,0.9738493961435623,3,0.014185821051211602,0.008190187602592878,5.0,0.9,0.937039709727357,1.0392829525089342,1.0392829525089342
221,0.9,3,0,1.0011396595922035,4,0.06877633256679568,0.03438816628339784,1.0,0.4,0.9237835911492708,1.0837383010307584,1.0837383010307584
221,0.9,3,1,0.9274312238197668,1,,,5.0,0.9,0.937039709727357,0.9897459138520546,0.9897459138520546
222,0.1,1,0,0.7988765798096427,1,,,1.0,0.4,0.861056110749341,0.9277869001062126,0.9277869001062126
222,0.1,1,1,0.8890341645872679,3,0.11013306531101515,0.06358535490399324,5.0,0.9,0.9777647444796527,0.9092516063875821,0.9092516063875821
222,0.1,2,0,0.836617043477698,5,0.08220409774930341,0.03676279011929598,1.0,0.4,0.861056110749341,0.971617334844329,0.971617334844329
222,0.1,3,0,0.9022053785213183,3,0.053405594638358964,0.030833734440688584,1.0,0.4,0.861056110749341,1.0477892988137172,1.0477892988137172
222,0.1,3,1,0.9585999813620469,2,0.004585477170252707,0.00324242200206179,5.0,0.9,0.9777647444796527,0.9803994128180549,0.9803994128180549
222,0.5,1,1,0.9054236249696781,4,0.07684292377557686,0.03842146188778843,5.0,0.9,0.9777647444796527,0.9260137779374802,0.9260137779374802
222,0.5,2,0,0.9691978277356612,1,,,1.0,0.4,0.861056110749341,1.125591951135692,1.125591951135692
222,0.5,2,1,1.0528076286027852,2,0.0997719166540561,0.0705493988380621,5.0,0.9,0.9777647444796527,1.0767494272490556,1.0767494272490556
222,0.5,3,0,0.9656160624935097,3,0.11548968377984133,0.06667800001891615,1.0,0.4,0.861056110749341,1.121432216134178,1.121432216134178
222,0.5,3,1,1.0214230177057324,2,0.010409781618275481,0.007360827172953665,5.0,0.9,0.9777647444796527,1.044651101885775,1.044651101885775
222,0.9,1,0,0.8016350446742395,2,0.18432716922207984,0.13033899131385293,1.0,0.4,0.861056110749341,0.9309904832759508,0.9309904832759508
222,0.9,1,1,0.856218644174758,3,0.046349550350869136,0.02675992537189241,5.0,0.9,0.9777647444796527,0.875689831330972,0.875689831330972
222,0.9,2,0,0.720937963367875,2,0.028944641961645316,0.020466952610096095,1.0,0.4,0.861056110749341,0.8372717577492981,0.8372717577492981
222,0.9,2,1,1.0759702651652845,2,0.09945860779801778,0.07032785602135161,5.0,0.9,0.9777647444796527,1.1004388031375532,1.1004388031375532
222,0.9,3,0,0.8933629859147834,3,0.028001491653781088,0.016166668744021572,1.0,0.4,0.861056110749341,1.0375200579406225,1.0375200579406225
222,0.9,3,1,1.0626406292696688,2,0.07470976339350245,0.05282778031638807,5.0,0.9,0.9777647444796527,1.0868060392535277,1.0868060392535277
223,0.1,1,0,0.6413109792337233,4,0.11500052488798254,0.05750026244399127,1.0,0.4,0.6497458140187322,0.9870182545188882,0.9870182545188882
223,0.1,1,1,0.8599147510781728,1,,,5.0,0.9,0.6529538652419957,1.3169609628690595,1.3169609628690595
223,0.1,2,0,0.5813104550537218,2,0.009530451339001305,0.006739046769576235,1.0,0.4,0.6497458140187322,0.8946736439258731,0.8946736439258731
223,0.1,2,1,0.5719619233998984,3,0.025293621121691985,0.014603278963389272,5.0,0.9,0.6529538652419957,0.8759606977560652,0.8759606977560652
223,0.1,3,0,0.6552378421993108,4,0.11722360575699602,0.05861180287849801,1.0,0.4,0.6497458140187322,1.0084525795504706,1.0084525795504706
223,0.1,3,1,0.6035244887133848,1,,,5.0,0.9,0.6529538652419957,0.9242988223826633,0.9242988223826633
223,0.5,1,0,0.6507689157761521,4,0.17766883127227628,0.08883441563613814,1.0,0.4,0.6497458140187322,1.0015746184667078,1.0015746184667078
223,0.5,2,0,0.672691267726077,5,0.133694142251419,0.059789838053539934,1.0,0.4,0.6497458140187322,1.0353145079387664,1.0353145079387664
223,0.5,3,0,0.6063343554523322,5,0.06687988797588375,0.029909595168329375,1.0,0.4,0.6497458140187322,0.9331870130907092,0.9331870130907092
223,0.9,1,0,0.8307390421357065,3,0.19793806620187385,0.11427959580452583,1.0,0.4,0.6497458140187322,1.278560052580433,1.278560052580433
223,0.9,1,1,0.576414297776527,1,,,5.0,0.9,0.6529538652419957,0.8827795169922121,0.8827795169922121
223,0.9,2,0,0.5718017044753378,4,0.0355709389600767,0.01778546948003835,1.0,0.4,0.6497458140187322,0.8800390739552387,0.8800390739552387
223,0.9,3,0,0.6375177641162281,5,0.0787062223049505,0.0351984926652159,1.0,0.4,0.6497458140187322,0.9811802559729125,0.9811802559729125
224,0.1,1,1,1.15343233680911,5,0.2849175770816835,0.1274190140678361,5.0,0.9,1.2917689771876153,0.8929091479811769,0.8929091479811769
224,0.1,2,1,1.2514118230076519,5,0.24238251387655876,0.10839675551705429,5.0,0.9,1.2917689771876153,0.9687582262055655,0.9687582262055655
224,0.1,3,1,1.2078485879649659,5,0.20915895830392559,0.09353872977412434,5.0,0.9,1.2917689771876153,0.9350345218807179,0.9350345218807179
224,0.5,1,1,1.3723850547007665,5,0.19926854699416957,0.08911560337131491,5.0,0.9,1.2917689771876153,1.0624075039243202,1.0624075039243202
224,0.5,2,1,1.3464756084020408,5,0.21198988657388332,0.09480475938433461,5.0,0.9,1.2917689771876153,1.0423501664620638,1.0423501664620638
224,0.5,3,1,1.275366816976561,5,0.18826964051338554,0.08419674285747569,5.0,0.9,1.2917689771876153,0.9873025591257314,0.9873025591257314
224,0.9,1,1,1.3312292279401068,5,0.26510789719524835,0.11855985590012022,5.0,0.9,1.2917689771876153,1.0305474519433053,1.0305474519433053
224,0.9,2,1,1.3579715114841198,5,0.25534673389147994,0.1141945309627797,5.0,0.9,1.2917689771876153,1.0512495155601567,1.0512495155601567
224,0.9,3,0,1.5569146521849346,3,0.03365222708337522,0.0194291223654171,1.0,0.4,1.5569146521849346,1.0,1.0
224,0.9,3,1,1.3297998274032152,2,0.20017318339970636,0.1415438153936308,5.0,0.9,1.2917689771876153,1.029440906916962,1.029440906916962
225,0.1,1,1,0.9338782065947783,5,0.15673872021711008,0.07009568662235574,5.0,0.9,0.9574979665232664,0.9753317910279717,0.9753317910279717
225,0.1,2,1,0.8860620622560356,5,0.10234294398168808,0.04576915595210151,5.0,0.9,0.9574979665232664,0.9253931530250462,0.9253931530250462
225,0.1,3,1,0.8884170917937271,5,0.13932381761481133,0.06230750541430015,5.0,0.9,0.9574979665232664,0.9278527191233876,0.9278527191233876
225,0.5,1,1,0.9894252765904827,5,0.11166152613352,0.04993655258118399,5.0,0.9,0.9574979665232664,1.0333445199713023,1.0333445199713023
225,0.5,2,0,0.7863615420058363,1,,,1.0,0.4,0.89653385054664,0.8771130521467441,0.8771130521467441
225,0.5,2,1,0.9514145065667318,4,0.09746706652124316,0.04873353326062158,5.0,0.9,0.9574979665232664,0.9936465035235281,0.9936465035235281
225,0.5,3,1,0.8803299917424026,5,0.11681117828256075,0.05223954703433059,5.0,0.9,0.9574979665232664,0.9194066436913015,0.9194066436913015
225,0.9,1,0,1.0250248539948732,2,0.035758981528015606,0.025285418326784322,1.0,0.4,0.89653385054664,1.1433197456737287,1.1433197456737287
225,0.9,1,1,1.0275160429710783,3,0.0869056320511342,0.050174990058816905,5.0,0.9,0.9574979665232664,1.073126083705485,1.073126083705485
225,0.9,2,0,0.7988765798096427,1,,,1.0,0.4,0.89653385054664,0.8910724110668513,0.8910724110668513
225,0.9,2,1,1.0318742194565078,4,0.11790549565244988,0.05895274782622494,5.0,0.9,0.9574979665232664,1.077677713722261,1.077677713722261
225,0.9,3,0,0.9758724263762082,4,0.15675454341068967,0.07837727170534484,1.0,0.4,0.89653385054664,1.088494791112676,1.088494791112676
225,0.9,3,1,1.0285643007376533,1,,,5.0,0.9,0.9574979665232664,1.0742208722097166,1.0742208722097166
226,0.1,1,0,0.9386230603239389,4,0.08110930270014848,0.04055465135007424,1.0,0.4,0.8896686808810517,1.0550254049568284,1.0550254049568284
226,0.1,1,1,0.7705476230788043,1,,,5.0,0.9,0.9285583444262453,0.8298322100103731,0.8298322100103731
226,0.1,2,0,0.8838437139730837,5,0.06086044872742827,0.027217620099134036,1.0,0.4,0.8896686808810517,0.9934526559907679,0.9934526559907679
226,0.1,3,0,0.8190773002338126,5,0.08556973704093403,0.03826794976806203,1.0,0.4,0.8896686808810517,0.9206543040524576,0.9206543040524576
226,0.5,1,0,0.9592354827880613,4,0.0751427676939533,0.03757138384697665,1.0,0.4,0.8896686808810517,1.078194055160081,1.078194055160081
226,0.5,1,1,1.0050309779986049,1,,,5.0,0.9,0.9285583444262453,1.082356304298371,1.082356304298371
226,0.5,2,0,1.010227265518533,2,0.012706651007939208,0.008984959093884692,1.0,0.4,0.8896686808810517,1.1355095298151783,1.1355095298151783
226,0.5,2,1,0.9810887588125944,3,0.12548521392398848,0.07244892203833253,5.0,0.9,0.9285583444262453,1.0565720126276046,1.0565720126276046
226,0.5,3,0,0.7469643709715447,5,0.13145664977881952,0.058789200999964625,1.0,0.4,0.8896686808810517,0.8395983662500237,0.8395983662500237
226,0.9,1,0,0.8186424117251541,3,0.2717424491700727,0.15689057617858967,1.0,0.4,0.8896686808810517,0.9201654833060333,0.9201654833060333
226,0.9,1,1,1.0016979114989835,2,0.05396627702257775,0.038159920438056494,5.0,0.9,0.9285583444262453,1.0787667974896407,1.0787667974896407
226,0.9,2,0,0.8564615247747493,5,0.20788258290554926,0.09296791734300877,1.0,0.4,0.8896686808810517,0.962674693602323,0.962674693602323
226,0.9,3,0,0.9739429976205869,4,0.01964837888605963,0.009824189443029815,1.0,0.4,0.8896686808810517,1.0947255068663058,1.0947255068663058
226,0.9,3,1,0.8844264507422402,1,,,5.0,0.9,0.9285583444262453,0.9524726755740114,0.9524726755740114
227,0.1,1,0,0.8701378709663714,1,,,1.0,0.4,0.9213490925205429,0.944417135730744,0.944417135730744
227,0.1,1,1,1.0842744244710372,4,0.205141989436634,0.102570994718317,5.0,0.9,1.1467288435765841,0.9455368900369201,0.9455368900369201
227,0.1,2,0,0.8877427798856875,3,0.07963984483233884,0.04598008585217086,1.0,0.4,0.9213490925205429,0.9635248865954615,0.9635248865954615
227,0.1,2,1,1.1040797446625448,2,0.3379392610722746,0.23895914313337643,5.0,0.9,1.1467288435765841,0.9628080350878598,0.9628080350878598
227,0.1,3,0,0.9005195287416341,3,0.09591283849807417,0.05537530312560422,1.0,0.4,0.9213490925205429,0.977392321815909,0.977392321815909
227,0.1,3,1,1.1320689034168216,2,0.3032267254956791,0.21441367383498644,5.0,0.9,1.1467288435765841,0.987215861673071,0.987215861673071
227,0.5,1,0,1.058459471157884,1,,,1.0,0.4,0.9213490925205429,1.148814797507693,1.148814797507693
227,0.5,1,1,1.2000099555479258,4,0.20690468921690452,0.10345234460845226,5.0,0.9,1.1467288435765841,1.0464635665787918,1.0464635665787918
227,0.5,2,0,0.8270190775528673,4,0.20563342204207863,0.10281671102103931,1.0,0.4,0.9213490925205429,0.8976175092226811,0.8976175092226811
227,0.5,2,1,1.3837394378985826,1,,,5.0,0.9,1.1467288435765841,1.2066840784982573,1.2066840784982573
227,0.5,3,0,0.6886371602140965,4,0.19358445018280881,0.09679222509140441,1.0,0.4,0.9213490925205429,0.7474226281920848,0.7474226281920848
227,0.5,3,1,0.9997681201869684,1,,,5.0,0.9,1.1467288435765841,0.871843527602172,0.871843527602172
227,0.9,1,0,1.0557486836569794,4,0.2520376453783657,0.12601882268918285,1.0,0.4,0.9213490925205429,1.1458726038018427,1.1458726038018427
227,0.9,1,1,1.1231613188522087,1,,,5.0,0.9,1.1467288435765841,0.9794480405229282,0.9794480405229282
227,0.9,2,0,1.0080450318767689,5,0.2922477223954692,0.13069715470915136,1.0,0.4,0.9213490925205429,1.0940967327802442,1.0940967327802442
227,0.9,3,0,0.9958322286325958,5,0.1897475405455916,0.08485767984466806,1.0,0.4,0.9213490925205429,1.0808413843533387,1.0808413843533387
228,0.1,1,1,1.066468832918509,5,0.25169440022301653,0.11256115769094063,5.0,0.9,1.135253128784781,0.9394106088569857,0.9394106088569857
228,0.1,2,1,1.077516616828397,5,0.21025202857930977,0.09402756566211304,5.0,0.9,1.135253128784781,0.9491421688322609,0.9491421688322609
228,0.1,3,0,0.9767730242762437,1,,,1.0,0.4,1.185535690885653,0.8239085771821401,0.8239085771821401
228,0.1,3,1,1.1102865125721904,4,0.11957157019302825,0.059785785096514124,5.0,0.9,1.135253128784781,0.9780078860127734,0.9780078860127734
228,0.5,1,0,1.150408302263041,1,,,1.0,0.4,1.185535690885653,0.9703700285932597,0.9703700285932597
228,0.5,1,1,1.2091292768286996,4,0.02789080407290915,0.013945402036454575,5.0,0.9,1.135253128784781,1.0650746042188834,1.0650746042188834
228,0.5,2,0,1.3212727147322982,2,0.1369148557157245,0.09681342292176653,1.0,0.4,1.185535690885653,1.1144942534334357,1.1144942534334357
228,0.5,2,1,1.1703699470664575,3,0.0020256161393809313,0.0011694900233464314,5.0,0.9,1.135253128784781,1.030933029287721,1.030933029287721
228,0.5,3,0,1.2140452128920576,4,0.15492306940164194,0.07746153470082097,1.0,0.4,1.185535690885653,1.02404779731693,1.02404779731693
228,0.5,3,1,1.1777475864944327,1,,,5.0,0.9,1.135253128784781,1.0374317027913762,1.0374317027913762
228,0.9,1,0,1.1900655663797857,5,0.016501649135070986,0.007379761841373867,1.0,0.4,1.185535690885653,1.003820952442814,1.003820952442814
228,0.9,2,0,1.1996393935958263,5,0.020803295813018072,0.009303516718789033,1.0,0.4,1.185535690885653,1.011896480906144,1.011896480906144
228,0.9,3,0,1.2465456220603184,5,0.09570251876832254,0.04279946751678373,1.0,0.4,1.185535690885653,1.051461910125277,1.051461910125277
229,0.1,1,0,1.0130463269811916,2,0.006138616874277415,0.0043406576189077275,1.0,0.4,1.088779205144019,0.9304423910697212,0.9304423910697212
229,0.1,1,1,1.012100153993798,2,0.0018965984598325017,0.0013410976321355237,5.0,0.9,1.0402376005639768,0.972950942597226,0.972950942597226
229,0.1,2,0,1.0783337323376836,4,0.20224430118787315,0.10112215059393657,1.0,0.4,1.088779205144019,0.9904062524734262,0.9904062524734262
229,0.1,2,1,0.9929696969696971,1,,,5.0,0.9,1.0402376005639768,0.9545604739064874,0.9545604739064874
229,0.1,3,0,1.20404658174925,5,0.18979766230983594,0.08488009497906858,1.0,0.4,1.088779205144019,1.105868458968211,1.105868458968211
229,0.5,1,0,0.9774673952647477,4,0.45402602863418895,0.22701301431709447,1.0,0.4,1.088779205144019,0.8977645703064768,0.8977645703064768
229,0.5,1,1,1.0052345764523207,1,,,5.0,0.9,1.0402376005639768,0.9663509335822135,0.9663509335822135
229,0.5,2,0,1.0851608619903366,5,0.1694752509048728,0.07579163630542567,1.0,0.4,1.088779205144019,0.9966766970414319,0.9966766970414319
229,0.5,3,0,1.146373007293402,5,0.18785698417801852,0.08401219733403037,1.0,0.4,1.088779205144019,1.0528975956532571,1.0528975956532571
229,0.9,1,0,1.012411525935667,3,0.00218737152210526,0.0012628795371051934,1.0,0.4,1.088779205144019,0.9298593517881796,0.9298593517881796
229,0.9,1,1,1.0373586366045096,2,0.03586930633490657,0.025363429745870022,5.0,0.9,1.0402376005639768,0.9972323977157657,0.9972323977157657
229,0.9,2,0,1.0124092763288801,2,1.9051130272410113e-06,1.3471183404889508e-06,1.0,0.4,1.088779205144019,0.9298572856146375,0.9298572856146375
229,0.9,2,1,1.153524938799559,2,0.1942949882621815,0.13738730375074917,5.0,0.9,1.0402376005639768,1.1089052521983074,1.1089052521983074
229,0.9,3,0,1.2697641384150127,5,0.15680162695906785,0.07012381937260787,1.0,0.4,1.088779205144019,1.1662273970846584,1.1662273970846584
230,0.1,1,0,0.8603465363847189,4,0.007726137714617438,0.003863068857308719,1.0,0.4,0.8578235078181753,1.0029411977446978,1.0029411977446978
230,0.1,1,1,0.8654314817774096,1,,,5.0,0.9,0.855855057227331,1.0111893064943762,1.0111893064943762
230,0.1,2,0,0.8555572325514398,5,0.015270539493924675,0.0068291928723021615,1.0,0.4,0.8578235078181753,0.9973581100936489,0.9973581100936489
230,0.1,3,0,0.8939881223065594,5,0.09186420945161151,0.0410829234066164,1.0,0.4,0.8578235078181753,1.0421585724321858,1.0421585724321858
230,0.5,1,0,0.7766497575630888,2,0.11993183239243393,0.08480461196481846,1.0,0.4,0.8578235078181753,0.9053724344048961,0.9053724344048961
230,0.5,1,1,0.8166245613386915,3,0.07517662008114866,0.043403241840617404,5.0,0.9,0.855855057227331,0.9541622199257285,0.9541622199257285
230,0.5,2,0,0.8452481201184808,3,0.0027833174865571453,0.0016069491001039606,1.0,0.4,0.8578235078181753,0.9853403554634691,0.9853403554634691
230,0.5,2,1,0.869986063851343,2,0.004965381642591514,0.0035110550306556576,5.0,0.9,0.855855057227331,1.016510981041336,1.016510981041336
230,0.5,3,0,0.8473039155188813,5,0.006126013471562025,0.0027396365106984325,1.0,0.4,0.8578235078181753,0.987736880368259,0.987736880368259
230,0.9,1,0,0.8536636381308563,5,0.012956977273422375,0.005794536393258462,1.0,0.4,0.8578235078181753,0.9951506695148756,0.9951506695148756
230,0.9,2,0,0.8558189446949492,4,0.014193971214999315,0.0070969856074996574,1.0,0.4,0.8578235078181753,0.9976631986592154,0.9976631986592154
230,0.9,2,1,0.8713781219418798,1,,,5.0,0.9,0.855855057227331,1.0181374925385591,1.0181374925385591
230,0.9,3,0,0.9318353030946026,5,0.10273327805877443,0.04594371865816145,1.0,0.4,0.8578235078181753,1.0862785813187517,1.0862785813187517
231,0.1,1,1,0.8170363021776815,5,0.08538992879645255,0.038187537076546936,5.0,0.9,0.8677890348940391,0.9415148951236118,0.9415148951236118
231,0.1,2,1,0.7643643188890351,5,0.018762845742435776,0.008390999706285781,5.0,0.9,0.8677890348940391,0.8808181345393092,0.8808181345393092
231,0.1,3,1,0.7770191880426274,5,0.05843326243472086,0.02613214939022414,5.0,0.9,0.8677890348940391,0.8954010212142227,0.8954010212142227
231,0.5,1,1,0.9042667172606971,5,0.29928788690338337,0.13384561199164685,5.0,0.9,0.8677890348940391,1.0420351962284382,1.0420351962284382
231,0.5,2,0,1.1025324773785132,2,0.35702919346496226,0.2524577637806386,1.0,0.4,0.9510564592796167,1.159271320457287,1.159271320457287
231,0.5,2,1,0.8925072114042377,3,0.008843941545678649,0.005106052032094883,5.0,0.9,0.8677890348940391,1.0284840848596535,1.0284840848596535
231,0.5,3,0,1.189210047930694,3,0.3372805841109652,0.19472903602889996,1.0,0.4,0.9510564592796167,1.2504095170453582,1.2504095170453582
231,0.5,3,1,0.9295879488763463,2,0.048545057765460115,0.03432653953904951,5.0,0.9,0.8677890348940391,1.0712142139360554,1.0712142139360554
231,0.9,1,0,0.7553753852484355,1,,,1.0,0.4,0.9510564592796167,0.7942487303231177,0.7942487303231177
231,0.9,1,1,0.9897415576076487,4,0.2784410541877575,0.13922052709387875,5.0,0.9,0.8677890348940391,1.140532454098709,1.140532454098709
231,0.9,2,0,0.8448626538575734,5,0.10633079892764037,0.047552578900813124,1.0,0.4,0.9510564592796167,0.888341218456704,0.888341218456704
231,0.9,3,0,0.8633017319828671,5,0.07419657769715493,0.03318171828573664,1.0,0.4,0.9510564592796167,0.9077292137175327,0.9077292137175327
232,0.1,1,0,1.5677680809049077,2,0.014688457739800657,0.010386308072985073,1.0,0.4,1.5398437872696513,1.0181344977108164,1.0181344977108164
232,0.1,1,1,1.5412610403194755,3,0.019538045759507707,0.011280295978691,5.0,0.9,1.5344332477847964,1.0044497162353176,1.0044497162353176
232,0.1,2,0,1.5354739427325708,3,0.028477596933201312,0.01644154825525744,1.0,0.4,1.5398437872696513,0.997162150749831,0.997162150749831
232,0.1,2,1,1.5304333622581798,2,0.003942367244469533,0.00278767461249213,5.0,0.9,1.5344332477847964,0.997393248919501,0.997393248919501
232,0.1,3,0,1.5190627188687076,4,0.04021681995804192,0.02010840997902096,1.0,0.4,1.5398437872696513,0.986504430791781,0.986504430791781
232,0.1,3,1,1.5332210368706718,1,,,5.0,0.9,1.5344332477847964,0.9992099943637988,0.9992099943637988
232,0.5,1,0,1.5445022363849283,1,,,1.0,0.4,1.5398437872696513,1.0030252738321834,1.0030252738321834
232,0.5,1,1,1.531802904965613,4,0.02265191428937835,0.011325957144689175,5.0,0.9,1.5344332477847964,0.9982857886956108,0.9982857886956108
232,0.5,2,0,1.5383236697168226,3,0.010702215746577946,0.00617892714221223,1.0,0.4,1.5398437872696513,0.9990128105426044,0.9990128105426044
232,0.5,2,1,1.5293259544841487,2,0.002347688272774175,0.001660066297790752,5.0,0.9,1.5344332477847964,0.9966715441626275,0.9966715441626275
232,0.5,3,0,1.5726478990649473,4,0.051014635464607695,0.025507317732303848,1.0,0.4,1.5398437872696513,1.0213035322585948,1.0213035322585948
232,0.5,3,1,1.540555187810691,1,,,5.0,0.9,1.5344332477847964,1.0039897076231452,1.0039897076231452
232,0.9,1,0,1.5010107051186454,5,0.028358273000972614,0.012682205230934345,1.0,0.4,1.5398437872696513,0.9747811547690418,0.9747811547690418
232,0.9,2,0,1.5492271138484768,5,0.04526807268496502,0.020244497546796643,1.0,0.4,1.5398437872696513,1.0060936873314035,1.0060936873314035
232,0.9,3,0,1.530577718786855,5,0.02949974637445817,0.013192687642458286,1.0,0.4,1.5398437872696513,0.9939824620137434,0.9939824620137434
233,0.1,1,1,0.8895174439074822,5,0.08929285131711634,0.039932977089970755,5.0,0.9,0.8873390730677946,1.0024549475006848,1.0024549475006848
233,0.1,2,1,0.8892904069761732,5,0.11900846172067055,0.053222202061020185,5.0,0.9,0.8873390730677946,1.002199084845472,1.002199084845472
233,0.1,3,0,0.7052199818415535,2,0.31999850547879627,0.2262731131936174,1.0,0.4,0.7407197639732181,0.9520739369215101,0.9520739369215101
233,0.1,3,1,0.9511862493163484,3,0.04167086017661197,0.02405868234033018,5.0,0.9,0.8873390730677946,1.0719535273340497,1.0719535273340497
233,0.5,1,0,0.9073798495780702,1,,,1.0,0.4,0.7407197639732181,1.2249974871885259,1.2249974871885259
233,0.5,1,1,0.8416812670541901,4,0.197764950192923,0.0988824750964615,5.0,0.9,0.8873390730677946,0.9485452546840388,0.9485452546840388
233,0.5,2,0,0.5639674349186339,1,,,1.0,0.4,0.7407197639732181,0.7613775983153394,0.7613775983153394
233,0.5,2,1,0.924831235575786,4,0.005282014630521522,0.002641007315260761,5.0,0.9,0.8873390730677946,1.0422523516048603,1.0422523516048603
233,0.5,3,0,0.5207320251466784,1,,,1.0,0.4,0.7407197639732181,0.7030081421798086,0.7030081421798086
233,0.5,3,1,0.9295331837868958,4,0.09157904384932834,0.04578952192466417,5.0,0.9,0.8873390730677946,1.0475512822547346,1.0475512822547346
233,0.9,1,0,0.791901571207666,2,0.4124398039470462,0.2916389822022065,1.0,0.4,0.7407197639732181,1.0690973965105357,1.0690973965105357
233,0.9,1,1,0.8869649143453593,3,0.06405532571229491,0.036982359543022626,5.0,0.9,0.8873390730677946,0.9995783362484628,0.9995783362484628
233,0.9,2,0,0.8379660776850607,3,0.18047937423731159,0.10419981529908706,1.0,0.4,0.7407197639732181,1.1312862413582887,1.1312862413582887
233,0.9,2,1,0.6959332789549287,2,0.35752547529548473,0.2528086880283807,5.0,0.9,0.8873390730677946,0.7842923861662947,0.7842923861662947
233,0.9,3,0,0.8578714074348639,2,0.11029859241828413,0.07799288265429982,1.0,0.4,0.7407197639732181,1.158159197525991,1.158159197525991
233,0.9,3,1,0.9771136776929873,3,0.04995657937572868,0.02884244455036986,5.0,0.9,0.8873390730677946,1.101172829361402,1.101172829361402
234,0.1,1,1,0.966312970798543,5,0.06651494137160384,0.029746386085263855,5.0,0.9,1.0055058647023447,0.9610217152583154,0.9610217152583154
234,0.1,2,0,0.9843554494799964,2,0.08101166633290148,0.05728389861921656,1.0,0.4,0.9956193365788133,0.9886865524955328,0.9886865524955328
234,0.1,2,1,0.9697527688698689,3,0.06222497007010633,0.0359256032202923,5.0,0.9,1.0055058647023447,0.9644426779717893,0.9644426779717893
234,0.1,3,0,0.9207289673846132,3,0.09311902695152392,0.053762295277138356,1.0,0.4,0.9956193365788133,0.9247801178193853,0.9247801178193853
234,0.1,3,1,1.146207695525256,2,0.0009867327934486262,0.0006977254494666685,5.0,0.9,1.0055058647023447,1.1399313875355293,1.1399313875355293
234,0.5,1,1,1.0482143231519072,5,0.14089039410841986,0.06300809972063254,5.0,0.9,1.0055058647023447,1.0424745990538855,1.0424745990538855
234,0.5,2,0,1.0226955924833456,4,0.05355817090601939,0.026779085453009693,1.0,0.4,0.9956193365788133,1.027195389753651,1.027195389753651
234,0.5,2,1,0.9387928169514445,1,,,5.0,0.9,1.0055058647023447,0.93365225396209,0.93365225396209
234,0.5,3,0,0.9525004544563258,5,0.08722284784193252,0.03900724339313639,1.0,0.4,0.9956193365788133,0.9566913974665716,0.9566913974665716
234,0.9,1,0,1.045547376784801,2,0.1593044653660708,0.11264526773364615,1.0,0.4,0.9956193365788133,1.0501477204907976,1.0501477204907976
234,0.9,1,1,0.9637546129170481,3,0.042315229437732915,0.024430709106695876,5.0,0.9,1.0055058647023447,0.95847736621839,0.95847736621839
234,0.9,2,0,1.044887979396402,5,0.13626573317468138,0.06093988847648715,1.0,0.4,0.9956193365788133,1.049485421794727,1.049485421794727
234,0.9,3,0,0.9986195360662089,5,0.1080089454040847,0.04830306882031938,1.0,0.4,0.9956193365788133,1.0030134001793347,1.0030134001793347
235,0.1,1,1,0.988669457548936,5,0.10636444898468232,0.04756762766381163,5.0,0.9,1.0045510563027926,0.984190351845024,0.984190351845024
235,0.1,2,1,1.0147686558991338,5,0.026064590016751935,0.011656439016623941,5.0,0.9,1.0045510563027926,1.0101713093946132,1.0101713093946132
235,0.1,3,0,0.9076315585556588,2,0.02884787766514804,0.020398529919866123,1.0,0.4,1.0231418331022397,0.8871023832577097,0.8871023832577097
235,0.1,3,1,0.9707606495587022,3,0.03465322553391318,0.020007049090293588,5.0,0.9,1.0045510563027926,0.9663626785994786,0.9663626785994786
235,0.5,1,0,0.9389326975976527,1,,,1.0,0.4,1.0231418331022397,0.9176955405593584,0.9176955405593584
235,0.5,1,1,1.0009867762799958,4,0.05414814606898462,0.02707407303449231,5.0,0.9,1.0045510563027926,0.9964518677269476,0.9964518677269476
235,0.5,2,0,0.9692937054926757,2,0.13064442899730988,0.09237956166824224,1.0,0.4,1.0231418331022397,0.9473698309780838,0.9473698309780838
235,0.5,2,1,0.9622204083749722,3,0.041968028000456854,0.024230252263421518,5.0,0.9,1.0045510563027926,0.9578611284491437,0.9578611284491437
235,0.5,3,0,0.9647251827561204,5,0.054460254125621436,0.02435536605936058,1.0,0.4,1.0231418331022397,0.942904640924518,0.942904640924518
235,0.9,1,0,1.1852795755974435,2,0.1426356394658157,0.10085862790515782,1.0,0.4,1.0231418331022397,1.158470445884898,1.158470445884898
235,0.9,1,1,1.0899003901550153,3,0.138372629273324,0.07988947475942991,5.0,0.9,1.0045510563027926,1.0849626639847927,1.0849626639847927
235,0.9,2,0,1.079720505773892,5,0.10742732176780924,0.04804295882271287,1.0,0.4,1.0231418331022397,1.0552989535185964,1.0552989535185964
235,0.9,3,0,1.1164096059422355,5,0.0701895152279625,0.03138970547149616,1.0,0.4,1.0231418331022397,1.0911582048768362,1.0911582048768362
236,0.1,1,1,1.3613017058001107,5,0.12311201686396261,0.05505736771098418,5.0,0.9,1.507885237739144,0.9027886683479877,0.9027886683479877
236,0.1,2,1,1.5978383261270552,5,0.23940118398997548,0.1070634642591039,5.0,0.9,1.507885237739144,1.0596551290088778,1.0596551290088778
236,0.1,3,0,1.513979774107041,4,0.22802874879073157,0.11401437439536578,1.0,0.4,1.5410536299128075,0.9824315940209698,0.9824315940209698
236,0.1,3,1,1.4371554731988039,1,,,5.0,0.9,1.507885237739144,0.9530934034168348,0.9530934034168348
236,0.5,1,1,1.544040130935296,5,0.3229202088744485,0.14441430767033953,5.0,0.9,1.507885237739144,1.0239772180874727,1.0239772180874727
236,0.5,2,0,1.2745187903041257,2,0.19929255305025903,0.14092111570181792,1.0,0.4,1.5410536299128075,0.82704376120657,0.82704376120657
236,0.5,2,1,1.571119859024891,3,0.2521240227326968,0.14556387239389382,5.0,0.9,1.507885237739144,1.0419359641590218,1.0419359641590218
236,0.5,3,0,1.4413801393673376,4,0.034638579737933835,0.017319289868966917,1.0,0.4,1.5410536299128075,0.9353212058225973,0.9353212058225973
236,0.5,3,1,1.4258859569727773,1,,,5.0,0.9,1.507885237739144,0.9456196806533415,0.9456196806533415
236,0.9,1,1,1.6868903351568503,5,0.24668394838651295,0.1103204155100585,5.0,0.9,1.507885237739144,1.1187126798098366,1.1187126798098366
236,0.9,2,0,1.7061914565462253,3,0.24744809686437888,0.14286422533510976,1.0,0.4,1.5410536299128075,1.107159039392264,1.107159039392264
236,0.9,2,1,1.4388501146973687,2,0.008050119444947953,0.005692294048884383,5.0,0.9,1.507885237739144,0.9542172565166275,0.9542172565166275
236,0.9,3,0,1.769197989239308,5,0.202934629868763,0.09075512547506266,1.0,0.4,1.5410536299128075,1.1480443995575993,1.1480443995575993
237,0.1,1,0,1.0269177891067973,2,0.004875200126385197,0.0034472870690084863,1.0,0.4,1.0355974595866737,0.9916186831094191,0.9916186831094191
237,0.1,1,1,1.0431232178621375,3,0.04795196006346114,0.027685077050809477,5.0,0.9,1.0377985263477503,1.0051307564803798,1.0051307564803798
237,0.1,2,1,0.9633163453928214,5,0.08384064697656136,0.037494677183430684,5.0,0.9,1.0377985263477503,0.9282305967256972,0.9282305967256972
237,0.1,3,0,0.9254928543184772,1,,,1.0,0.4,1.0355974595866737,0.893680112625864,0.893680112625864
237,0.1,3,1,0.9869310709420493,4,0.0879833613961748,0.0439916806980874,5.0,0.9,1.0377985263477503,0.9509852306451859,0.9509852306451859
237,0.5,1,0,1.2152499629135145,1,,,1.0,0.4,1.0355974595866737,1.1734771572330271,1.1734771572330271
237,0.5,1,1,1.0640801872455419,4,0.10677686461363582,0.05338843230681791,5.0,0.9,1.0377985263477503,1.0253244345897106,1.0253244345897106
237,0.5,2,0,1.033027739178288,1,,,1.0,0.4,1.0355974595866737,0.9975186107453264,0.9975186107453264
237,0.5,2,1,1.0703509356775553,4,0.15102520734440952,0.07551260367220476,5.0,0.9,1.0377985263477503,1.031366790859074,1.031366790859074
237,0.5,3,0,1.009023233650854,3,0.13547959414901065,0.07821918015163255,1.0,0.4,1.0355974595866737,0.9743392322085977,0.9743392322085977
237,0.5,3,1,1.0926986643054912,2,0.02710200852750948,0.01916401401357759,5.0,0.9,1.0377985263477503,1.0529005742096658,1.0529005742096658
237,0.9,1,0,0.9312799374581271,3,0.07984031150387202,0.04609582533894409,1.0,0.4,1.0355974595866737,0.8992682715056276,0.8992682715056276
237,0.9,1,1,1.0332446761971625,2,0.3061239937678425,0.21646235187714982,5.0,0.9,1.0377985263477503,0.9956120094267105,0.9956120094267105
237,0.9,2,0,1.0829899932397127,4,0.243239264266119,0.1216196321330595,1.0,0.4,1.0355974595866737,1.0457634703661345,1.0457634703661345
237,0.9,2,1,1.0486431131592422,1,,,5.0,0.9,1.0377985263477503,1.0104496070635758,1.0104496070635758
237,0.9,3,0,1.060798166827618,4,0.1588056402958996,0.0794028201479498,1.0,0.4,1.0355974595866737,1.0243344622060027,1.0243344622060027
238,0.1,1,1,0.8978873312509638,5,0.04094499512812818,0.018311158488978463,5.0,0.9,0.8813507818557548,1.0187627329953575,1.0187627329953575
238,0.1,2,0,0.8812106281107107,3,0.019691993379643735,0.011369177678617639,1.0,0.4,0.8829181837003858,0.998066009262015,0.998066009262015
238,0.1,2,1,0.856023881817175,2,0.004181446093066885,0.0029567288875735898,5.0,0.9,0.8813507818557548,0.971263541645414,0.971263541645414
238,0.1,3,0,0.8885150259421173,4,0.0422168155153087,0.02110840775765435,1.0,0.4,0.8829181837003858,1.0063390270412993,1.0063390270412993
238,0.1,3,1,0.8981274393720124,1,,,5.0,0.9,0.8813507818557548,1.019035164955471,1.019035164955471
238,0.5,1,0,0.8258231012722032,1,,,1.0,0.4,0.8829181837003858,0.9353336656983411,0.9353336656983411
238,0.5,1,1,1.0058624791942272,4,0.10741509534440648,0.05370754767220324,5.0,0.9,0.8813507818557548,1.141273712920868,1.141273712920868
238,0.5,2,0,0.9004172567807791,4,0.04646230392996687,0.023231151964983435,1.0,0.4,0.8829181837003858,1.0198195862351065,1.0198195862351065
238,0.5,2,1,0.7540778379174491,1,,,5.0,0.9,0.8813507818557548,0.8555933158982144,0.8555933158982144
238,0.5,3,0,0.8894298753762943,5,0.01648312774794918,0.007371478825245476,1.0,0.4,0.8829181837003858,1.0073751926238708,1.0073751926238708
238,0.9,1,1,0.864518142854196,5,0.04197369036528866,0.018771204984662684,5.0,0.9,0.8813507818557548,0.980901317218876,0.980901317218876
238,0.9,2,0,0.9105562216269202,4,0.05600234325557723,0.028001171627788615,1.0,0.4,0.8829181837003858,1.0313030566554888,1.0313030566554888
238,0.9,2,1,0.8929583605842599,1,,,5.0,0.9,0.8813507818557548,1.0131702143657995,1.0131702143657995
238,0.9,3,0,0.8844751767936762,5,0.1460211690798767,0.06530265204331893,1.0,0.4,0.8829181837003858,1.0017634624838792,1.0017634624838792
239,0.1,1,0,0.9510651883670981,1,,,1.0,0.4,0.9819849839079866,0.9685129650172066,0.9685129650172066
239,0.1,1,1,0.9746492000580523,4,0.06255102117409797,0.031275510587048985,5.0,0.9,0.9674671326558388,1.0074235776697629,1.0074235776697629
239,0.1,2,1,0.9585547006974242,5,0.06236478050875685,0.027890377723886847,5.0,0.9,0.9674671326558388,0.9907878710732543,0.9907878710732543
239,0.1,3,1,0.9761186933367434,5,0.05023692890761966,0.022466637603652362,5.0,0.9,0.9674671326558388,1.0089424853712134,1.0089424853712134
239,0.5,1,0,1.054085793973916,2,0.003699794121572209,0.002616149512357835,1.0,0.4,0.9819849839079866,1.0734235362530609,1.0734235362530609
239,0.5,1,1,0.991457678488266,3,0.06612190069114,0.038175497163359384,5.0,0.9,0.9674671326558388,1.024797272199387,1.024797272199387
239,0.5,2,0,0.9434980266164521,3,0.015117237377388824,0.00872794106923891,1.0,0.4,0.9819849839079866,0.960806979819214,0.960806979819214
239,0.5,2,1,0.9545789105508076,2,0.006606746043994822,0.004671674929286135,5.0,0.9,0.9674671326558388,0.9866783876474944,0.9866783876474944
239,0.5,3,0,0.9561192967393299,4,0.002119598329626091,0.0010597991648130455,1.0,0.4,0.9819849839079866,0.9736597935889819,0.9736597935889819
239,0.5,3,1,0.9565065094284547,1,,,5.0,0.9,0.9674671326558388,0.9886708055938855,0.9886708055938855
239,0.9,1,0,0.9525209730229587,2,0.002878029984371049,0.002035074518406982,1.0,0.4,0.9819849839079866,0.9699954567861409,0.9699954567861409
239,0.9,1,1,0.9893357093465243,3,0.06294546895871893,0.036341583447583606,5.0,0.9,0.9674671326558388,1.0226039479301514,1.0226039479301514
239,0.9,2,0,0.9845167411955557,4,0.03326723380546583,0.016633616902732917,1.0,0.4,0.9819849839079866,1.002578203668139,1.002578203668139
239,0.9,2,1,0.9530013959981387,1,,,5.0,0.9,0.9674671326558388,0.9850478262574258,0.9850478262574258
239,0.9,3,0,1.032088867440595,4,0.0518091215388015,0.02590456076940075,1.0,0.4,0.9819849839079866,1.0510230648672558,1.0510230648672558
239,0.9,3,1,0.9530013959981387,1,,,5.0,0.9,0.9674671326558388,0.9850478262574258,0.9850478262574258
240,0.1,1,1,1.1219453533302295,5,0.18954080152784866,0.08476522334521312,5.0,0.9,1.2049671649129674,0.9311003536028017,0.9311003536028017
240,0.1,2,1,1.1291693356078365,5,0.060663705494836344,0.027129633850696316,5.0,0.9,1.2049671649129674,0.9370955230048899,0.9370955230048899
240,0.1,3,0,1.4751067763115957,1,,,1.0,0.4,1.1761861009757992,1.2541440296631654,1.2541440296631654
240,0.1,3,1,1.2015121571488878,4,0.07644879639005224,0.03822439819502612,5.0,0.9,1.2049671649129674,0.9971326955084878,0.9971326955084878
240,0.5,1,1,1.3264240528497884,5,0.17641045471664654,0.078893153737614,5.0,0.9,1.2049671649129674,1.100796844489612,1.100796844489612
240,0.5,2,0,1.154630907160701,3,0.08611937018310402,0.04972104155765614,1.0,0.4,1.1761861009757992,0.9816736536869333,0.9816736536869333
240,0.5,2,1,1.1795263361943382,2,0.19280193005572613,0.13633155216825837,5.0,0.9,1.2049671649129674,0.9788867037547312,0.9788867037547312
240,0.5,3,0,1.210803590980588,5,0.08519497383918423,0.03810035056914643,1.0,0.4,1.1761861009757992,1.029431983574767,1.029431983574767
240,0.9,1,0,0.8454105539316275,1,,,1.0,0.4,1.1761861009757992,0.7187727802855769,0.7187727802855769
240,0.9,1,1,1.2712257543467231,4,0.1799906011689744,0.0899953005844872,5.0,0.9,1.2049671649129674,1.0549878796394767,1.0549878796394767
240,0.9,2,0,1.151174991393568,5,0.1326611067681057,0.05932785054076835,1.0,0.4,1.1761861009757992,0.9787354147770653,0.9787354147770653
240,0.9,3,0,1.2199897860767153,5,0.16363823524867177,0.07318124354682645,1.0,0.4,1.1761861009757992,1.0372421380124923,1.0372421380124923
241,0.1,1,1,0.8071953487412771,5,0.2475336521776826,0.11070041459761742,5.0,0.9,0.9675292719159012,0.834285196501465,0.834285196501465
241,0.1,2,1,0.939207276924473,5,0.18435648323003173,0.08244672571903018,5.0,0.9,0.9675292719159012,0.9707275058093643,0.9707275058093643
241,0.1,3,1,0.9746349020952529,5,0.05110938881816659,0.022856813537177625,5.0,0.9,0.9675292719159012,1.007344098401572,1.007344098401572
241,0.5,1,0,0.5600218758545256,1,,,1.0,0.4,0.5854590037260948,0.9565518205208611,0.9565518205208611
241,0.5,1,1,0.6769985730193935,4,0.15373337221131914,0.07686668610565957,5.0,0.9,0.9675292719159012,0.699718957007679,0.699718957007679
241,0.5,2,0,0.5928930143904858,3,0.06347564061956648,0.03664767819869065,1.0,0.4,0.5854590037260948,1.01269774760842,1.01269774760842
241,0.5,2,1,1.027686280527002,2,0.16826110895738447,0.11897857115373509,5.0,0.9,0.9675292719159012,1.0621759055330469,1.0621759055330469
241,0.5,3,0,0.5678237064298568,4,0.020541583259314048,0.010270791629657024,1.0,0.4,0.5854590037260948,0.9698778271680852,0.9698778271680852
241,0.5,3,1,1.1209633278598796,1,,,5.0,0.9,0.9675292719159012,1.1585833735450177,1.1585833735450177
241,0.9,1,0,0.537287550724941,4,0.04893335134847222,0.02446667567423611,1.0,0.4,0.5854590037260948,0.9177201944208366,0.9177201944208366
241,0.9,1,1,1.085323357934823,1,,,5.0,0.9,0.9675292719159012,1.1217473098107573,1.1217473098107573
241,0.9,2,0,0.5898882948055363,4,0.016768429061927225,0.008384214530963613,1.0,0.4,0.5854590037260948,1.0075655016854326,1.0075655016854326
241,0.9,2,1,1.1082251082251082,1,,,5.0,0.9,0.9675292719159012,1.1454176533910971,1.1454176533910971
241,0.9,3,0,0.6648395801512235,5,0.16931511740236388,0.07572002242600864,1.0,0.4,0.5854590037260948,1.1355869085963646,1.1355869085963646
242,0.1,1,0,1.0821699162827085,1,,,1.0,0.4,1.0023925314876603,1.0795869704622099,1.0795869704622099
242,0.1,1,1,0.9858319491765615,4,0.11329239855300924,0.05664619927650462,5.0,0.9,0.9944272662116389,0.9913565151247088,0.9913565151247088
242,0.1,2,0,0.9538849671971938,3,0.04091665307963455,0.02362324066986554,1.0,0.4,1.0023925314876603,0.9516082145798953,0.9516082145798953
242,0.1,2,1,0.889185485531785,2,0.020527163593489117,0.014514896575481773,5.0,0.9,0.9944272662116389,0.8941684482558668,0.8941684482558668
242,0.1,3,0,0.9635592705543011,3,0.08873746863364244,0.05123260140283944,1.0,0.4,1.0023925314876603,0.9612594271071371,0.9612594271071371
242,0.1,3,1,1.0658837149218803,2,0.010296360693682633,0.007280626468045614,5.0,0.9,0.9944272662116389,1.071856888018026,1.071856888018026
242,0.5,1,1,0.9972651898129488,5,0.15702409757384547,0.07022331125613565,5.0,0.9,0.9944272662116389,1.0028538272206888,1.0028538272206888
242,0.5,2,0,1.0871209607856147,1,,,1.0,0.4,1.0023925314876603,1.0845261977084049,1.0845261977084049
242,0.5,2,1,1.0497162082489648,4,0.030297402035390067,0.015148701017695033,5.0,0.9,0.9944272662116389,1.055598779232949,1.055598779232949
242,0.5,3,0,0.847271477769668,2,0.14405936598134425,0.10186535457884315,1.0,0.4,1.0023925314876603,0.8452491924617838,0.8452491924617838
242,0.5,3,1,0.9895510139446442,3,0.07160840553059435,0.04134313220932853,5.0,0.9,0.9944272662116389,0.9950964213948283,0.9950964213948283
242,0.9,1,0,0.9768662055807298,1,,,1.0,0.4,1.0023925314876603,0.9745346008623522,0.9745346008623522
242,0.9,1,1,1.0375282688335847,4,0.11054602009970925,0.055273010049854625,5.0,0.9,0.9944272662116389,1.0433425390538043,1.0433425390538043
242,0.9,2,0,1.0348783263532937,4,0.0374648527652098,0.0187324263826049,1.0,0.4,1.0023925314876603,1.0324082570900852,1.0324082570900852
242,0.9,2,1,0.9453034848834526,1,,,5.0,0.9,0.9944272662116389,0.950600930809824,0.950600930809824
242,0.9,3,0,1.0733891273777718,3,0.009869980708021068,0.0056984360186723764,1.0,0.4,1.0023925314876603,1.070827139728131,1.070827139728131
242,0.9,3,1,0.9895800805509286,2,0.15600853647532287,0.11031469406468963,5.0,0.9,0.9944272662116389,0.9951256508893043,0.9951256508893043
243,0.1,1,1,1.060709963878805,5,0.13550536199149038,0.06059984014573775,5.0,0.9,0.9974139935494877,1.0634600785016726,1.0634600785016726
243,0.1,2,0,0.9082039911308204,1,,,1.0,0.4,1.0282266271963938,0.883272196137507,0.883272196137507
243,0.1,2,1,1.1155003955838105,4,0.24339009426393543,0.12169504713196772,5.0,0.9,0.9974139935494877,1.1183925659736234,1.1183925659736234
243,0.1,3,1,1.0621668349930873,5,0.21262211202653367,0.09508749920218096,5.0,0.9,0.9974139935494877,1.0649207268620369,1.0649207268620369
243,0.5,1,0,1.3589913735899137,1,,,1.0,0.4,1.0282266271963938,1.3216846730524738,1.3216846730524738
243,0.5,1,1,0.9563291227506825,4,0.07920926646769393,0.03960463323384696,5.0,0.9,0.9974139935494877,0.9588086079957663,0.9588086079957663
243,0.5,2,0,0.9172349652116857,3,0.17126923699490865,0.09888234008291233,1.0,0.4,1.0282266271963938,0.8920552541151918,0.8920552541151918
243,0.5,2,1,0.9495549661919191,2,0.055338781138345366,0.039130427405522215,5.0,0.9,0.9974139935494877,0.9520168880052975,0.9520168880052975
243,0.5,3,0,1.198271344740247,4,0.1539729126636103,0.07698645633180515,1.0,0.4,1.0282266271963938,1.1653766913306889,1.1653766913306889
243,0.5,3,1,0.9084809670354044,1,,,5.0,0.9,0.9974139935494877,0.9108363958303831,0.9108363958303831
243,0.9,1,0,0.9835246851397738,3,0.059352559752111345,0.03426721634997484,1.0,0.4,1.0282266271963938,0.9565252047804809,0.9565252047804809
243,0.9,1,1,0.9228054509001212,2,0.03899160534826012,0.027571228551104384,5.0,0.9,0.9974139935494877,0.9251980189451146,0.9251980189451146
243,0.9,2,0,0.9173468958470824,3,0.15554149604555653,0.08980192461205919,1.0,0.4,1.0282266271963938,0.892164112058019,0.892164112058019
243,0.9,2,1,1.0037642470620711,2,0.12248847792577364,0.08661243335853328,5.0,0.9,0.9974139935494877,1.0063667178861055,1.0063667178861055
243,0.9,3,0,0.9140131347152339,5,0.19146301039435015,0.08562486128370314,1.0,0.4,1.0282266271963938,0.8889218685256389,0.8889218685256389
244,0.1,1,1,1.0602247746793114,5,0.1237041304159733,0.05532216894152313,5.0,0.9,1.0705781226531719,0.9903291990049244,0.9903291990049244
244,0.1,2,1,1.0951329634188036,5,0.15885322647036693,0.07104132256658188,5.0,0.9,1.0705781226531719,1.0229360569266803,1.0229360569266803
244,0.1,3,1,1.0349103290505852,5,0.0736427017522836,0.0329340174329698,5.0,0.9,1.0705781226531719,0.9666836143501676,0.9666836143501676
244,0.5,1,0,0.612985399571421,1,,,1.0,0.4,0.9867811103096631,0.6211969333088057,0.6211969333088057
244,0.5,1,1,1.1842101018035214,4,0.2640583636428643,0.13202918182143214,5.0,0.9,1.0705781226531719,1.1061407633370461,1.1061407633370461
244,0.5,2,0,1.0032828709478452,1,,,1.0,0.4,0.9867811103096631,1.0167228177209469,1.0167228177209469
244,0.5,2,1,1.0867984197373315,4,0.16768919294574014,0.08384459647287007,5.0,0.9,1.0705781226531719,1.0151509700608878,1.0151509700608878
244,0.5,3,1,1.071282820037581,5,0.13038133716423256,0.05830830657930873,5.0,0.9,1.0705781226531719,1.000658240038254,1.000658240038254
244,0.9,1,0,1.174656918974195,3,0.16387390756529938,0.09461264464598144,1.0,0.4,0.9867811103096631,1.190392587273559,1.190392587273559
244,0.9,1,1,1.0122576268513188,2,0.5540580363879172,0.3917781947007991,5.0,0.9,1.0705781226531719,0.9455242970430596,0.9455242970430596
244,0.9,2,0,1.0158095362946507,2,0.04980763487126385,0.03521931637233422,1.0,0.4,0.9867811103096631,1.0294172898950995,1.0294172898950995
244,0.9,2,1,1.0198079456469218,3,0.2968252722061746,0.17137215081051888,5.0,0.9,1.0705781226531719,0.9525768592389798,0.9525768592389798
244,0.9,3,0,1.1271708257602033,5,0.19288012762904658,0.0862586153774767,1.0,0.4,0.9867811103096631,1.1422703718015887,1.1422703718015887
245,0.1,1,0,1.223621357044672,4,0.15395041713836638,0.07697520856918319,1.0,0.4,1.4475838431806818,0.8452853095929064,0.8452853095929064
245,0.1,1,1,1.1514027098442683,1,,,5.0,0.9,1.4469829513247805,0.795726521027843,0.795726521027843
245,0.1,2,0,1.9740813740439709,3,0.061080605948986295,0.035264904286912695,1.0,0.4,1.4475838431806818,1.363707797198434,1.363707797198434
245,0.1,2,1,2.000343154153346,1,,,5.0,0.9,1.4469829513247805,1.382423443428921,1.382423443428921
245,0.1,3,0,1.2669057752058794,5,0.441223447968424,0.1973211245848475,1.0,0.4,1.4475838431806818,0.8751864571949006,0.8751864571949006
245,0.5,1,0,1.3255886751636505,4,0.3217570869845972,0.1608785434922986,1.0,0.4,1.4475838431806818,0.9157249726212893,0.9157249726212893
245,0.5,2,0,1.309438820171946,4,0.2790040333865306,0.1395020166932653,1.0,0.4,1.4475838431806818,0.9045685514801003,0.9045685514801003
245,0.5,2,1,1.492738570309226,1,,,5.0,0.9,1.4469829513247805,1.0316213946698916,1.0316213946698916
245,0.5,3,0,1.1106923953321495,5,0.09716089298684784,0.04345167229463487,1.0,0.4,1.4475838431806818,0.7672732744044016,0.7672732744044016
245,0.9,1,0,1.604257048625418,4,0.47008031287986896,0.23504015643993448,1.0,0.4,1.4475838431806818,1.1082308331795747,1.1082308331795747
245,0.9,2,0,1.7998302300962106,4,0.4261716596786075,0.21308582983930374,1.0,0.4,1.4475838431806818,1.2433340138292512,1.2433340138292512
245,0.9,3,0,1.4138389129422404,4,0.4728560736777589,0.23642803683887945,1.0,0.4,1.4475838431806818,0.9766887904991425,0.9766887904991425
245,0.9,3,1,1.1434473709922812,1,,,5.0,0.9,1.4469829513247805,0.7902286408733439,0.7902286408733439
246,0.1,1,0,0.9390355630064888,1,,,1.0,0.4,1.0341823208462606,0.9079980812649029,0.9079980812649029
246,0.1,1,1,1.064055417628922,4,0.005746020431462558,0.002873010215731279,5.0,0.9,1.0282611091695386,1.0348105244282673,1.0348105244282673
246,0.1,2,0,0.9913281147332667,3,0.13661793940618347,0.07887640409229202,1.0,0.4,1.0341823208462606,0.9585622329359422,0.9585622329359422
246,0.1,2,1,0.9519887224372559,2,0.16223924968651357,0.1147204736279512,5.0,0.9,1.0282611091695386,0.9258239117942687,0.9258239117942687
246,0.1,3,0,1.0606555395922652,2,0.006867679453004313,0.004856182712234869,1.0,0.4,1.0341823208462606,1.0255982124354455,1.0255982124354455
246,0.1,3,1,0.9836246643948624,3,0.1310345180852574,0.07565281428965626,5.0,0.9,1.0282611091695386,0.9565903598058607,0.9565903598058607
246,0.5,1,0,1.0557993568800303,1,,,1.0,0.4,1.0341823208462606,1.0209025387477912,1.0209025387477912
246,0.5,1,1,1.0640413629254937,4,0.012439643967167182,0.006219821983583591,5.0,0.9,1.0282611091695386,1.0347968560095135,1.0347968560095135
246,0.5,2,0,1.0172789816734782,4,0.06716562531290932,0.03358281265645466,1.0,0.4,1.0341823208462606,0.9836553586035481,0.9836553586035481
246,0.5,2,1,1.0638408394369123,1,,,5.0,0.9,1.0282611091695386,1.0346018437827618,1.0346018437827618
246,0.5,3,0,1.0501042404439311,5,0.03546375833412624,0.015859874874546192,1.0,0.4,1.0341823208462606,1.0153956602010386,1.0153956602010386
246,0.9,1,0,1.0543928746106521,1,,,1.0,0.4,1.0341823208462606,1.0195425442467954,1.0195425442467954
246,0.9,1,1,1.0121215441717508,4,0.12176128549774706,0.06088064274887353,5.0,0.9,1.0282611091695386,0.9843040207843485,0.9843040207843485
246,0.9,2,0,1.0625866049829837,4,0.01567285614498197,0.007836428072490985,1.0,0.4,1.0341823208462606,1.0274654512692503,1.0274654512692503
246,0.9,2,1,1.058155213191574,1,,,5.0,0.9,1.0282611091695386,1.0290724833949803,1.0290724833949803
246,0.9,3,0,1.0764596116932494,5,0.015019869049984336,0.006717089641782032,1.0,0.4,1.0341823208462606,1.0408799202952859,1.0408799202952859
247,0.1,1,1,0.9458821154603566,5,0.01702646993050275,0.007614468836292054,5.0,0.9,0.9364252009444611,1.0100989534522964,1.0100989534522964
247,0.1,2,1,0.9490843236884519,5,0.0028552999005107133,0.0012769289347380683,5.0,0.9,0.9364252009444611,1.0135185626478473,1.0135185626478473
247,0.1,3,0,0.9561659984476308,1,,,1.0,0.4,0.9414778072521844,1.0156012081031582,1.0156012081031582
247,0.1,3,1,0.9484290434532365,4,0.0055419215296401165,0.0027709607648200582,5.0,0.9,0.9364252009444611,1.012818794813156,1.012818794813156
247,0.5,1,1,0.9463297261664912,5,0.01316876107791696,0.005889248989935146,5.0,0.9,0.9364252009444611,1.0105769528757242,1.0105769528757242
247,0.5,2,0,0.9493078798866836,2,0.008142131498388452,0.005757356395823059,1.0,0.4,0.9414778072521844,1.008316789385989,1.008316789385989
247,0.5,2,1,0.9451773860156137,3,0.008431369615442257,0.004867853517112819,5.0,0.9,0.9364252009444611,1.0093463792541308,1.0093463792541308
247,0.5,3,0,0.8861962779640156,2,0.08874323966786325,0.06275094655360912,1.0,0.4,0.9414778072521844,0.9412821748294687,0.9412821748294687
247,0.5,3,1,0.8546843862750766,3,0.13882086817886305,0.08014826561220414,5.0,0.9,0.9364252009444611,0.9127097235455194,0.9127097235455194
247,0.9,1,0,0.9397771029175173,4,0.050602247924126445,0.025301123962063223,1.0,0.4,0.9414778072521844,0.9981935800062767,0.9981935800062767
247,0.9,1,1,0.9522157022139943,1,,,5.0,0.9,0.9364252009444611,1.0168625334448573,1.0168625334448573
247,0.9,2,0,0.948429192504547,4,0.005553279547425783,0.0027766397737128915,1.0,0.4,0.9414778072521844,1.0073834828594113,1.0073834828594113
247,0.9,2,1,0.9495989242824685,1,,,5.0,0.9,0.9364252009444611,1.0140680999664688,1.0140680999664688
247,0.9,3,0,0.9689903917927118,5,0.05568212582081167,0.024901803693406232,1.0,0.4,0.9414778072521844,1.0292227648156955,1.0292227648156955
248,0.1,1,1,0.8113284237621944,5,0.01857656258941132,0.008307691347640644,5.0,0.9,0.8101525755078484,1.0014513911205045,1.0014513911205045
248,0.1,2,0,0.8061728799707504,2,0.0008187440297646445,0.0005789394555025805,1.0,0.4,0.8141814911011231,0.9901636045305554,0.9901636045305554
248,0.1,2,1,0.8101432453348747,3,0.010533778915244948,0.006081680092300675,5.0,0.9,0.8101525755078484,0.9999884834372491,0.9999884834372491
248,0.1,3,0,0.8228079283132268,2,0.011943376715748877,0.008445242665971547,1.0,0.4,0.8141814911011231,1.010595226379363,1.010595226379363
248,0.1,3,1,0.8116847855396262,3,0.00906398422425016,0.005233093731801352,5.0,0.9,0.8101525755078484,1.001891261076122,1.001891261076122
248,0.5,1,0,0.8070666169523886,3,0.015528583342238597,0.008965431772774993,1.0,0.4,0.8141814911011231,0.9912613167622956,0.9912613167622956
248,0.5,1,1,0.8064138200012148,2,0.006248549289686063,0.0044183915753154,5.0,0.9,0.8101525755078484,0.9953851217416794,0.9953851217416794
248,0.5,2,0,0.8142026816161296,2,0.030680460722262933,0.02169436182663964,1.0,0.4,0.8141814911011231,1.0000260267707362,1.0000260267707362
248,0.5,2,1,0.8111926029013317,3,0.0046710483640938815,0.0026968310304073635,5.0,0.9,0.8101525755078484,1.001283742624445,1.001283742624445
248,0.5,3,0,0.8128764973667998,5,0.009994135152097534,0.004469513115282057,1.0,0.4,0.8141814911011231,0.9983971709642301,0.9983971709642301
248,0.9,1,0,0.8186322504669772,5,0.006263413432595807,0.002801083641293904,1.0,0.4,0.8141814911011231,1.005466544516794,1.005466544516794
248,0.9,2,0,0.8183763532999441,5,0.009740315335029946,0.004356001442282119,1.0,0.4,0.8141814911011231,1.0051522446096726,1.0051522446096726
248,0.9,3,0,0.8133167208227683,5,0.011634813668696868,0.005203246853749982,1.0,0.4,0.8141814911011231,0.9989378654663528,0.9989378654663528
249,0.1,1,1,0.9963616326415318,5,0.1647517884646325,0.07367923968431679,5.0,0.9,1.0259275036069657,0.971181325326121,0.971181325326121
249,0.1,2,1,0.9588963325663011,5,0.13665734526289855,0.061115022726500004,5.0,0.9,1.0259275036069657,0.9346628579456192,0.9346628579456192
249,0.1,3,0,0.825385971680858,2,0.19747928732019548,0.1396389432079968,1.0,0.4,1.068513628400309,0.7724618102593209,0.7724618102593209
249,0.1,3,1,0.9871374040197808,3,0.007559136181752266,0.004364269309375711,5.0,0.9,1.0259275036069657,0.962190213781377,0.962190213781377
249,0.5,1,1,1.1075993049466195,5,0.10139893241011733,0.045346981142985784,5.0,0.9,1.0259275036069657,1.079607770580778,1.079607770580778
249,0.5,2,0,1.151305618798662,1,,,1.0,0.4,1.068513628400309,1.077483326555509,1.077483326555509
249,0.5,2,1,1.0557808162286437,4,0.10077407525422515,0.05038703762711257,5.0,0.9,1.0259275036069657,1.0290988520306936,1.0290988520306936
249,0.5,3,0,1.027260804507259,4,0.1204423016028374,0.0602211508014187,1.0,0.4,1.068513628400309,0.9613923278125988,0.9613923278125988
249,0.5,3,1,0.9781492537313433,1,,,5.0,0.9,1.0259275036069657,0.9534292143376182,0.9534292143376182
249,0.9,1,0,1.0936274681374538,4,0.0710393357802132,0.0355196678901066,1.0,0.4,1.068513628400309,1.0235035277694522,1.0235035277694522
249,0.9,1,1,1.0975677811145403,1,,,5.0,0.9,1.0259275036069657,1.0698297659977933,1.0698297659977933
249,0.9,2,0,1.14698913091697,5,0.042922969566604165,0.01919573554941632,1.0,0.4,1.068513628400309,1.0734436140362085,1.0734436140362085
249,0.9,3,0,1.1665127763606504,5,0.10448491501555468,0.04672707451961375,1.0,0.4,1.068513628400309,1.0917153935669102,1.0917153935669102
250,0.1,1,1,1.2542912840882627,5,0.17452332712473798,0.0780492046220694,5.0,0.9,1.3337971109300735,0.9403913637311972,0.9403913637311972
250,0.1,2,0,1.2974753714086606,1,,,1.0,0.4,1.3136494472004756,0.987687677388908,0.987687677388908
250,0.1,2,1,1.3303390970520474,4,0.05321886737673041,0.026609433688365203,5.0,0.9,1.3337971109300735,0.9974073913868244,0.9974073913868244
250,0.1,3,0,1.2364523526472724,3,0.06316564616265831,0.03646870281554743,1.0,0.4,1.3136494472004756,0.9412346309605517,0.9412346309605517
250,0.1,3,1,1.2897929272712947,2,0.0753011595155093,0.05324596052462654,5.0,0.9,1.3337971109300735,0.9670083378512537,0.9670083378512537
250,0.5,1,0,1.2392820931317439,4,0.15514477520824177,0.07757238760412088,1.0,0.4,1.3136494472004756,0.943388737210512,0.943388737210512
250,0.5,1,1,1.5444947209653095,1,,,5.0,0.9,1.3337971109300735,1.1579682609211186,1.1579682609211186
250,0.5,2,0,1.3416878573153874,4,0.04347990315168666,0.02173995157584333,1.0,0.4,1.3136494472004756,1.0213439058454024,1.0213439058454024
250,0.5,2,1,1.2500675252734528,1,,,5.0,0.9,1.3337971109300735,0.9372246461096059,0.9372246461096059
250,0.5,3,0,1.391918335927955,5,0.11905380607865111,0.05324248067438831,1.0,0.4,1.3136494472004756,1.059581259592716,1.059581259592716
250,0.9,1,0,1.3045213179446138,5,0.2132004647678283,0.09534614641108259,1.0,0.4,1.3136494472004756,0.993051320293009,0.993051320293009
250,0.9,2,0,1.3313405873047652,5,0.05938633754263225,0.026558377536014702,1.0,0.4,1.3136494472004756,1.0134671697552122,1.0134671697552122
250,0.9,3,0,1.3665176619234067,5,0.08574257094420541,0.03834524343936833,1.0,0.4,1.3136494472004756,1.0402452989536888,1.0402452989536888
251,0.1,1,0,0.9203682110265433,5,0.08702678215175863,0.038919560150879544,1.0,0.4,0.8897728061105603,1.0343856372164528,1.0343856372164528
251,0.1,2,0,0.817570492000916,4,0.11058856180456919,0.055294280902284595,1.0,0.4,0.8897728061105603,0.918853089672115,0.918853089672115
251,0.1,2,1,0.9922364654224778,1,,,5.0,0.9,0.7731340806755544,1.2833950671990486,1.2833950671990486
251,0.1,3,0,0.9262776565355437,5,0.07955111298715078,0.0355763392650071,1.0,0.4,0.8897728061105603,1.0410271590391216,1.0410271590391216
251,0.5,1,0,0.879033044110162,4,0.11150223140753425,0.055751115703767125,1.0,0.4,0.8897728061105603,0.9879297704687732,0.9879297704687732
251,0.5,1,1,0.6870446310824123,1,,,5.0,0.9,0.7731340806755544,0.8886487457415947,0.8886487457415947
251,0.5,2,0,0.826930370340495,4,0.10547025645531788,0.05273512822765894,1.0,0.4,0.8897728061105603,0.9293724922379155,0.9293724922379155
251,0.5,3,0,0.9732637602744785,5,0.03050026137959613,0.013640131555257692,1.0,0.4,0.8897728061105603,1.0938340142455913,1.0938340142455913
251,0.9,1,0,0.8826556058117772,4,0.13342562694380972,0.06671281347190486,1.0,0.4,0.8897728061105603,0.9920011038212165,0.9920011038212165
251,0.9,1,1,0.7548968117567407,1,,,5.0,0.9,0.7731340806755544,0.9764112469303148,0.9764112469303148
251,0.9,2,0,0.8434135705158212,5,0.1232218512777305,0.05510648715407494,1.0,0.4,0.8897728061105603,0.9478976708701764,0.9478976708701764
251,0.9,3,0,0.9384425443793054,4,0.08430105444322535,0.04215052722161267,1.0,0.4,0.8897728061105603,1.054699062428637,1.054699062428637
251,0.9,3,1,0.658358414440587,1,,,5.0,0.9,0.7731340806755544,0.851544940129042,0.851544940129042
252,0.1,1,0,1.085244388465991,3,0.07913232102898553,0.04568706684768468,1.0,0.4,0.9913502889376833,1.0947133425753306,1.0947133425753306
252,0.1,1,1,1.1193912378404622,2,0.11748932656535163,0.08307749953140092,5.0,0.9,1.056484268425276,1.0595436877720394,1.0595436877720394
252,0.1,2,0,0.9475954294169702,3,0.004626390152634521,0.0026710475999997744,1.0,0.4,0.9913502889376833,0.9558633713945852,0.9558633713945852
252,0.1,2,1,0.8964282884691195,2,0.05065091603017205,0.03581560619824506,5.0,0.9,1.056484268425276,0.8485013125706783,0.8485013125706783
252,0.1,3,0,0.97367573048121,2,0.0039365110363055065,0.002783533647987307,1.0,0.4,0.9913502889376833,0.9821712278155352,0.9821712278155352
252,0.1,3,1,1.0060463737798122,3,0.04777918020134594,0.027585322550906715,5.0,0.9,1.056484268425276,0.9522587357399622,0.9522587357399622
252,0.5,1,0,0.940493898671124,2,0.0068789190313681995,0.00486413029431365,1.0,0.4,0.9913502889376833,0.9486998785050477,0.9486998785050477
252,0.5,1,1,1.0802662777870136,3,0.07780119473114196,0.044918540721299305,5.0,0.9,1.056484268425276,1.0225105191553732,1.0225105191553732
252,0.5,2,0,1.0269344601148251,4,0.10887876989504243,0.054439384947521215,1.0,0.4,0.9913502889376833,1.0358946495242094,1.0358946495242094
252,0.5,2,1,1.2089668829194862,1,,,5.0,0.9,1.056484268425276,1.144330227199209,1.144330227199209
252,0.5,3,0,0.9540480581060161,4,0.0578212867798416,0.0289106433899208,1.0,0.4,0.9913502889376833,0.9623723004391922,0.9623723004391922
252,0.5,3,1,1.175854904438839,1,,,5.0,0.9,1.056484268425276,1.1129885598689406,1.1129885598689406
252,0.9,1,0,1.0072549197094554,4,0.057416846728540895,0.028708423364270447,1.0,0.4,0.9913502889376833,1.0160434015597204,1.0160434015597204
252,0.9,1,1,0.9244380247359393,1,,,5.0,0.9,1.056484268425276,0.875013525865221,0.875013525865221
252,0.9,2,0,0.9725550462905875,3,0.0483083730184955,0.027890852166341233,1.0,0.4,0.9913502889376833,0.9810407654521023,0.9810407654521023
252,0.9,2,1,1.0623762720566805,2,0.18878689245921337,0.13349249185704526,5.0,0.9,1.056484268425276,1.0055769913547192,1.0055769913547192
252,0.9,3,0,1.01435066918297,4,0.10997144617559002,0.05498572308779501,1.0,0.4,0.9913502889376833,1.023201062734277,1.023201062734277
252,0.9,3,1,1.0345901538001314,1,,,5.0,0.9,1.056484268425276,0.9792764404738573,0.9792764404738573
253,0.1,1,1,0.4291267773133452,5,0.011127690175044598,0.00497645433279125,5.0,0.9,0.4739913204507109,0.9053473318990214,0.9053473318990214
253,0.1,2,0,0.44859158014631795,1,,,1.0,0.4,0.3900317546049431,1.1501411740197645,1.1501411740197645
253,0.1,2,1,0.6275819750545801,4,0.18930845471207072,0.09465422735603536,5.0,0.9,0.4739913204507109,1.3240368504170545,1.3240368504170545
253,0.1,3,0,0.3572300715157858,1,,,1.0,0.4,0.3900317546049431,0.9158999678824058,0.9158999678824058
253,0.1,3,1,0.4605528459651371,4,0.12576281640484044,0.06288140820242022,5.0,0.9,0.4739913204507109,0.9716482688484773,0.9716482688484773
253,0.5,1,1,0.5157792117234734,5,0.1644112708052694,0.0735269555575418,5.0,0.9,0.4739913204507109,1.0881617225248492,1.0881617225248492
253,0.5,2,0,0.3482558188226135,1,,,1.0,0.4,0.3900317546049431,0.8928909369837239,0.8928909369837239
253,0.5,2,1,0.5461163400074557,4,0.1967000212582637,0.09835001062913185,5.0,0.9,0.4739913204507109,1.1521652748581181,1.1521652748581181
253,0.5,3,0,0.3927736581386728,2,0.07574585486395483,0.05356040762107449,1.0,0.4,0.3900317546049431,1.0070299494883614,1.0070299494883614
253,0.5,3,1,0.39732202950014406,3,0.042880267225583975,0.024756933825613996,5.0,0.9,0.4739913204507109,0.8382474791359824,0.8382474791359824
253,0.9,1,0,0.39811023523268413,3,0.06349499336567824,0.03665885151186783,1.0,0.4,0.3900317546049431,1.020712366448018,1.020712366448018
253,0.9,1,1,0.38557869732964783,2,0.08519849268162971,0.06024443192205281,5.0,0.9,0.4739913204507109,0.8134720630812545,0.8134720630812545
253,0.9,2,0,0.35772501131978257,2,0.05888133044170682,0.04163538804061678,1.0,0.4,0.3900317546049431,0.9171689409805016,0.9171689409805016
253,0.9,2,1,0.42987268671190365,3,0.14450829862148623,0.0834319051092499,5.0,0.9,0.4739913204507109,0.9069210092352418,0.9069210092352418
253,0.9,3,0,0.42753590705874495,4,0.2543312394142243,0.12716561970711215,1.0,0.4,0.3900317546049431,1.0961566641972247,1.0961566641972247
254,0.1,1,0,1.0199711140993077,1,,,1.0,0.4,1.0610885721668712,0.9612497399876839,0.9612497399876839
254,0.1,1,1,1.0864393260966803,4,0.05568457243107883,0.027842286215539414,5.0,0.9,1.1106001947156972,0.978245214854116,0.978245214854116
254,0.1,2,0,1.04001625025391,1,,,1.0,0.4,1.0610885721668712,0.9801408454810432,0.9801408454810432
254,0.1,2,1,1.0574370571620184,4,0.025125012065067637,0.012562506032533819,5.0,0.9,1.1106001947156972,0.9521311649262875,0.9521311649262875
254,0.1,3,0,1.0267607529360168,3,0.012574636950122396,0.00725997002811498,1.0,0.4,1.0610885721668712,0.9676484884190648,0.9676484884190648
254,0.1,3,1,1.1339616752583601,2,0.04751237078716721,0.03359631957385555,5.0,0.9,1.1106001947156972,1.0210350049043917,1.0210350049043917
254,0.5,1,0,1.0290875158855446,4,0.01772660275074708,0.00886330137537354,1.0,0.4,1.0610885721668712,0.9698412958910898,0.9698412958910898
254,0.5,1,1,1.1645627203457296,1,,,5.0,0.9,1.1106001947156972,1.0485886153152046,1.0485886153152046
254,0.5,2,0,1.069676126024321,5,0.06891367708019631,0.030819133306157636,1.0,0.4,1.0610885721668712,1.00809315459869,1.00809315459869
254,0.5,3,0,1.0633821495588094,5,0.04665917272870352,0.020866616399057084,1.0,0.4,1.0610885721668712,1.002161532460249,1.002161532460249
254,0.9,1,0,1.0914689900881938,4,0.060047801869061564,0.030023900934530782,1.0,0.4,1.0610885721668712,1.0286313685004467,1.0286313685004467
254,0.9,2,0,1.0992973627985818,5,0.07183532174369107,0.03212573252089239,1.0,0.4,1.0610885721668712,1.0360090492292116,1.0360090492292116
254,0.9,3,0,1.1101368878571558,5,0.07354373050257802,0.032889756144537846,1.0,0.4,1.0610885721668712,1.0462245254325206,1.0462245254325206
255,0.1,1,0,1.1025868798621767,1,,,1.0,0.4,1.0958405212997335,1.006156332451041,1.006156332451041
255,0.1,1,1,1.0947818165325258,4,0.013511782515810759,0.006755891257905379,5.0,0.9,1.0948636207241584,0.999925283669962,0.999925283669962
255,0.1,2,1,1.0888466895722941,5,0.00626672798477722,0.002802565954092426,5.0,0.9,1.0948636207241584,0.9945044012441617,0.9945044012441617
255,0.1,3,0,1.0689640246073278,3,0.0291188272788172,0.01681176276791133,1.0,0.4,1.0958405212997335,0.9754740802425077,0.9754740802425077
255,0.1,3,1,1.085121071126311,2,0.00044747242180652404,0.00031641078385336025,5.0,0.9,1.0948636207241584,0.9911015861579148,0.9911015861579148
255,0.5,1,0,1.1022914867551665,2,0.007755599852027518,0.005484037247538042,1.0,0.4,1.0958405212997335,1.0058867739694293,1.0058867739694293
255,0.5,1,1,1.108678745855894,3,0.015250709695238002,0.008805001347878497,5.0,0.9,1.0948636207241584,1.0126181241848167,1.0126181241848167
255,0.5,2,0,1.1038802373509107,2,1.0727763646468284e-06,7.585674421384248e-07,1.0,0.4,1.0958405212997335,1.007336574889238,1.007336574889238
255,0.5,2,1,1.0936312429842394,3,0.018954861345911032,0.010943594300513768,5.0,0.9,1.0948636207241584,0.9988744006864491,0.9988744006864491
255,0.5,3,0,1.091786781673439,4,0.009822494972446076,0.004911247486223038,1.0,0.4,1.0958405212997335,0.9963007941871993,0.9963007941871993
255,0.5,3,1,1.0961690284077985,1,,,5.0,0.9,1.0948636207241584,1.0011923016336743,1.0011923016336743
255,0.9,1,0,1.0912683769924936,5,0.008525443268197992,0.0038126941372017362,1.0,0.4,1.0958405212997335,0.9958277283798402,0.9958277283798402
255,0.9,2,0,1.1038736029599967,5,0.013007425059040715,0.00581709732884985,1.0,0.4,1.0958405212997335,1.0073305207319176,1.0073305207319176
255,0.9,3,0,1.102072780196357,4,0.008570974377341146,0.004285487188670573,1.0,0.4,1.0958405212997335,1.0056871951488267,1.0056871951488267
255,0.9,3,1,1.0968167505900464,1,,,5.0,0.9,1.0948636207241584,1.0017839024230215,1.0017839024230215
256,0.1,1,1,0.819911649674343,5,0.185307934646293,0.08287222772783992,5.0,0.9,0.7799059442697474,1.0512955513399176,1.0512955513399176
256,0.1,2,0,0.6711298471037437,4,0.08983482430079731,0.044917412150398656,1.0,0.4,0.8022782581773397,0.8365300196822656,0.8365300196822656
256,0.1,2,1,0.7808189348591703,1,,,5.0,0.9,0.7799059442697474,1.0011706419166708,1.0011706419166708
256,0.1,3,0,0.6841797213854197,4,0.018265198247622686,0.009132599123811343,1.0,0.4,0.8022782581773397,0.8527960397926989,0.8527960397926989
256,0.1,3,1,0.9266270055886064,1,,,5.0,0.9,0.7799059442697474,1.188126609877604,1.188126609877604
256,0.5,1,0,0.9614505239790241,4,0.14068102766573296,0.07034051383286648,1.0,0.4,0.8022782581773397,1.1984003233034144,1.1984003233034144
256,0.5,1,1,0.671761734509791,1,,,5.0,0.9,0.7799059442697474,0.8613368566369687,0.8613368566369687
256,0.5,2,0,0.7791268263340341,5,0.08193613808996293,0.036642954916593376,1.0,0.4,0.8022782581773397,0.9711428901290404,0.9711428901290404
256,0.5,3,0,0.7994574764594962,5,0.12204293533972192,0.05457925991864592,1.0,0.4,0.8022782581773397,0.99648403569573,0.99648403569573
256,0.9,1,0,0.9141616548346909,4,0.18115091881295667,0.09057545940647833,1.0,0.4,0.8022782581773397,1.1394570967329143,1.1394570967329143
256,0.9,1,1,0.7004103967168263,1,,,5.0,0.9,0.7799059442697474,0.8980703402288394,0.8980703402288394
256,0.9,2,0,0.7586380097190477,4,0.34100482828848366,0.17050241414424183,1.0,0.4,0.8022782581773397,0.9456045978892208,0.9456045978892208
256,0.9,3,0,0.8500820056032609,5,0.13479972959337555,0.06028427174387556,1.0,0.4,0.8022782581773397,1.0595849967747155,1.0595849967747155
257,0.1,1,1,0.6202449385679608,5,0.12069488498939497,0.05397639347456123,5.0,0.9,0.7419475081198549,0.8359687602964034,0.8359687602964034
257,0.1,2,0,0.9142093417639645,1,,,1.0,0.4,0.6695524278654987,1.3654036692517424,1.3654036692517424
257,0.1,2,1,0.6407869314054749,4,0.25546898987674144,0.12773449493837072,5.0,0.9,0.7419475081198549,0.8636553454155703,0.8636553454155703
257,0.1,3,0,0.6495505893587682,3,0.231051207895191,0.13339747707487673,1.0,0.4,0.6695524278654987,0.9701265536882668,0.9701265536882668
257,0.1,3,1,0.8692225057845133,2,0.05889838322783918,0.041647446181329095,5.0,0.9,0.7419475081198549,1.1715417819613436,1.1715417819613436
257,0.5,1,1,0.7972508588303773,5,0.2672479744414156,0.11951692754002634,5.0,0.9,0.7419475081198549,1.0745380907749995,1.0745380907749995
257,0.5,2,1,0.7511658220890691,5,0.2026845608213604,0.0906432911972505,5.0,0.9,0.7419475081198549,1.0124244826868871,1.0124244826868871
257,0.5,3,0,0.637998121463184,5,0.21940642934050733,0.09812153814117575,1.0,0.4,0.6695524278654987,0.9528725382971004,0.9528725382971004
257,0.9,1,1,0.6298884417674505,5,0.1627330925788612,0.07277645143902003,5.0,0.9,0.7419475081198549,0.8489663148322047,0.8489663148322047
257,0.9,2,0,0.548213018385356,1,,,1.0,0.4,0.6695524278654987,0.8187753424075139,0.8187753424075139
257,0.9,2,1,0.6781086660278139,4,0.164863332132564,0.082431666066282,5.0,0.9,0.7419475081198549,0.913957737719461,0.913957737719461
257,0.9,3,0,0.597791068356221,2,0.016240790137392064,0.01148397283797753,1.0,0.4,0.6695524278654987,0.8928218963553765,0.8928218963553765
257,0.9,3,1,0.9489119004861789,3,0.06091270979407255,0.035167969396677344,5.0,0.9,0.7419475081198549,1.2789474863131298,1.2789474863131298
258,0.1,1,0,0.9053220770691395,1,,,1.0,0.4,0.9677621124615396,0.9354799753075871,0.9354799753075871
258,0.1,1,1,0.9802523109657677,4,0.03300847804075148,0.01650423902037574,5.0,0.9,0.9886553203104379,0.9915005673139637,0.9915005673139637
258,0.1,2,0,0.9391780747863645,5,0.048062416047156574,0.021494165888863766,1.0,0.4,0.9677621124615396,0.970463776885757,0.970463776885757
258,0.1,3,0,0.9177972740452687,4,0.060306973463967066,0.030153486731983533,1.0,0.4,0.9677621124615396,0.948370743416289,0.948370743416289
258,0.5,1,0,0.9961873348000017,1,,,1.0,0.4,0.9677621124615396,1.029372117354503,1.029372117354503
258,0.5,1,1,1.0322794249558553,4,0.14710733815677285,0.07355366907838642,5.0,0.9,0.9886553203104379,1.04412468506387,1.04412468506387
258,0.5,2,0,0.9037498275962045,4,0.1406622449504771,0.07033112247523855,1.0,0.4,0.9677621124615396,0.9338553513915548,0.9338553513915548
258,0.5,2,1,0.9525210097523876,1,,,5.0,0.9,0.9886553203104379,0.9634510533492056,0.9634510533492056
258,0.5,3,0,0.9593157225548534,5,0.05921717643287502,0.026482726387901407,1.0,0.4,0.9677621124615396,0.9912722457327839,0.9912722457327839
258,0.9,1,0,1.0910691437483078,3,0.11844513046028811,0.06838432795544769,1.0,0.4,0.9677621124615396,1.1274146091265467,1.1274146091265467
258,0.9,1,1,0.9895685355677409,2,0.09563961081029494,0.06762741735400178,5.0,0.9,0.9886553203104379,1.000923694272961,1.000923694272961
258,0.9,2,0,0.9254334523398248,4,0.18818289446435205,0.09409144723217602,1.0,0.4,0.9677621124615396,0.9562612964729005,0.9562612964729005
258,0.9,3,0,1.071806105213891,4,0.06420599298659842,0.03210299649329921,1.0,0.4,0.9677621124615396,1.107509884312077,1.107509884312077
259,0.1,1,0,1.0610883538688212,1,,,1.0,0.4,1.0386345948601372,1.0216185356426604,1.0216185356426604
259,0.1,1,1,1.0728724643545435,4,0.32353305702045543,0.16176652851022771,5.0,0.9,1.102431403674833,0.9731875024407342,0.9731875024407342
259,0.1,2,1,1.0868111143468635,5,0.287570717102356,0.12860553435584587,5.0,0.9,1.102431403674833,0.9858310555415049,0.9858310555415049
259,0.1,3,0,1.0153662120438316,2,0.34649220377401957,0.24500698691688028,1.0,0.4,1.0386345948601372,0.977597142506659,0.977597142506659
259,0.1,3,1,0.7617619537191249,3,0.01687847171372383,0.009744790187427937,5.0,0.9,1.102431403674833,0.6909835398192357,0.6909835398192357
259,0.5,1,1,0.9799412174585548,5,0.28867865678120563,0.12910102004322127,5.0,0.9,1.102431403674833,0.8888908771938364,0.8888908771938364
259,0.5,2,0,0.7020235566461189,1,,,1.0,0.4,1.0386345948601372,0.675910045862331,0.675910045862331
259,0.5,2,1,1.2555871749714436,4,0.1651510368181712,0.0825755184090856,5.0,0.9,1.102431403674833,1.1389254431487372,1.1389254431487372
259,0.5,3,0,1.1024450256905634,5,0.27723945644019876,0.12398525412907525,1.0,0.4,1.0386345948601372,1.0614368432807872,1.0614368432807872
259,0.9,1,1,1.2052726041964092,5,0.19146031248779583,0.08562365474321267,5.0,0.9,1.102431403674833,1.0932858046122111,1.0932858046122111
259,0.9,2,0,1.2630675324827132,3,0.10060248106477923,0.05808286952389452,1.0,0.4,1.0386345948601372,1.2160845967708194,1.2160845967708194
259,0.9,2,1,1.354773296676892,2,0.023546504582507316,0.016649893063531037,5.0,0.9,1.102431403674833,1.2288957772437406,1.2288957772437406
259,0.9,3,0,1.0878168884287744,5,0.3249467292666206,0.1453205951412768,1.0,0.4,1.0386345948601372,1.0473528359367426,1.0473528359367426
260,0.1,1,1,0.8753356120995756,5,0.2546234380180494,0.11387106321461254,5.0,0.9,0.9501429522289685,0.9212672788300958,0.9212672788300958
260,0.1,2,1,1.058123771581256,5,0.018383450876350016,0.008221329164109344,5.0,0.9,0.9501429522289685,1.1136469192335448,1.1136469192335448
260,0.1,3,0,1.078063304045758,3,0.028189222320803738,0.016275055095162246,1.0,0.4,1.0458854154827668,1.0307661700666686,1.0307661700666686
260,0.1,3,1,1.0720719703510238,2,0.004652771171492107,0.0032900060466713454,5.0,0.9,0.9501429522289685,1.1283270247240358,1.1283270247240358
260,0.5,1,1,0.9392813608627225,5,0.2079907849487722,0.09301630676779896,5.0,0.9,0.9501429522289685,0.9885684661021108,0.9885684661021108
260,0.5,2,0,1.0725320764598063,1,,,1.0,0.4,1.0458854154827668,1.0254776102454204,1.0254776102454204
260,0.5,2,1,1.0728022530613401,4,0.019672872835094567,0.009836436417547284,5.0,0.9,0.9501429522289685,1.1290956277101478,1.1290956277101478
260,0.5,3,0,1.064379924252692,4,0.018630949620216688,0.009315474810108344,1.0,0.4,1.0458854154827668,1.0176831118362888,1.0176831118362888
260,0.5,3,1,0.826598124460336,1,,,5.0,0.9,0.9501429522289685,0.8699723789153989,0.8699723789153989
260,0.9,1,0,1.0754104591038258,4,0.01795114492089668,0.00897557246044834,1.0,0.4,1.0458854154827668,1.0282297115764165,1.0282297115764165
260,0.9,1,1,0.8067875731865253,1,,,5.0,0.9,0.9501429522289685,0.8491223044846656,0.8491223044846656
260,0.9,2,0,0.9920132663404984,5,0.1981176023949369,0.08860088529887081,1.0,0.4,1.0458854154827668,0.9484913468102987,0.9484913468102987
260,0.9,3,0,0.9929134626940211,5,0.19522752980950958,0.087308405546686,1.0,0.4,1.0458854154827668,0.9493520494649077,0.9493520494649077
261,0.1,1,0,0.6969941338308557,3,0.06186417050880462,0.03571729549645126,1.0,0.4,0.7286396332837763,0.956569066507811,0.956569066507811
261,0.1,1,1,0.7011143342023977,2,0.017641629671385325,0.012474515971818366,5.0,0.9,0.7089711192612865,0.988918046383786,0.988918046383786
261,0.1,2,0,0.7834809420026425,1,,,1.0,0.4,0.7286396332837763,1.0752653386032704,1.0752653386032704
261,0.1,2,1,0.6504295100363885,4,0.21983325855226088,0.10991662927613044,5.0,0.9,0.7089711192612865,0.9174273709683752,0.9174273709683752
261,0.1,3,0,0.7428219167458237,2,0.01666485393885435,0.011783831227647255,1.0,0.4,0.7286396332837763,1.0194640571473332,1.0194640571473332
261,0.1,3,1,0.7700407153242235,2,0.07417743463454998,0.05245136704111216,5.0,0.9,0.7089711192612865,1.086138341046344,1.086138341046344
261,0.5,1,0,0.7073785020013084,4,0.049739470958717266,0.024869735479358633,1.0,0.4,0.7286396332837763,0.9708207866944459,0.9708207866944459
261,0.5,1,1,0.7147277758291437,1,,,5.0,0.9,0.7089711192612865,1.008119733528575,1.008119733528575
261,0.5,2,0,0.7027084386018354,5,0.05724648966924774,0.02560140847473548,1.0,0.4,0.7286396332837763,0.9644114957553486,0.9644114957553486
261,0.5,3,0,0.7227750247310013,4,0.06363811941413414,0.03181905970706707,1.0,0.4,0.7286396332837763,0.9919512907548758,0.9919512907548758
261,0.5,3,1,0.607895517957851,1,,,5.0,0.9,0.7089711192612865,0.8574334009419856,0.8574334009419856
261,0.9,1,0,0.720031621051913,3,0.04848949220396469,0.027995421376827274,1.0,0.4,0.7286396332837763,0.9881861871923306,0.9881861871923306
261,0.9,1,1,0.809618862217715,2,0.03334554290046351,0.023578859507264682,5.0,0.9,0.7089711192612865,1.1419631071309344,1.1419631071309344
261,0.9,2,0,0.7564900919835826,5,0.10614251688179605,0.04746837661012299,1.0,0.4,0.7286396332837763,1.0382225416071482,1.0382225416071482
261,0.9,3,0,0.7250760286050248,5,0.15483417867537283,0.0692439497516964,1.0,0.4,0.7286396332837763,0.9951092357374367,0.9951092357374367
262,0.1,1,0,0.9274771877073249,5,0.12416324630929504,0.05552749181092671,1.0,0.4,0.9803327690573538,0.9460840410334824,0.9460840410334824
262,0.1,2,0,0.9902220191830595,5,0.024952660526547227,0.011159169031367058,1.0,0.4,0.9803327690573538,1.0100876461930521,1.0100876461930521
262,0.1,3,0,1.0011740232475872,5,0.044814941008254575,0.020041850900420037,1.0,0.4,0.9803327690573538,1.0212593670721355,1.0212593670721355
262,0.5,1,0,0.9584545085393035,5,0.10190712862963668,0.045574253401536514,1.0,0.4,0.9803327690573538,0.9776828223960242,0.9776828223960242
262,0.5,2,0,0.9055069873491897,4,0.15145378245439126,0.07572689122719563,1.0,0.4,0.9803327690573538,0.9236730791115823,0.9236730791115823
262,0.5,2,1,1.0176903200159013,1,,,5.0,0.9,0.9909543878798903,1.0269799825935597,1.0269799825935597
262,0.5,3,0,1.0129842580391784,5,0.03439092274505217,0.015380088213376063,1.0,0.4,0.9803327690573538,1.0333065363236005,1.0333065363236005
262,0.9,1,0,0.9954332810369755,4,0.02069253945362317,0.010346269726811585,1.0,0.4,0.9803327690573538,1.0154034552921676,1.0154034552921676
262,0.9,1,1,0.9642184557438794,1,,,5.0,0.9,0.9909543878798903,0.9730200174064405,0.9730200174064405
262,0.9,2,0,1.005897367912358,5,0.020917254841855668,0.009354480745815177,1.0,0.4,0.9803327690573538,1.0260774704895217,1.0260774704895217
262,0.9,3,0,1.0258452885012077,5,0.05083537005308068,0.022734268620009098,1.0,0.4,0.9803327690573538,1.0464255820884338,1.0464255820884338
263,0.1,1,0,1.032565498819872,2,0.16927508476935832,0.11969556032634093,1.0,0.4,1.0427433716268786,0.9902393310914773,0.9902393310914773
263,0.1,3,1,0.909461441992725,2,0.007371152495194806,0.005212191914512387,5.0,0.9,0.8965255864254148,1.0144288749402988,1.0144288749402988
263,0.5,1,0,0.9086875499156979,1,,,1.0,0.4,1.0427433716268786,0.8714392962268098,0.8714392962268098
263,0.5,1,1,0.8448278529182758,1,,,5.0,0.9,0.8965255864254148,0.9423354622668765,0.9423354622668765
263,0.5,2,0,1.0858410239108358,1,,,1.0,0.4,1.0427433716268786,1.0413310249258325,1.0413310249258325
263,0.5,2,1,0.9077972616564729,1,,,5.0,0.9,0.8965255864254148,1.0125726196794895,1.0125726196794895
263,0.5,3,1,0.9195195869345605,1,,,5.0,0.9,0.8965255864254148,1.0256479021427891,1.0256479021427891
263,0.9,1,0,1.1397311236497967,1,,,1.0,0.4,1.0427433716268786,1.093012101214893,1.093012101214893
263,0.9,2,0,0.8998539055548842,1,,,1.0,0.4,1.0427433716268786,0.8629677541377611,0.8629677541377611
263,0.9,2,1,0.9010217886250398,1,,,5.0,0.9,0.8965255864254148,1.0050151409705461,1.0050151409705461
263,0.9,3,0,1.1897811279101855,1,,,1.0,0.4,1.0427433716268786,1.1410104924032267,1.1410104924032267
264,0.1,1,0,0.7327894661514242,1,,,1.0,0.4,0.9540072689469817,0.7681172775132685,0.7681172775132685
264,0.1,1,1,0.8427124629628595,4,0.14536735681045518,0.07268367840522759,5.0,0.9,0.9213533241716739,0.9146463586273864,0.9146463586273864
264,0.1,2,0,0.7359232326872195,1,,,1.0,0.4,0.9540072689469817,0.7714021230671754,0.7714021230671754
264,0.1,2,1,0.9039530822566213,4,0.14991472464816,0.07495736232408,5.0,0.9,0.9213533241716739,0.9811144742645869,0.9811144742645869
264,0.1,3,0,0.9104965871815919,2,0.09975050942329079,0.07053426164002152,1.0,0.4,0.9540072689469817,0.9543916664142231,0.9543916664142231
264,0.1,3,1,0.9734630949563995,3,0.00645247681509415,0.0037253392261344265,5.0,0.9,0.9213533241716739,1.0565578583347208,1.0565578583347208
264,0.5,1,0,1.1069246463189768,2,0.17660834640748768,0.12488095935887737,1.0,0.4,0.9540072689469817,1.1602895306455923,1.1602895306455923
264,0.5,1,1,0.9190079752670469,3,0.06660446904971154,0.03845410813508306,5.0,0.9,0.9213533241716739,0.9974544522246821,0.9974544522246821
264,0.5,2,0,0.952197584695138,4,0.19580084100218906,0.09790042050109453,1.0,0.4,0.9540072689469817,0.9981030707933272,0.9981030707933272
264,0.5,2,1,0.9846390538234092,1,,,5.0,0.9,0.9213533241716739,1.0686877965178356,1.0686877965178356
264,0.5,3,0,1.0011265798454652,5,0.06516826747048285,0.02914413520797758,1.0,0.4,0.9540072689469817,1.049390934883015,1.049390934883015
264,0.9,1,0,1.0673819464005057,3,0.149580597632414,0.08636039830861932,1.0,0.4,0.9540072689469817,1.118840475480512,1.118840475480512
264,0.9,1,1,0.8889948116901517,2,0.21711167128448564,0.15352113504000442,5.0,0.9,0.9213533241716739,0.9648793664356575,0.9648793664356575
264,0.9,2,0,1.0478081741695437,2,0.291028120202476,0.2057879573111444,1.0,0.4,0.9540072689469817,1.0983230508569373,1.0983230508569373
264,0.9,2,1,0.9367027882452293,2,0.06268934446081845,0.044328060576384054,5.0,0.9,0.9213533241716739,1.0166596935951309,1.0166596935951309
264,0.9,3,0,1.0314172030729702,4,0.2301932781292021,0.11509663906460105,1.0,0.4,0.9540072689469817,1.0811418703459486,1.0811418703459486
265,0.1,1,0,0.5750666790867899,4,0.400560593487443,0.2002802967437215,1.0,0.4,0.6209442879821244,0.9261163847010776,0.9261163847010776
265,0.1,1,1,0.6928294147806343,1,,,5.0,0.9,0.7821563670589218,0.8857939971591918,0.8857939971591918
265,0.1,2,0,0.43611584327086883,1,,,1.0,0.4,0.6209442879821244,0.7023429504249238,0.7023429504249238
265,0.1,2,1,0.843324008500766,4,0.08808697597005635,0.044043487985028176,5.0,0.9,0.7821563670589218,1.0782038528585376,1.0782038528585376
265,0.1,3,0,0.5082360364842201,5,0.24467928787678164,0.10942390407574479,1.0,0.4,0.6209442879821244,0.8184889471096175,0.8184889471096175
265,0.5,1,0,0.5500880326749966,5,0.3493593086197443,0.1562382325292153,1.0,0.4,0.6209442879821244,0.8858895126688603,0.8858895126688603
265,0.5,2,0,0.9242932611674286,3,0.3603849257533863,0.2080683338956009,1.0,0.4,0.6209442879821244,1.488528486462278,1.488528486462278
265,0.5,2,1,0.722577857007806,2,0.18090688035542712,0.12792048186262595,5.0,0.9,0.7821563670589218,0.923827878209131,0.923827878209131
265,0.5,3,0,0.5882129635557571,5,0.20660574755446848,0.09239689921479048,1.0,0.4,0.6209442879821244,0.9472878242704609,0.9472878242704609
265,0.9,1,0,0.7015281071555742,3,0.346447098987529,0.20002132586041482,1.0,0.4,0.6209442879821244,1.1297762468116457,1.1297762468116457
265,0.9,1,1,0.8698941879464805,2,0.08270848182276988,0.05848372835852488,5.0,0.9,0.7821563670589218,1.1121742717731393,1.1121742717731393
265,0.9,2,0,0.7594539737662487,5,0.43058995559731433,0.19256568222884218,1.0,0.4,0.6209442879821244,1.2230629840146168,1.2230629840146168
265,0.9,3,0,0.5455036946772358,5,0.24280802786782638,0.10858705115902462,1.0,0.4,0.6209442879821244,0.8785066635365194,0.8785066635365194
266,0.1,1,0,0.7597307593540039,5,0.2843670083349772,0.12717279223905165,1.0,0.4,0.6413966251598908,1.184494475886296,1.184494475886296
266,0.1,2,0,0.5219817100507333,2,0.018932275324964883,0.013387140265573416,1.0,0.4,0.6413966251598908,0.8138204810800352,0.8138204810800352
266,0.1,2,1,0.6322015369265532,2,0.002566702356960678,0.0018149326418943899,5.0,0.9,0.7203851340879245,0.877588260794665,0.877588260794665
266,0.1,3,0,0.6190249945756193,4,0.06476132858704402,0.03238066429352201,1.0,0.4,0.6413966251598908,0.9651204423180515,0.9651204423180515
266,0.5,1,0,0.5984073365045189,3,0.06619563162684264,0.0382180657389349,1.0,0.4,0.6413966251598908,0.9329754991388437,0.9329754991388437
266,0.5,1,1,0.8494589924659087,2,0.022389869552650415,0.01583202859056132,5.0,0.9,0.7203851340879245,1.1791734063771373,1.1791734063771373
266,0.5,2,0,0.638119443700267,3,0.008317588072502435,0.004802161712667702,1.0,0.4,0.6413966251598908,0.9948905539395271,0.9948905539395271
266,0.5,2,1,0.5171390695031879,1,,,5.0,0.9,0.7203851340879245,0.7178647157369991,0.7178647157369991
266,0.5,3,0,0.6225471859265815,4,0.0629960682385298,0.0314980341192649,1.0,0.4,0.6413966251598908,0.9706118827354129,0.9706118827354129
266,0.5,3,1,0.8692699490662139,1,,,5.0,0.9,0.7203851340879245,1.206673913623706,1.206673913623706
266,0.9,1,0,0.6383046526282032,1,,,1.0,0.4,0.6413966251598908,0.9951793127522042,0.9951793127522042
266,0.9,1,1,0.9114039301843644,2,0.3720461513783484,0.2630763565539869,5.0,0.9,0.7203851340879245,1.2651620460467825,1.2651620460467825
266,0.9,2,0,0.7521257301305002,2,0.14227257481423,0.10060190242801244,1.0,0.4,0.6413966251598908,1.1726374923519534,1.1726374923519534
266,0.9,2,1,0.6058113692634199,2,0.03390558182238271,0.02397486682668215,5.0,0.9,0.7203851340879245,0.840954845674924,0.840954845674924
266,0.9,3,0,0.6223278135685902,3,0.04183151600105602,0.024151437023819833,1.0,0.4,0.6413966251598908,0.9702698597976767,0.9702698597976767
266,0.9,3,1,0.6574110912058234,1,,,5.0,0.9,0.7203851340879245,0.9125828117457863,0.9125828117457863
267,0.1,1,0,0.9571724387482345,1,,,1.0,0.4,0.8900106059548009,1.0754618342119449,1.0754618342119449
267,0.1,1,1,0.9389264908998155,4,0.03906032281564954,0.01953016140782477,5.0,0.9,0.971492772785068,0.9664781017445022,0.9664781017445022
267,0.1,2,0,0.9581286549707602,1,,,1.0,0.4,0.8900106059548009,1.0765362216587098,1.0765362216587098
267,0.1,2,1,0.9571726503933953,4,0.0012200127746022707,0.0006100063873011353,5.0,0.9,0.971492772785068,0.9852596717208509,0.9852596717208509
267,0.1,3,1,0.9775142503801636,5,0.07220825158668757,0.03229251181684809,5.0,0.9,0.971492772785068,1.0061981702425158,1.0061981702425158
267,0.5,1,1,0.9919056254486986,4,0.04859361953353137,0.024296809766765685,5.0,0.9,0.971492772785068,1.0210118420182492,1.0210118420182492
267,0.5,2,1,0.9586662887405533,5,0.05842365515161686,0.026127852882604215,5.0,0.9,0.971492772785068,0.9867971389969852,0.9867971389969852
267,0.5,3,1,0.9888373365508285,5,0.05050416376764387,0.022586148666246718,5.0,0.9,0.971492772785068,1.0178535180617323,1.0178535180617323
267,0.9,1,0,0.690761306434753,2,0.5110353240956514,0.3613565430939002,1.0,0.4,0.8900106059548009,0.7761270504116141,0.7761270504116141
267,0.9,1,1,0.9580933917624308,3,0.09020560683967357,0.05208023139129909,5.0,0.9,0.971492772785068,0.9862074310813205,0.9862074310813205
267,0.9,2,0,0.8839208850746857,2,0.0061741965545181994,0.004365816252078436,1.0,0.4,0.8900106059548009,0.9931576985269943,0.9931576985269943
267,0.9,2,1,0.983832480759717,3,0.03957708285204362,0.02284983943836751,5.0,0.9,0.971492772785068,1.012701801104782,1.012701801104782
267,0.9,3,0,0.9600697445455706,2,0.006348834719387398,0.0044893040827114206,1.0,0.4,0.8900106059548009,1.0787171951907366,1.0787171951907366
267,0.9,3,1,0.9884864401300092,3,0.05645048259261365,0.03259170132072978,5.0,0.9,0.971492772785068,1.0174923250290622,1.0174923250290622
268,0.1,1,0,1.030187749659622,3,0.200309056698982,0.11564848780627728,1.0,0.4,1.0093673280940576,1.0206271998172147,1.0206271998172147
268,0.1,1,1,1.1550532900440023,2,0.200892274787255,0.1420522897900593,5.0,0.9,1.0028423618481164,1.1517795158905928,1.1517795158905928
268,0.1,2,0,1.021755903505605,3,0.025383997954931157,0.014655458052388414,1.0,0.4,1.0093673280940576,1.0122736045310088,1.0122736045310088
268,0.1,2,1,0.8341564493432375,2,0.007531299478713862,0.005325432932545282,5.0,0.9,1.0028423618481164,0.8317921949427712,0.8317921949427712
268,0.1,3,0,0.989929954010515,4,0.012802426159220552,0.006401213079610276,1.0,0.4,1.0093673280940576,0.9807430124370626,0.9807430124370626
268,0.1,3,1,1.03993703506233,1,,,5.0,0.9,1.0028423618481164,1.0369895355695313,1.0369895355695313
268,0.5,1,0,1.0051008359492677,2,0.011928060702813851,0.00843441260936445,1.0,0.4,1.0093673280940576,0.9957731025900688,0.9957731025900688
268,0.5,1,1,1.035072023883325,3,0.25585322836017577,0.1477169302667823,5.0,0.9,1.0028423618481164,1.0321383133195663,1.0321383133195663
268,0.5,2,0,0.9980814872453828,2,0.007841668753421925,0.005544897151363304,1.0,0.4,1.0093673280940576,0.9888188962188965,0.9888188962188965
268,0.5,2,1,0.9976566547258323,3,0.010076205835512785,0.005817500151543385,5.0,0.9,1.0028423618481164,0.9948289907571042,0.9948289907571042
268,0.5,3,0,0.9643954945162061,5,0.08352734313425683,0.03735456344562972,1.0,0.4,1.0093673280940576,0.955445522827879,0.955445522827879
268,0.9,1,0,0.9734047174404362,2,0.03485465770730654,0.024645964820772415,1.0,0.4,1.0093673280940576,0.9643711365994697,0.9643711365994697
268,0.9,1,1,0.9496303092464448,3,0.1095805372682394,0.06326635268976184,5.0,0.9,1.0028423618481164,0.9469387666236913,0.9469387666236913
268,0.9,2,0,0.9847145746287729,3,0.022247689905478124,0.012844709755775115,1.0,0.4,1.0093673280940576,0.9755760338391025,0.9755760338391025
268,0.9,2,1,1.008390770631642,2,0.004752765861424719,0.0033607129700053413,5.0,0.9,1.0028423618481164,1.0055326828967421,1.0055326828967421
268,0.9,3,0,1.1167352358907114,5,0.1561015944745359,0.06981075532823357,1.0,0.4,1.0093673280940576,1.106371491139298,1.106371491139298
269,0.1,1,1,0.706791768320936,5,0.260988663188299,0.11671767844916671,5.0,0.9,0.8211578003892088,0.8607258775182236,0.8607258775182236
269,0.1,2,0,0.5206691412009966,1,,,1.0,0.4,0.7225489518876191,0.7206005071916267,0.7206005071916267
269,0.1,2,1,0.7663082295371542,4,0.13641693868204605,0.06820846934102302,5.0,0.9,0.8211578003892088,0.9332045913391345,0.9332045913391345
269,0.1,3,0,0.9449654520077057,1,,,1.0,0.4,0.7225489518876191,1.3078220507261629,1.3078220507261629
269,0.1,3,1,0.7779018219815598,4,0.21828154344006456,0.10914077172003228,5.0,0.9,0.8211578003892088,0.9473231839396195,0.9473231839396195
269,0.5,1,1,0.8064184395178942,5,0.2002103766793355,0.08953680241116656,5.0,0.9,0.8211578003892088,0.9820505134770338,0.9820505134770338
269,0.5,2,0,0.5034043703758327,1,,,1.0,0.4,0.7225489518876191,0.696706249536058,0.696706249536058
269,0.5,2,1,0.8456168196850168,4,0.15296040693655838,0.07648020346827919,5.0,0.9,0.8211578003892088,1.0297860158963539,1.0297860158963539
269,0.5,3,0,0.5063755952162496,2,0.13294825515072214,0.09400861276399497,1.0,0.4,0.7225489518876191,0.7008183928485003,0.7008183928485003
269,0.5,3,1,0.8198463855743557,3,0.24499357872774502,0.14144710862819337,5.0,0.9,0.8211578003892088,0.9984029685716539,0.9984029685716539
269,0.9,1,0,0.9712144923412529,1,,,1.0,0.4,0.7225489518876191,1.3441504410241116,1.3441504410241116
269,0.9,1,1,0.9587682764815278,4,0.040449192913310845,0.020224596456655423,5.0,0.9,0.8211578003892088,1.1675810374413969,1.1675810374413969
269,0.9,2,0,0.833007650635283,2,0.22017103963744358,0.15568443514852848,1.0,0.4,0.7225489518876191,1.152873654385764,1.152873654385764
269,0.9,2,1,0.9293145785683073,3,0.0765468042189932,0.0441943180214413,5.0,0.9,0.8211578003892088,1.1317125382330107,1.1317125382330107
269,0.9,3,0,0.7782059614360131,2,0.26605324835616684,0.18812805606935423,1.0,0.4,0.7225489518876191,1.077028704287776,1.077028704287776
269,0.9,3,1,0.779453883836127,3,0.2340623690280896,0.13513597176552908,5.0,0.9,0.8211578003892088,0.9492132735835729,0.9492132735835729
270,0.1,1,0,0.5904766884614809,1,,,1.0,0.4,1.009742560165995,0.5847794395874633,0.5847794395874633
270,0.1,1,1,1.1568672803124969,4,0.4054594291807291,0.20272971459036454,5.0,0.9,1.319685869301181,0.876623223165296,0.876623223165296
270,0.1,2,1,1.617633498173436,5,0.14390656818020756,0.06435697377193046,5.0,0.9,1.319685869301181,1.2257716292969238,1.2257716292969238
270,0.1,3,1,1.2036993321489393,5,0.5845514996833038,0.2614193779282628,5.0,0.9,1.319685869301181,0.9121104954971894,0.9121104954971894
270,0.5,1,0,1.0437131317764272,1,,,1.0,0.4,1.009742560165995,1.033642804562826,1.033642804562826
270,0.5,1,1,1.1120641655008372,4,0.4581513608012798,0.2290756804006399,5.0,0.9,1.319685869301181,0.8426733902134705,0.8426733902134705
270,0.5,2,0,0.65216179853996,1,,,1.0,0.4,1.009742560165995,0.6458693772725088,0.6458693772725088
270,0.5,2,1,1.2548698026482037,4,0.5572984087510794,0.2786492043755397,5.0,0.9,1.319685869301181,0.9508852309775055,0.9508852309775055
270,0.5,3,0,1.2748082476944689,2,0.01699010965193957,0.012013821747989484,1.0,0.4,1.009742560165995,1.2625081857348854,1.2625081857348854
270,0.5,3,1,1.0253029737182515,3,0.479581820299292,0.276886693048247,5.0,0.9,1.319685869301181,0.7769295690505382,0.7769295690505382
270,0.9,1,0,1.1696055497506834,2,0.266684899574341,0.18857470092906992,1.0,0.4,1.009742560165995,1.1583205421770157,1.1583205421770157
270,0.9,1,1,1.5807753921033616,3,0.47392147195175854,0.27361868940609146,5.0,0.9,1.319685869301181,1.1978421750779498,1.1978421750779498
270,0.9,2,0,1.0873413004947046,4,0.6948830148079062,0.3474415074039531,1.0,0.4,1.009742560165995,1.0768500243427916,1.0768500243427916
270,0.9,2,1,1.6062745098039215,1,,,5.0,0.9,1.319685869301181,1.2171642867211263,1.2171642867211263
270,0.9,3,0,1.250091204444241,5,0.3852750249883412,0.1723002291813722,1.0,0.4,1.009742560165995,1.2380296263225095,1.2380296263225095
271,0.1,1,1,0.9788470839843122,5,0.05536747867328465,0.024761089211246867,5.0,0.9,0.9729311397885568,1.0060805374129982,1.0060805374129982
271,0.1,2,0,1.0251778803818672,3,0.032905498617394814,0.018997998484571756,1.0,0.4,0.9727638428581286,1.0538815642753931,1.0538815642753931
271,0.1,2,1,1.0385327039001462,2,0.0013249571985434936,0.000936886219872035,5.0,0.9,0.9729311397885568,1.0674267288082138,1.0674267288082138
271,0.1,3,0,0.9680854260974217,5,0.04207504152863938,0.018816530602832865,1.0,0.4,0.9727638428581286,0.9951905934877667,0.9951905934877667
271,0.5,1,1,0.9803369728605548,5,0.056640224121486095,0.025330278279293243,5.0,0.9,0.9729311397885568,1.0076118779316772,1.0076118779316772
271,0.5,2,0,0.9418804781905563,1,,,1.0,0.4,0.9727638428581286,0.9682519401863948,0.9682519401863948
271,0.5,2,1,0.9929930763859997,4,0.05750449672507685,0.028752248362538424,5.0,0.9,0.9729311397885568,1.0206200991796839,1.0206200991796839
271,0.5,3,0,0.9667218709679132,5,0.04215596629489459,0.018852721258514848,1.0,0.4,0.9727638428581286,0.9937888605394058,0.9937888605394058
271,0.9,1,0,0.9652355753373129,2,0.03628410148935997,0.02565673421238734,1.0,0.4,0.9727638428581286,0.992260950511178,0.992260950511178
271,0.9,1,1,0.9677022867787928,3,0.04507274808648901,0.02602276324085062,5.0,0.9,0.9729311397885568,0.9946256700028119,0.9946256700028119
271,0.9,2,0,0.9873808149768536,3,0.05382930405209364,0.03107836318476648,1.0,0.4,0.9727638428581286,1.0150262288489036,1.0150262288489036
271,0.9,2,1,0.9607869959951978,2,0.04125812788903962,0.02917390200940173,5.0,0.9,0.9729311397885568,0.9875179822119803,0.9875179822119803
271,0.9,3,0,0.9548648540549749,4,0.02401908899143225,0.012009544495716125,1.0,0.4,0.9727638428581286,0.9815998621509577,0.9815998621509577
271,0.9,3,1,0.8913188586148949,1,,,5.0,0.9,0.9729311397885568,0.9161171044526354,0.9161171044526354
272,0.1,1,1,0.9242024064568767,5,0.16755428017681198,0.07493255207927942,5.0,0.9,0.9862419658924205,0.9370949913093527,0.9370949913093527
272,0.1,2,1,1.0618160875898783,5,0.0737543763989988,0.032983959853253496,5.0,0.9,0.9862419658924205,1.076628377529112,1.076628377529112
272,0.1,3,1,0.9885069740060357,5,0.15943669923287307,0.07130225951857855,5.0,0.9,0.9862419658924205,1.0022966048819122,1.0022966048819122
272,0.5,1,0,0.9029982363315696,1,,,1.0,0.4,1.003686228639628,0.8996818035009523,0.8996818035009523
272,0.5,1,1,1.0470831219533596,4,0.20243412808822228,0.10121706404411114,5.0,0.9,0.9862419658924205,1.0616898876391716,1.0616898876391716
272,0.5,2,0,0.8950538782840274,4,0.22253231366974174,0.11126615683487087,1.0,0.4,1.003686228639628,0.8917666226198617,0.8917666226198617
272,0.5,2,1,1.0805971487230055,1,,,5.0,0.9,0.9862419658924205,1.0956714336782514,1.0956714336782514
272,0.5,3,0,0.9871416744112935,4,0.08945122832671404,0.04472561416335702,1.0,0.4,1.003686228639628,0.9835162087948954,0.9835162087948954
272,0.5,3,1,0.815246056625367,1,,,5.0,0.9,0.9862419658924205,0.8266187049622001,0.8266187049622001
272,0.9,1,0,1.1389404977108553,5,0.07740156058379503,0.0346150302059868,1.0,0.4,1.003686228639628,1.1347575220341,1.1347575220341
272,0.9,2,0,1.060011106630414,5,0.21165864291800746,0.09465662271800382,1.0,0.4,1.003686228639628,1.0561180141597912,1.0561180141597912
272,0.9,3,0,1.0379719784696086,5,0.21719155440680377,0.09713101595849144,1.0,0.4,1.003686228639628,1.0341598288904001,1.0341598288904001
273,0.1,1,0,0.9743173960648324,4,0.08947009697610978,0.04473504848805489,1.0,0.4,1.010078178295561,0.9645960253382837,0.9645960253382837
273,0.1,1,1,1.0585637021285323,1,,,5.0,0.9,0.9651454167888465,1.09679192763563,1.09679192763563
273,0.1,2,0,1.0191153957334371,2,0.003444304469957687,0.0024354910471782176,1.0,0.4,1.010078178295561,1.0089470474979727,1.0089470474979727
273,0.1,2,1,0.8810255896171689,3,0.04514744892665951,0.02606589179103175,5.0,0.9,0.9651454167888465,0.9128423285150602,0.9128423285150602
273,0.1,3,0,0.9429296723006343,3,0.05894560166019475,0.03403225898605789,1.0,0.4,1.010078178295561,0.9335214764185528,0.9335214764185528
273,0.1,3,1,0.9572770651705689,2,0.03441129317943202,0.024332458756574773,5.0,0.9,0.9651454167888465,0.9918474962618001,0.9918474962618001
273,0.5,1,0,1.0297725134363707,5,0.06972671777933893,0.031182736160509004,1.0,0.4,1.010078178295561,1.019497832508413,1.019497832508413
273,0.5,2,0,1.0325069230363406,3,0.05372873324963079,0.031020298604891933,1.0,0.4,1.010078178295561,1.0222049592028872,1.0222049592028872
273,0.5,2,1,0.9341037317936347,2,0.0298714102189725,0.021122276729440587,5.0,0.9,0.9651454167888465,0.9678372974111081,0.9678372974111081
273,0.5,3,0,1.0136144381747842,5,0.04511027592219399,0.020173928689159557,1.0,0.4,1.010078178295561,1.0035009764147074,1.0035009764147074
273,0.9,1,0,0.9776088668684912,4,0.10755842692229932,0.05377921346114966,1.0,0.4,1.010078178295561,0.9678546550903024,0.9678546550903024
273,0.9,1,1,0.9624147202416891,1,,,5.0,0.9,0.9651454167888465,0.9971706889970604,0.9971706889970604
273,0.9,2,0,1.0175439139630484,3,0.19142971795492023,0.11052199919216733,1.0,0.4,1.010078178295561,1.0073912453787344,1.0073912453787344
273,0.9,2,1,0.9261958616067688,1,,,5.0,0.9,0.9651454167888465,0.9596438479585103,0.9596438479585103
273,0.9,3,0,1.0832944850821116,4,0.14527962448763695,0.07263981224381848,1.0,0.4,1.010078178295561,1.0724857821501481,1.0724857821501481
273,0.9,3,1,1.0364372469635625,1,,,5.0,0.9,0.9651454167888465,1.0738664132208309,1.0738664132208309
274,0.1,1,0,0.9125107666409922,2,0.06166680077799384,0.043605013004199306,1.0,0.4,0.971183048531834,0.9395867936744382,0.9395867936744382
274,0.1,1,1,1.0555683991162932,3,0.16246098856621735,0.0937968954815183,5.0,0.9,1.0379921668201542,1.0169329141952805,1.0169329141952805
274,0.1,2,1,0.9754478448265956,5,0.05666963329141057,0.025343430459915838,5.0,0.9,1.0379921668201542,0.9397448998240897,0.9397448998240897
274,0.1,3,0,1.061448358550996,4,0.14978802733796048,0.07489401366898024,1.0,0.4,0.971183048531834,1.0929436630464449,1.0929436630464449
274,0.1,3,1,0.9505244592963891,1,,,5.0,0.9,1.0379921668201542,0.9157337499070741,0.9157337499070741
274,0.5,1,0,0.9302401017929647,4,0.05846828876347117,0.029234144381735584,1.0,0.4,0.971183048531834,0.9578421938060349,0.9578421938060349
274,0.5,1,1,1.0791202063929337,1,,,5.0,0.9,1.0379921668201542,1.0396226878077255,1.0396226878077255
274,0.5,2,0,0.9893194181368665,4,0.0700292122985351,0.03501460614926755,1.0,0.4,0.971183048531834,1.0186745121143226,1.0186745121143226
274,0.5,2,1,1.0908703526153192,1,,,5.0,0.9,1.0379921668201542,1.050942759960468,1.050942759960468
274,0.5,3,0,0.9324527379430076,5,0.048017808610012196,0.02147421683651239,1.0,0.4,0.971183048531834,0.9601204833142669,0.9601204833142669
274,0.9,1,0,0.9603677461359486,4,0.007125311498916751,0.0035626557494583756,1.0,0.4,0.971183048531834,0.9888637858617536,0.9888637858617536
274,0.9,1,1,1.0764217386733943,1,,,5.0,0.9,1.0379921668201542,1.037022988305362,1.037022988305362
274,0.9,2,0,0.9847396613941678,5,0.09821394325044076,0.043922610689258436,1.0,0.4,0.971183048531834,1.0139588647915836,1.0139588647915836
274,0.9,3,0,0.9983855976597287,5,0.05407521739646866,0.02418317239931662,1.0,0.4,0.971183048531834,1.0280097033911553,1.0280097033911553
275,0.1,1,1,0.9026610939043541,5,0.1517337113052466,0.06785737859137195,5.0,0.9,0.9034579929521875,0.9991179456554151,0.9991179456554151
275,0.1,2,1,0.8518429684248339,5,0.04281142239452494,0.019145850137522916,5.0,0.9,0.9034579929521875,0.9428694804517765,0.9428694804517765
275,0.1,3,1,0.8644429437261236,5,0.015594675230295433,0.006974150780394555,5.0,0.9,0.9034579929521875,0.9568158679978288,0.9568158679978288
275,0.5,1,1,1.0760767901343513,4,0.23991489403995206,0.11995744701997603,5.0,0.9,0.9034579929521875,1.1910645525622119,1.1910645525622119
275,0.5,2,0,0.6553266174703769,2,0.31686836708482913,0.22405977110919087,1.0,0.4,0.887328198645422,0.7385391543633864,0.7385391543633864
275,0.5,2,1,0.8761296197422986,3,0.018012998611423987,0.010399809597217995,5.0,0.9,0.9034579929521875,0.9697513626277308,0.9697513626277308
275,0.5,3,0,0.8196806446872809,3,0.04507005636182791,0.026021209172892953,1.0,0.4,0.887328198645422,0.9237626460407653,0.9237626460407653
275,0.5,3,1,0.8403737896243829,2,0.015017976011770682,0.01061931267761995,5.0,0.9,0.9034579929521875,0.9301747244255737,0.9301747244255737
275,0.9,1,0,0.8720459868000852,1,,,1.0,0.4,0.887328198645422,0.9827772724132217,0.9827772724132217
275,0.9,1,1,0.9601828275160028,3,0.11291386738695151,0.06519085173109816,5.0,0.9,0.9034579929521875,1.0627863553217989,1.0627863553217989
275,0.9,2,0,1.1580505512286112,3,0.06876047720313622,0.03969888002283782,1.0,0.4,0.887328198645422,1.3050983311433906,1.3050983311433906
275,0.9,2,1,0.874975904188307,2,0.010361028149724078,0.007326353264734603,5.0,0.9,0.9034579929521875,0.968474362963118,0.968474362963118
275,0.9,3,0,0.9315371930407558,3,0.13443646633239711,0.07761693002591154,1.0,0.4,0.887328198645422,1.049822596039236,1.049822596039236
275,0.9,3,1,0.8844359993090344,1,,,5.0,0.9,0.9034579929521875,0.9789453479945471,0.9789453479945471
276,0.1,1,0,1.1710809477847666,4,0.11575247293405728,0.05787623646702864,1.0,0.4,1.1756486595103894,0.9961147306308968,0.9961147306308968
276,0.1,1,1,1.1621836340937464,1,,,5.0,0.9,1.2488928012237905,0.9305711690826644,0.9305711690826644
276,0.1,2,0,1.2198459378503412,5,0.06341844683507247,0.02836159163013569,1.0,0.4,1.1756486595103894,1.0375939512050805,1.0375939512050805
276,0.1,3,0,1.0322260631457363,4,0.243815708423343,0.1219078542116715,1.0,0.4,1.1756486595103894,0.8780055629677808,0.8780055629677808
276,0.1,3,1,1.2545944621416318,1,,,5.0,0.9,1.2488928012237905,1.004565372554197,1.004565372554197
276,0.5,1,0,1.2133935541018022,4,0.22590805562262878,0.11295402781131439,1.0,0.4,1.1756486595103894,1.032105590633797,1.032105590633797
276,0.5,1,1,1.3185740696367736,1,,,5.0,0.9,1.2488928012237905,1.0557944351546444,1.0557944351546444
276,0.5,2,0,1.2565816804833603,4,0.16747395628588693,0.08373697814294347,1.0,0.4,1.1756486595103894,1.0688411629769359,1.0688411629769359
276,0.5,3,0,0.9942567409127264,3,0.06625019465599781,0.03824956771850544,1.0,0.4,1.1756486595103894,0.845709075470553,0.845709075470553
276,0.9,1,0,1.1337884302039007,5,0.11499885253334491,0.05142905031980662,1.0,0.4,1.1756486595103894,0.9643939292850282,0.9643939292850282
276,0.9,2,0,1.2554322093975174,3,0.2737923270946792,0.15807407375016713,1.0,0.4,1.1756486595103894,1.0678634294708036,1.0678634294708036
276,0.9,2,1,1.2602190390230104,1,,,5.0,0.9,1.2488928012237905,1.0090690232084942,1.0090690232084942
276,0.9,3,0,1.3042323717133544,5,0.08496461453342882,0.037997330755762684,1.0,0.4,1.1756486595103894,1.1093725673591248,1.1093725673591248
277,0.1,1,0,0.9222940232447252,3,0.14178656508261311,0.08186051151791908,1.0,0.4,0.8809115588303646,1.0469768661786052,1.0469768661786052
277,0.1,1,1,0.928467736931035,2,0.15109422284231686,0.10683974956991359,5.0,0.9,0.845273570071468,1.0984227708107956,1.0984227708107956
277,0.1,2,0,0.8381889907194426,3,0.040702365970656657,0.023499521949813286,1.0,0.4,0.8809115588303646,0.9515018645371766,0.9515018645371766
277,0.1,2,1,0.8558191578982719,2,0.040841070641663986,0.028878998001639424,5.0,0.9,0.845273570071468,1.012475946486665,1.012475946486665
277,0.1,3,0,0.8051255402796691,5,0.027220458532022644,0.012173359131263353,1.0,0.4,0.8809115588303646,0.9139686410162209,0.9139686410162209
277,0.5,1,0,0.9361654382294434,4,0.21419782732807155,0.10709891366403577,1.0,0.4,0.8809115588303646,1.062723526380381,1.062723526380381
277,0.5,1,1,0.8229656325492489,1,,,5.0,0.9,0.845273570071468,0.9736086181893361,0.9736086181893361
277,0.5,2,0,0.9876280054219538,3,0.1947642401116291,0.11244718645696197,1.0,0.4,0.8809115588303646,1.1211432016322758,1.1211432016322758
277,0.5,2,1,0.8228865316618451,1,,,5.0,0.9,0.845273570071468,0.9735150379684413,0.9735150379684413
277,0.5,3,0,0.8362574282318747,5,0.031002528477751194,0.013864752230124948,1.0,0.4,0.8809115588303646,0.9493091784857725,0.9493091784857725
277,0.9,1,0,0.903302258593266,3,0.167901737833572,0.09693811353561878,1.0,0.4,0.8809115588303646,1.0254176478199817,1.0254176478199817
277,0.9,1,1,0.7544667526247929,1,,,5.0,0.9,0.845273570071468,0.8925710909912902,0.8925710909912902
277,0.9,2,0,0.8275375898455326,5,0.010860765077989904,0.004857081800408246,1.0,0.4,0.8809115588303646,0.9394105248707377,0.9394105248707377
277,0.9,3,0,0.8717047549073742,4,0.15496195539064056,0.07748097769532028,1.0,0.4,0.8809115588303646,0.9895485490788487,0.9895485490788487
277,0.9,3,1,0.8870356087636144,1,,,5.0,0.9,0.845273570071468,1.0494065355534723,1.0494065355534723
278,0.1,1,1,0.8643586950980122,5,0.034789791149614495,0.015558467586711713,5.0,0.9,0.8733270704850424,0.9897307942349145,0.9897307942349145
278,0.1,2,0,0.8222422964970391,1,,,1.0,0.4,0.8433183998652783,0.9750081305333712,0.9750081305333712
278,0.1,2,1,0.8924401061845388,4,0.09752096854987592,0.04876048427493796,5.0,0.9,0.8733270704850424,1.0218853123250617,1.0218853123250617
278,0.1,3,1,0.8499449419843088,4,0.008535258403568783,0.0042676292017843915,5.0,0.9,0.8733270704850424,0.9732263784200033,0.9732263784200033
278,0.5,1,1,0.9920355112087647,4,0.12095705240111232,0.06047852620055616,5.0,0.9,0.8733270704850424,1.135926670242561,1.135926670242561
278,0.5,2,0,0.8262728959896717,1,,,1.0,0.4,0.8433183998652783,0.9797875821536329,0.9797875821536329
278,0.5,2,1,0.8577953497314617,4,0.026575971806339714,0.013287985903169857,5.0,0.9,0.8733270704850424,0.9822154593868773,0.9822154593868773
278,0.5,3,0,0.8537682159737775,4,0.03113403753226349,0.015567018766131745,1.0,0.4,0.8433183998652783,1.012391305715811,1.012391305715811
278,0.5,3,1,0.8972964960505716,1,,,5.0,0.9,0.8733270704850424,1.027446103957612,1.027446103957612
278,0.9,1,0,0.8262728959896717,1,,,1.0,0.4,0.8433183998652783,0.9797875821536329,0.9797875821536329
278,0.9,1,1,0.9066760000815455,3,0.07325466961253634,0.04229360322019495,5.0,0.9,0.8733270704850424,1.0381860710878699,1.0381860710878699
278,0.9,2,0,0.8557232075591159,2,0.043555272020867515,0.03079822820238012,1.0,0.4,0.8433183998652783,1.0147095186062811,1.0147095186062811
278,0.9,2,1,0.7260694635411366,2,0.2738638173249823,0.19365096235212884,5.0,0.9,0.8733270704850424,0.8313832103451007,0.8313832103451007
278,0.9,3,0,0.8756308871823946,2,0.033378583503160766,0.023602222741486403,1.0,0.4,0.8433183998652783,1.0383158808372712,1.0383158808372712
279,0.1,1,1,1.0245383743094083,5,0.08890931519930358,0.03976145452371961,5.0,0.9,1.0795093807967073,0.9490777871270291,0.9490777871270291
279,0.1,2,1,1.040009497582779,5,0.018717179685172385,0.008370577224624712,5.0,0.9,1.0795093807967073,0.9634094117970736,0.9634094117970736
279,0.1,3,0,1.0730562323929171,3,0.029249116539860866,0.016886985307847407,1.0,0.4,1.0754149403896867,0.9978066996205996,0.9978066996205996
279,0.1,3,1,1.114229901155479,2,0.03598797149986947,0.02544733868870591,5.0,0.9,1.0795093807967073,1.0321632409837393,1.0321632409837393
279,0.5,1,0,1.010144158810261,2,0.24179072044157704,0.1709718580522199,1.0,0.4,1.0754149403896867,0.9393064210584855,0.9393064210584855
279,0.5,1,1,1.1295954269978086,3,0.09928790412429957,0.05732389817343811,5.0,0.9,1.0795093807967073,1.046397045817366,1.046397045817366
279,0.5,2,0,1.082460783353406,4,0.02880246365484844,0.01440123182742422,1.0,0.4,1.0754149403896867,1.006551743609928,1.006551743609928
279,0.5,2,1,1.0547540870121517,1,,,5.0,0.9,1.0795093807967073,0.9770680142063374,0.9770680142063374
279,0.5,3,0,1.0478018817492087,3,0.06784129229808428,0.03916818837047104,1.0,0.4,1.0754149403896867,0.9743233447821805,0.9743233447821805
279,0.5,3,1,1.0941361777678482,2,0.016118655338127275,0.011397610493198538,5.0,0.9,1.0795093807967073,1.013549485749115,1.013549485749115
279,0.9,1,0,1.022570982263091,4,0.08363160805441647,0.041815804027208234,1.0,0.4,1.0754149403896867,0.9508617965569205,0.9508617965569205
279,0.9,1,1,1.099302200751476,1,,,5.0,0.9,1.0795093807967073,1.0183350143193393,1.0183350143193393
279,0.9,2,0,1.1295671090645698,5,0.04029303375458145,0.01801959249898754,1.0,0.4,1.0754149403896867,1.0503546739412608,1.0503546739412608
279,0.9,3,0,1.1623034350943526,5,0.07353877952640123,0.032887542000680586,1.0,0.4,1.0754149403896867,1.0807953204306249,1.0807953204306249
280,0.1,1,1,0.9496093473602599,5,0.00743321870213169,0.0033242364619178438,5.0,0.9,0.9126406986125429,1.040507341831149,1.040507341831149
280,0.1,2,1,0.8327087060117917,5,0.14011488499831978,0.0626612815031617,5.0,0.9,0.9126406986125429,0.9124168002563668,0.9124168002563668
280,0.1,3,0,0.9477537544461226,2,0.0009769141496557426,0.0006907826198586653,1.0,0.4,0.9439205626500055,1.0040609262556541,1.0040609262556541
280,0.1,3,1,0.9381449986031448,3,0.03473240258735683,0.020052761983412923,5.0,0.9,0.9126406986125429,1.0279456088572154,1.0279456088572154
280,0.5,1,1,0.9260401039374146,4,0.1596606930208977,0.07983034651044885,5.0,0.9,0.9126406986125429,1.014682015984212,1.014682015984212
280,0.5,2,0,0.9510104520009408,2,0.01622769726248033,0.011474714777342214,1.0,0.4,0.9439205626500055,1.0075111080651011,1.0075111080651011
280,0.5,2,1,0.8973360687563582,3,0.09877168169794645,0.05702585701662142,5.0,0.9,0.9126406986125429,0.9832303886080778,0.9832303886080778
280,0.5,3,0,0.9237044572052354,2,0.07790694859156383,0.055088531650646526,1.0,0.4,0.9439205626500055,0.9785828318137128,0.9785828318137128
280,0.5,3,1,0.9402283665985539,2,0.004808644535632642,0.003400225159461478,5.0,0.9,0.9126406986125429,1.0302283998817405,1.0302283998817405
280,0.9,1,0,0.9508138655939378,2,0.044263498349838705,0.0312990198422105,1.0,0.4,0.9439205626500055,1.0073028422270829,1.0073028422270829
280,0.9,1,1,0.894793918104352,3,0.08640615462452247,0.04988661663210848,5.0,0.9,0.9126406986125429,0.9804448995806097,0.9804448995806097
280,0.9,2,0,0.9229440462741153,1,,,1.0,0.4,0.9439205626500055,0.9777772439695563,0.9777772439695563
280,0.9,2,1,0.8801744584052572,3,0.15944547918034874,0.09205589032584321,5.0,0.9,0.9126406986125429,0.9644260438345089,0.9644260438345089
280,0.9,3,0,0.9672968003796806,3,0.032885433275258384,0.018986413753887904,1.0,0.4,0.9439205626500055,1.0247650476688923,1.0247650476688923
280,0.9,3,1,0.9547303197357537,2,0.005947984874797929,0.004205860439364634,5.0,0.9,0.9126406986125429,1.0461185011661196,1.0461185011661196
281,0.1,1,1,0.9066313778300902,5,0.045712375431749885,0.02044319577567681,5.0,0.9,0.8875514712262313,1.0214972395657214,1.0214972395657214
281,0.1,2,0,0.7875204320682442,2,0.08873962516808188,0.06274839071630312,1.0,0.4,0.8645215688008393,0.9109320813829991,0.9109320813829991
281,0.1,2,1,0.8398799516577904,2,0.09545128244583165,0.06749424909040001,5.0,0.9,0.8875514712262313,0.9462887267793286,0.9462887267793286
281,0.1,3,0,0.8740491220221402,3,0.014328719028899109,0.008272689788477413,1.0,0.4,0.8645215688008393,1.011020607888958,1.011020607888958
281,0.1,3,1,0.8918288134148111,2,0.0036800935627054145,0.0026022191135899593,5.0,0.9,0.8875514712262313,1.0048192609975286,1.0048192609975286
281,0.5,1,0,0.902019967470139,2,0.00047193508587986527,0.0003337084995055084,1.0,0.4,0.8645215688008393,1.0433747404605682,1.0433747404605682
281,0.5,1,1,0.9039392956175838,2,0.012521391647660602,0.008853960943953408,5.0,0.9,0.8875514712262313,1.0184640834054517,1.0184640834054517
281,0.5,2,1,0.8255092836010529,5,0.17872622178660522,0.07992879625531063,5.0,0.9,0.8875514712262313,0.9300973637737746,0.9300973637737746
281,0.5,3,0,0.8469495637645621,3,0.05935495484386662,0.03426859915684447,1.0,0.4,0.8645215688008393,0.9796743011737105,0.9796743011737105
281,0.5,3,1,0.8994154806877934,2,0.026187526461702894,0.01851737754357227,5.0,0.9,0.8875514712262313,1.013367122748578,1.013367122748578
281,0.9,1,1,0.9023807270883231,4,0.020238987945245594,0.010119493972622797,5.0,0.9,0.8875514712262313,1.0167080516937275,1.0167080516937275
281,0.9,2,0,0.8762081071688769,3,0.001899686262011187,0.0010967843747479928,1.0,0.4,0.8645215688008393,1.0135179257404159,1.0135179257404159
281,0.9,2,1,0.9033577710399936,1,,,5.0,0.9,0.8875514712262313,1.0178088824436564,1.0178088824436564
281,0.9,3,0,0.9003822203110734,2,0.006563570862286145,0.004641145465520967,1.0,0.4,0.8645215688008393,1.0414803433533482,1.0414803433533482
281,0.9,3,1,0.9150205400986442,2,0.0036315279447823724,0.0025678780358240616,5.0,0.9,0.8875514712262313,1.0309492685922337,1.0309492685922337
