subj,sample,F1,F2,F3,F4,F5,F6,F7,F8
1.0,exploratory,0.5977566297743806,0.6436613994513714,-1.3869697209040166,1.2765494741928824,0.5789977784844831,2.3037693709267484,-0.3325152005781864,2.27433202650389
2.0,exploratory,-1.3780819529795885,-0.417261869100926,0.012080919813738527,0.4201267843079566,0.17538219014866185,0.3283024994872169,-0.14147909704349448,0.21332158795250802
3.0,exploratory,0.2371732382648177,-0.3937275664654918,-0.8409364180244728,0.37910797252821454,-0.8391609969440442,-2.114737591403031,0.057568179625757894,0.16796651994135883
4.0,exploratory,-0.37654412483211464,-0.16633335966713664,1.8039387585817421,0.40905314312048635,3.1666592431230747,-1.2689819779203284,-0.35283188147426076,-0.25362762184712134
5.0,exploratory,-1.172097396267785,-0.1705762223363257,1.288298421206629,0.18198850172859526,0.08874347419703515,0.1409585148031685,0.2595474676710995,-0.7226822770810966
6.0,exploratory,0.4995096272261451,-0.41388566676746796,-1.1761761137931497,1.0975328865309517,0.7210426818325918,-0.038588597797372615,0.17285112119054188,0.9315124854065628
7.0,exploratory,-1.031575719421457,-0.48574505494269676,-0.45324113034104563,0.36918427462347536,0.44352567018977007,1.337578307773009,0.01900894203386656,1.2699279473575495
8.0,exploratory,1.2694083333468924,-1.0397936870954403,1.4228286619161066,1.0139399655148749,-0.6463274046125371,1.634371894122537,0.012411251046663728,-1.0179195487007084
9.0,exploratory,-0.3902940332931572,-0.7363662817376985,-1.693264370976635,0.27402786566755727,-0.10657186499462949,0.9169328181715783,1.0182270132637077,0.7476603226647032
10.0,exploratory,-1.356634135038426,-0.11190486877546783,-0.20292365969877807,0.08126607509374963,-0.5853891402006125,0.15089953119400706,-0.5417449344240672,-0.42084491314020517
11.0,exploratory,-0.2397256173875479,-1.0676695775074478,-0.88585119817046,-0.4342428779059424,-1.19224606947879,0.4456616204300426,-0.6675640903110024,0.5793964272293494
12.0,exploratory,-0.8529375066271007,-1.139333813390257,-0.5441429253350115,-1.3150332673191858,0.49685904475058507,0.52632526716998,-0.13696087512023597,-0.6846233628323729
13.0,exploratory,0.060265970363433695,-1.6587173916478926,-1.651396905742307,-2.278174380348445,-0.6147998739933119,-0.05553486966584688,0.7436466439537753,0.09762401653868844
14.0,exploratory,-0.020246405036349488,-0.24491551263806852,-0.4717197891759464,0.2631383646164142,1.2729124740555002,-0.9769814235729094,2.362060131715901,-0.4870284201627323
15.0,exploratory,-1.0297006644316942,-0.6709602166189017,0.2626644848141901,-0.12468263619271161,-0.4473818836568401,0.027458100973872353,-0.5948684723246808,-0.301429157551455
16.0,exploratory,-1.0524685275218162,-0.5095320448064452,-0.036703748520927296,0.35640653774639625,-0.5716587108349126,-0.7499514136995075,-0.383095068038505,0.16613072196708115
17.0,exploratory,0.7845303772584327,-1.5874144920606774,-0.4533046169067387,-0.36434499157708833,1.3083881720639863,0.0792999384823997,-0.15074078541748132,-0.7207803885847925
18.0,exploratory,0.47771501049197235,-1.090477113874432,0.7212318168399788,-1.8049822620896792,-1.8233046644933832,2.916666604901867,0.8390885607347327,-3.154086191740505
19.0,exploratory,-0.020552032280327433,-0.605392080426829,-1.293363204149614,0.1108264747395357,-0.7124293578431478,0.802236901880424,2.215321796507834,0.9227088265123565
20.0,exploratory,0.7940436550156119,-0.8437926581029866,-1.3191390830611596,-2.4184206623091855,0.10557289256341577,0.3505226224578915,-0.8736999200028808,-0.4559845568941806
21.0,exploratory,-0.5863172515211483,-0.5591714411799752,-0.6243745884749641,-0.316238553620368,2.9591902622150936,0.2356651513275367,-1.5943463485419176,-0.3589835091008152
22.0,exploratory,0.2719163622788129,-0.8467964075546596,-2.0050700722025017,-1.666522294806637,-1.595502940810703,0.9613893953080754,-0.4484069753604556,-0.6772876812435791
23.0,exploratory,1.1781977012564235,-0.019589036877401943,-0.8033306687390729,-1.2457839646845652,1.195410942574194,-0.5476530383810692,-0.5302317022362394,0.2750870973775629
24.0,exploratory,1.549558937506221,0.4406800913660885,0.09468436698866874,-1.6170696071153912,-0.3968749168848996,-0.010327804039500987,-1.3391045482125832,-0.6206132698554749
25.0,exploratory,1.743044589784021,-1.125788487855076,0.23808606232161794,-0.4684805355214764,1.42696366738048,-0.46075410088897584,2.0906848545482695,1.3435712723854343
26.0,exploratory,-0.9871805401190065,-0.04334860006266062,1.0428132042671205,0.4451671318419393,1.7348728067326176,0.6137691460720834,-0.2929757569547302,-0.8306866591360083
27.0,exploratory,1.0799896475508437,-0.5638607189420022,-1.2983888840089095,-1.9574909518366002,1.6880798420075012,-0.9081815271582524,0.5619575702847079,0.7213780000586393
28.0,exploratory,0.6389611698904591,0.4241232144131379,-1.706215189349527,0.2670910775868163,1.2029990745805648,-0.03460456849720086,-1.6190980556473245,-0.8700334005526246
29.0,exploratory,1.205929444459382,-0.7795727306391355,-0.4886630420905203,0.4977247690431605,1.377940443722945,-0.0333905271818107,-0.16358126525396682,-0.12065582993687504
30.0,exploratory,0.27756840310070235,0.534120586474055,-1.2647489617382968,-0.030501541909897213,-0.929530125683578,-1.2124574329803548,-0.7466135948641484,-0.07409672849244349
31.0,exploratory,-0.6905389920326083,-0.5532385178852847,-0.4326195873029783,0.48994981914102426,0.14534455135915045,-0.9807177391256597,0.25474982148157777,0.01651906369206415
32.0,exploratory,-1.3209868675535792,0.06931511264770748,0.2179171679000684,-0.1600174730667073,0.07394877913205246,0.7720234039019719,-0.9718715704309101,-1.3380741328655354
33.0,exploratory,-0.7050272395927788,0.6924937889048117,-0.8041261637395363,0.5962563732265115,-0.5719011103837093,-0.3903167976832215,-1.8849271867340238,-0.5099755316690481
34.0,exploratory,1.0089318261685953,1.6105436579263146,1.2860968522061775,-0.36830799759364846,2.275289155318082,-0.7947659306758608,1.0719897917927839,0.6738529073338607
35.0,exploratory,-0.13262925919841134,-0.5974302118017598,-0.7144059777911226,1.0570674948714143,0.05679901409305919,-0.24213882731777,-0.41387746608478904,-0.282336877266415
36.0,exploratory,0.5854816455114363,0.24948867152770493,-0.7978660188234964,-1.4100986854190802,1.7458618835167095,0.7297990399688111,0.6246167440324567,-1.2503307319580144
37.0,exploratory,-0.7186334003796889,-0.8658195076686941,-0.2761488769771893,0.3354566559849732,-0.029624378508994263,0.15657683827163027,-0.10933084284762472,0.0043310623248477825
38.0,exploratory,0.058024380061955545,-0.26409400790286514,1.3378471763770912,-0.46595716134946197,0.6016608964167619,0.35038407670093524,-0.04634882867844846,0.5390494594401232
39.0,exploratory,-1.5446763606690863,-0.1767727580090182,-0.9925121321304916,0.5448299442465889,-0.06011785255903832,1.3316469309976822,-0.3685156859502337,-0.5657550400233955
40.0,exploratory,0.5825091358325499,1.766122781895359,-0.09996568958121735,0.15186259475088015,0.4207019318269121,-0.5492615520091811,-0.4640738273630675,0.04680465267991386
41.0,exploratory,1.0682902838286785,-0.39505092330244024,-0.37638916640384323,-0.1920752719336472,1.227325362802118,-1.222297237776497,1.8256722746931586,-1.2271432586641844
42.0,exploratory,0.7647391210330629,1.5639663013244371,0.12242424573677785,-0.8065327783201145,0.20804745214593096,3.3807890150727444,0.9913051521865921,-0.7673413827961202
43.0,exploratory,-0.9172287099641253,-0.45110429312856143,0.9987000926553994,-0.44604687005408394,0.5302439024528262,-0.08051827411418372,-0.6745529791448149,-0.6822325012315695
44.0,exploratory,1.326718392891829,-0.9893479404105788,1.6033966792170602,1.072668917232594,0.59488044409611,-0.46129049484939316,1.1175128429741508,0.6019405224784425
45.0,exploratory,-0.33275953162125904,-0.5003586411118736,-1.8722587287319858,1.2623315280607283,1.2495089778090283,-0.8495495845319568,-0.6160039597866207,-0.06717824096768489
46.0,exploratory,1.2461077856713152,-0.39433668032175395,-1.4521465057198937,1.6005284216873321,-1.3070858114936645,0.9132116613790935,-1.7257105912046975,0.24475854192972205
47.0,exploratory,1.275457136234507,0.3509634671856218,-1.9108624627769069,-0.7889690890910885,1.5478304277918564,-0.15192790896252198,-3.544426718542321,-0.3420872373066165
48.0,exploratory,0.6081056530598409,-0.11875277175009137,1.4887366148971524,0.641098485330423,-0.4920853452056388,-0.7677248087382641,-0.13285221251750234,0.33138601832780273
49.0,exploratory,1.8391592864866975,2.467901340352449,0.4138749479229568,0.8099461842032818,0.4909394057100936,1.3417356029841085,0.9430785971811659,-0.3008899372514027
50.0,exploratory,0.2275876816087964,0.4635445048876065,-0.49534153680952636,-0.31353602076740655,1.0017394166657554,-1.198698004926089,0.3979070959400499,1.3431487089397898
51.0,exploratory,-0.25234531516324055,1.248691766691236,-0.4240775229284598,1.3419086038435668,3.334415809103114,-0.7265448946532067,-0.6760808026603987,1.6267131946452464
52.0,exploratory,-0.8469722737604793,-0.44968731350836405,-0.012337398895406904,-1.4265535595645225,-0.982219350559573,0.5320158783765431,0.16714945378217172,1.0140203225484883
53.0,exploratory,1.9686015022266998,2.4794881530878934,-0.6115530106970983,-0.3153378167801273,-1.1053014239431609,-1.0825531138610407,1.0394967766779484,-0.14982014095087579
54.0,exploratory,0.8337977051196059,-0.6030446909275112,1.6732993435581371,0.11351260738434649,0.637292804013317,-0.12494887497036763,-0.7179213320185889,0.5669650147197453
55.0,exploratory,-1.0530083823406005,-0.4968406530883439,0.34776467123442717,-0.13892616599784155,0.7475386262427973,-0.23291020587500622,-0.35523624015331007,-0.8653914417572409
56.0,exploratory,0.3728592783091774,-1.35203009274935,0.9342754453717139,-2.9358735648768572,-0.3574400323353153,-0.7501796207609559,-0.03355281238182625,1.8295022371030398
57.0,exploratory,0.3610773402123091,0.7454804757970714,-1.6758758696285987,0.6796802555457713,1.7125783782635722,-0.880912948537113,-0.24612300718017388,0.5363173608250665
58.0,exploratory,-0.2540609831103721,0.6708866219902428,1.351019283045507,0.2953677197911647,-0.9145420482913849,-0.19496072319093588,-0.7554724767587545,-0.29827215751838454
59.0,exploratory,-0.6650769403788382,-1.129413738445168,-0.7708892958366239,-2.6756923718640797,-0.8738696601518927,0.63965910631284,0.2716021102726985,1.0389109206940927
60.0,exploratory,1.0137456648230132,-0.07344256171102091,-1.2914052399082734,0.019802879152435986,-0.6405298902142821,-0.531763817374061,1.4618254996382654,1.129363666728025
62.0,exploratory,0.5978440265367108,0.540792587424329,-0.18145670284666568,-0.7303149508267888,1.4831782927573134,-0.1570068185922361,-1.4206239415824287,-1.2612441949445767
63.0,exploratory,-0.8297732703582524,-0.3355058934122812,0.8271262981223917,0.16973261112816046,-0.8038394097631681,-0.5538794924704846,-0.4553686111878076,-0.028396069690326788
64.0,exploratory,0.36790509870010213,-1.6244685329506054,-0.9040834341706999,-0.41760180537364433,-0.34593266204291806,-0.9853945522299928,-0.19621581520083667,-0.40215976064841513
65.0,exploratory,0.7163617912178604,-0.8086810910859252,-1.5207569148487323,2.0835365323819275,1.4088435161899642,1.2928603631555948,-0.2518361538463246,0.7654956114312882
66.0,exploratory,0.6055997316227307,0.1110902640430843,1.0923537441538562,0.7357687220817141,0.21931339483209175,0.8617966276092631,-1.3457651096653815,0.5495713874692865
67.0,exploratory,-1.0578650800811622,-0.3194435019342368,0.8225346361480901,0.182931039901415,-0.7966753075348929,-0.14352697525481045,-0.22755817478326934,-0.04225283106991837
68.0,exploratory,0.5317799127548561,-0.618540328456621,1.281875334280187,0.26449423943030076,-0.6379214461351438,-0.5530141867606548,-0.29858962379583803,0.7242917326242522
69.0,exploratory,-1.3466883297246246,0.4657072504696372,-2.3692149041835235,1.1769981310134159,-0.41707521932234076,-1.1884931185410803,-0.7168620704036455,-1.042571646417484
70.0,exploratory,-1.261414514245938,0.11808609008915363,-0.191655313230372,0.11428239196939487,-1.0341344905402867,-0.6367639186493883,-0.9261517304829866,1.0509987160612733
71.0,exploratory,-0.3994634231220191,-0.7978924846831006,1.0215344810987348,0.16135240401636883,-0.8931323265412527,1.0041180814740662,1.1745492132615374,-0.01696636617971948
72.0,exploratory,-0.13241057641934081,-0.9359609586923283,-0.3905477522218497,-2.0280453702596573,1.4259070585084674,0.06905228872380183,-1.0335350949278215,-2.020757691161713
73.0,exploratory,-1.351455280453252,0.07530445563990132,-0.24315763284321534,0.5297960323061921,-0.1049365716532202,-0.1637469002208632,-0.5049615465955126,-0.3757494699622718
74.0,exploratory,-0.4892472019342488,-0.31479705957911186,1.1066716356385662,0.5608430543751586,0.24315149624634913,-0.1348723564498976,-0.053201989775457655,-0.580458638399937
75.0,exploratory,0.20016919989823767,-1.358579982772778,-0.6756627119381136,0.91650446852451,-0.2081320186218018,2.520590113338792,1.6822311805835986,1.167868602223277
76.0,exploratory,0.2169605894426658,-0.6106987619214633,-1.6793584723617445,0.22408214623661604,-0.6379238830233688,0.1708514501850891,-0.9204024482264711,-0.5537631386118809
77.0,exploratory,-1.2040898854031699,0.06815330309603827,0.7366015722242247,0.13926343730941695,0.06063815933370232,-0.18209752371544688,-0.6173360518125605,-1.2854026984278397
78.0,exploratory,-1.0487781440452852,-0.8819001146990946,0.058090105658189874,-0.26952648256644324,0.05685286888262076,0.9749598055728604,0.08184958482376409,-0.3447668851133824
79.0,exploratory,-0.6581811332399454,-0.14674335096326077,-0.9610576307937191,-0.7340521213707198,-0.5960908157724036,-0.13479838182285298,0.0905116168492442,-1.1558516483521832
80.0,exploratory,1.4493833695408178,0.5284589878058829,-0.3415231911708057,0.7960405121259234,-0.1372691832757453,2.42564888523658,-0.2620474008323346,-0.3524739537729974
81.0,exploratory,1.3221934701246414,-0.27031371689136324,1.0128853717405968,-2.056210741091863,1.3809918302298851,-0.28051908307219303,0.36228997146524666,2.3121866289355757
82.0,exploratory,-1.7153912101209525,-0.6570483838631195,-0.15204470656404837,-0.6312044695596565,0.5243518189675528,0.9066624516399943,0.5909813473523835,0.14599723303561699
83.0,exploratory,-1.9317901529931352,2.7702013030257935,-1.710833178039021,-2.170314966060035,-1.2934285291175727,1.3921921154606252,1.5590175147129952,0.43852960234456134
84.0,exploratory,-0.5339905991188842,-0.48626742095288206,-1.499610124742795,0.9118585438032014,-0.9763748990982783,-0.0806156132363911,-1.1906776693583194,-0.019465015717941663
85.0,exploratory,-0.8367096747180875,-0.455833786071643,0.8064650133705963,0.467262102602044,1.505241626333591,-0.09662403736190626,-0.3266551611372646,0.43403736367205825
86.0,exploratory,-1.045464479511191,-0.42801389531953365,0.7039302066433998,0.11330619275403082,-0.2420774308373697,-0.2766484111966157,-0.38228530680471146,-0.42324661899926924
87.0,exploratory,-1.3928139949800222,-1.2008182614516139,-0.8873387516456763,-0.8346432633110642,-1.4266223712510875,-0.6567990676591727,-0.21011063814673653,-0.439148462917817
88.0,exploratory,-1.221690295526192,-0.5441175278701774,-0.09817507760047632,0.31455466221614614,-0.4452140806393002,-0.4492493243036789,-0.4769655682377478,0.2334951464728082
89.0,exploratory,0.16499983970902296,2.482388659461706,-1.3821900960405207,0.7571284059789327,-0.05805043270196795,1.8137942982277404,-1.5639957492668957,0.7607660857107177
90.0,exploratory,-0.8715334278219777,-0.027334991204555147,0.5242787320877468,0.28991714078550845,-0.7382666413612161,-0.4302329865704309,-0.7114877225343539,-0.47866740195073354
91.0,exploratory,-1.1601431111724283,-0.2841391832659638,0.26354734970277627,0.3585764820977125,-0.002931475279299226,0.3223011652945428,-0.3385207249668924,0.232022592596963
92.0,exploratory,0.2721701745454411,0.49942076664387464,-0.3004896000947106,0.8213573008975398,-0.27900799988281744,-0.6549541692017388,-1.1059852361330382,0.17469714432858707
93.0,exploratory,1.6496972367331735,0.32608442622668793,0.5894046102372962,-0.1410157257434016,0.534368791638985,0.5102808533900544,-0.9652057319601632,2.081282352630318
94.0,exploratory,-0.9078002801082323,-0.4541882546068907,1.1103812351841342,0.2440604809039645,-0.10836156038871192,0.11297736474987437,-0.1675053301881912,0.2891004630671704
95.0,exploratory,-0.7002129121832059,-0.6098992056975766,0.4738829430195149,-0.08426447915770155,-0.35322678434106386,0.6984783425746529,-0.3771179007833984,0.19678505694440215
96.0,exploratory,0.3172533128894626,1.4457006770750966,7.019067815130259e-05,-0.7124006924929145,-0.6386188588220209,-1.859869046002948,0.43341219683788285,0.03247501264328797
97.0,exploratory,-0.9374763026135232,-0.5103892110091937,0.5148221878988545,0.3162649346772478,0.18687762391454468,-0.5335077246364364,-0.3918369342729971,-0.07329411420998054
98.0,exploratory,-1.2076254436665939,-0.10821175759509837,0.5268234409973104,0.09756550413873485,-0.10923770979501504,-0.3652683639133799,-0.6305723416608491,-1.0496432615550777
99.0,exploratory,-0.30461501882239733,-1.6400126715993704,0.5236196442686792,-0.8688615363048656,1.7516565808679503,0.3596970277007833,1.3147791883394133,0.14992777687557549
100.0,exploratory,0.5838914247011892,-0.029220618256342153,-0.0028466238807080277,-0.09033301124161307,0.3615837224959158,-0.12398407963890669,1.976357255753768,1.0895953756923098
101.0,exploratory,-0.48260361434563603,-0.6841585717873206,0.8418982573095171,0.10751610903108469,-0.2776992646477489,-0.5148896261817827,-0.09507461977641025,0.017012795560474775
102.0,exploratory,0.48718823419560164,-0.27058072461623095,1.47222050988858,0.7095779514782085,-0.31094803884450867,-1.5356847352577705,0.21841971504464122,0.042723980213613184
103.0,exploratory,0.06501037047825353,-0.35294112676853634,0.5307844708757807,0.8956305347425894,-0.5017253016272327,-0.6235876597391385,-0.13280986433780473,0.5713455525811487
104.0,exploratory,1.5664900153391197,0.3124315485754027,-0.8068977095238604,-1.4060333183629212,-0.0868780647235041,-0.7885856836219132,0.652965112309537,-2.419324372911963
105.0,exploratory,-0.4046437271400184,-0.7910259395930784,-0.42206424646662016,-0.30288352182925926,0.7423195239277027,-0.20793305755917893,-0.2840514727650004,0.2815616518646565
106.0,exploratory,-0.7033569967802493,-0.15531678166907825,-0.6004110685041409,0.03203414325424778,0.8260752247357678,-0.14485141086092537,0.6023885521283587,-0.07997591652932619
107.0,exploratory,1.2542571368285103,0.05239046766936113,0.8009643147283878,0.3931935871636744,-0.03932685741354084,1.4142103257468583,-0.7366588955493385,-1.3805312093492648
108.0,exploratory,-1.232701585311643,-0.1864374092365736,-0.21552284010037917,0.6123452534659208,0.5070467537398243,0.14842859628072233,-0.7515652658844005,0.31238606026801924
109.0,exploratory,-1.0846061540029615,-0.5101196523934209,0.33393735772367383,0.4167703660301666,0.4208279108023773,-0.5502216717006423,0.20815774591676278,-0.07251977618516144
110.0,exploratory,-0.03244720053165934,-1.2530150020253494,-2.0646285380741887,0.06139323095207329,-0.5097691243393984,2.2398262477848454,2.5667509524221352,-0.6011828519585581
111.0,exploratory,2.143211954199501,-0.9782711042733649,1.3798679091724924,1.3662782558175104,-0.8721601641231934,-0.5334177750238147,0.33831869704229206,-0.17525615182925702
112.0,exploratory,-0.12270384760957415,-0.03198701055821389,-0.41091257242864154,-2.457826424707501,0.3855740754178482,0.9646822847384273,1.1326831076194483,0.27902553092967874
113.0,exploratory,-1.1947725127435116,-0.21684960859955876,0.07843082430685398,0.36835321951974026,-0.3666351854395263,-0.5359881040072402,-0.2945282323633678,0.04040866988582968
114.0,exploratory,-0.7982910491142947,-0.2352461009527183,0.1894181612607918,0.13019162702004333,-0.7323403276595171,-0.0725464747149429,-0.8993776524980392,-0.20798841146018446
115.0,exploratory,0.28763232786735365,1.4633499617313537,0.7350128714207349,0.6641262157785324,-0.6866371869070257,1.0646628413058847,0.5873221550762724,1.076756722679265
116.0,exploratory,1.7027044768194761,-1.4602634252971507,0.2995459509353185,-0.04599442286600536,-0.39434820671460535,0.9608132382855408,-0.7034141981854406,-0.5780376409476381
117.0,exploratory,0.311008126257198,-0.7521616489592027,-0.32393228060258034,0.6206565935368686,-1.409813049091897,-1.1060672259989548,1.371075288654752,0.5470130394019619
118.0,exploratory,1.3955068882974468,-1.4714778810970215,-0.16411311849759752,-0.2583835893805484,-0.847961296784402,0.7322538844016807,0.5688846089557322,-0.670891571180246
119.0,exploratory,-1.6494338659230365,1.681031186008273,-0.8183894894508204,1.23334065544062,-0.3883349756865195,-1.2494660430488693,2.728172036917693,-1.7744413121784548
120.0,exploratory,0.6232177900983945,0.6777928039991201,0.24543032073261442,0.9213294368630203,0.6698642435223318,0.888667687259235,0.9230670925876098,-0.6513361405187227
121.0,exploratory,0.4117572282289901,-0.5712465894876319,0.6943363555762421,0.5561349915488181,-0.8352955818624355,1.067134684367782,-0.9726230470485729,-0.7118197560349961
122.0,exploratory,-1.7965319774114759,0.30688359113543756,-1.547044533109213,0.08925000205263835,-0.37196042962043663,0.5359967306155184,-1.0657776733180258,-0.7361375142858064
123.0,exploratory,-0.4076203440603527,1.0543311673132494,0.4663403856177194,0.802186573784435,-0.7836964566984195,-0.6781830905173669,-1.1704006816087047,-0.696959481543002
124.0,exploratory,0.4278618792361186,-1.054648437846493,-0.47098709337815137,-0.525789637075998,-0.6683645199091711,-0.03497024888272654,-0.5371061863754064,0.8111386700381026
125.0,exploratory,0.8974383248981581,-0.9920749494499294,0.14520695192075173,-0.23275724552641947,0.29935447285751376,0.7175232337488429,-0.1652159261519353,0.5272437410382381
126.0,exploratory,1.4310280263187676,-0.08568528304464837,0.08575013889291862,1.0048588847905429,-1.3634312963678978,0.20892751001100276,-0.5508140160705609,0.38529217759486417
127.0,exploratory,0.6483048262731713,2.2863773470529463,-0.03207167456190318,-1.9845165509718101,-0.04777716171945315,2.8167879980709625,-0.4487771291245463,-0.816494747064908
128.0,exploratory,-0.06569740090334936,-0.0507173666934807,0.7940353382240444,0.9626107347956113,-0.7605131640869467,1.3286462440602262,-0.17486811695717341,-1.4864937735703945
129.0,exploratory,-0.7993078475605359,-0.04021274066123,1.4744051856704083,0.35463821868966255,0.48745788333898027,1.7553244454476162,-0.31858749139194725,-1.0072260261773607
130.0,exploratory,1.0576850573594698,-0.30477912617310093,0.6123384329659658,0.057002194425915885,0.5287764819747949,0.3843257267261852,0.15750372759696818,0.23440820724450423
131.0,exploratory,-0.1680027223550374,-0.24125209373108997,1.130187552736452,-0.5568012374224661,-0.22821100586878967,2.0892271349194704,-0.7587491109796357,0.7659561104041915
132.0,exploratory,0.7978512152621771,-0.3078639310852963,1.5639331591358459,-0.3366200903711443,-0.12042769031428219,-0.3778537920751941,-0.6090312825620863,0.8622856514239186
133.0,exploratory,-0.6310986343107116,-0.28831742588713105,0.03779558936235433,0.38384627023215534,-0.6791488370671246,0.14612652285175964,-0.1753098109283177,0.3839135329217721
134.0,exploratory,0.738779581696258,-0.6655781087488873,-0.7293522279077874,0.3998951501491627,-0.5539272557549216,0.40106696753037124,-0.1199644129857904,-1.4922693554385784
135.0,exploratory,0.7129350988913433,-0.3816566534174156,0.9506612538335528,1.4915661401091211,-0.25805952839524693,1.4496439002693247,1.0875726745632304,-1.516497105962971
136.0,exploratory,1.0305278562846658,-1.408335614595146,0.04353456289160628,-0.56210903262681,1.1708489081693705,-0.8589427224356416,-0.5627368589453796,0.004129046707847125
137.0,exploratory,-1.209978820548265,-0.556875229851816,-0.5098408304032148,0.47741689581048946,0.10094702745866609,0.9229539332145466,-0.6734718513614778,-0.25028440581673633
138.0,exploratory,0.510609315595531,1.0544169255818627,-1.1111788334643427,-0.9486456397861757,1.101143777160564,-0.8999508831401787,0.31875739033111894,1.892277787683042
139.0,exploratory,1.742008048293501,0.9897992657470336,-0.7012888203385549,-1.3637554578530617,-0.047274598223296604,0.27830100772898714,0.6395046358543436,-0.2222762488875492
140.0,exploratory,1.101984210277106,0.6545750731575303,-0.9121657689076204,-0.44289479203979065,-0.798169735273125,-0.5362881743876993,0.4491906831386446,-0.20693093169586138
141.0,exploratory,-0.809665780453559,-0.954629699452636,-2.0446903777680014,0.008163631875724183,0.905437211195105,0.45143701906536615,-1.20652231825481,-0.8607535019313772
142.0,exploratory,-1.0004113658798313,-0.26795205739594413,0.3309875949328472,0.4843769611300482,0.5983547861869679,-0.38369434326075436,-0.09486596791422691,0.49383551448551205
143.0,exploratory,0.8183687169035931,-0.9366917734753913,0.38923076058935197,-0.449011431266664,0.29064049782953905,-0.9214387795927655,0.05479840922015024,-0.3061188942181094
144.0,exploratory,-0.8209702528043128,0.3392377711829556,-0.4176367626347461,-1.5140044596472855,0.6507126354629804,0.5769675515237707,0.08900853610583574,0.9218471035785407
145.0,exploratory,0.7781079427829707,-0.8230656169162905,0.9782448133422207,0.42710385598999767,1.6549185282046772,-0.5023172682772014,0.2853287995730675,0.2819298023862104
146.0,exploratory,0.19364063268206386,1.1275407670872009,-0.6150304040958416,-0.2503795178882244,-0.9252470883877786,-0.427910544567185,0.3050607106334042,-0.9372672005905435
147.0,exploratory,0.1669407874002069,-0.29532083196110653,1.2470778211953841,-1.0237080149333613,-0.9306120973738061,-1.3358024639513137,0.9383080084738571,1.4989295129908144
148.0,exploratory,0.6278685312661467,-0.5361712200198443,1.513674360186587,1.1608442673072406,1.1889463163456546,0.14528614749970442,0.20231294082851803,0.878368350460421
149.0,exploratory,-1.1917740120509352,-0.4891114480794779,0.2929669912722657,0.20263516128946504,-0.5647670916971662,-0.5787531617487834,0.09837114878067393,0.045197546404494644
150.0,exploratory,1.69182478346563,-1.0302166281995242,1.7767490807869897,-0.6545583428130565,1.1372668643556925,0.46260698434566927,-1.3199841822433245,-1.4821138398777174
151.0,exploratory,0.0992701576191402,-0.48592816513057197,1.0483772237749867,0.6339055710073417,1.3381820439968926,0.9469358875501626,-0.6243894644604632,-0.6238389146703447
152.0,exploratory,0.08129793519965087,-0.9579049726157008,0.6142768424679768,0.35980985438788404,-1.0815227324936951,-0.8974759891757922,-0.3026910924210442,-1.1914186763735939
153.0,exploratory,0.868072213618771,-0.8566796591269549,-0.05995938618417396,0.6218455315290055,0.07434992593489721,1.1387220406815604,0.1473417862916703,-0.01183387080537393
155.0,exploratory,0.20663149098060946,-0.16095847112815886,-0.5667354801018368,-0.7502014337047906,-0.25343910404388004,-0.22604387613309868,1.1372288440777227,0.3892317776112484
156.0,exploratory,1.0527366791889516,2.8838199334093657,-0.4376805011074658,-0.8605721650394943,0.48647092776157597,0.7516615161821625,-0.22082959314222605,-0.010125036663368872
157.0,exploratory,0.28819079930392916,1.2490429294439187,-1.692013647918877,0.6169549371210575,-1.064560700413868,0.8117228211872598,-0.16084697006348755,-0.14784745761380363
158.0,exploratory,2.2238507511880177,-1.6465137323234704,0.39535676207335707,-1.670663425253668,1.0856615268945544,-0.01990208822702767,0.17830724165007894,0.17050390834484305
159.0,exploratory,0.31853536074994226,-0.5725364719415086,0.4103373953264311,1.1439873497801198,-0.7985664261885498,0.22119875307512005,0.14482959350673458,0.2514584895438022
160.0,exploratory,0.545440424207882,-0.6715462582572574,-0.710469653395768,-1.150190266087645,1.1080344908182038,0.3841276256886143,-0.35675480989035807,0.04996934748401271
161.0,exploratory,-0.7283633547900121,-0.16728505710273053,1.5821384706507018,0.3268948923258921,0.4419114342612401,0.568164309223568,0.22601545903628426,0.34172714590254727
162.0,exploratory,2.2090875338592095,0.2787100609145476,0.011199835340783754,0.3692846601879683,0.397203037970822,-0.7062148566224945,-0.21346982383363844,-0.8996769677034417
163.0,exploratory,-0.09747786971818187,0.9421607735560161,0.3548312462323206,0.47923839977288296,-0.8704454783003219,1.1394901113923022,2.5519802311635864,1.7748732477689657
164.0,exploratory,-0.8000139116393283,-0.1648197918268229,1.2040704438826617,0.24522582510543123,0.1337670003229517,0.30079690400828607,0.08858427282279148,0.93477338161147
165.0,exploratory,0.4231681755938779,0.12842210370342674,0.31628860351961613,0.2855398464993786,0.7581482624927551,0.988187162895664,-0.6655648225338032,-0.6437494194801267
166.0,exploratory,-0.46201861187187887,0.24918876952206379,0.8548247525883063,0.26289986752662137,0.6247471489563181,0.35665026419239787,0.26117247656173076,-0.1873791550461644
167.0,exploratory,0.8358981936325623,1.2837150336789913,-0.5279826731261793,0.4892301173657653,-0.135567795681856,0.93712651376826,-0.19243518262676199,-0.7099775886236609
168.0,exploratory,-1.3552319318146413,0.25973578521667734,0.4649341322838414,0.6398141790609589,0.09810379937384722,-0.6418313235365355,1.1984757240236923,0.08028192987142509
169.0,exploratory,-0.9848259941749038,-0.20679507406836833,1.1580896843321258,0.0372247328907047,-0.8234976099933424,-1.1172891746118545,-0.26394754386699776,0.1992037361895436
170.0,exploratory,-0.9762787516060235,0.03927004016697111,1.4429696808214383,-0.04857018671361728,-0.3526475709732773,-0.6287718304477629,-0.09241389862212496,-1.5622165526074474
171.0,exploratory,0.8545823752146174,-1.20068575255577,-0.698394569971498,-0.8349876485464687,0.02795666764213988,0.9028966967545942,-1.116465223626393,-0.7172382063879573
172.0,exploratory,0.5754344049351403,-0.3022160085157654,-1.20209567893718,0.26091984782936944,0.7147191114737272,-0.8481953155696956,1.7249449646694095,1.1467778509736528
173.0,exploratory,0.08634861196850119,-0.6562856911424584,-0.8392922353127359,0.8595764687079692,0.21808535719933927,0.06161260619224058,-0.3758254276134545,0.1290349544854135
174.0,exploratory,0.34651978595243793,-0.6134176928554887,1.0920232843624786,0.6017658644405443,-0.1279463630494784,-0.7860072323432631,-0.31782857534982334,-0.19527050885004968
175.0,exploratory,-0.28502056491530375,0.2497845103471368,-1.08295196520044,-1.244419804966774,-1.0234110840642756,1.054696280951916,-0.3386065226402701,0.43156766653472256
176.0,exploratory,0.6053439797958814,0.3844240586472813,1.372164955484054,-0.8874089345596776,-0.9290069647710588,-0.07231005348187451,0.4495036902414455,1.8360391114219512
177.0,exploratory,0.5994541921065071,-0.22917086374417123,0.5473516471756564,1.629513000146069,-0.39632263138694657,1.354524047463219,1.0684652791432079,0.12750139597857538
178.0,exploratory,1.256265095153971,-0.31951212945690094,1.4472927765715786,-0.004958279419369816,-0.5296151818854861,-1.5854044029652585,0.5465109589543484,-1.2541455470816825
179.0,exploratory,0.8600865727052027,1.075078801845536,2.0605475964283793,0.9066474300990709,-0.45530410143017086,0.7269091742807919,0.6233370016847848,0.9492763177335202
180.0,exploratory,-1.2141876818007962,0.21792253050203067,0.7701260208106954,0.05445849412491908,-0.11338869069090834,-0.16170365623712799,-0.4381382652654237,-0.007993523663724593
181.0,exploratory,-0.27283034389053884,-2.124994257557062,-1.37950824641734,-2.016637278753321,2.778485950716597,-2.211543049103734,-0.8357898958693265,0.23349722766719397
182.0,exploratory,-1.0591627358701503,0.11826050713844087,0.2228416340426504,0.3131291028529525,-0.49583431336761724,-0.5505887544952792,-0.6057625926979973,-0.5262017916673998
183.0,exploratory,0.09708215112734751,0.2722270356492661,-0.47720015577617114,-2.298498720153816,0.6404659160294374,0.5693566183575339,1.36628437285629,0.46673079525548966
184.0,exploratory,-1.141504712796115,-0.12420255247706612,0.6625377453274829,0.2630535852774404,-0.6388465860687597,-0.48202188173108557,-0.1425375842615555,-0.5758237608151447
185.0,exploratory,1.3350776469098224,1.6910572026710342,0.7328758186534529,-0.2525447132310594,-0.45892975206893777,-1.908245618061495,0.11051063600166192,-0.39776598715614003
186.0,exploratory,-0.8760746476081341,0.9576071806051966,-0.3103698212779526,-0.27408189737093214,-0.5462383951323483,-0.7748864926111237,0.7420100952114518,-0.34636207190442003
187.0,exploratory,-0.16833400961369416,-0.2504047659385198,-0.08816149915661668,0.7769049053475233,-0.10748710489901556,0.04945286804305472,-0.8935153763836607,-1.1263833276732358
188.0,exploratory,-1.0182611357505489,0.5927433956903182,0.8308311853110085,-2.140953713328146,-1.205894010798131,-0.4776163045975195,-0.17903486124602974,1.8276047625401697
189.0,exploratory,-0.04072344489200288,0.13765734067192398,-0.24721204431377164,0.11141609319959883,0.2516949537778627,0.15482614950681065,-0.033064185548813664,0.3749200742062081
190.0,exploratory,-1.9330335667654095,2.539672156454108,1.7580796872481188,-0.9766895878634806,1.5405716216099499,-0.22553980488224165,0.23198059886777933,-0.22113864487305793
191.0,exploratory,-0.8791366442524295,-0.4556221807889828,0.43255634698989137,0.42845638474447406,0.4543253114242867,0.650292308145797,-0.5091768632009136,-0.3334033419631394
192.0,exploratory,0.8151551176312972,-0.3512102441926922,-0.6775720333813926,0.5620987945700859,0.535377380532753,0.25975430353601897,0.6774406314647393,0.10445409095543952
193.0,exploratory,-0.761073288410482,0.3289032831644854,1.2117420334725117,0.3383973899083054,-0.46647774833240196,0.18050632531755106,-0.4266385860015822,-1.4505699509074734
194.0,exploratory,-2.551544117304514,1.9767647755060347,-0.5328437182202304,-1.975663479371883,0.5080381332868033,1.1463724523212877,0.494912579670413,-1.9136310742143954
195.0,exploratory,-0.2028973049198243,-2.054868013312136,-1.463851853776875,-2.4036779045552676,-2.4004449629941864,0.7997126697258585,1.859117275280396,0.35894196821779073
196.0,exploratory,0.933128012582724,0.06869162521795273,0.853864652902077,1.0192979204266617,-0.4099252156831877,0.5336789943840715,-0.5258361532195892,-0.3950864189810619
198.0,exploratory,0.337860947474175,1.0903072068702508,0.6687096574001894,0.7712826039014766,0.2485415169535863,0.08659364438408088,-0.6836949859458614,-0.34606542146403596
199.0,exploratory,0.33995925537830013,0.1727952245100659,-0.8813499407711395,0.3732325088612346,-0.42607646347405875,-0.048219652336925434,-1.4549259415191431,0.8180803252089484
200.0,exploratory,-0.5700271637690377,-0.031060930488570504,1.3036805689395556,0.437493371097448,-0.7118996726990205,0.48572699041774164,-0.41381744490955075,-0.3100636983113951
201.0,exploratory,-0.15646733630525325,2.4074159988307047,1.1435662441389771,-0.5362180481781901,-0.35774874731361944,1.2458180417072144,-0.24160603397653238,0.6377122581787006
202.0,exploratory,-1.378917450981178,-0.6087992285979428,-1.1928279438886997,0.5463167123987683,-0.9141624413115789,-0.8375288633640148,-0.5535292087418997,0.2844515136771158
203.0,exploratory,0.11179653387672346,-0.1748373808723383,-0.2621367754057572,-0.3090334445914177,-0.18406924927168394,-0.29453650020340433,0.469491588968685,0.5812616981074914
204.0,exploratory,0.23243212434317845,0.707433640997603,-1.722015182439566,0.8812079935477866,-1.3581656008178182,0.2485275115844597,-1.543755834628968,-0.290772334218031
205.0,exploratory,1.1477144528519312,-0.1294789966785709,-0.300491278840454,-1.3906172918180049,1.238180119200853,0.6914585476593319,0.6878264143118953,-1.479344559347654
206.0,exploratory,-0.21635539260031067,0.5534173749443596,0.07247390665521966,1.1044786830406945,-0.43873258099977963,-0.4265303769815631,0.41058041685782476,0.14179856862503576
207.0,exploratory,-1.064382859802949,0.06117257783540956,0.8551103167271571,0.9163584031884051,1.734679685746083,0.5266635659462111,0.7946191413146714,1.1201559343545577
209.0,exploratory,-0.9683458686871975,-0.062353037880607996,0.5584581140149805,0.408048468120254,-0.6917526393231778,-0.019439625721305753,-0.5036946171997189,0.5708078068276383
210.0,exploratory,-0.18436459264322944,0.43756913617484017,1.557317915739175,-0.31741115348742077,-0.2215612381559825,-0.6976790608976282,0.26842736903761477,0.5177927579079004
211.0,exploratory,-0.8322543889074556,0.08416582884991086,0.1724030825624448,0.49530917189264434,-0.40702841778671583,0.2629820530919884,-0.38894756752163,0.12628663038730678
212.0,exploratory,-0.7510241505269808,-0.45915422653228743,0.8196552729499084,0.052222085631479565,-1.219591780231596,-1.2987177042769527,-0.03336194376162413,0.36759885800110287
213.0,exploratory,-0.4921132641059453,-0.23767683593434108,-0.42264702487775946,0.9141921586449032,-0.35915976365953933,0.8482474737254818,-0.8829915190255949,0.08490425340501516
214.0,exploratory,0.1690122831386093,-0.99310257501534,-0.4644427726273791,-1.9478224338631063,1.3088869727627617,-0.7660282664477547,0.9133371483212182,0.6560774131276896
215.0,exploratory,-2.0078087689157575,0.38092086988297197,-1.9402706527398077,-1.345053531141967,0.21803467533517276,-0.47139550360782967,0.7549539454035302,-0.4530679783695021
216.0,exploratory,-0.9210459517949672,-0.4614334405145777,0.5617833176873334,0.29027736390517384,0.4500626118497283,0.6818342354238954,-0.30753302191230736,0.02914566567996368
217.0,exploratory,0.04511938464892675,-0.2725964786765905,0.4431538006671927,1.1293553523444326,0.28008749788423576,0.06804311782247943,0.06921332359476272,-1.0520769799367045
218.0,exploratory,-1.4340330918007766,-0.5752810747581495,-0.1907714495412935,-0.181750957793092,-1.0488333360543813,1.8114964744765032,1.8994583131479752,1.7067988920536445
219.0,exploratory,0.5845212485056137,-0.11857038375232427,1.4715862202992838,0.6485980231607457,0.6533216557967804,-0.03981192478560749,-0.7705920197888533,-1.233030750390733
220.0,exploratory,-0.14397433531661935,-0.318463888019438,0.23534092984941124,1.0987068256574584,-0.5294985711229331,-0.3284382123661718,1.8033323739631073,-0.5148172058388515
221.0,exploratory,0.4721181708355565,1.1174565788328694,0.1835503093035571,0.6084355769316774,-0.028486192397062154,-1.045363303915003,1.2499867958667465,0.14464192340250298
222.0,exploratory,0.4761564723570094,-0.041902224499542805,0.6288617842892217,0.3162128598948346,0.4734986029829838,-0.833213390833903,-0.060109167877246135,0.7323573247189886
223.0,exploratory,0.2416379217978694,-0.40702313708322746,0.40651885416628897,0.6179594438410793,-0.6997660146395034,-1.7144592987666578,0.44596984043310656,1.2940857833324158
224.0,exploratory,-0.003267814335712403,-0.1704751519062468,-1.0115460269748517,-0.0029805048227832397,0.2725970874186911,-0.4885506124599764,-0.6873218850816564,0.8474182858590008
225.0,exploratory,0.279808556124771,-0.4710358441745031,-0.1761776205174085,-1.9202141770754007,0.24864774882474372,0.18529947902150323,1.0633946589122418,0.794012426878763
226.0,exploratory,0.12714068161505618,-0.7484610626724307,-0.7129301212734583,-0.9643027161033126,1.8653632259694852,0.5900321526914978,-0.3044678463999747,1.0884873963531398
227.0,exploratory,-0.7788302420629772,1.145158305440778,-0.5268379612457512,-0.039866453550181945,0.7239847476819293,0.3709890761976387,0.04372553382894118,-0.9860251578840658
228.0,exploratory,1.257659224439448,-0.38058360166716293,1.022277203088205,0.910826986604411,-1.0050062204848378,-0.057287451640406564,0.015381290769596623,-1.1257787155142798
229.0,exploratory,0.7655685884533853,-1.4848375902619013,-1.9208023115537778,-1.998703286001862,-2.205346027266563,-1.623934866133923,1.8754860593015317,-1.6398177482974765
230.0,exploratory,-0.8617172277089099,-0.4658959855376586,1.4262077833827906,0.45061141100362745,0.6636544768591315,0.29202353272423576,0.6063407006447019,-0.2855138763027607
231.0,exploratory,-0.6490396229054265,-0.13980341993259374,-0.4560715694154419,0.46737062711027366,-0.25918109973952963,0.6963696133435445,0.539951062082866,-0.3031804968168962
232.0,exploratory,-0.9478552375472934,2.397031264137089,-2.2204225275472895,0.8826089253304541,-0.4049817485365746,-1.0746367824062328,0.8646498594264729,1.182588926930806
233.0,exploratory,-0.38028794794286996,-0.5060957898206964,1.1798880327498436,0.01297275899236248,-1.0137321150530643,-1.5587754323214202,0.12595455519821008,0.0018059609348774707
234.0,exploratory,0.20044855310580045,-1.842701925872765,-0.2920599036201968,-1.6654569610722878,2.39401222843532,-1.2488122135942286,-0.20889817003922445,-1.8552378771727396
235.0,exploratory,2.0695384762090794,0.7689824650446044,-0.21251125325276224,0.4954894658573938,-1.7933760147923603,-0.1676434297668917,-1.4571881174756278,2.382285630833794
236.0,exploratory,-0.9115378494825213,0.13916249782632725,-2.0925367607280636,1.4286577147030326,-0.10463555977949959,0.5640750635820438,-1.381087554493624,-0.4212319669433057
237.0,exploratory,0.46181888573782837,-0.7182029835409588,0.3538013440119681,0.8181812425664369,-0.38109838461362644,-0.4342443910539335,-0.7681567476862741,0.16968481445149472
238.0,exploratory,-0.9891711367255762,-0.4460635510532032,0.9498912667924926,0.06334265256447308,-0.8434227082057073,-1.0296933501290952,-0.2128395870078589,0.13945611682394962
239.0,exploratory,0.8232845274603072,1.908737037451382,-0.8694692526561069,-1.1269875446077107,-0.5649535128080853,-0.9327246978912265,-0.22009334710880973,-1.4743489387349007
240.0,exploratory,-1.19269511501612,0.17027509888774175,-0.6711346358383247,0.3970516485419575,0.7754712963018268,0.5309036628191516,0.4488078410240709,0.9095739472915072
241.0,exploratory,0.3090058472371659,0.8685115412312412,0.5403797712829567,0.6055797454025355,-0.46980127108143893,-0.0680800669416887,-1.0424606329461061,-0.1088227171258298
242.0,exploratory,-0.5507840991318793,2.2239156563493108,-1.0647298531864444,-0.5641801595532635,-0.060842260751304646,0.8733871592225735,1.3260583123775862,0.15867160503014274
243.0,exploratory,2.071850672889102,0.6753340540475603,-0.034624580538833626,1.2207893246315809,-0.024412993073231956,-0.0845579743543514,2.127054804489825,-0.05104691973813717
244.0,exploratory,0.7553981891194159,-0.7387257575607278,-0.13784860569801513,0.15026161389199233,0.2504861342110963,-0.32284987472697535,2.941060867822468,1.720033336242199
245.0,exploratory,0.9531748212158072,-0.7060334668059132,-0.7329107877637612,1.8455230913141814,-0.24589579884883833,1.8166313777852334,0.014398874989442936,0.11220022357623605
246.0,exploratory,-1.2296344162482855,-0.31192246218091085,-1.7539680808472615,0.45740768345577504,-1.8430795056579534,-1.1747509661831586,-0.4565654992158125,1.3050353468733216
247.0,exploratory,2.366523157296089,-0.034968963862977466,0.2926814257553479,0.6882793560911701,-1.334600482096975,-1.2048795067207134,0.5845422802058263,0.30895934733492797
248.0,exploratory,0.8886749134962081,2.9572887299183543,-0.9049406417148531,1.3860301801617732,-1.1604650658081344,-1.5050582449369336,0.32573950855964046,0.13292703875026282
249.0,exploratory,-1.1459004017268335,-0.10010434406414566,-0.5346466788768336,0.37938534855855766,-0.11210180813779734,0.12407087744843215,0.3937954760571386,0.6625026849059903
250.0,exploratory,0.029442479043431623,-0.7345266347402793,0.21586285696015228,0.5338858487210414,0.419157944792194,-0.3250017155534461,-0.26360912957559696,-0.1371114380966519
251.0,exploratory,0.32501139693950215,2.9927562030485455,0.8008432642609064,0.13677840618418416,-0.4930857183553968,-0.07925664384554426,0.6279330280928213,0.4949165528057797
252.0,exploratory,0.07165430793659218,-0.5624794935358923,-0.9449456083792438,0.30667018355964093,0.6709283506427788,-0.029345127650875897,0.6904733205394077,-1.2565737776610222
253.0,exploratory,-0.3104998888454163,-0.3842074512815451,-2.630695105843579,1.3017545720019603,-0.5166630888192926,-0.6450033622346516,-0.704804998957373,-0.9081316736742829
254.0,exploratory,0.4236018735669137,0.8840410982180384,-0.6847183345744959,0.8057719229397935,1.0487961436854385,-1.504339841545943,-0.7281264157209419,1.191241365511086
255.0,exploratory,-0.5538761468427406,1.970097299082006,0.012931928930852172,1.4301030382347548,-0.6099513195074353,0.10177511443569134,-0.9715545164081719,-0.7600088414032082
256.0,exploratory,-1.093838435986582,-0.10722895939698612,0.9553835096854224,0.19432388267137887,-0.045596820966133815,-1.2096113132191433,-0.14351787828696355,-0.6866419589138375
257.0,exploratory,1.0177806756451513,0.9896543762264174,0.4185427007220987,-0.11661720646282633,0.7817271137870766,0.6974576388787306,-0.19477897835997848,-1.035012302826382
258.0,exploratory,-1.5124687003004718,0.33291743319063477,-0.04287474155637622,0.49656449031597966,-0.05055676200915272,0.649446877181802,0.18741170206871083,0.7146438906653786
259.0,exploratory,1.6417336080358635,0.37355671743608404,-0.1204345198731002,-0.7750730743184727,-0.15558250725311362,-0.7810635338805423,-0.39488774654246644,-0.6801758740408114
260.0,exploratory,0.6026042843586344,0.40904038551901906,0.8699687369338728,-0.28592979305964605,-1.1745965811077181,0.10127508095349988,0.03538394391569377,0.3228191286189139
261.0,exploratory,0.9384747934994917,-0.8517475390355954,0.25963186553758155,0.3172110952325329,-0.19341015993458532,0.45700133022697026,0.3736776308275765,0.40885469980690653
262.0,exploratory,-1.1088798152059571,2.0644788249776846,-1.5299663351854216,-1.6541329892240428,-1.5761292268748985,2.7682514850000848,1.2727659823253559,0.024273751307466403
263.0,exploratory,1.2564158818214188,-0.6818915732474994,-0.400004820401852,0.30923580159841096,-1.1325467230796493,-0.2888677654126786,-1.6128720715438636,1.4786379847177151
264.0,exploratory,1.575853312621954,0.9997589372249364,-0.9426145103095956,-1.4210626625824168,-0.40962624623744737,-0.05847113263321448,0.5359487179630612,0.25645629251951196
265.0,exploratory,-0.6739664321612111,-0.7468488022203409,0.281269007662758,-0.525581150871193,0.07612995684823318,-1.3381707238792941,-0.4495985814699332,-0.8363410760452692
266.0,exploratory,0.910854460792297,1.6931102194374612,-1.086049153482873,0.4768103584488788,2.092428640592374,-0.4416695298684244,1.4430581202890231,-0.37043624812831905
267.0,exploratory,0.1858711712609924,0.39622240930473657,0.32858642771541746,0.9126172767617783,-0.5906759286779838,-0.22373243311712335,-0.9681927918883624,0.2935699478224922
268.0,exploratory,-1.1093108519425992,0.5660014867983191,1.2803245670579997,0.31302362224109825,-0.18513890289353782,0.42641111322006137,0.22539138888775323,-0.1051500170055161
269.0,exploratory,1.029245679127542,0.6163119914148354,0.6853725715338324,1.3500616351033272,-1.068947517573929,0.9204997539276483,0.5839823669999791,1.3864869501007713
270.0,exploratory,1.3582542060847649,0.25312439893679267,-1.1536517876544934,-1.8543707330912074,0.1913736703360858,0.037816428520074885,0.13760745341378106,-0.8416088376058927
271.0,exploratory,2.212771465915578,0.030714978855040733,1.386591640878861,-0.03206167652495887,-0.49042747708586565,0.5871369957870424,-1.248760089078235,1.587029548146446
272.0,exploratory,-1.0560684074136826,-0.3856172914558764,0.854708845444758,0.2624934761579782,-0.1334767258765557,0.40069078555722387,-0.24948395256832398,-0.1903340744960568
273.0,exploratory,-1.1156350686283953,-0.2019248047060753,0.8913739936671593,0.17726405533526718,-0.18154956786004278,-0.2271350364982321,-0.39833558784392786,0.059461664304530745
274.0,exploratory,-0.9019901711201759,-0.17984841167916651,0.41231220779872574,0.17316968219316692,-0.2807157767875272,-1.2677575910941752,-0.7648325877052514,-0.11701157626057322
275.0,exploratory,-0.8230798654593101,4.5950810125977775,2.4843220674689857,-1.3160534668040287,0.054328056431536466,-1.4110442857816723,2.1544241211646744,-0.44529160397014217
276.0,exploratory,0.11041837689541006,-0.563745663168474,0.8444039323498478,0.23217607153194178,-0.002858750834597872,0.19227389789754715,1.019811618940423,0.44043278756294546
277.0,exploratory,-0.3506170772866287,-0.8852978570900685,0.19921058977687042,0.49195531924189523,-0.9591891512067987,-0.165652786545974,-0.31842020004361365,-0.11330837156361154
278.0,exploratory,0.056656734665129244,0.755366749323276,0.8125499134552603,0.2755147546751501,-1.2162142210795004,-1.2198295854909207,-0.6434615618566999,0.8099299072465641
279.0,exploratory,-1.0742367639853818,-0.1297037613216644,0.48496921774690904,0.4561912538861022,0.2420063494815881,-0.5188960138080162,1.0420665382096328,-1.413016498424586
280.0,exploratory,0.32854691046932527,-0.37606396241733253,-0.002978423093449202,0.12609007443564274,-1.7036205869022814,-1.8508137960497855,-0.9705409780192308,-0.32108799678354766
281.0,exploratory,-0.33631745691348625,-0.28853699278656314,0.10174818183432502,0.16701804281054278,0.21495739253466728,0.09762128689610206,-1.1556403269505817,-0.05514768528680947
282.0,exploratory,-0.7423412241869425,-0.2682500748809227,1.259854816442845,0.1779391352431687,-0.7253644179516923,-1.0238016614677887,-0.05537392113113819,0.1183176251509858
283.0,exploratory,0.5839931082403709,1.1608767288616737,0.848198995066513,-0.9643107684054343,-0.10949854459188484,0.14745315360998487,0.6648831237859886,-0.3072010334738597
284.0,exploratory,-0.7673651008917023,0.4632699466627813,-1.6814813331519072,1.0100275697886463,-0.8816388837345209,0.48392653718137973,-0.35515106928861695,0.1960069246747941
285.0,exploratory,-1.4827242368173248,-0.9409473473087518,-0.9409568488079392,-1.2059614605177047,0.7666656804236281,0.09507412796123325,0.7001690339784541,0.4688540273940634
286.0,exploratory,0.7552605999846687,0.9064859347542407,1.674173644231265,0.8675170929826385,-0.18228735730572201,-1.0058376882429392,-0.4292379276420271,0.5405925983479167
287.0,exploratory,0.1920360207275875,2.313696811150128,1.682958769092246,0.11957802864429858,1.4741151423582175,-0.9189103910694447,-0.14239652453814383,-0.6206890721033523
288.0,exploratory,-1.3323738878854576,-0.4659714687430762,-1.2273353293622344,0.19415806681550002,1.2062297887626912,-0.23536186869100942,0.30480312146407745,0.10739603875135217
289.0,exploratory,-0.16379471650622288,1.1875767085674143,-1.6217757821481504,0.7741477088836606,0.3762565986206156,-0.6350083030833988,-0.7723233612675438,0.8512219351571764
290.0,exploratory,0.30844255064695164,-0.8452700960792497,-0.34245351233658516,-0.026663461117866057,1.0608717626785382,-0.6793823846962735,-0.6828328803691516,0.042624463860271904
291.0,exploratory,-0.04826846827165452,2.075682000719527,1.5404436537678714,-1.4119723841380005,1.008871021884699,1.2590192745649778,0.484938915015341,0.02916187143693315
292.0,exploratory,0.9932235650105228,0.7837672829172307,0.5116683241989192,-0.14291655785018262,-0.6074072105552457,-0.865610789430128,-0.5989057663947815,1.0829419009717556
293.0,exploratory,1.457687056828126,-1.3267051170735462,0.5197199090248416,-0.7776189260309516,0.8177880485467481,-0.8889057306315934,-0.33778432767511174,0.08371524359443216
1.0,confirmatory,-0.05246119280974069,-1.2768575321966484,-0.1288905906674242,-0.3193740518848901,1.1466172650652993,0.8580740324380982,0.5312825608777525,0.24135496443187088
2.0,confirmatory,1.548483627375337,0.21381752025680414,-0.7277125343997197,0.0731571606954794,2.325687293505069,0.6035551547391611,1.7903262179080857,0.6558353354119311
3.0,confirmatory,-0.8595901774071176,0.2395191367887025,-0.12986718619132825,0.7931318178561949,-0.30761032873530225,0.8857698658258374,-0.4111080428767254,0.690014001724438
4.0,confirmatory,0.5711928432278846,1.16022741686346,-0.9237981525408965,-0.3792869322808796,1.151920051963985,1.012087884554329,-0.27634933158948854,1.6404869308322378
5.0,confirmatory,0.9265520403571277,0.7048550989509045,0.3009613284234205,0.10618494310448347,2.265883640250058,0.530303935396385,-0.2307797418998177,1.024734937844261
6.0,confirmatory,-1.3823956839480027,-0.3768205130507926,-0.19964148451773456,0.34645500444649585,0.2127523739849806,0.09392161981053351,-0.27109811904605163,-0.6697866381885185
7.0,confirmatory,-0.8114397831700164,-0.29332083807230946,1.2768097238180889,0.27308287888889093,0.2724705836995019,1.105684589550071,0.03717400558281917,-0.4755917390008849
8.0,confirmatory,0.9137625761642997,0.69720202638107,-1.037923274051258,-0.5388660270537993,0.3648218668106845,-0.3436695797494855,0.7187341878132699,-0.23278426257978715
9.0,confirmatory,-1.3495294245726686,0.023346803609876506,0.4319097227885618,-0.12705747192876327,1.1323734086389143,0.6655373016168571,-0.8288607467854671,-1.5192887298078608
10.0,confirmatory,-1.10597632412827,-0.27362728009606546,1.1181158532498707,0.11400308848980938,0.14588296369805936,0.4222365716829054,-0.2851215799099013,-0.11403336482705947
11.0,confirmatory,-1.0193139672603755,-0.37525263458465186,0.9699684581591371,0.11598866545756224,-0.2686389575727149,-0.2088602390112739,-0.22029408147339186,0.3438809836574621
12.0,confirmatory,-1.8260713217475617,-0.1706804558880848,-2.6068182161336253,1.0813634629366031,0.11631344569681289,0.18925984323479536,-0.6655440949771853,-0.8126448455468405
13.0,confirmatory,0.2085909132428129,0.798068024638746,-1.6923515786641297,-1.6277557229635606,-0.10609717776840077,-0.2358203794220006,0.7881764554438684,-1.6046123500422085
14.0,confirmatory,-1.3646445663082176,-0.6030991748031478,0.040832316548942135,-0.36209719511025046,1.8078234392773185,1.6852057132282594,-0.40645192270851294,-0.15350685075038703
15.0,confirmatory,-1.0926725542220699,-0.15710655517662725,1.0427057487573397,0.1436770731687436,-0.08065858132104961,1.0734704796292307,-0.3137937253427947,-0.5704827549203644
16.0,confirmatory,-1.3758796892226723,-0.01972541989569559,-0.2271719981831106,0.30052151897196316,1.1372848089178407,1.9632233120601696,-0.4790984246198317,2.8614173827381846
17.0,confirmatory,1.4548366700200728,-1.0054928204400921,-0.6521526343471006,1.8023737101959834,-0.17302473634944476,2.1873085510728942,1.72471840124352,1.015700199971893
18.0,confirmatory,-1.173126131933299,-1.1091312239339532,0.4393169082430375,-1.392287914535314,-0.45178359161558,0.22492709978496273,0.17003405507421715,0.41529437415494413
19.0,confirmatory,0.6415133904450314,-1.3059234023639918,-0.5347057577414268,-0.9535131162173273,0.1004800509803701,-0.2567931486533749,-0.7964861856616279,1.7433018192960195
20.0,confirmatory,0.8488731315569108,-1.8280358534881145,-0.04235907131218878,-1.9621545971131233,0.6232469937679214,1.4512468713645943,-0.3965039937848021,0.29203868869291233
21.0,confirmatory,0.10721110377296451,0.46605522712358954,0.24005041883295253,0.9598837227882451,0.08283319188142141,0.2506412169450691,-0.9888747044894133,0.07619766988082424
22.0,confirmatory,-1.9058038718065289,0.2545086439226319,-0.6862138828837747,-0.1924306557977345,0.7433656852396375,2.696347117861715,0.2505370062165766,1.8607304462183691
23.0,confirmatory,-0.006049384605106215,-1.894196337703561,-0.2910148706418048,0.163639527949354,1.8772424019575609,0.19968564883457673,1.4513121597516172,-0.46035152820507835
24.0,confirmatory,-1.416359884123372,-0.73273746699221,-0.04964935317798709,-0.43743664288927325,-0.04807130904591648,0.574619139149389,-0.14339682351577643,-0.3701148863191165
25.0,confirmatory,-0.6079736340132912,-0.10602845631975806,0.5323434649985881,0.572248978246614,-0.08547520597398735,-0.5209655665263091,-0.4170062972406149,-0.2167130225319236
26.0,confirmatory,1.1684636390459584,-0.6204936905988212,-0.13951936556490163,0.42585440689687043,0.06697622624912307,0.3697781893420145,1.2079629499032691,-0.027920697100149692
27.0,confirmatory,1.5482664870142773,-1.4196211098392428,0.22118643397256396,0.15500727060391944,0.5379120828549355,0.5288278957003137,0.513733629370447,-0.21161321741235312
28.0,confirmatory,-0.987284082944757,-0.38366496157011126,1.0324662602183228,-0.04036375986887736,-0.6920109666368979,-0.70538305658218,-0.2520043636180072,-0.06336228586745804
29.0,confirmatory,-0.18112091513884812,-0.6885411953209303,-0.41027754618756185,0.48520751766358206,-0.08781780923276057,-1.370774241216064,-0.7968083833828349,0.034279220596407985
30.0,confirmatory,0.03777974001133864,-0.49345173656565555,0.33571491540229986,0.2473702616080378,1.3321344905075223,0.06220246785039286,0.14134156399616896,0.6498537446110562
31.0,confirmatory,0.4138436367722535,-0.6588630989271308,-1.2069507654531193,0.24056100957280852,-1.2393600680480978,-0.24721227095888884,0.7139459181085875,-0.4381634748020451
32.0,confirmatory,-1.037293101629563,0.12490739976929406,0.9418174096370163,0.01161924994568081,-0.0855335092709032,0.004553774554803862,-0.6436543522181711,-0.7152725509220025
33.0,confirmatory,1.2636831030518003,0.87884827135621,-1.0011652499940245,-1.507266024581685,0.5602092401559302,1.2437751538391348,0.5518204719222061,1.069295284483809
34.0,confirmatory,0.9445204625454727,-0.55924143751324,0.6789577684438701,-0.013861658371419146,1.5978918111875944,-0.5262520157381531,-0.4126429286130612,-1.2704267520790962
35.0,confirmatory,1.58174747913584,-0.018892186959140873,-0.46198849752104093,0.5004764066451018,1.7430993868345608,-0.6570254822585657,0.5857307807181298,-0.24554171310198988
36.0,confirmatory,0.8355797632512025,0.158372424012239,0.4119456725862324,-0.28266654983622497,0.6519137793340913,-0.428532704971361,-0.31701623972665927,1.812630176905968
37.0,confirmatory,-0.7402704780925574,-0.27045874254137187,0.8582509531833981,-0.10082685252164442,0.5646067903199554,-0.48259051524794694,-0.6698762698916948,0.12100605243958269
38.0,confirmatory,0.9487340823008437,0.12126914386861215,-0.08551272638592632,0.5702204537579875,-1.0419107207849654,-0.3955572419826217,-0.27419349070133575,0.9365058514633199
39.0,confirmatory,-0.5430903166154294,0.7623856471367053,-0.3577607816564215,-0.34424381415676686,1.2403979614075393,-0.6054620082985782,1.83472672998467,0.8046846761003223
40.0,confirmatory,2.395481303544716,0.271570907188094,0.10486629689227822,0.8056834445123902,0.027091563943387024,0.9662396202976734,-1.0075505718840725,-1.1183855104022393
41.0,confirmatory,-1.3030700977435183,-0.7583194249316654,-0.61263654485719,0.6526626980586293,1.1451163006581457,0.39307462124582565,0.31117993205968236,0.935847574682783
42.0,confirmatory,0.4151205581430366,-1.6561136461832306,0.02729595581570874,0.19523190138333055,0.6000782860335021,0.2142707022293436,0.5421672974357536,-0.8412001285314571
43.0,confirmatory,0.5817333317233052,0.43165798995325616,-0.38577968359345516,-0.8607142646920961,0.9508568703809723,-1.3313186913121342,0.3898504483039261,-0.6137365909992181
44.0,confirmatory,-1.0699937591959707,-0.549442564760251,0.783669170191311,-0.17827714160645108,0.09261564745164533,1.016358340939708,-0.040620213857287084,0.2562265246007342
45.0,confirmatory,-0.8513200752644252,2.8233213080998167,-0.43599494653578846,-2.427910322405891,0.6928299629315235,1.219203575496445,0.9054452055346506,0.6617955634055641
46.0,confirmatory,0.06882760482549938,-0.2493740713735166,0.529442920771967,0.0703714185753694,-1.1432237345484686,0.6599963534965041,-0.8125865091840715,-0.6500457643050266
47.0,confirmatory,0.7480672422737038,-1.3543833807913865,-0.13183590201116885,-2.4930328996806264,2.314199123703591,-0.026542583059649866,1.1757407998449783,-0.45703840164173526
48.0,confirmatory,1.0125665696338895,2.5379712035567645,-1.0807556948695387,-1.1512485800966292,-1.0470662812889966,0.10312721490598756,-0.7915884547801953,-0.6341956822049621
49.0,confirmatory,-1.1464661330015868,1.2601798820231878,-2.5300564285019207,0.7073409932148537,-0.7519049652305486,-2.0405206277446397,1.5884271987979302,1.1634688362505803
50.0,confirmatory,-1.1313652026336363,-0.24253826971379272,0.937370342385153,0.21175148034069038,0.7007889691445939,0.6484299427716674,-0.3507976453597824,0.11536813698896264
51.0,confirmatory,0.31101212367957154,-0.30197448920103487,0.2628077912569898,0.7442672342169571,0.5006908422587433,-0.1165178090412108,-0.9449863719602358,-0.7832181493849839
52.0,confirmatory,-1.3598899633571906,-0.78303860211718,-0.38258731714983596,0.22150151773419294,0.19452544296702787,-0.7033594350774477,0.020600613620085865,0.4181675747375235
53.0,confirmatory,-0.872683663042987,-0.5033588235404067,0.749447563180095,0.20397934779027935,-0.7780485639329493,-0.2731657266164193,-0.2173938828178875,0.11939465891103157
54.0,confirmatory,0.9947847429703686,0.7983143798696072,0.26328486798090056,-1.6524964438056116,0.4175058731473942,-0.28195113871342314,0.34581202476179346,-1.3621919604060948
55.0,confirmatory,0.48641639651028545,-0.7849149678906528,0.41484777098851766,-0.5210949389044724,0.6307272440403894,0.5547286847507742,1.1386961845132544,1.9343951851703713
56.0,confirmatory,-1.0730193208519787,0.12424662232274315,0.9191391511169174,0.049662962797713095,-0.49825570570613026,-0.58260503400561,-0.2832978206604418,0.3666487249416847
57.0,confirmatory,-1.0824915883781312,-0.2828446839821446,1.1190948302971433,0.13599196138787978,0.16002666316752814,0.1862444888622585,-0.2206355492870957,-0.19488319796439968
58.0,confirmatory,0.7572491249090758,0.7941527171486106,-0.6021895627847335,-2.2788665978886073,-0.7883504751624737,-1.166382606141919,1.3796728129620226,-0.803348853626874
59.0,confirmatory,0.672131676384082,-0.41992090583311464,-0.6408927908365185,0.41931797926127795,0.9904425300243717,0.24070072643250845,-0.7128806957837528,0.021816776852921237
60.0,confirmatory,1.2716299722398474,0.8437801685882292,-0.26428465173690974,-0.8799852120005613,-0.05194356537046315,0.31366977284524244,0.6811707993907078,-1.7798743447757066
61.0,confirmatory,0.08777500008166346,-0.08341728183836204,-1.374332202508183,-0.7793413229943386,1.8934065336730976,-0.814026786111982,-1.9416037116649465,1.164006436382649
62.0,confirmatory,0.7475179557518242,0.7464212148051319,-1.773173672750942,-0.46861773413541685,-1.3720361298040156,-0.8662504446214988,1.3712838248492805,-0.7402356858364113
63.0,confirmatory,0.8578271486101602,-0.17701717277682882,0.1483781574964521,-0.3066230664932602,-1.7746503306885426,-0.17832530894153753,0.9705832732844625,1.586201028442075
64.0,confirmatory,-1.019533701240913,-0.05495709701053553,1.130944562716924,0.11984202103689094,0.6331280906323564,-0.5466439975661406,-0.32873146991384694,-1.032979166357643
65.0,confirmatory,-1.3004007641701132,-0.5003811275779502,-0.38153594971496213,0.8881565786680861,-0.29941348114017985,1.19569121136779,0.9461169317547433,0.6612234696618499
66.0,confirmatory,-0.8045183252799899,-0.1301263964013276,0.9301508074122836,0.190208478609561,-0.3642122261208024,0.398271353366239,-0.4090058155433913,-0.2230094438573139
67.0,confirmatory,-0.2169155823485057,-0.620684899532963,-0.008887923850856037,0.7601709424514901,0.7193555736511791,-0.4138026362586912,0.5155354880829336,-0.9464609849539387
68.0,confirmatory,0.49325172792380756,-0.07375076473190136,0.09730233505872043,0.7131318260374359,-0.8856089285276283,1.4333841068820314,-1.0848559465046084,0.18902726895637184
69.0,confirmatory,0.3071810535213337,-0.6304913134321253,0.04442824725575028,1.1789413781997093,0.5406245836827676,0.27978382805115787,1.3943904975479025,0.9994699257130822
70.0,confirmatory,-0.08820897599855261,-0.1263354681570088,-0.12725036955242564,0.8937222855810639,1.3810951050105396,-0.947627255974007,-0.1845675004284049,1.089157354678155
71.0,confirmatory,0.7637624863199428,1.827603032716534,-0.7678682753512907,-0.697543181660169,-0.9582018984655665,0.1705076640611855,0.494520960790621,-0.32294100551509247
72.0,confirmatory,-0.008921995061339658,-0.5305249667316952,0.227333669631081,0.8519846569170696,-0.05151840197128157,0.5485751938003987,1.1858880383748964,-0.47238181282177316
73.0,confirmatory,0.5895841382887534,-0.9207870164625189,-0.0021549644740603184,0.5510422333954847,-0.6743547756254179,1.5015430336479674,-0.9024480116468285,-0.4125403349758991
74.0,confirmatory,-0.3435898473190016,0.05690840188693729,0.12505420199350561,0.8850975108071324,0.3212513545116441,1.097198601760044,-0.3159356376355562,-0.872740416024344
75.0,confirmatory,-1.2148673120642342,-0.37215418595153665,-0.46232090174646423,-2.6159701392410817,-1.3729609742559252,1.8540912356643466,-0.468645533050513,-2.6204558921889283
76.0,confirmatory,-0.7014319891214175,-0.6053006260488419,0.11666362771191803,-0.13799595958040828,1.1586121477725722,-0.7862423872348996,-0.7912166616266544,-0.13841082518766745
77.0,confirmatory,0.009285530708355628,0.9251655577664901,-0.270934363782264,0.6559736035202227,-0.24846869808361424,-0.5105950258422691,1.715319723594125,0.5109026838392159
78.0,confirmatory,0.7846874674691641,-0.9015836098525364,-0.35376063158586996,-0.7268806141658671,1.7368390304017416,-2.039368834569772,-0.5559815985597496,0.9946798302744645
79.0,confirmatory,0.8425345329689357,1.3842316005083735,-2.188084379379102,1.8413116517577623,1.2481243544577214,-0.5101003083965691,-1.1991389612125405,-1.0406704839540044
80.0,confirmatory,-1.0081743385023414,-0.19116908059930043,1.0736234273247942,0.050121013960545184,-0.30511908885048605,0.3009316250203913,-0.3151398357067276,-0.6477661534320301
81.0,confirmatory,-0.006462490590793155,-0.1429378351854639,-0.004080976696338361,0.5668713978077461,-0.0023247503530855586,0.8614888851014331,-0.6472884581404248,-1.0327074127997853
82.0,confirmatory,-1.0284797579833884,-0.335870791624046,1.0659445048977532,0.033647126661827224,-0.3071831063336515,-0.6085546690106389,-0.22173401236818105,-0.05161656059795928
83.0,confirmatory,0.9963616170729088,-0.5319327124035261,-0.46056170717874095,0.591408337952069,-0.5434869956759582,-0.2744698758924652,-0.5917446823281085,-0.4002721682655506
84.0,confirmatory,0.31110601440800534,-0.574331865089179,0.40206592037908695,0.22908705493513756,0.20575445380645113,-0.2284155873961924,-0.8402854039207734,1.0560084636295413
85.0,confirmatory,-0.4633876673095762,-1.1911530250535711,-0.24076629896242563,-0.6664940716317074,0.9558361509015992,1.7688944052461035,0.28045805614965913,0.6459479446668441
86.0,confirmatory,-0.28734713180677074,0.09745832234428455,0.7988661414795291,1.0256627447626654,0.567213309386565,0.15458798799229886,-0.1371775132853024,-0.24296445562307964
87.0,confirmatory,0.1869964712879989,0.1588546276220983,-2.635094282313015,2.407177899469594,-0.5164025584837189,-1.0395149509046102,0.9107495844750781,-0.8411553387266085
88.0,confirmatory,-0.8423562089421,-0.024227073769074355,-0.7864031901189862,-3.15295344740127,-1.5433670549234841,-0.35837186424926726,0.8590353166151059,0.7510929582077075
89.0,confirmatory,0.8757644357348838,-0.21114103414216037,-1.6251250441714746,-0.735101080347335,-0.1393030193651468,0.7713231969520019,-0.5982333374479909,0.09363367534057657
90.0,confirmatory,0.06398943759490418,-1.560240231131325,-1.4524943602959794,-1.109629159200561,0.10398379508436616,-0.5121595400343901,-0.7556345280421825,0.0572593349688451
91.0,confirmatory,-0.13636600444430622,-0.6237882629172964,-1.1754693630240238,-2.980944235884273,-0.6172467138864639,0.10440915572195406,-0.8719577839096626,0.9382640765759473
92.0,confirmatory,0.3748317781649236,-0.4906773267123869,-0.05924230947225346,-0.7337371416736153,1.1879905130779136,1.1264305126031682,0.5011549007098184,-0.05759161344445156
93.0,confirmatory,-1.2324617693064839,-0.4960648598228351,-0.321910702319291,0.580027863020246,0.13917764114903738,0.19723653257805837,0.4944657974326161,-1.1011751013552586
94.0,confirmatory,0.8180744806718743,-0.2288418887854426,-1.1978873668999466,-0.24929281511316778,1.7101729869477973,1.3317929640035835,-1.5310727759923377,-2.2054342754835354
95.0,confirmatory,0.8894700267325394,-0.4819778277310763,-1.6300801374695293,-0.6234339839860717,2.131176795068809,-0.7666347154872049,0.7872818413876186,-0.08328747647427526
96.0,confirmatory,-0.09342163052791032,-0.44091745690445744,1.341668998484102,0.4374735092773197,-0.6520178040099178,0.247714003535028,-0.3529672746968909,-0.5511607715040082
97.0,confirmatory,0.71309447196521,0.012094382112593048,-0.05125335088021774,0.0028522442632487144,1.9893549420012375,-2.0051558658263966,-1.4305382809324367,-0.2325974262776947
98.0,confirmatory,0.700381405865501,0.0502399662000892,-0.37572485636312863,1.4851173038412555,-1.138892360845279,-0.4138745575435149,-0.5306634477163844,-1.256820223747842
99.0,confirmatory,0.21717595749624352,-0.06548536193752089,-1.1844214678437366,0.43855355046490074,-1.7163296314036336,0.20347486478723129,0.8487518283813064,0.6173891063284642
100.0,confirmatory,0.850534417852319,-0.8191022438220542,0.7811786341634454,0.25358833777232814,0.6046120288457817,0.9691309182646177,-0.4896985034529828,-0.2818140500121911
101.0,confirmatory,2.7304983684602857,0.29298747461382363,-1.145245134709951,0.09876827481885125,0.7257572990466722,-0.5687940470175549,-1.7672015584365313,-0.827782133340227
102.0,confirmatory,2.579594706439757,-1.734727220253729,-0.10339982427931148,-0.8941958952113948,-0.547148009545004,0.6174972257732092,-0.25519552942120266,-0.9774829503000712
103.0,confirmatory,-0.9136820849485705,-0.16455876348288304,-1.27816732520457,-2.883400302650875,-1.5162712914594345,-0.06217030593748043,-1.4191210239763181,-2.000956614382695
104.0,confirmatory,0.048851509501588876,0.6744960261659186,0.4515484855588136,0.6425566023809712,-1.275518481425234,0.620045673549075,-0.40264564491027477,0.3429973402401227
105.0,confirmatory,-0.6565597435909059,0.4417296304508865,-0.32015246835427846,0.8595778665058025,-0.08907693253607805,0.15657281914540816,0.1645856422438013,-0.2253294320139031
106.0,confirmatory,0.137076704439125,1.1599389696721805,-1.3795417153775735,0.1395341544832929,1.7195778777506088,0.1562734588003749,-0.16961825238314007,0.7479419765681256
107.0,confirmatory,0.22095016098431675,-0.24643365403756573,0.24579005199448506,0.6635724188299077,-0.38624982209264547,-0.9037608237643859,0.0664654996873407,-0.4045048343517106
108.0,confirmatory,-1.098547910470087,0.9463592627318046,1.283764515209421,0.2781619153899143,-0.2290445877556439,-0.23865509946892827,-0.09709724840828891,-0.2997637786887533
109.0,confirmatory,0.4470262646673958,-0.2521956087836806,-0.8019727474219975,0.5405824586309768,1.4907291618191838,0.3518355104097629,2.1484092625209876,-0.456149220622178
110.0,confirmatory,-0.22755748599182424,-0.858547704727168,0.6611137755611491,-1.183408713133056,0.7760272669484466,0.8094525300547825,-0.8280142972654201,-0.6082178586685649
111.0,confirmatory,0.318513737643744,-0.2788461008499972,0.8055559186566916,-0.8237280530107939,-0.6351676679931667,-0.6794502400278963,0.48353485101097715,-0.2820214994433371
112.0,confirmatory,1.2609228197326428,0.9858613278647157,0.9440278736128114,0.25127622027429564,-0.6390588153047413,-0.22095721625601827,1.261024216344969,0.725443284655991
113.0,confirmatory,-0.10965367158886767,-0.28232667325020594,1.0547098341280055,0.24974342420460244,0.19581201131214568,-0.8170423370639287,-0.6813984501223924,0.1599411502754775
114.0,confirmatory,-0.6004001152445622,0.3291965398426184,-0.7501492017212557,0.4006502151124096,-0.23698922082210416,-0.9847376058223986,-0.8324303699979253,-0.2185083260397355
115.0,confirmatory,0.5069894774538277,1.0654725474758031,-0.8754511563991675,-0.6236666927863327,-0.5067895291830212,1.573063034437713,-1.9010624592234717,0.7683933845029984
116.0,confirmatory,1.272811132725633,-0.03668793114439369,0.3582983782403165,0.500689484603421,-1.5917691990563505,1.1217679853855165,1.9260372728814419,-1.7268004630775196
117.0,confirmatory,0.49204307715542656,-0.6845452489610339,-1.163702868652756,-0.24697615929379838,0.8322666775441875,-0.050496441020279066,0.7233564034108898,1.2883293333108607
118.0,confirmatory,2.0727224051624042,-1.3730771984953662,1.6677710782835204,0.03435694176710916,-1.0285246266971124,1.7708997732995868,2.148556542039335,-0.48463589477960184
119.0,confirmatory,1.4356479502791237,-1.258979572667082,1.3577851070979696,1.1795825984669324,-0.626799518818603,0.03427129231699891,1.3712682493246098,0.3230471647839307
120.0,confirmatory,0.18526922264271908,-0.40213130419533066,0.5975898354979219,0.5671701688159262,0.07749012043160161,0.7330885160086209,-0.8947280660001873,-0.11581558594017824
121.0,confirmatory,-1.1343901089710584,-0.16717106895570347,0.8984431031462916,0.014484597986440868,-0.5402154349409021,-0.5915542095516275,-0.03495890353451249,0.3802937438537081
122.0,confirmatory,0.18401649023333008,0.6412689192355124,1.5975269893338822,-0.22091970780535894,0.03757743062231666,0.2774452827561549,0.07780320323261479,-0.9796090529616844
123.0,confirmatory,-0.5416412589942635,-0.5336377899285719,-1.4006518167221103,1.0339719236876812,-0.24118422221484542,0.6801681774386196,0.31122334572478394,1.2682427289329887
124.0,confirmatory,0.7571556884792123,-0.9730599966470302,-0.6605840953126068,0.4892043804709084,0.39390677137358976,-0.1535004213083217,-0.9135215247765628,0.2789286114384527
125.0,confirmatory,1.2409648965336493,-0.2744787650998325,0.13245091386973631,0.8771131748407112,-0.15703083828659473,0.1903889738813208,-1.5012762196812037,-1.5277290801985666
126.0,confirmatory,1.185927206550289,0.857250602609199,-0.7927224083808636,0.25803981246625596,1.517015341903884,0.3236174146659767,0.3586979763732945,-0.053572973422560975
127.0,confirmatory,-1.3984467858123344,-0.6429304928341969,-0.5114107072188774,0.03938444463341824,-0.6565796466800308,-0.644264016548679,0.38114551180908285,-0.06200977243023545
128.0,confirmatory,0.4359179250228735,0.32544974999902304,-0.3340946191358757,-0.6298191834942831,0.5425648423079745,0.39830940678818877,1.8665199967554316,-0.32552703520197257
129.0,confirmatory,1.145431070853976,0.515205670547483,-1.5544331368781708,0.1629806823496644,-1.357666486589332,0.07847828544307348,-2.071442023671712,-0.07090991043429758
130.0,confirmatory,1.4070523165881599,-0.6435952973960775,0.6152891905319108,-2.237121478354383,-1.1121057758207258,-0.3506193063663379,-2.6716347386360275,0.4760208403966541
131.0,confirmatory,0.8330150133004222,-1.123983801569574,1.0360098236095265,0.5542279437457346,-1.0471919740505,-0.8577456171492528,-0.46349498596140715,-0.24815278243500938
132.0,confirmatory,0.8936467548827673,-0.040741368100877584,-1.413455089533519,1.8709494351957079,-0.30824613119365163,-0.7064694673554621,0.7488024949326317,-0.6344084072870785
133.0,confirmatory,0.5694959558377194,0.37097189164013844,-1.9590795619409949,-0.19274814835613072,-0.31167876742307027,0.6024810525080049,-0.4575517123299028,0.05836977724118059
134.0,confirmatory,0.9225447614505197,-0.3114862095020299,0.49258338885647435,0.5734561562535012,-0.15875782135024347,0.048178981507623356,0.7900843833429837,0.3873891256091682
135.0,confirmatory,0.703342536332783,0.012440072889094865,0.1643148279537761,-1.254238177731041,-1.129987476698367,-1.0049300746257583,0.4129355086010529,1.333246298119995
136.0,confirmatory,-1.2905850432705777,0.39489436470419315,0.30218048252123014,-0.1314814457843119,-0.9906291018673855,1.1177993583444703,-1.0225533832815847,1.4625448301353334
137.0,confirmatory,2.263288686379834,-1.8333428452598401,0.1342475846495528,-1.2542038181680208,-1.1734942051126491,0.20438805248309205,-0.7702487518351252,-0.884951287015401
138.0,confirmatory,0.9386616522057797,1.1922632220004934,0.04065148949206369,-0.8046062288589543,-1.7437461641632073,-1.313948473613947,-0.5721010707060806,0.027799726848909297
139.0,confirmatory,-0.3127897024046691,0.4139318596408351,-1.5884674425696663,0.8354344710205414,-0.9515536101270314,-1.7778715173928548,0.31768741641999015,1.04315010492328
140.0,confirmatory,-0.465555648562142,1.8173124236550497,1.0727449523207273,-0.10772647648887909,-1.1611306808354858,-0.4108066159988214,1.0229358902430252,-0.8846848902378158
141.0,confirmatory,-1.3968245934944832,-0.33490248317293575,0.4184491581799925,0.61783707526329,1.7085708885115276,1.1075936393316719,-0.017820522936768453,0.00995837564455126
142.0,confirmatory,0.3705452306091857,3.235525201168617,-0.29803640440755574,-1.4820067946953537,0.5103129199803261,0.5973444357006944,0.7332044762870699,-0.4176360856071821
143.0,confirmatory,-0.06639115870928597,-0.38869355700037334,-2.364386658632543,2.0598697216918826,-0.5316952266861965,-1.505230393697704,2.0444450448925298,-1.167551912715478
144.0,confirmatory,-1.3691550138075943,-0.7145099612294435,-0.29742298651307936,-0.03583410283418286,-0.43927525430769665,-0.029378361835598357,-0.1040243590895205,-0.45100744902055895
145.0,confirmatory,1.0622061610882172,2.5975080298840485,0.4935517039469007,-0.4079825298916737,0.14644623480163957,-0.5125865313634719,0.5385382759097206,0.5238696443922546
146.0,confirmatory,0.4083086996101965,0.9249103798138049,0.4393136728945285,0.4689864025614034,-1.2607306594968417,-0.779922634697517,-1.654696229549304,0.5408190662093171
147.0,confirmatory,0.6819598250668331,-0.7206995668747208,-0.12695512557725755,0.8080848254733851,-0.26576266296074236,0.15468400702349072,-0.14673564392821628,0.09001562217120383
148.0,confirmatory,-1.0954367368959181,0.6141872021940794,1.2627642442347924,0.004322930705832526,-0.6774199675102658,-1.0322510341562536,-0.6741946772350046,0.41473588628787883
149.0,confirmatory,0.9953134520041127,-0.6055361322878824,-0.23340173341743314,0.03663891313603446,2.3008881408629067,-1.8852678909283078,1.818934860286449,0.6194459990933203
150.0,confirmatory,-0.6086159924635173,-0.23755183463175777,0.9041103162363909,0.4054876627641589,-0.6719477940257075,-0.6780463645112653,0.40776118561036556,0.7004657029488276
151.0,confirmatory,-0.10921210671675305,1.5313590634008445,-0.031121364750704344,0.4568042605214444,1.219729022878267,1.5573594765043104,-0.7543210283461422,-1.1714574329546745
152.0,confirmatory,-1.2857176551518088,-0.3282105585215408,0.7093386545214713,0.32304883544388435,0.6474247467207386,0.28601568732169136,0.16255252679711152,0.011901094789483204
153.0,confirmatory,1.2853752666469795,-1.4787353048436134,0.03333054180314301,-0.742623104657473,0.5683809093677339,0.8872531892077231,1.3831467440948273,0.4144721145304472
154.0,confirmatory,-0.656300109796804,-0.27433608376467666,1.096684883021487,0.2508356668613909,-0.8936797947183895,-0.07484771122933082,-0.13194567111437308,0.22711473789591594
155.0,confirmatory,-0.07372618540465767,0.3139966463913485,-0.6939340014081337,0.8844963859836291,-1.2458492817066402,-0.8957847357512332,1.375734676389752,0.6230004382876858
156.0,confirmatory,-0.24327290386005765,0.37880865445354933,0.7427796053000179,0.8011054272926426,0.45423104812189097,1.2796988412392485,-0.1595093515348134,-0.49000859672912167
157.0,confirmatory,1.1617935582108918,0.4269195727678159,-1.6379608678119149,2.6228956153678187,0.8012926226008029,0.3512487856301385,-0.300225041370974,-1.8667478003176412
158.0,confirmatory,-0.9084499567585718,-0.6353164318000368,0.6369730250342945,0.31004773344693015,1.0944857503744736,0.09384777042147878,0.10526842353421736,-0.23688703719313445
159.0,confirmatory,1.9698171796354906,-1.8471684248011484,-0.8408529241941128,0.9804505346833641,-2.488502090718681,0.15997588645831595,2.762151124117974,0.068682890175744
160.0,confirmatory,0.6170816237716691,2.1023659922128775,-0.38220860942547996,0.09123334042925724,0.20958705427096497,1.5923241323263702,1.347669718370008,0.305869762730348
161.0,confirmatory,-0.20881040206801538,0.8676903898056485,-1.6434963326512566,-0.29321614988998973,0.6627421632734667,-1.827016058065361,-0.30603721126921574,0.1132386468040149
162.0,confirmatory,-0.1856056512779359,0.5550598224711121,0.4185209256907682,1.0629559874208134,0.6024193469518434,-0.37479833518730404,0.7747882964420486,-0.20865793529564397
163.0,confirmatory,-1.0624299413010443,-0.22821969619802415,0.8129656618723337,0.24302443018184078,0.08168647786801049,0.16107526541834893,0.19576194654665918,0.318278319483379
164.0,confirmatory,-1.0726311893998408,-0.3185274243421,0.6053331085356197,0.2191375443886999,-0.3050436113469009,-0.8974895781641012,-0.35040046220985516,-0.016655630160354623
165.0,confirmatory,2.1332015413649046,0.8767057852645276,-0.06663927529305735,0.6183120795463974,-0.19371539105643676,-0.08444558896815604,-1.3215224633766762,0.7547283501333071
166.0,confirmatory,-0.7368073732789163,-0.4421795661786587,1.08713468285902,0.08590807779973325,-0.7893091914575874,-0.402464271918094,-0.21271403341533346,-0.1541262220885171
167.0,confirmatory,1.0990878091164855,-0.8038627540600914,-0.9331187078939979,1.4456948886032668,-1.3160210320020191,0.29466309852534034,-0.6030880387430809,-0.37278015331184366
168.0,confirmatory,0.5629702084012009,0.28444521731214933,1.2997591243726063,0.3470150704817707,-0.21944828151464027,1.1029665788790537,-0.4995959546372856,2.898494848510115
169.0,confirmatory,2.5275089144807534,-1.005362162595128,1.3933170554460061,0.2524936359328231,0.6036474501002248,-0.011009591263961902,-1.2552052996924188,-1.3346698701892963
170.0,confirmatory,-1.0423224050829127,-0.4347957749928705,0.7427466739238134,0.030642757410907814,-0.6402845580424288,-1.2341080447834467,-0.2008599124442516,0.10183059410102763
171.0,confirmatory,-0.42931732977565856,0.6622895265661154,-0.16712917373692027,-1.424142871803396,0.8980082111363226,0.8460621803524707,-1.3407481393714547,0.5059632446056294
172.0,confirmatory,0.19885052611913967,-1.2839125369963815,0.5856431513686469,-1.2905089859427081,-0.907570084560405,2.48585335618255,0.9527808102695391,0.6915351132580904
173.0,confirmatory,3.606031766444996,-0.4714687413411028,0.5932884917337755,2.064799872628294,-0.15044155761438216,-0.7820812638469525,-0.4012567594431824,0.10448219220770896
174.0,confirmatory,0.018843001099441946,-0.11156733249134031,-1.0176566455863867,0.9468651120543123,0.5640817646128455,-0.2651558772373152,-0.9379261604279332,0.6052526765264561
175.0,confirmatory,-0.09513176574649519,1.7883793237706627,0.9230212526479078,-1.1684243972944286,0.553365859415863,-0.7421399755044571,0.8979744368425502,0.11593444315023238
176.0,confirmatory,-0.6434742681686512,-0.5626290526566322,1.1169681696164597,0.1710889127731196,0.2621568058004586,-0.11910517284884806,0.39567488206097123,0.12720039370975222
177.0,confirmatory,0.6756895049901084,1.047070550378903,1.352302730248643,0.8824103999207611,-0.08869951382195837,-0.08957587619762686,1.2332039671223902,-0.9045662305313165
178.0,confirmatory,0.5460813283894052,-0.6630192741003892,0.3360371787779006,0.13553666212039722,0.021579086452323027,2.9395338891053004,-0.9468725096850342,-1.3922104962009856
179.0,confirmatory,1.0066485172955872,1.8557552336752887,0.151748512665553,-1.6217936900213255,-1.4202518597374625,1.5193296861375922,-2.5669144401831554,2.063235292859235
180.0,confirmatory,1.2956082905606408,-0.5267557969384504,-0.09571616296726798,1.2182198235073844,-0.20532383891834902,-0.08479620539299103,-1.0971139868502868,-1.0348836476559478
181.0,confirmatory,-0.5836154276426668,-0.8242057371271555,0.08816057494834373,-1.8560396022174195,1.7642257953575715,-1.2224245276056294,-0.18395144366877544,-0.09058051957174157
182.0,confirmatory,0.39596249140372797,-0.24652144045333318,1.2259978658213055,1.0308334041442508,-0.7812064684721577,-0.14267917305548908,0.9068506034376839,-0.6846846706132773
183.0,confirmatory,-1.0306330301486886,-0.09376819153413157,0.8460705941363825,-0.04102360971153306,-0.7609138243118526,-0.3333083457587717,-0.5941842728131839,0.03370260471734043
184.0,confirmatory,-1.719847378799702,-0.43981211802085446,-2.3067693619540477,1.2970823856503202,1.4505770749846123,-0.0775872999237746,1.1376507351922536,0.04069852345485379
185.0,confirmatory,-0.8037997023239705,-0.31568099398261473,0.6188202949451576,0.22750003276259737,-0.002464848572497513,-0.6201589086356379,-0.03472884158384418,0.3475977077619391
186.0,confirmatory,0.6330577000008485,-0.3365146258298905,0.021139548192960676,0.9282736429771682,0.5340124025931607,-0.6867493908122776,-0.4018507986838442,-0.31890197063031184
187.0,confirmatory,-0.09484262821529506,-0.3233656277181276,0.9249296840712952,0.5624580109880151,0.3906827974335317,-0.006501802525381634,-0.5872323498946824,-0.8634319556272433
188.0,confirmatory,-1.3404056452383006,-0.32030779397434467,-0.16039149540895095,0.1664774539931921,-0.9383880273419267,-0.14954987683527363,0.2577735765359776,-0.3341968190376477
189.0,confirmatory,0.159121976581475,1.1506400715493075,0.8085482543484995,0.9036089268639864,-1.4568007340892764,0.84484598734318,0.0748494780732727,-1.3274549435846341
190.0,confirmatory,1.7055614662510938,1.199949582986537,1.5848427455880763,-0.265870585650064,-0.2110922774646517,-2.087845950545807,1.2527557960698257,-2.5024819119959
191.0,confirmatory,2.0491859193905677,0.7930495080362793,0.11055931764598802,-1.4761597521094356,-1.1411723071246536,-1.7791291163128091,-0.36618878667179194,0.5123636098614995
192.0,confirmatory,0.0738702155630301,-0.8177843642251572,-1.3545170876835464,1.0623945586988661,-1.0884865974411735,1.211566625886062,-0.5779595384151014,0.7879395880543416
193.0,confirmatory,-1.2954049005307076,-0.48252908632047076,-1.3110153782631924,0.7594912132711852,0.1775518896174848,0.09301223790769199,-0.27327784563400376,-0.8777140029891879
194.0,confirmatory,-1.0233296906636153,-0.09031556546439992,0.9284415921775131,0.37705117662805276,0.012718692377585083,-1.3238635114613297,-0.01742050256646243,0.04977403466389577
195.0,confirmatory,0.024724731131829002,0.049359880483915486,1.2412733711613806,0.42216829034457526,-0.83836864521724,0.22110320548376394,-0.2928642578109159,1.4899679125246974
196.0,confirmatory,-0.11903512185407857,0.28214131713341445,-0.40033250691109923,0.707106476561307,0.8403526799163549,-0.15477010831073232,-0.07363642221994542,0.1451465146223683
197.0,confirmatory,-0.3181238192756402,1.8286388657625092,-0.7429583549822332,0.5742535099475776,1.9727463862172825,-0.35890603702570645,0.8089852510158088,0.3057941645113185
198.0,confirmatory,0.16325819706892014,1.9474588956477632,-1.840632134379115,1.4873913803422962,1.1500831364173225,0.4290492201675348,1.3011967176180372,-1.6509555532757922
199.0,confirmatory,-1.0233034155563685,-0.3178996466320069,0.5023348957635132,0.28900909504942773,-0.13886242370415353,0.6499340924208221,-0.4506911078005909,0.09380855829232901
200.0,confirmatory,-1.0449241484720722,-0.2580982333183431,1.116562021417084,0.05650716768065891,-0.29158507993245286,-0.4899508028058429,-0.213819446794989,-0.37064644758129506
201.0,confirmatory,1.5305074284973545,-1.027167039537503,-1.423320435466204,1.5190442733830667,0.4664816447738289,-0.07381875588166054,-1.3309831001756853,-0.705668245860544
202.0,confirmatory,-1.4020921983372832,-1.010774096192676,-0.5979582236246309,-0.9272446666047159,1.1985812949318562,0.8095781330017846,0.38435564752173657,1.4245000923914177
203.0,confirmatory,0.009347547929184002,0.3887613338342934,-0.10045086852284645,1.1262769462082869,1.7525377795902024,-1.8966840676096102,-0.10593278924224583,0.5615402094514601
204.0,confirmatory,-0.2709405207291508,0.34944483525102893,-0.5587070826460393,-0.41382020934050223,-0.13218427009971923,-1.0070808827965294,0.23523635110528546,-0.371633417485949
205.0,confirmatory,0.6927092296479682,-1.0846651124404487,0.03556962872404201,-0.5229493501041182,1.0630834189132727,0.22643635480167215,-1.6772596599789524,-1.2418704682001172
206.0,confirmatory,-0.5460120214463272,0.8776072448455134,0.08816197579075989,-1.8429868139091414,0.5226322790694148,-0.34098457625334133,-0.6843812750499426,-0.6635943126338122
207.0,confirmatory,-0.08531535179720161,-0.4315953578972114,0.6627089998686351,-0.5306971353131105,0.09649249131935773,-0.41759670946557903,-1.2452779763459068,1.1272543258151573
208.0,confirmatory,-0.21906576030916466,-0.37188622180670045,0.63881746785595,0.6526099866807114,-0.07770858777956763,0.07372762968810578,0.3278722148383655,-0.6087999282512968
209.0,confirmatory,-1.3106867011398682,-0.004896780503189211,-0.9945251336622077,-0.22043320267013167,0.06745219528204276,0.7788509698030194,2.7424636078021587,-0.8303457458805378
210.0,confirmatory,1.5696764109183612,0.7197917210860856,0.8300683778491997,0.1672424116662958,-0.09674636098220764,0.3013872184822896,0.7351267675521275,-0.6216168951908914
211.0,confirmatory,-1.3817596059644375,-0.17020978323354388,-0.16119829433260532,-0.18766753239785633,0.2927776645020675,-0.5473725379974642,-0.5531345030960706,0.8778852723367612
212.0,confirmatory,0.3490235685796867,0.3001365719162811,0.41400337269222975,1.2543832680514366,0.29786031167010085,0.019662516451568232,-0.542547857710684,-0.32585373074351814
213.0,confirmatory,-0.9660938460133223,-0.8402753676368536,-1.538118251482808,0.7836455920294316,0.13473648091618906,-0.3823200776505041,0.7473592507259972,-0.20366438401353873
214.0,confirmatory,-0.15717730225238946,1.7481041551028362,-0.6016468294941955,-0.9903497542027294,1.2783722003666331,0.2478832996399513,-1.5369583332290335,-0.40521090603769727
215.0,confirmatory,-1.4223058732398053,0.44013166650998875,0.7365248192508516,0.09836113068044941,0.754048247323695,0.04697284318799273,-0.27591311791542156,-0.5702389194456388
216.0,confirmatory,-1.2867494603011358,-0.171995208644468,-0.4496338902593887,0.46578789269815585,-0.5818662352847291,0.1950247421444572,0.26991395724877715,0.14700416587601875
217.0,confirmatory,-1.0559328446731706,-0.2270259017259983,1.1384144739302497,0.07668179394555287,-0.30075949082503356,-0.10560130725535438,-0.2177579104658154,-0.2232355430185774
218.0,confirmatory,-1.0917285066019158,-0.3866608340258031,0.6973333524336789,0.17085653365876682,-0.09497137519429505,-0.7980566342185487,-0.22495512818963553,-0.030509598335822848
219.0,confirmatory,0.23671832957346312,2.865030612030451,0.05628706128747236,-1.0105081855255382,-0.06508791089198822,0.24615434980418846,-0.35733862430581337,-1.600301035404999
220.0,confirmatory,1.0855661130551408,-0.7472046081161816,0.6891065451256634,-1.942942599223421,1.3130183516977532,1.6899414779450315,-0.9274923696208449,1.1863620156680497
221.0,confirmatory,0.02635932861561256,0.13839626813784295,-0.42761877030242346,0.9819523738292415,0.2875250597234556,-0.5982778427761399,-0.37288291908661797,0.5387972377751956
222.0,confirmatory,0.5115851367393118,-0.004725538564421813,0.5370282038240287,0.015866266332546477,-1.2842480432649201,-0.8718019045104323,-1.076593010561931,2.5973817513851962
223.0,confirmatory,-0.4140146844074596,0.011793705066648062,0.21088152755837178,0.39230061368470515,0.2870778321096124,-0.15316563359488217,1.189647148883788,-0.527958149481291
224.0,confirmatory,-1.322034722121854,-0.1612056035845681,0.1680481836375169,-0.2716646141772999,0.5329306562628878,-0.08246048124776474,-0.518313126947956,0.17430753911786348
225.0,confirmatory,-1.0290711601195799,-0.41387717929213447,0.7650071343959789,0.0024079865152960346,-0.8428272140515489,-1.2148689525418686,-0.08098675794085974,0.7364684214670048
226.0,confirmatory,-0.7022673762238733,0.7257252065475557,0.17113169069454862,0.0016945697464969933,-0.7773913026408867,-0.5313584425732052,0.9935507379142074,0.1608187036394595
227.0,confirmatory,1.26684095510287,0.44507028030569773,-0.8693898398578328,0.28049554705490926,-1.649334990436009,0.7198785684854635,-0.6256764361219588,-0.9248844113379786
228.0,confirmatory,0.06354727366779556,-1.0061549435458503,0.04993858165852638,-1.5090199687910486,-0.11537384145675905,1.1747582324511392,-0.9737511153615879,-0.4658548337272942
229.0,confirmatory,-0.05992157429272532,-0.21396880447894162,0.444431540404626,0.7054852867244809,0.20298851178962815,-0.20637714630853085,-0.10267483755035393,1.1032186564267408
230.0,confirmatory,0.3543528663692397,-0.8026488356245558,-0.3344403718483905,0.5605951642637019,-0.3777757079767774,0.9522974361776,0.2430502454920021,0.5808312173539466
231.0,confirmatory,-1.3906941836623556,-0.3574807527253515,0.8916881788765725,0.5320418274379017,-0.1710141692226163,-0.19004085459435646,2.1323442491037916,-1.044243561745871
232.0,confirmatory,-0.010494443398011942,3.1725331481712193,0.28569263706066333,-1.7961929573013649,-1.0000017881491003,-2.20192935570682,1.0956660298570151,0.02373992930238517
233.0,confirmatory,1.59809688786579,0.6007559729426702,-0.05793310135751398,-1.4865313596798582,0.7537492711278936,0.573190706899218,0.8604922077983063,0.4405888778025053
234.0,confirmatory,0.3598671638473511,-0.5552517280538797,1.2942814800273796,-1.0083306163800791,0.25859407590690026,0.20243242538926656,-0.2648950673427211,-0.06299381449500117
235.0,confirmatory,-1.5231804599500867,-0.27428492704910346,-2.856456278421877,0.989932182489471,-0.2741435363532374,-0.4699481942967174,-1.1395358618770302,-0.6770337733330051
236.0,confirmatory,-1.1611261924659493,0.5026572157892016,1.0629224239415687,-0.0590738609274157,-0.7377832020482293,0.6322045280030875,-0.4953291543741703,1.5614030753863994
237.0,confirmatory,-0.6169895305772943,0.36607751947573564,-0.9175895463008624,0.4395628833642677,-0.49379628237375134,-0.6898361659719446,0.20051930192170564,2.3254244928711647
238.0,confirmatory,-0.8171864822676165,-0.5474940379782237,1.0314845180729335,0.4327239533300263,0.3942253535340255,-0.0012274240618788943,1.0757705844179715,0.24795052518417313
239.0,confirmatory,0.5358572606746989,1.1503730110965678,-0.09532585516650098,-3.047373270402538,-1.8250715349765985,0.894527996007615,-0.24795107519171447,1.298379275319445
240.0,confirmatory,0.5292338976940401,-0.13543010060151653,0.925696689636032,-1.3394547768018967,-0.2944854784713915,-0.30956376681699493,-0.9021928304813102,-0.34716013391149037
241.0,confirmatory,-0.6389686282383401,-1.6492235195962865,-1.010479822787966,-1.156749759508216,0.3448098336459038,-1.4452992548571333,1.8946185489002174,-0.7044866665218905
242.0,confirmatory,0.8618065034450261,0.7924091407451943,-1.275841434839189,0.5319289857159311,-0.08406735952074641,-0.9412107013659067,0.43812761124896377,0.49590420125803575
243.0,confirmatory,0.058005229640291575,-0.20339107232382006,0.7919573051476932,-1.069353162231916,-0.46417995280359314,0.19333473695754638,-0.8096799581480737,-0.5930531257175237
244.0,confirmatory,-1.0334316907569991,-0.48594538417013333,0.6981050012958546,0.17178585506023625,-0.04206349050975619,0.26439216991419506,-0.23780848378079217,-0.1436281732377441
245.0,confirmatory,-1.2275322867626308,-0.19936307489792482,0.3411552656588653,0.20514216032275356,-0.24028718946678174,0.626989655229302,-0.37966083373065235,-0.20135493011077946
246.0,confirmatory,-0.22134020301240956,-0.2909847028804974,0.15743696899998838,0.2655996611544753,-0.826506305696981,-0.00017019834558544973,1.4453814522318542,-0.4176952752575684
247.0,confirmatory,0.2112387368822788,0.6156093484503681,1.1781815277829648,-0.509872198811945,-0.9863829812828625,-1.5619037078630604,-1.4546762545755585,1.0296221636353102
248.0,confirmatory,1.0400044361730638,-0.40003656763833034,-1.4070384693571119,-2.8562258341112856,-1.5843321381263094,-0.4830015721729591,0.2334781857257888,1.6738595308358764
249.0,confirmatory,0.6679383404625188,0.6223644479814353,0.37034050913908073,-0.5169686908138562,1.0990958745203103,1.2235305497068305,-0.1397796264597161,2.732984468066608
250.0,confirmatory,1.8089728705836983,0.532774453560647,0.5611265091651254,0.2405662234168132,0.5482049110612611,1.444272463720262,-1.7443085527617328,1.9952566786130685
251.0,confirmatory,0.4603684828250587,-0.6855938713386017,0.053341489634606165,0.9300766182181043,-0.6607421806248432,-0.5763033645666312,-0.701620797605868,-0.32413338767045996
252.0,confirmatory,1.5577429406409067,3.0376683854914424,-0.09152655016473346,-1.1141494385579473,2.0026849958267063,0.3335630936851762,0.8808539428740358,-0.7268432405136548
253.0,confirmatory,-0.6414670687446741,1.4843074659036088,-2.4921070312706233,1.9353174982893577,-0.9380785889281809,-0.9509741703968696,0.784583442031573,0.04722952173031068
254.0,confirmatory,-0.07496954174941953,0.15155630253149285,0.9549297731606766,0.3417531081238071,-0.21523765451977586,-0.19831716744259734,0.18006778503146617,0.040641329744854064
255.0,confirmatory,-0.026466258866675425,-0.8234631503172976,-2.3449208264189334,1.014797497239844,-0.34856319928457263,0.7899916931811737,-0.42121283584948904,0.8838090418492378
256.0,confirmatory,0.25389671147581977,-0.675607562082173,0.952103239281637,0.4129307898230202,-0.9456850018170454,-1.5945479661700093,0.719742840786432,0.18433655723654258
257.0,confirmatory,0.04621445655298787,-0.5201502153077898,-1.6284682546527065,-0.043553096936849334,-0.6529132004916269,0.33600506702975114,-0.028005432981104007,-0.7467729389246245
258.0,confirmatory,-1.003038733059794,-0.08939772358995214,1.1232553734505069,-0.2123749441587924,-0.7885663962133485,-0.5280622535451303,-0.5676068531988003,0.020187755097703684
259.0,confirmatory,-0.44274907361204097,-0.23487263865961247,1.142420729505601,0.21319754361547755,0.12659775827758915,-1.141008219086327,-0.4048320639940502,0.7436780353331471
260.0,confirmatory,0.4735058464698908,-0.6237398525616165,-0.34836258281082955,0.8636941798253922,-1.1042239384170076,0.4076579163641599,-0.16063016674205105,0.8135255890643092
261.0,confirmatory,-1.2537009182358831,-0.43226841006714084,-0.11343962112906232,0.2844870222029826,-0.17792481268877758,-1.134502986038976,-0.36868547120136397,-0.17887459820889295
262.0,confirmatory,0.48723358717668414,1.458434187330282,-0.003616678458142569,-0.28558486184170095,-0.8327266537697778,-0.764306632715921,0.6344865354000563,0.34346785532360335
263.0,confirmatory,-0.9944916081574998,-0.10709375058769646,-0.8534406303167057,0.020774290534167437,-0.7887289175218025,-0.3431651075849476,0.11550857378613899,0.7943236891417788
264.0,confirmatory,0.8446939107211052,-0.7288139050480953,1.193526617537822,0.41143736159389194,-0.9526064892200965,-1.1771472223087256,-0.303052061370059,-0.5521130185221199
265.0,confirmatory,-0.18622245351943825,1.3397774839953556,-0.11560925482151017,0.7500787312083779,-0.2788129328777012,0.15242565370529776,2.0954748688187186,0.02944723199563876
266.0,confirmatory,0.8968324113219727,0.36728168596197325,-0.030649651465567612,-0.2692902658960216,0.0621484927644889,-1.0290040083325447,0.36335405545595234,0.44646339488642106
267.0,confirmatory,-1.041742779934164,-0.3347524231280361,0.5473105803364026,0.03456122643109634,-0.8731790882569791,-1.3427742587658245,-0.40955641142056054,-0.4258788047569021
268.0,confirmatory,-0.20659948602722625,-0.3191765769904471,0.7096198850425458,-0.8518933684924433,-1.0777796458889726,0.8414224068984657,0.46797470026419796,-0.7469817274318833
269.0,confirmatory,0.5966857832898609,1.2801012771134443,1.184328662915527,-2.1420557450487006,-0.7583513579164511,-1.6636383382440374,0.466255029044648,0.022686896332300054
270.0,confirmatory,0.7731374862255466,0.4571488553507784,1.6063448000266018,0.7310881537552453,-0.05011240622566385,-0.5816580897539484,1.262432253011313,-0.6947852318575498
271.0,confirmatory,-0.9813398483432647,-0.42252996732228676,0.11472601874940944,0.15946933874501235,-0.08139403284594889,0.25984454507707133,-0.6999041799449215,0.10296924821087071
272.0,confirmatory,-1.2617801765389127,-0.3995331925568106,-0.0783303688420386,0.31415002796640756,0.3082081394537075,0.24247270888852937,-0.5624397330322306,-0.017522111260493377
273.0,confirmatory,-1.2106568759990504,-0.2564498015461547,0.5605054295765098,0.19772695496518053,-0.5663364211284991,0.008004448183568299,0.04970586861391671,-0.006601025189773407
274.0,confirmatory,-1.1380423111436428,0.20403882424533895,0.9712138687954046,-0.06069527168428033,-0.08344738267657283,-0.4677171076214394,-0.4615915994314241,-0.8586925794225564
275.0,confirmatory,-1.196625466249327,-0.1924010447720458,0.9025734098245114,-0.22471453587073112,-0.597311068280928,0.1265934251186829,-0.18225995523752156,0.7738087784856487
276.0,confirmatory,-0.07905948431441485,0.334278439097258,0.34826794350686635,-0.14740880297714187,1.003441634469894,0.2138800881588498,-1.983427569090338,-0.7006652700004207
277.0,confirmatory,-0.8655240040040889,1.14849122688418,0.5832483836494744,-0.556726131440609,-0.6080160364916699,1.5628086045545404,1.609712933436784,-1.6455188437176542
278.0,confirmatory,-1.0848801176037206,-0.40909639399508074,0.556229689049313,0.09230199738685542,-0.7134508674226441,-0.9013298274431254,-0.1458923137034058,-0.3863803541889296
279.0,confirmatory,-1.08778113816985,-0.20633430174341325,1.113912390769443,0.10404325304983371,-0.22972673015968617,0.27296236260135953,-0.26977151026926643,0.020541162978394915
280.0,confirmatory,-0.9469854292262875,0.8328464209992615,1.1402709301227114,0.1659569454578426,-0.787307087088134,-0.6054384023025253,0.2271500311389005,0.5865713669525028
281.0,confirmatory,-1.0704291107615467,2.3373917400980675,-0.049666610248762094,-2.371451782327281,-0.6050181281935858,-0.10039234944818,0.5692784642833293,0.07271999362118899
