mu_delta,sigma_delta,max_rhat,elapsed_min,lam_fixed
0.05121621862053871,2.0413835048675537,,258.6482574383418,14.0
