{
  "H3a": {
    "mean_delta": 0.12813210604802,
    "sd_delta": 0.18475695156714964,
    "pct_positive": 80.2047781569966,
    "n_subjects": 293,
    "t_stat": 11.850825472965402,
    "df": 292,
    "p_two_tailed": 1.0244510614178207e-26,
    "p_one_tailed": 5.1222553070891035e-27,
    "interpretation": "delta > 0 supported"
  },
  "H3b": {
    "n_subjects": 293,
    "split_half_r": 0.29101294362795727,
    "split_half_p": 3.9739080937749e-07,
    "spearman_brown": 0.4508288550696685,
    "interpretation": "moderate"
  },
  "H3c": {
    "subset": "choice=0",
    "n_rows": 12678,
    "danger_beta": 0.026273369144165684,
    "danger_se": 0.007421381193326355,
    "danger_z": 3.5402263351991534,
    "danger_p": 0.0003997840148756612,
    "interpretation": "significant"
  },
  "H3c2": {
    "subset": "choice=1",
    "n_rows": 10878,
    "danger_beta": 0.03622455132081693,
    "danger_se": 0.007642834624848669,
    "danger_z": 4.739674884897067,
    "danger_p": 2.14061408830008e-06,
    "interpretation": "significant"
  },
  "H3d": {
    "n_rows": 23556,
    "threat_c": {
      "beta": -0.0018118612232256714,
      "se": 0.0033959640510544784,
      "z": -0.5335336876322562,
      "p": 0.5936641978467144
    },
    "D_chosen_c": {
      "beta": -0.16186321246593344,
      "se": 0.002887034927499834,
      "z": -56.06555394399285,
      "p": 0.0
    },
    "interaction": {
      "beta": -0.016748044273866905,
      "se": 0.007901663337979531,
      "z": -2.119559332952979,
      "p": 0.034043225085980004
    },
    "choice_c": {
      "beta": -0.14842848090988903,
      "se": 0.002359416168390576,
      "z": -62.908986934312765,
      "p": 0.0
    },
    "intercept": {
      "beta": 0.14432995129759005,
      "se": 0.00961888965336246,
      "z": 15.00484530947258,
      "p": 6.824987684720172e-51
    },
    "interaction_sig": true
  }
}