epsilon,ce_vigor,tau,p_esc,sigma_motor,sigma_v,best_loss
0.20482784965559345,0.008945370989317334,50.8978119506666,0.2574661826946069,0.9994625182279963,0.22608288154859382,8138.029241517696
