subj,T_round,actual_dist,is_heavy,mean_rate,n_trials,sd_rate,sem,actual_R,actual_req,subj_cookie_mean,rel_rate,rel_rate_cc
1,0.1,1,1,0.8022252936369757,15,0.08997147604559773,0.023230535223886635,5.0,0.9,0.8421818536051515,0.952555900133525,0.952555900133525
1,0.5,1,0,0.8092696747781893,8,0.10272772044202706,0.03631973387019662,1.0,0.4,0.8257786939876242,0.9800079375628911,0.9800079375628911
1,0.5,1,1,0.8901130573918458,7,0.108115393272099,0.040863777642274245,5.0,0.9,0.8421818536051515,1.056913128181893,1.056913128181893
1,0.9,1,0,0.8422877131970589,13,0.10594659615428467,0.029384298838088407,1.0,0.4,0.8257786939876242,1.0199920624371088,1.0199920624371088
1,0.9,1,1,0.8342072097866332,2,0.010277160512880912,0.007267049890000709,5.0,0.9,0.8421818536051515,0.9905309716845822,0.9905309716845822
2,0.1,1,1,0.9983251517678516,15,0.15851183216261483,0.040927579076175495,5.0,0.9,1.046161269934414,0.9542746232905741,0.9542746232905741
2,0.5,1,0,0.7320837397116923,12,0.1657350763455746,0.04784359547114034,1.0,0.4,0.7215784981847,1.0145586953511234,1.0145586953511234
2,0.5,1,1,1.0361975660604292,3,0.13213335261577985,0.07628722670164824,5.0,0.9,1.046161269934414,0.9904759388821482,0.9904759388821482
2,0.9,1,0,0.7110732566577078,12,0.13074941174251142,0.03774410403296209,1.0,0.4,0.7215784981847,0.9854413046488766,0.9854413046488766
2,0.9,1,1,1.1039610919749616,3,0.023914791828824607,0.01380721149998575,5.0,0.9,1.046161269934414,1.0552494378272779,1.0552494378272779
3,0.1,1,0,1.0209047415369439,9,0.17363507253723948,0.05787835751241316,1.0,0.4,1.109367542608857,0.9202583475050311,0.9202583475050311
3,0.1,1,1,1.1816274716541975,6,0.07502401952583446,0.030628427715149398,5.0,0.9,1.1816274716541975,1.0,1.0
3,0.5,1,0,1.157108227192522,15,0.08470230234636639,0.02187004042486016,1.0,0.4,1.109367542608857,1.043034145808336,1.043034145808336
3,0.9,1,0,1.150089659097105,15,0.13502578473371155,0.0348635077054835,1.0,0.4,1.109367542608857,1.036707506686633,1.036707506686633
4,0.1,1,0,0.827181329416431,9,0.07859571529713265,0.026198571765710884,1.0,0.4,0.8495637428408255,0.9736542271100803,0.9736542271100803
4,0.1,1,1,0.8402795349739072,6,0.0628560205087323,0.025660862918051478,5.0,0.9,0.8951772985089205,0.9386738653600182,0.9386738653600182
4,0.5,1,0,0.8569220442983051,10,0.07674905525773605,0.02427018228805672,1.0,0.4,0.8495637428408255,1.0086612705868008,1.0086612705868008
4,0.5,1,1,0.9500750620439338,5,0.17873930158481852,0.07993464571889801,5.0,0.9,0.8951772985089205,1.0613261346399818,1.0613261346399818
4,0.9,1,0,0.8645878548077403,15,0.08065249266834368,0.02082438406230739,1.0,0.4,0.8495637428408255,1.0176845023031187,1.0176845023031187
5,0.1,1,0,1.0483210483210483,1,,,1.0,0.4,1.0181115452578313,1.029672095561559,1.029672095561559
5,0.1,1,1,1.0442675117808484,14,0.04953566639561177,0.01323896371985075,5.0,0.9,1.0563430041454283,0.9885685877435721,0.9885685877435721
5,0.5,1,0,0.9920525885485404,4,0.021575678073297862,0.010787839036648931,1.0,0.4,1.0181115452578313,0.9744046152598224,0.9744046152598224
5,0.5,1,1,1.0502698975026077,11,0.05257594851096075,0.015852244927991047,5.0,0.9,1.0563430041454283,0.994250819460168,0.994250819460168
5,0.9,1,0,1.0139609989039051,10,0.03718684324565616,0.011759512364792186,1.0,0.4,1.0181115452578313,0.9959232891786184,0.9959232891786184
5,0.9,1,1,1.0744916031528287,5,0.0566684370239066,0.025342895472824204,5.0,0.9,1.0563430041454283,1.0171805927962598,1.0171805927962598
6,0.1,1,0,0.7256252567997636,9,0.13844425936489185,0.04614808645496395,1.0,0.4,0.7372916928154679,0.9841766343912624,0.9841766343912624
6,0.1,1,1,0.9194500874293768,6,0.05789126106694804,0.023634008363378728,5.0,0.9,0.9290051967789185,0.9897146868686295,0.9897146868686295
6,0.5,1,0,0.7427927422941772,8,0.13061168959334515,0.04617820570684339,1.0,0.4,0.7372916928154679,1.0074611575477037,1.0074611575477037
6,0.5,1,1,0.8960832275374544,7,0.0972029409607454,0.036739258355175164,5.0,0.9,0.9290051967789185,0.9645621258571939,0.9645621258571939
6,0.9,1,0,0.7434570793524626,14,0.12631577752435555,0.033759311574292766,1.0,0.4,0.7372916928154679,1.0083622080610337,1.0083622080610337
6,0.9,1,1,0.9714822753699242,1,,,5.0,0.9,0.9290051967789185,1.0457231872741766,1.0457231872741766
7,0.1,1,0,0.8909378351427091,5,0.0863240459195891,0.038605286953802914,1.0,0.4,0.9567945581072843,0.9311694214744992,0.9311694214744992
7,0.1,1,1,1.0102993799625195,10,0.04315697772242332,0.013647434653200369,5.0,0.9,1.0185505834130513,0.9918990734629174,0.9918990734629174
7,0.5,1,0,0.9708602510087795,10,0.09848806440702565,0.03114466058675617,1.0,0.4,0.9567945581072843,1.014700849604872,1.014700849604872
7,0.5,1,1,1.034412450366967,5,0.0430487906888367,0.019252004465879772,5.0,0.9,1.0185505834130513,1.0155729791060197,1.0155729791060197
7,0.9,1,0,1.0085855881703643,14,0.05914550216818567,0.01580730036300329,1.0,0.4,0.9567945581072843,1.0541297289206286,1.0541297289206286
7,0.9,1,1,1.010939919909667,1,,,5.0,0.9,1.0185505834130513,0.9925279474310624,0.9925279474310624
8,0.1,1,0,0.9422229524342438,10,0.08823825167639505,0.02790338520485791,1.0,0.4,0.9295963003372064,1.0135829414257105,1.0135829414257105
8,0.1,1,1,0.8717348069309321,5,0.04401508546410559,0.019684144626640594,5.0,0.9,0.8999549806068629,0.9686426829296493,0.9686426829296493
8,0.5,1,0,0.9213716449669926,13,0.05370463372568692,0.014894985432921297,1.0,0.4,0.9295963003372064,0.9911524439509599,0.9911524439509599
8,0.5,1,1,0.9145325575975303,2,0.09268526710500385,0.06553838088603467,5.0,0.9,0.8999549806068629,1.0161981180223452,1.0161981180223452
8,0.9,1,0,0.9251943036103831,14,0.0505547988801773,0.013511338333349027,1.0,0.4,0.9295963003372064,0.99526461462333,0.99526461462333
8,0.9,1,1,0.913597577292126,1,,,5.0,0.9,0.8999549806068629,1.0151591990480053,1.0151591990480053
9,0.1,1,0,0.9917496163787654,12,0.040731769697375325,0.011758249099674744,1.0,0.4,1.027473607945892,0.9652312319354408,0.9652312319354408
9,0.1,1,1,1.00902834730552,3,0.0433279821840426,0.025015422177400305,5.0,0.9,1.0085105585777576,1.000513419243218,1.000513419243218
9,0.5,1,0,1.023477023223083,11,0.06364446821103618,0.019189529185246253,1.0,0.4,1.027473607945892,0.9961102799216431,0.9961102799216431
9,0.5,1,1,1.0079927698499953,4,0.06517829819468961,0.032589149097344804,5.0,0.9,1.0085105585777576,0.9994865807567821,0.9994865807567821
9,0.9,1,0,1.0671941842358275,15,0.04094479901016622,0.010571901645345579,1.0,0.4,1.027473607945892,1.0386584881429162,1.0386584881429162
10,0.1,1,1,1.0355770222305112,15,0.08493593382596815,0.02193036381350332,5.0,0.9,1.078779291963697,0.9599526334487336,0.9599526334487336
10,0.5,1,0,0.965003488553141,3,0.02890049248100601,0.016685707113621575,1.0,0.4,0.988602918845318,0.9761285043344389,0.9761285043344389
10,0.5,1,1,1.0292144242782382,12,0.1194215878344135,0.034474042941625586,5.0,0.9,1.078779291963697,0.9540546726705923,0.9540546726705923
10,0.9,1,0,1.012202349137495,10,0.08429093758788479,0.02665513488888152,1.0,0.4,0.988602918845318,1.023871495665561,1.023871495665561
10,0.9,1,1,1.1715464293823414,5,0.08571032150748249,0.03833082105281862,5.0,0.9,1.078779291963697,1.085992693880674,1.085992693880674
11,0.1,1,0,0.5945880682282005,8,0.22212128842990594,0.07853173464733976,1.0,0.4,0.8410785909176601,0.7069352075404444,0.7069352075404444
11,0.1,1,1,0.9053006228735638,7,0.22081847804627805,0.08346153968546109,5.0,0.9,0.9338554663751101,0.9694226306642656,0.9694226306642656
11,0.5,1,0,0.896827003262227,14,0.23774231085608652,0.06353930525452733,1.0,0.4,0.8410785909176601,1.0662820489625617,1.0662820489625617
11,0.5,1,1,1.0136973642715899,1,,,5.0,0.9,0.9338554663751101,1.0854970611313088,1.0854970611313088
11,0.9,1,0,1.031820701262553,14,0.09239191110353495,0.024692776904193064,1.0,0.4,0.8410785909176601,1.2267827434969942,1.2267827434969942
11,0.9,1,1,0.8825684119801767,1,,,5.0,0.9,0.9338554663751101,0.9450803082044256,0.9450803082044256
12,0.1,1,0,1.1688814887183492,4,0.20725081528167677,0.10362540764083839,1.0,0.4,1.119452162259255,1.0441549251728068,1.0441549251728068
12,0.1,1,1,1.0548087974255411,11,0.1630219764301995,0.04915297530919394,5.0,0.9,1.2262451898636912,0.860194034720571,0.860194034720571
12,0.5,1,0,1.020437846752702,4,0.062667928874493,0.0313339644372465,1.0,0.4,1.119452162259255,0.9115510971842473,0.9115510971842473
12,0.5,1,1,1.1310856649846655,11,0.1913007715448883,0.05767935284726286,5.0,0.9,1.2262451898636912,0.9223976365692381,0.9223976365692381
12,0.9,1,0,1.1690371513067142,14,0.1609468762369444,0.04301486202501102,1.0,0.4,1.119452162259255,1.044293977642946,1.044293977642946
12,0.9,1,1,1.4928411071808672,1,,,5.0,0.9,1.2262451898636912,1.217408328710191,1.217408328710191
13,0.1,1,0,1.035304228039911,1,,,1.0,0.4,1.12285738134848,0.9220264703577731,0.9220264703577731
13,0.1,1,1,1.1397703618076744,14,0.09720510412278761,0.025979156848082743,5.0,0.9,1.096643696870684,1.0393260500744717,1.0393260500744717
13,0.5,1,0,1.143707505761828,12,0.0915017998546947,0.026414294388721622,1.0,0.4,1.12285738134848,1.0185688091468112,1.0185688091468112
13,0.5,1,1,1.1004083095366706,3,0.15671848670769636,0.09048146048767929,5.0,0.9,1.096643696870684,1.003432849408362,1.003432849408362
13,0.9,1,0,1.1895604102437012,14,0.060107687699513426,0.016064455263056113,1.0,0.4,1.12285738134848,1.059404720495416,1.059404720495416
13,0.9,1,1,1.049752419267707,1,,,5.0,0.9,1.096643696870684,0.957241100517166,0.957241100517166
14,0.1,1,1,1.156626024712223,15,0.05768651681845938,0.014894594595907149,5.0,0.9,1.1505852585138523,1.0052501682545223,1.0052501682545223
14,0.5,1,0,1.1898330515499542,2,0.0004399158270487657,0.00031106746445747063,1.0,0.4,1.188081286180366,1.0014744490885974,1.0014744490885974
14,0.5,1,1,1.1398756146373419,13,0.09329625189427916,0.025875724616417527,5.0,0.9,1.1505852585138523,0.990692003224217,0.990692003224217
14,0.9,1,0,1.1863295208107778,8,0.0837131126242857,0.029597054805432798,1.0,0.4,1.188081286180366,0.9985255509114026,0.9985255509114026
14,0.9,1,1,1.1552541361919915,7,0.07198359459778847,0.027207241397462972,5.0,0.9,1.1505852585138523,1.0040578285212602,1.0040578285212602
15,0.1,1,0,0.7399912902351622,10,0.06689715608363675,0.021154738221208166,1.0,0.4,0.7621242299789422,0.970958881933997,0.970958881933997
15,0.1,1,1,0.7245776572856806,5,0.06622080031318098,0.029614842204942406,5.0,0.9,0.7665686834936268,0.9452220954075861,0.9452220954075861
15,0.5,1,0,0.7925142662413552,6,0.1054844896713444,0.04306386257877937,1.0,0.4,0.7621242299789422,1.0398754364012972,1.0398754364012972
15,0.5,1,1,0.7659607924130796,8,0.09387965760927931,0.03319147125549633,5.0,0.9,0.7665686834936268,0.9992069972415559,0.9992069972415559
15,0.9,1,0,0.7538671334603095,8,0.12501899512646303,0.04420088961552497,1.0,0.4,0.7621242299789422,0.989165681664706,0.989165681664706
15,0.9,1,1,0.8091676007821205,5,0.07199188502363693,0.03219574974824024,5.0,0.9,0.7665686834936268,1.0555709073508581,1.0555709073508581
16,0.1,1,0,1.1134918957450273,13,0.04982045397143187,0.01381770779699163,1.0,0.4,1.1283225774010799,0.9868559914043262,0.9868559914043262
16,0.1,1,1,1.037755519393068,2,0.07521844111128212,0.05318746978006857,5.0,0.9,1.058369656138287,0.980522743990569,0.980522743990569
16,0.5,1,0,1.1427265298761993,12,0.06377587650843575,0.018410509734974854,1.0,0.4,1.1283225774010799,1.012765810738536,1.012765810738536
16,0.5,1,1,1.0419529377601624,2,0.08319312470475519,0.05882642262683049,5.0,0.9,1.058369656138287,0.9844886724757163,0.9844886724757163
16,0.9,1,0,1.1287493065820136,12,0.059782199333995104,0.01725763443911497,1.0,0.4,1.1283225774010799,1.0003781978571382,1.0003781978571382
16,0.9,1,1,1.0954005112616307,3,0.003574746619372294,0.0020638809229792986,5.0,0.9,1.058369656138287,1.0349885835337151,1.0349885835337151
17,0.1,1,0,0.6767473744108191,3,0.2014513709412804,0.1163080032415674,1.0,0.4,0.7608979271677768,0.8894062531223026,0.8894062531223026
17,0.1,1,1,0.839833404456836,12,0.11397649340995152,0.03290217957576256,5.0,0.9,0.7592061035813813,1.1061994898290646,1.1061994898290646
17,0.5,1,0,0.8548514655227504,13,0.11701666729158972,0.03245458415413358,1.0,0.4,0.7608979271677768,1.1234771905670562,1.1234771905670562
17,0.5,1,1,0.6785788027059265,2,0.29939063552982387,0.21170114860688855,5.0,0.9,0.7592061035813813,0.8938005101709352,0.8938005101709352
17,0.9,1,0,0.7510949415697613,15,0.19204406521084644,0.04958556441997196,1.0,0.4,0.7608979271677768,0.9871165563106417,0.9871165563106417
18,0.1,1,1,1.3960894083731978,15,0.4425011783070627,0.11425331295069417,5.0,0.9,1.385164947167173,1.0078867583448214,1.0078867583448214
18,0.5,1,0,1.4586790807617387,5,0.5603757880036151,0.2506076709842189,1.0,0.4,1.4462264309650397,1.008610442687311,1.008610442687311
18,0.5,1,1,1.2021133831210955,10,0.46174150227556127,0.1460154837418594,5.0,0.9,1.385164947167173,0.8678485443770146,0.8678485443770146
18,0.9,1,0,1.4337737811683406,13,0.5245045048635292,0.14547137588440814,1.0,0.4,1.4462264309650397,0.9913895573126889,0.9913895573126889
18,0.9,1,1,1.557292050007226,2,0.4477021868685352,0.3165732522867881,5.0,0.9,1.385164947167173,1.1242646972781642,1.1242646972781642
19,0.1,1,0,1.0248317137979386,11,0.3119234393595301,0.09404845560661243,1.0,0.4,1.1156920100483247,0.9185614888050954,0.9185614888050954
19,0.1,1,1,1.128046626049849,4,0.0584334978414662,0.0292167489207331,5.0,0.9,1.1317595622257548,0.9967193242276621,0.9967193242276621
19,0.5,1,0,1.1300531072822961,12,0.09241162071601199,0.02667693704831956,1.0,0.4,1.1156920100483247,1.012871919046323,1.012871919046323
19,0.5,1,1,1.1354724984016606,3,0.07043191589631015,0.04066388560227575,5.0,0.9,1.1317595622257548,1.003280675772338,1.003280675772338
19,0.9,1,0,1.192191209064739,15,0.1373870108309655,0.03547317366223649,1.0,0.4,1.1156920100483247,1.0685665921485812,1.0685665921485812
20,0.1,1,1,1.0256901262371856,15,0.08982165087231922,0.023191850530489947,5.0,0.9,1.115131352823239,0.9197931020775175,0.9197931020775175
20,0.5,1,0,1.014941802212065,9,0.051052620689684095,0.017017540229894698,1.0,0.4,1.0070505128696374,1.0078360412328684,1.0078360412328684
20,0.5,1,1,1.1080936530681758,6,0.09161693997867917,0.03740245912382612,5.0,0.9,1.115131352823239,0.9936889051345875,0.9936889051345875
20,0.9,1,0,0.9991592235272099,14,0.07390487062795302,0.01975190750740378,1.0,0.4,1.0070505128696374,0.9921639587671318,0.9921639587671318
20,0.9,1,1,1.2116102791643557,1,,,5.0,0.9,1.115131352823239,1.0865179927878952,1.0865179927878952
21,0.1,1,1,0.9509772995212006,15,0.0761379747223752,0.019658740540914692,5.0,0.9,0.9921118975231001,0.9585383482401573,0.9585383482401573
21,0.5,1,0,0.928199777771034,9,0.12384017825860776,0.04128005941953592,1.0,0.4,0.9554625218783801,0.9714664432323842,0.9714664432323842
21,0.5,1,1,1.0122275967549947,6,0.0768797522289493,0.03138602741875392,5.0,0.9,0.9921118975231001,1.0202756355226819,1.0202756355226819
21,0.9,1,0,0.9827252659857262,9,0.06030112195164669,0.02010037398388223,1.0,0.4,0.9554625218783801,1.0285335567676157,1.0285335567676157
21,0.9,1,1,1.0131307962931049,6,0.10125878494479275,0.04133872584815959,5.0,0.9,0.9921118975231001,1.0211860162371607,1.0211860162371607
22,0.1,1,0,0.9352606304555394,6,0.09831160256408206,0.04013554367954923,1.0,0.4,0.9436840990628518,0.9910738470472508,0.9910738470472508
22,0.1,1,1,0.9469648923127517,9,0.10592937339101967,0.03530979113033989,5.0,0.9,0.9941050005546623,0.9525803529651207,0.9525803529651207
22,0.5,1,0,0.943880676948096,13,0.06680239515261449,0.01852765084973528,1.0,0.4,0.9436840990628518,1.0002083089939096,1.0002083089939096
22,0.5,1,1,1.04870393233293,2,0.04434245686817658,0.031354851945959654,5.0,0.9,0.9941050005546623,1.0549227010706153,1.0549227010706153
22,0.9,1,0,0.9519109897849198,14,0.13225288937116164,0.03534607145984313,1.0,0.4,0.9436840990628518,1.0087178439588396,1.0087178439588396
22,0.9,1,1,0.9866461770183057,1,,,5.0,0.9,0.9941050005546623,0.9924969459642644,0.9924969459642644
23,0.1,1,1,0.9862316938125908,15,0.049848829380532124,0.01287091240124906,5.0,0.9,1.0134416181953954,0.9731509700270091,0.9731509700270091
23,0.5,1,0,0.8521656327581401,9,0.18284000729220645,0.06094666909740215,1.0,0.4,0.8711068683225112,0.9782561287791862,0.9782561287791862
23,0.5,1,1,1.0541862740507228,6,0.09455371852281999,0.03860139394394256,5.0,0.9,1.0134416181953954,1.0402042457343328,1.0402042457343328
23,0.9,1,0,0.8900481038868824,12,0.11688116208913427,0.03374068519767898,1.0,0.4,0.8711068683225112,1.021743871220814,1.021743871220814
23,0.9,1,1,0.9999068867228725,3,0.002467400001367574,0.0014245540549880518,5.0,0.9,1.0134416181953954,0.9866447842386583,0.9866447842386583
24,0.1,1,0,0.9997461582020191,2,0.2827709151719385,0.19994923164040368,1.0,0.4,1.0666286307437758,0.9372954460306221,0.9372954460306221
24,0.1,1,1,1.0719703447309383,13,0.191111882508022,0.053004899364086366,5.0,0.9,1.12278289886223,0.9547440968483022,0.9547440968483022
24,0.5,1,0,1.09181419799225,11,0.09223616050237618,0.027810248771761855,1.0,0.4,1.0666286307437758,1.0236123112792426,1.0236123112792426
24,0.5,1,1,1.1735954529935217,4,0.05404626058960632,0.02702313029480316,5.0,0.9,1.12278289886223,1.045255903151698,1.045255903151698
24,0.9,1,0,1.1083255360370579,15,0.1224680909778747,0.031621125119941564,1.0,0.4,1.0666286307437758,1.039092242690135,1.039092242690135
25,0.1,1,0,0.8768496234314241,9,0.017869821299848702,0.005956607099949568,1.0,0.4,0.8853423127957235,0.9904074511727772,0.9904074511727772
25,0.1,1,1,0.8977141592618687,6,0.015315795556006753,0.006252647352833787,5.0,0.9,0.9029280853661864,0.9942255355782812,0.9942255355782812
25,0.5,1,0,0.8886323476315885,13,0.009689188723927246,0.0026872974432128605,1.0,0.4,0.8853423127957235,1.0037161161149926,1.0037161161149926
25,0.5,1,1,0.8953791648819609,2,0.013528389696647313,0.009566016093033534,5.0,0.9,0.9029280853661864,0.9916395108242048,0.9916395108242048
25,0.9,1,0,0.8905449673241577,14,0.013349172656422822,0.0035677164626589405,1.0,0.4,0.8853423127957235,1.00587643271223,1.00587643271223
25,0.9,1,1,0.9156909319547296,1,,,5.0,0.9,0.9029280853661864,1.014134953597514,1.014134953597514
26,0.1,1,0,0.6349874306050921,8,0.11266364760005625,0.03983261460560563,1.0,0.4,0.6370415591319155,0.9967755188066183,0.9967755188066183
26,0.1,1,1,0.6477765773560258,7,0.13516779628930609,0.05108862489230615,5.0,0.9,0.6654405541864716,0.9734552144149964,0.9734552144149964
26,0.5,1,0,0.6153588341887934,10,0.1015558241040699,0.032114771382428964,1.0,0.4,0.6370415591319155,0.9659634059469075,0.9659634059469075
26,0.5,1,1,0.5874786718251496,5,0.052505174628386095,0.023481027927913713,5.0,0.9,0.6654405541864716,0.8828417025820832,0.8828417025820832
26,0.9,1,0,0.6607784126018609,11,0.10408179534808158,0.0313818420614677,1.0,0.4,0.6370415591319155,1.037261075246474,1.037261075246474
26,0.9,1,1,0.7610664133782397,4,0.13597484267797877,0.06798742133898938,5.0,0.9,0.6654405541864716,1.1437030830029207,1.1437030830029207
27,0.1,1,0,0.8354409725055071,1,,,1.0,0.4,0.8575738991523593,0.9741912310195906,0.9741912310195906
27,0.1,1,1,0.9556537492300567,14,0.045603070670684795,0.012187933302467275,5.0,0.9,0.9707657358102778,0.9844329213292562,0.9844329213292562
27,0.5,1,0,0.8660643834879526,9,0.11151913011538782,0.03717304337179594,1.0,0.4,0.8575738991523593,1.0099005862281787,1.0099005862281787
27,0.5,1,1,0.9847145494852131,6,0.03938292793023303,0.016078013000979156,5.0,0.9,0.9707657358102778,1.0143688772279262,1.0143688772279262
27,0.9,1,0,0.8712163414636184,14,0.13061172060836396,0.03490745065810995,1.0,0.4,0.8575738991523593,1.0159081827522312,1.0159081827522312
27,0.9,1,1,0.9719289087155637,1,,,5.0,0.9,0.9707657358102778,1.0011982014428178,1.0011982014428178
28,0.1,1,1,1.1429876144927642,15,0.08656757759288793,0.022351652422584883,5.0,0.9,1.1658490904039829,0.9803907074256953,0.9803907074256953
28,0.5,1,0,1.1250088377420882,3,0.10557883958010518,0.06095597145230205,1.0,0.4,1.1264677710654951,0.9987048601292632,0.9987048601292632
28,0.5,1,1,1.1800106975418367,12,0.0682990567366627,0.019716239396154866,5.0,0.9,1.1658490904039829,1.0121470327973123,1.0121470327973123
28,0.9,1,0,1.127926704388902,6,0.10054946562807104,0.04104914744971496,1.0,0.4,1.1264677710654951,1.0012951398707368,1.0012951398707368
28,0.9,1,1,1.1745489591773475,9,0.04388252814150193,0.014627509380500643,5.0,0.9,1.1658490904039829,1.0074622597769922,1.0074622597769922
29,0.1,1,0,1.034735379562966,1,,,1.0,0.4,1.013792800559699,1.0206576521274415,1.0206576521274415
29,0.1,1,1,0.9994257353673758,14,0.044447455221096985,0.011879082082237251,5.0,0.9,0.9975837841365697,1.0018464125621291,1.0018464125621291
29,0.5,1,0,1.0033512017969288,11,0.057977642703122216,0.017480917006867547,1.0,0.4,1.013792800559699,0.9897004607282617,0.9897004607282617
29,0.5,1,1,1.0050486520690225,4,0.045878743885557224,0.022939371942778612,5.0,0.9,0.9975837841365697,1.0074829483509637,1.0074829483509637
29,0.9,1,0,1.0032918203192023,9,0.04779949208441097,0.01593316402813699,1.0,0.4,1.013792800559699,0.9896418871442968,0.9896418871442968
29,0.9,1,1,0.9882769649733109,6,0.04852488509160391,0.01981020138360269,5.0,0.9,0.9975837841365697,0.9906706390869073,0.9906706390869073
30,0.1,1,0,0.7731157775782972,2,0.19950742619200051,0.1410730539574382,1.0,0.4,0.7944969051354542,0.9730884696731301,0.9730884696731301
30,0.1,1,1,0.8792083649861804,13,0.1150747561287848,0.03191599490260366,5.0,0.9,0.9212960091465658,0.9543169147130324,0.9543169147130324
30,0.5,1,0,0.79321182615984,12,0.13089792506501433,0.03778697613632474,1.0,0.4,0.7944969051354542,0.998382524881711,0.998382524881711
30,0.5,1,1,0.9633836533069512,3,0.05140599075451166,0.029679262600076722,5.0,0.9,0.9212960091465658,1.0456830852869674,1.0456830852869674
30,0.9,1,0,0.8171631116682258,15,0.12985459015578854,0.03352831100679724,1.0,0.4,0.7944969051354542,1.0285290054451592,1.0285290054451592
31,0.1,1,0,0.9712191874825217,7,0.03982545978724123,0.015052608920834801,1.0,0.4,0.9771408991334303,0.9939397566347287,0.9939397566347287
31,0.1,1,1,0.9595618840405187,8,0.048536967542572605,0.017160409443792223,5.0,0.9,0.9804278652686308,0.9787174743116925,0.9787174743116925
31,0.5,1,0,0.9726924763442014,10,0.05309416122313475,0.016789847992129722,1.0,0.4,0.9771408991334303,0.995447511415013,0.995447511415013
31,0.5,1,1,1.001293846496743,5,0.029259329418042514,0.013085169910960485,5.0,0.9,0.9804278652686308,1.0212825256883076,1.0212825256883076
31,0.9,1,0,0.987511033573568,15,0.002500279901032251,0.0006455694945036692,1.0,0.4,0.9771408991334303,1.0106127319502585,1.0106127319502585
32,0.1,1,0,0.7969933623871005,7,0.14120666895296838,0.0533711042161971,1.0,0.4,0.7854561050491253,1.0146886086489246,1.0146886086489246
32,0.1,1,1,0.8877856336231802,8,0.16613078259166794,0.058736101467198217,5.0,0.9,0.7347810631720074,1.208231510200686,1.208231510200686
32,0.5,1,0,0.7806386005444208,14,0.14966163049232703,0.03999875323201769,1.0,0.4,0.7854561050491253,0.9938666152395579,0.9938666152395579
32,0.5,1,1,0.5805074186246524,1,,,5.0,0.9,0.7347810631720074,0.7900413439054014,0.7900413439054014
32,0.9,1,0,0.7787363522158548,14,0.1492248845991028,0.03988202798219442,1.0,0.4,0.7854561050491253,0.9914447761115177,0.9914447761115177
32,0.9,1,1,0.7360501372681894,1,,,5.0,0.9,0.7347810631720074,1.001727145893912,1.001727145893912
33,0.1,1,0,1.0995369393584917,4,0.03232845335841798,0.01616422667920899,1.0,0.4,1.0882827423155346,1.0103412436909656,1.0103412436909656
33,0.1,1,1,1.0766560767874913,11,0.0710646735295307,0.02142680526786861,5.0,0.9,1.0558415047023806,1.0197137278582147,1.0197137278582147
33,0.5,1,0,1.0696385047895547,10,0.0923134449531707,0.029192074470859513,1.0,0.4,1.0882827423155346,0.9828682043727803,0.9828682043727803
33,0.5,1,1,1.091871043374899,5,0.1448164325128544,0.06476387747155062,5.0,0.9,1.0558415047023806,1.0341240029986076,1.0341240029986076
33,0.9,1,0,1.0956727827985573,13,0.07653948423806758,0.02122823346291696,1.0,0.4,1.0882827423155346,1.006790551936254,1.006790551936254
33,0.9,1,1,0.9989973939447515,2,0.15182451944789496,0.10735614725199538,5.0,0.9,1.0558415047023806,0.9461622691431777,0.9461622691431777
34,0.1,1,1,1.0050678120684087,15,0.08815148854544816,0.022760616471994306,5.0,0.9,0.984700500763359,1.020683762513841,1.020683762513841
34,0.5,1,0,0.9135712574759821,11,0.18826875496473758,0.056765165451399535,1.0,0.4,0.9259944962085987,0.9865838957105226,0.9865838957105226
34,0.5,1,1,1.002331805823195,4,0.14499635708589995,0.07249817854294997,5.0,0.9,0.984700500763359,1.0179052463628968,1.0179052463628968
34,0.9,1,0,0.9384177349412154,10,0.19133133360347432,0.060504280194449034,1.0,0.4,0.9259944962085987,1.0134161042894774,1.0134161042894774
34,0.9,1,1,0.9467018843984736,5,0.19728734483920438,0.08822958283218066,5.0,0.9,0.984700500763359,0.9614109911232622,0.9614109911232622
35,0.1,1,1,0.8728022549116459,15,0.1716982873133529,0.0443323071557968,5.0,0.9,0.9747701680560671,0.8953928664561304,0.8953928664561304
35,0.5,1,0,0.6232739870684414,5,0.045891980105833396,0.02052351742774229,1.0,0.4,0.6271383022021566,0.9938381771291183,0.9938381771291183
35,0.5,1,1,0.952514238069185,10,0.15406278638619467,0.048718930765235646,5.0,0.9,0.9747701680560671,0.9771680230722839,0.9771680230722839
35,0.9,1,0,0.6310026173358718,12,0.04285452050196682,0.012371034473901442,1.0,0.4,0.6271383022021566,1.0061618228708817,1.0061618228708817
35,0.9,1,1,1.0989940111873704,3,0.005167254744624233,0.0029833159177801724,5.0,0.9,0.9747701680560671,1.1274391104715857,1.1274391104715857
36,0.1,1,0,0.5519802077849217,7,0.023866574230719778,0.009020717151649604,1.0,0.4,0.5537603491538498,0.9967853578327736,0.9967853578327736
36,0.1,1,1,0.5486660474890616,8,0.026909232867198284,0.009513850518461915,5.0,0.9,0.5997460880692668,0.9148305564699143,0.9148305564699143
36,0.5,1,0,0.5602800113570009,12,0.032263110099081775,0.0093135576502997,1.0,0.4,0.5537603491538498,1.011773436312501,1.011773436312501
36,0.5,1,1,0.6741672936568318,3,0.2154671221215659,0.12440000095840005,5.0,0.9,0.5997460880692668,1.1240878549573297,1.1240878549573297
36,0.9,1,0,0.5490208283196267,13,0.03796155664679383,0.010528641460495845,1.0,0.4,0.5537603491538498,0.9914412058547257,0.9914412058547257
36,0.9,1,1,0.5764049230619068,2,0.014232530042762884,0.010063918506678898,5.0,0.9,0.5997460880692668,0.9610815885727558,0.9610815885727558
37,0.1,1,0,0.9239211205805661,8,0.1857341911816562,0.06566695304137388,1.0,0.4,0.9969341998095254,0.9267623888889466,0.9267623888889466
37,0.1,1,1,1.0020746901433004,7,0.09104713514208441,0.034412582452977826,5.0,0.9,1.0363553357419297,0.9669219191368492,0.9669219191368492
37,0.5,1,0,1.0259025708578529,11,0.019895812501743184,0.005998813178867667,1.0,0.4,0.9969341998095254,1.0290574554006295,1.0290574554006295
37,0.5,1,1,1.064926612904153,4,0.024911467291891618,0.012455733645945809,5.0,0.9,1.0363553357419297,1.0275689970195108,1.0275689970195108
37,0.9,1,0,1.0409789079901572,8,0.04668930341421485,0.01650716152653377,1.0,0.4,0.9969341998095254,1.044180155710424,1.044180155710424
37,0.9,1,1,1.0420647041783355,7,0.030635633489883102,0.011579181067307499,5.0,0.9,1.0363553357419297,1.0055090838436398,1.0055090838436398
38,0.1,1,0,0.54310968357746,3,0.019832494439778123,0.011450296003507656,1.0,0.4,0.6282916078237885,0.8644229475842073,0.8644229475842073
38,0.1,1,1,0.9301546916248656,12,0.1187765644624647,0.03428784073291147,5.0,0.9,0.903565889701672,1.0294265224332144,1.0294265224332144
38,0.5,1,0,0.6950517544516612,7,0.20849507434518366,0.07880373089989699,1.0,0.4,0.6282916078237885,1.1062566263762612,1.1062566263762612
38,0.5,1,1,0.9160325867825101,7,0.19905993265132851,0.07523758254181165,5.0,0.9,0.903565889701672,1.013797219685832,1.013797219685832
38,0.9,1,0,0.6467133854422439,10,0.14095223879906718,0.04457301159050088,1.0,0.4,0.6282916078237885,1.029320426039531,1.029320426039531
38,0.9,1,1,0.8645103906976402,5,0.09009763699787604,0.04029288818787018,5.0,0.9,0.903565889701672,0.9567762578809537,0.9567762578809537
39,0.1,1,1,1.031317263204798,15,0.08072307010380735,0.020842607077785312,5.0,0.9,1.0585725239857027,0.9742528167288113,0.9742528167288113
39,0.5,1,0,0.9993025096622592,2,0.007046953435754706,0.004982948561127991,1.0,0.4,1.0232870108731498,0.9765613156855913,0.9765613156855913
39,0.5,1,1,1.0493237949773224,13,0.09418292251058331,0.026121642798843058,5.0,0.9,1.0585725239857027,0.9912630180749853,0.9912630180749853
39,0.9,1,0,1.0472715120840403,7,0.07652643172802813,0.028924272439360757,1.0,0.4,1.0232870108731498,1.0234386843144085,1.0234386843144085
39,0.9,1,1,1.0950765137749876,8,0.08064950955548085,0.028513907553024884,5.0,0.9,1.0585725239857027,1.0344841651962033,1.0344841651962033
40,0.1,1,0,1.015059570946422,5,0.04129016561815142,0.01846552342488224,1.0,0.4,1.0385102814664784,0.9774188942193797,0.9774188942193797
40,0.1,1,1,1.0549540920755558,10,0.11135525185056995,0.03521362252694809,5.0,0.9,1.067997009589412,0.987787496222606,0.987787496222606
40,0.5,1,0,1.0111693039550815,11,0.10079914545577502,0.0303920858786603,1.0,0.4,1.0385102814664784,0.9736728870196752,0.9736728870196752
40,0.5,1,1,1.067169867976718,4,0.04794345764818558,0.02397172882409279,5.0,0.9,1.067997009589412,0.9992255206660065,0.9992255206660065
40,0.9,1,0,1.089301969497932,10,0.03247819167449219,0.010270505997491328,1.0,0.4,1.0385102814664784,1.0489082187609455,1.0489082187609455
40,0.9,1,1,1.0818670687159622,5,0.03327035692258507,0.014878955942916185,5.0,0.9,1.067997009589412,1.0129869831113876,1.0129869831113876
41,0.1,1,0,0.9813389965631951,2,0.035809697833168126,0.025321280170074397,1.0,0.4,0.969015663723335,1.0127173721759142,1.0127173721759142
41,0.1,1,1,0.9885765730619825,13,0.010547140970425771,0.0029252505829551645,5.0,0.9,1.0003516101842123,0.988229101645509,0.988229101645509
41,0.5,1,0,0.937303356600024,13,0.11112131354435784,0.03081950721393025,1.0,0.4,0.969015663723335,0.9672736898787992,0.9672736898787992
41,0.5,1,1,0.9891860416366572,2,0.018392232008071056,0.013005271974063315,5.0,0.9,1.0003516101842123,0.9888383560001479,0.9888383560001479
41,0.9,1,0,0.9884046380067859,14,0.015028649161908518,0.0040165754392777865,1.0,0.4,0.969015663723335,1.0200089379452866,1.0200089379452866
41,0.9,1,1,1.023292215853997,1,,,5.0,0.9,1.0003516101842123,1.0229325423543432,1.0229325423543432
42,0.1,1,1,0.9832706827870197,15,0.01403805501767523,0.003624610219773309,5.0,0.9,0.9868491257722237,0.9963738702383671,0.9963738702383671
42,0.5,1,0,0.9731099484122833,10,0.013685027451854513,0.004327585658979053,1.0,0.4,0.9765708237458632,0.9964560938649539,0.9964560938649539
42,0.5,1,1,0.9877810379387417,5,0.013063882982659742,0.0058423460798659775,5.0,0.9,0.9868491257722237,1.0009443309439918,1.0009443309439918
42,0.9,1,0,0.9800316990794433,14,0.016020243808974856,0.004281590256126448,1.0,0.4,0.9765708237458632,1.0035439061350462,1.0035439061350462
42,0.9,1,1,0.9894956565909101,1,,,5.0,0.9,0.9868491257722237,1.0026817988176413,1.0026817988176413
43,0.1,1,0,0.6703881272381003,13,0.07755893578503337,0.021510978449488977,1.0,0.4,0.7149348656027558,0.9376911932710142,0.9376911932710142
43,0.1,1,1,0.7938080288906493,2,0.23482920551878017,0.1660493236429789,5.0,0.9,0.7938080288906493,1.0,1.0
43,0.5,1,0,0.7079149101513724,15,0.12864527807612008,0.03321606797046901,1.0,0.4,0.7149348656027558,0.9901809860042776,0.9901809860042776
43,0.9,1,0,0.7665015594187945,15,0.12578813879109896,0.03247835777922356,1.0,0.4,0.7149348656027558,1.072127820724708,1.072127820724708
44,0.1,1,0,0.9739335925868214,3,0.0449792709867327,0.025968794212143247,1.0,0.4,1.0140093715326692,0.9604779008252424,0.9604779008252424
44,0.1,1,1,1.042286502836399,12,0.03427073331978445,0.009893108553751714,5.0,0.9,1.0694967314793655,0.9745579132295913,0.9745579132295913
44,0.5,1,0,1.0134137808848305,13,0.04705739024836175,0.013051371802306724,1.0,0.4,1.0140093715326692,0.9994126379256846,0.9994126379256846
44,0.5,1,1,1.0967069601223323,2,0.0010044470542263627,0.0007102513233863128,5.0,0.9,1.0694967314793655,1.0254420867704088,1.0254420867704088
44,0.9,1,0,1.0546807411263555,15,0.031889560716043513,0.008233849171407119,1.0,0.4,1.0140093715326692,1.0401094612490727,1.0401094612490727
45,0.1,1,0,1.014599929295079,10,0.05256012030166143,0.016620969424570642,1.0,0.4,1.024978163895182,0.9898746773680883,0.9898746773680883
45,0.1,1,1,0.9170482133528282,5,0.07047708849413883,0.03151831214583254,5.0,0.9,0.9616369436543297,0.9536324695138486,0.9536324695138486
45,0.5,1,0,1.0252393319052904,13,0.028373147779838497,0.00786929532050192,1.0,0.4,1.024978163895182,1.0002548034868526,1.0002548034868526
45,0.5,1,1,1.0062256739558313,2,0.05469087025717493,0.03867228522784205,5.0,0.9,0.9616369436543297,1.0463675304861513,1.0463675304861513
45,0.9,1,0,1.0350952304851766,15,0.025815950190541236,0.0066656496769657595,1.0,0.4,1.024978163895182,1.0098705191450588,1.0098705191450588
46,0.1,1,0,1.0626847981981933,5,0.11051028207888895,0.04942170058821449,1.0,0.4,1.0004386423640834,1.0622188640045123,1.0622188640045123
46,0.1,1,1,1.062936408961542,9,0.1497489463532354,0.04991631545107847,5.0,0.9,1.0526934530616154,1.0097302361576739,1.0097302361576739
46,0.5,1,0,0.980947640579294,13,0.10571236160963679,0.029319333864148953,1.0,0.4,1.0004386423640834,0.9805175440457484,0.9805175440457484
46,0.5,1,1,1.0424504971616886,2,0.18451269740401793,0.13047017954940254,5.0,0.9,1.0526934530616154,0.990269763842326,0.990269763842326
46,0.9,1,0,0.9576834883147626,15,0.12929905514161,0.033384872482920665,1.0,0.4,1.0004386423640834,0.9572635919497388,0.9572635919497388
47,0.1,1,0,0.7181228351347989,11,0.08571757473233835,0.025844821211492272,1.0,0.4,0.6945461547446641,1.0339454480153336,1.0339454480153336
47,0.1,1,1,0.7375248270282062,4,0.13031928942964835,0.06515964471482417,5.0,0.9,0.7375248270282062,1.0,1.0
47,0.5,1,0,0.6550972131645784,15,0.1742325089428084,0.044986640366895446,1.0,0.4,0.6945461547446641,0.9432018429436294,0.9432018429436294
47,0.9,1,0,0.7104184159346152,15,0.10945470022968404,0.02826108207691276,1.0,0.4,0.6945461547446641,1.0228527090410373,1.0228527090410373
48,0.1,1,0,0.9726848584308158,3,0.0433376764225281,0.0250210191485995,1.0,0.4,1.0032696729074415,0.969514861953325,0.969514861953325
48,0.1,1,1,1.023342378089292,12,0.09899549187567103,0.02857753694148904,5.0,0.9,0.9818684798952214,1.0422397694225773,1.0422397694225773
48,0.5,1,0,1.0616814366531964,4,0.17607841866293353,0.08803920933146676,1.0,0.4,1.0032696729074415,1.0582213988154148,1.0582213988154148
48,0.5,1,1,0.9650251041227437,9,0.05783086588726772,0.019276955295755908,5.0,0.9,0.9818684798952214,0.9828455886736733,0.9828455886736733
48,0.9,1,0,0.9754427236383121,8,0.09231504057818424,0.03263829559917269,1.0,0.4,1.0032696729074415,0.9722637392312599,0.9722637392312599
48,0.9,1,1,0.9572379574736287,7,0.04181986239850828,0.01580642225277058,5.0,0.9,0.9818684798952214,0.9749146419037495,0.9749146419037495
49,0.1,1,0,1.0584529502482145,3,0.04040952171419733,0.02333044823951586,1.0,0.4,1.079661685343643,0.9803561287916983,0.9803561287916983
49,0.1,1,1,1.0573417322242835,12,0.1333689418751233,0.038500297246569,5.0,0.9,1.0825907265688544,0.9766772486361539,0.9766772486361539
49,0.5,1,0,0.9908419991500659,4,0.19929769160650196,0.09964884580325098,1.0,0.4,1.079661685343643,0.9177337795725271,0.9177337795725271
49,0.5,1,1,1.0857892286017974,11,0.1528996266412609,0.04610097201404462,5.0,0.9,1.0825907265688544,1.0029544886672734,1.0029544886672734
49,0.9,1,0,1.1896901066326482,4,0.1064344828303061,0.05321724141515305,1.0,0.4,1.079661685343643,1.1019100916357745,1.1019100916357745
49,0.9,1,1,1.104641218880482,11,0.06059647780854188,0.018270525500730078,5.0,0.9,1.0825907265688544,1.0203682626965724,1.0203682626965724
50,0.1,1,0,0.9251990267614563,1,,,1.0,0.4,0.9533300758199729,0.9704918057533004,0.9704918057533004
50,0.1,1,1,0.9477189761831132,14,0.0560410559594476,0.014977602213805636,5.0,0.9,0.9535308931612095,0.9939048466916176,0.9939048466916176
50,0.5,1,0,0.9458912328736041,6,0.06148677724622416,0.025101871696903366,1.0,0.4,0.9533300758199729,0.9921969912257614,0.9921969912257614
50,0.5,1,1,0.9435245659979885,9,0.07747835256127625,0.025826117520425417,5.0,0.9,0.9535308931612095,0.9895060272981325,0.9895060272981325
50,0.9,1,0,0.9888999678248582,9,0.06880166006435821,0.022933886688119406,1.0,0.4,0.9533300758199729,1.0373112030209382,1.0373112030209382
50,0.9,1,1,0.9693491373025269,6,0.10270097098866637,0.041927495835101844,5.0,0.9,0.9535308931612095,1.0165891260102498,1.0165891260102498
51,0.1,1,1,0.9584721050621094,15,0.07221502643369994,0.018645839648243217,5.0,0.9,0.9620282933407758,0.9963034473068177,0.9963034473068177
51,0.5,1,0,0.9797093026765961,8,0.08044043018992293,0.02843998683442879,1.0,0.4,0.9677683033672337,1.0123386964295225,1.0123386964295225
51,0.5,1,1,0.9302451444336416,7,0.11088151234971218,0.04190927238172508,5.0,0.9,0.9620282933407758,0.966962355341169,0.966962355341169
51,0.9,1,0,0.9558273040578714,8,0.050213732191790865,0.01775323527075028,1.0,0.4,0.9677683033672337,0.9876613035704775,0.9876613035704775
51,0.9,1,1,0.9973676305265762,7,0.06142669453514328,0.023217108228674208,5.0,0.9,0.9620282933407758,1.036734197352013,1.036734197352013
52,0.1,1,0,0.9856654597764791,7,0.02914191831327735,0.011014609797755821,1.0,0.4,0.9981751136002509,0.9874674757431574,0.9874674757431574
52,0.1,1,1,0.9905490607587929,8,0.02968033670010626,0.010493583674272545,5.0,0.9,0.9846344246001809,1.0060069361895545,1.0060069361895545
52,0.5,1,0,0.9991938892659675,12,0.016493963084376034,0.004761397013384127,1.0,0.4,0.9981751136002509,1.0010206382145133,1.0010206382145133
52,0.5,1,1,0.9836751677857816,3,0.01002151731066604,0.005785925717001534,5.0,0.9,0.9846344246001809,0.9990257736369629,0.9990257736369629
52,0.9,1,0,1.0096659917583062,10,0.06339888736148128,0.020048488518274364,1.0,0.4,0.9981751136002509,1.0115118860423293,1.0115118860423293
52,0.9,1,1,0.9796790452559683,4,0.02705268571635865,0.013526342858179325,5.0,0.9,0.9846344246001809,0.9949672901734826,0.9949672901734826
53,0.1,1,0,0.926288872607417,15,0.1016547671080422,0.026247148004802726,1.0,0.4,0.9090158200162138,1.0190019273711817,1.0190019273711817
53,0.5,1,0,0.9090111614704917,12,0.09982755467346573,0.028817732781633763,1.0,0.4,0.9090158200162138,0.9999948751764055,0.9999948751764055
53,0.9,1,0,0.8917474259707331,13,0.1340332074689164,0.03717412324185239,1.0,0.4,0.9090158200162138,0.9810031974524132,0.9810031974524132
54,0.1,1,1,0.906676337467428,15,0.08737985525850402,0.022561381614013373,5.0,0.9,0.9243187838362638,0.9809130284082154,0.9809130284082154
54,0.5,1,0,0.7931253022244199,5,0.019457819588930666,0.008701801458955197,1.0,0.4,0.8123401409894654,0.9763463138216449,0.9763463138216449
54,0.5,1,1,0.9316944342817607,10,0.11728302434320521,0.0370881487797502,5.0,0.9,0.9243187838362638,1.0079795526981343,1.0079795526981343
54,0.9,1,0,0.8315549797545109,11,0.10857553362812472,0.032736755132464074,1.0,0.4,0.8123401409894654,1.023653686178355,1.023653686178355
54,0.9,1,1,0.9345855797596025,4,0.14665839766057948,0.07332919883028974,5.0,0.9,0.9243187838362638,1.0111074188936504,1.0111074188936504
55,0.1,1,0,1.3357147481906457,2,0.0015246052561363023,0.0010780587152466325,1.0,0.4,1.3122962811954182,1.0178454113836968,1.0178454113836968
55,0.1,1,1,1.2975705682231968,13,0.11244422762406986,0.03118641756373294,5.0,0.9,1.3213327780967419,0.9820164834571256,0.9820164834571256
55,0.5,1,0,1.2275300729622924,6,0.14517356140125415,0.05926685826261266,1.0,0.4,1.3122962811954182,0.9354061964147996,0.9354061964147996
55,0.5,1,1,1.3063965837533418,9,0.09998806039832882,0.03332935346610961,5.0,0.9,1.3213327780967419,0.9886961145662985,0.9886961145662985
55,0.9,1,0,1.3736440224333168,7,0.07676858472674068,0.02901579766990675,1.0,0.4,1.3122962811954182,1.046748392201504,1.046748392201504
55,0.9,1,1,1.3600311823136872,8,0.06941609785596468,0.024542296758730795,5.0,0.9,1.3213327780967419,1.029287401976576,1.029287401976576
56,0.1,1,0,0.9995557576848525,3,0.20304579100975112,0.11722854209730031,1.0,0.4,1.095277312726435,0.9126051878101024,0.9126051878101024
56,0.1,1,1,1.1342793786320495,12,0.01261751579739086,0.003642363071063984,5.0,0.9,1.1403940178345817,0.9946381346210997,0.9946381346210997
56,0.5,1,0,1.152252955531644,1,,,1.0,0.4,1.095277312726435,1.0520193764110586,1.0520193764110586
56,0.5,1,1,1.1343959819055074,14,0.013287777907191689,0.0035513080257325263,5.0,0.9,1.1403940178345817,0.9947403828542843,0.9947403828542843
56,0.9,1,0,1.134023224962808,13,0.01751367880633441,0.004857420535249667,1.0,0.4,1.095277312726435,1.0353754357788385,1.0353754357788385
56,0.9,1,1,1.152506692966188,2,0.0038467065517730514,0.0027200322879934458,5.0,0.9,1.1403940178345817,1.0106214825246158,1.0106214825246158
57,0.1,1,0,0.9242883758625564,3,0.11859006310574303,0.06846800485731545,1.0,0.4,0.8863055729358543,1.0428552003807057,1.0428552003807057
57,0.1,1,1,0.9318013359591791,12,0.19126573375968742,0.05521366143645341,5.0,0.9,1.029076716666974,0.9054731497347881,0.9054731497347881
57,0.5,1,0,0.8609999941080886,4,0.10939168145425845,0.05469584072712923,1.0,0.4,0.8863055729358543,0.9714482458415082,0.9714482458415082
57,0.5,1,1,0.9992322109955687,11,0.18447736454311153,0.05562201822755582,5.0,0.9,1.029076716666974,0.9709987553036208,0.9709987553036208
57,0.9,1,0,0.8736283488369179,10,0.19922368645990704,0.06300006130685536,1.0,0.4,0.8863055729358543,0.9856965537777861,0.9856965537777861
57,0.9,1,1,1.1561966030461743,3,0.09692493210572264,0.05595963564242517,5.0,0.9,1.029076716666974,1.123528094961591,1.123528094961591
58,0.1,1,0,0.6372187975049236,2,0.2538720773257735,0.17951466743096997,1.0,0.4,0.778097161303981,0.8189450228002823,0.8189450228002823
58,0.1,1,1,0.8483859596943468,13,0.11791952266434133,0.032704991180347746,5.0,0.9,0.8362179024198796,1.0145512996543782,1.0145512996543782
58,0.5,1,0,0.8977534246575343,1,,,1.0,0.4,0.778097161303981,1.153780619316264,1.153780619316264
58,0.5,1,1,0.8145207910071982,14,0.15549573567203445,0.041557983427794,5.0,0.9,0.8362179024198796,0.9740532804309816,0.9740532804309816
58,0.9,1,0,0.7993192617494851,7,0.1812455414377432,0.06850437555478867,1.0,0.4,0.778097161303981,1.0272743578834536,1.0272743578834536
58,0.9,1,1,0.8457469565580936,8,0.07946590985742165,0.02809544186667088,5.0,0.9,0.8362179024198796,1.01139541991464,1.01139541991464
59,0.1,1,0,0.8169583974344189,5,0.07195918548997858,0.03218112607222172,1.0,0.4,0.8797434761397573,0.928632515718293,0.928632515718293
59,0.1,1,1,0.9357006558240892,10,0.029756803015518408,0.009409927341400491,5.0,0.9,0.953753995245752,0.9810712830439982,0.9810712830439982
59,0.5,1,0,0.8897066038562063,13,0.07673714253221793,0.021283054010192332,1.0,0.4,0.8797434761397573,1.0113250373394826,1.0113250373394826
59,0.5,1,1,0.9718073346674148,2,0.06095703282775823,0.04310313127351883,5.0,0.9,0.953753995245752,1.0189287169560017,1.0189287169560017
59,0.9,1,0,0.9325654271286468,15,0.03169442879561365,0.008183466326197897,1.0,0.4,0.8797434761397573,1.0600424469422245,1.0600424469422245
60,0.1,1,0,1.0266488537100644,7,0.09407632057664232,0.035557506929397735,1.0,0.4,1.0108283678241596,1.01565101098217,1.01565101098217
60,0.1,1,1,0.9416402835692607,8,0.05287865939841825,0.018695429320337652,5.0,0.9,0.9307778041226983,1.0116703249674082,1.0116703249674082
60,0.5,1,0,1.0389078323917453,10,0.08018552215297571,0.025356888537329175,1.0,0.4,1.0108283678241596,1.0277786669442486,1.0277786669442486
60,0.5,1,1,0.9096685717318206,5,0.06828604229513086,0.03053844649726767,5.0,0.9,0.9307778041226983,0.9773208683131694,0.9773208683131694
60,0.9,1,0,0.9669284173706689,9,0.09414248411822361,0.03138082803940787,1.0,0.4,1.0108283678241596,0.9565703220735814,0.9565703220735814
60,0.9,1,1,0.9410245570670136,6,0.060245167414222235,0.024594986605565458,5.0,0.9,0.9307778041226983,1.0110088067194225,1.0110088067194225
61,0.1,1,0,0.5971809576977052,9,0.033118016779418225,0.011039338926472742,1.0,0.4,0.6169013660608647,0.968033125799216,0.968033125799216
61,0.1,1,1,0.7545424079444092,6,0.14418547793075764,0.058863474874946864,5.0,0.9,0.7536349276063419,1.001204137845561,1.001204137845561
61,0.5,1,0,0.6183081349584455,12,0.027343307774010644,0.007893333051929916,1.0,0.4,0.6169013660608647,1.002280378963275,1.002280378963275
61,0.5,1,1,0.7527274472682747,3,0.11703109293815057,0.06756793301139735,5.0,0.9,0.7536349276063419,0.9987958621544393,0.9987958621544393
61,0.9,1,0,0.6352150055264433,15,0.07002553216743602,0.0180805146595861,1.0,0.4,0.6169013660608647,1.0296864952375089,1.0296864952375089
62,0.1,1,0,0.7372875854216436,9,0.020117405758195758,0.006705801919398586,1.0,0.4,0.7614615372873897,0.9682532200485625,0.9682532200485625
62,0.1,1,1,0.7640496802411186,6,0.07887822569071574,0.032201900793057465,5.0,0.9,0.7624190169898696,1.0021388019119553,1.0021388019119553
62,0.5,1,0,0.7243815254271452,12,0.06990042994672713,0.020178516023106743,1.0,0.4,0.7614615372873897,0.9513041564878807,0.9513041564878807
62,0.5,1,1,0.7961477043969429,3,0.08568280454464323,0.04946899026877186,5.0,0.9,0.7624190169898696,1.044239042646442,1.044239042646442
62,0.9,1,0,0.8227155010133805,12,0.09048073786827157,0.02611953918236128,1.0,0.4,0.7614615372873897,1.0804426234635571,1.0804426234635571
62,0.9,1,1,0.7270596663315473,2,0.12148459106108501,0.08590257814896785,5.0,0.9,0.7624190169898696,0.9536221554416027,0.9536221554416027
63,0.1,1,1,0.867107037642388,15,0.021531477221054297,0.0055594035130925095,5.0,0.9,0.8643391523565609,1.003202313904537,1.003202313904537
63,0.5,1,0,0.8961077594383631,11,0.045162053076915,0.01361687134711297,1.0,0.4,0.8915506958040886,1.0051113903625688,1.0051113903625688
63,0.5,1,1,0.8615712670707338,4,0.013575736024664001,0.006787868012332001,5.0,0.9,0.8643391523565609,0.9967976860954632,0.9967976860954632
63,0.9,1,0,0.8869936321698141,15,0.042325073063301924,0.010928286873412033,1.0,0.4,0.8915506958040886,0.9948886096374312,0.9948886096374312
64,0.1,1,0,0.7018896700038985,1,,,1.0,0.4,0.8107812444817211,0.8656954940448458,0.8656954940448458
64,0.1,1,1,0.9181014732176962,14,0.11440538198023889,0.030576124469503942,5.0,0.9,0.9352917252918331,0.981620438191332,0.981620438191332
64,0.5,1,0,0.8243021413429759,4,0.13000964795900702,0.06500482397950351,1.0,0.4,0.8107812444817211,1.0166763809020987,1.0166763809020987
64,0.5,1,1,0.8984908872106111,11,0.19350788052650567,0.058344821243939964,5.0,0.9,0.9352917252918331,0.9606530913445863,0.9606530913445863
64,0.9,1,0,0.9061519220982888,9,0.09057803972711097,0.030192679909036988,1.0,0.4,0.8107812444817211,1.1176281250530553,1.1176281250530553
64,0.9,1,1,0.9892828154471921,5,0.04828557642322141,0.021593966243016845,5.0,0.9,0.9352917252918331,1.0577264704640816,1.0577264704640816
65,0.1,1,0,1.613297097168065,2,0.0,0.0,1.0,0.4,1.6338142927903867,0.9874421495069182,0.9874421495069182
65,0.1,1,1,1.5975457396132269,13,0.06333460511140909,0.01756585894157301,5.0,0.9,1.6187312164600811,0.9869122948693214,0.9869122948693214
65,0.5,1,1,1.6002663674425408,15,0.059399422114264126,0.015336864841525967,5.0,0.9,1.6187312164600811,0.9885930111004345,0.9885930111004345
65,0.9,1,0,1.6543314884127085,8,0.11207930935041542,0.03962601983619178,1.0,0.4,1.6338142927903867,1.0125578504930817,1.0125578504930817
65,0.9,1,1,1.6583815423244754,7,0.12178389597631174,0.046029986063697216,5.0,0.9,1.6187312164600811,1.024494694030244,1.024494694030244
66,0.1,1,0,0.5966329466368651,1,,,1.0,0.4,0.7989131015985387,0.746805810848598,0.746805810848598
66,0.1,1,1,0.9708482936812567,14,0.07798786677809146,0.020843134129213424,5.0,0.9,0.990045710487997,0.9806095651914113,0.9806095651914113
66,0.5,1,0,0.8393748217298437,8,0.30760804868629565,0.10875586858682065,1.0,0.4,0.7989131015985387,1.0506459589288817,1.0506459589288817
66,0.5,1,1,0.9636590080965416,7,0.1308206183592193,0.049445546076883555,5.0,0.9,0.990045710487997,0.9733479958430916,0.9733479958430916
66,0.9,1,0,0.9607315364289073,13,0.16626202512528426,0.04611278898089958,1.0,0.4,0.7989131015985387,1.2025482302225203,1.2025482302225203
66,0.9,1,1,1.0356298296861928,2,0.010247712412768527,0.007246226938718181,5.0,0.9,0.990045710487997,1.046042438965497,1.046042438965497
67,0.1,1,0,0.6294362131603211,11,0.08178034106114809,0.024657700593374854,1.0,0.4,0.6662078801691985,0.9448045150718745,0.9448045150718745
67,0.1,1,1,0.9155573494389193,4,0.2733281019663755,0.13666405098318776,5.0,0.9,0.821568221488641,1.1144020977101265,1.1144020977101265
67,0.5,1,0,0.6510472963257026,13,0.1712369669621782,0.04749258958746666,1.0,0.4,0.6662078801691985,0.9772434636473445,0.9772434636473445
67,0.5,1,1,0.7844759359910876,2,0.36814158590552026,0.2603154118305633,5.0,0.9,0.821568221488641,0.9548518497583268,0.9548518497583268
67,0.9,1,0,0.718140131021572,13,0.16343458817139578,0.04532859906433138,1.0,0.4,0.6662078801691985,1.0779520212807812,1.0779520212807812
67,0.9,1,1,0.7646713790359161,2,0.4112265823558595,0.2907811049879965,5.0,0.9,0.821568221488641,0.9307460525315469,0.9307460525315469
68,0.1,1,0,1.5848721781549957,8,0.13600005339447507,0.04808327999848293,1.0,0.4,1.6020763838310206,0.9892613074821784,0.9892613074821784
68,0.1,1,1,1.6546785915010105,7,0.13111644552144094,0.049557358234354476,5.0,0.9,1.6897164718555837,0.9792640475853941,0.9792640475853941
68,0.5,1,0,1.613447260861193,10,0.11748607830831789,0.03715236008151865,1.0,0.4,1.6020763838310206,1.0070975873216366,1.0070975873216366
68,0.5,1,1,1.7409601599112463,5,0.034129966566118226,0.015263385062327084,5.0,0.9,1.6897164718555837,1.0303267967787453,1.0303267967787453
68,0.9,1,0,1.6079097124768726,14,0.15988843222585922,0.04273198096411363,1.0,0.4,1.6020763838310206,1.0036411051961849,1.0036411051961849
68,0.9,1,1,1.6735106641544943,1,,,5.0,0.9,1.6897164718555837,0.9904091556358607,0.9904091556358607
69,0.1,1,0,0.9198162167677134,7,0.06071590013076566,0.022948453196205712,1.0,0.4,0.9131366645460414,1.0073149534796006,1.0073149534796006
69,0.1,1,1,0.9069342709754363,8,0.06840744455061304,0.024185683962690607,5.0,0.9,0.896822791117198,1.0112747802111968,1.0112747802111968
69,0.5,1,0,0.8990280704388068,12,0.04169519693071505,0.012036366585931397,1.0,0.4,0.9131366645460414,0.9845493071792835,0.9845493071792835
69,0.5,1,1,0.8867113112589596,3,0.06860820850864206,0.03961096765108247,5.0,0.9,0.896822791117198,0.9887252197888033,0.9887252197888033
69,0.9,1,0,0.9205657064316038,15,0.022672952099859665,0.005854131059474331,1.0,0.4,0.9131366645460414,1.0081357393411159,1.0081357393411159
70,0.1,1,0,0.9443747706502102,12,0.027255109319057485,0.007867872351075259,1.0,0.4,0.9570847567208493,0.9867201039600862,0.9867201039600862
70,0.1,1,1,0.9204250626799837,3,0.054095331389688535,0.03123195413973869,5.0,0.9,0.9334444851068483,0.9860522798788893,0.9860522798788893
70,0.5,1,0,0.9644812746194865,11,0.05836523089559432,0.017597779243922276,1.0,0.4,0.9570847567208493,1.0077281743823598,1.0077281743823598
70,0.5,1,1,0.9285195606825858,4,0.047027747050283585,0.023513873525141792,5.0,0.9,0.9334444851068483,0.9947239235939149,0.9947239235939149
70,0.9,1,0,0.962398224892851,12,0.03305881244138647,0.009543257131061914,1.0,0.4,0.9570847567208493,1.0055517216575538,1.0055517216575538
70,0.9,1,1,0.9513888319579755,3,0.0014511371896653385,0.0008378144470843602,5.0,0.9,0.9334444851068483,1.019223796527196,1.019223796527196
71,0.1,1,0,0.8812688039386509,9,0.06911735897679505,0.023039119658931684,1.0,0.4,0.8893085410729501,0.9909595637925627,0.9909595637925627
71,0.1,1,1,0.961518958317194,6,0.12593243149415684,0.05141169987144708,5.0,0.9,1.0160014703796552,0.9463755578600666,0.9463755578600666
71,0.5,1,0,0.8692873127514263,8,0.1253615460379137,0.044321999651719166,1.0,0.4,0.8893085410729501,0.9774867468411266,0.9774867468411266
71,0.5,1,1,0.9734807308574593,7,0.10913943423910534,0.041250828746708657,5.0,0.9,1.0160014703796552,0.9581489389908985,0.9581489389908985
71,0.9,1,0,0.9173695065287729,12,0.07083627777730876,0.02044867202156016,1.0,0.4,0.8893085410729501,1.0315536893663106,1.0315536893663106
71,0.9,1,1,1.1130047219643118,3,0.31104064748104227,0.17957940155209526,5.0,0.9,1.0160014703796552,1.0954755031490346,1.0954755031490346
72,0.1,1,0,2.2468045255871942,8,0.29833141456148987,0.1054760831387023,1.0,0.4,2.2637371645562454,0.9925200508105938,0.9925200508105938
72,0.1,1,1,2.196084450228719,7,0.33433425754584123,0.12636647146224514,5.0,0.9,2.2119229744312636,0.9928394775109124,0.9928394775109124
72,0.5,1,0,2.2086891994635733,8,0.28382305325226276,0.10034660280587279,1.0,0.4,2.2637371645562454,0.9756827047085818,0.9756827047085818
72,0.5,1,1,2.356639041260216,4,0.1731489563502013,0.08657447817510065,5.0,0.9,2.2119229744312636,1.0654254549104099,1.0654254549104099
72,0.9,1,0,2.335717768617969,6,0.21350143205193933,0.08716159464679085,1.0,0.4,2.2637371645562454,1.0317972444808245,1.0317972444808245
72,0.9,1,1,2.083045431804856,7,0.3276278473328276,0.12383168666029974,5.0,0.9,2.2119229744312636,0.9417350675786779,0.9417350675786779
73,0.1,1,0,1.0302263389695887,6,0.08496983577161711,0.03468879019475788,1.0,0.4,1.0328973679172062,0.9974140422557146,0.9974140422557146
73,0.1,1,1,1.0168284588876306,9,0.11002639093832671,0.0366754636461089,5.0,0.9,1.0496177180574486,0.9687607606029157,0.9687607606029157
73,0.5,1,0,0.9763103395306725,7,0.024455748883868075,0.009243404238937193,1.0,0.4,1.0328973679172062,0.9452152458277253,0.9452152458277253
73,0.5,1,1,1.0663867228263912,8,0.145415863246751,0.05141227149693663,5.0,0.9,1.0496177180574486,1.0159762973513609,1.0159762973513609
73,0.9,1,0,1.0921554252513574,8,0.09924073893430745,0.03508689973520631,1.0,0.4,1.0328973679172062,1.05737071191656,1.05737071191656
73,0.9,1,1,1.0656379724583243,7,0.08866848519354933,0.03351353727870634,5.0,0.9,1.0496177180574486,1.0152629420457238,1.0152629420457238
74,0.1,1,0,0.8538839095747078,4,0.012975048346348826,0.006487524173174413,1.0,0.4,0.9252399858491244,0.9228783046931001,0.9228783046931001
74,0.1,1,1,0.8999243032200497,11,0.05970342222886471,0.01800125911211894,5.0,0.9,0.9065425796694578,0.992699431226031,0.992699431226031
74,0.5,1,0,0.9501606169638045,12,0.04591978690981558,0.013255900666756141,1.0,0.4,0.9252399858491244,1.0269342348967005,1.0269342348967005
74,0.5,1,1,0.9179079613269883,3,0.08174096016457838,0.04719316535483781,5.0,0.9,0.9065425796694578,1.0125370632471278,1.0125370632471278
74,0.9,1,0,0.9716754310088606,9,0.04306882293909853,0.014356274313032843,1.0,0.4,0.9252399858491244,1.0501874604101993,1.0501874604101993
74,0.9,1,1,0.9017954744613356,6,0.06886866373745633,0.028115514237347185,5.0,0.9,0.9065425796694578,0.9947635055268411,0.9947635055268411
75,0.1,1,0,0.7524599657342177,10,0.07663527213490821,0.024234200905314453,1.0,0.4,0.7886493242833258,0.9541122303224,0.9541122303224
75,0.1,1,1,0.9330586304969388,5,0.09308232630369954,0.04162768182377778,5.0,0.9,1.003936983988429,0.9293995991562086,0.9293995991562086
75,0.5,1,0,0.7762091300663598,13,0.0629513313957182,0.017459557938922156,1.0,0.4,0.7886493242833258,0.9842259495647564,0.9842259495647564
75,0.5,1,1,0.9805112232272497,2,0.056020262300498745,0.03961230735653176,5.0,0.9,1.003936983988429,0.9766661044121379,0.9766661044121379
75,0.9,1,0,0.8372788770493999,14,0.0933481305713551,0.024948337306703514,1.0,0.4,0.7886493242833258,1.0616618201128436,1.0616618201128436
75,0.9,1,1,1.0982410982410982,1,,,5.0,0.9,1.003936983988429,1.0939342964316534,1.0939342964316534
76,0.1,1,0,0.9505442412830549,2,0.1387327550608045,0.09809887187618718,1.0,0.4,0.9232138632577108,1.0296035177904548,1.0296035177904548
76,0.1,1,1,0.9397444434136731,13,0.05772938995013679,0.016011251966651825,5.0,0.9,0.968422351537895,0.9703869824166282,0.9703869824166282
76,0.5,1,0,0.899446654640605,10,0.055870475596799404,0.017667795684274134,1.0,0.4,0.9232138632577108,0.9742560098336919,0.9742560098336919
76,0.5,1,1,0.9461496188783733,5,0.09665367280843558,0.04322483653493699,5.0,0.9,0.968422351537895,0.9770010134275074,0.9770010134275074
76,0.9,1,0,0.9196506938494725,10,0.04772872965865683,0.015093149554778643,1.0,0.4,0.9232138632577108,0.9961404723758533,0.9961404723758533
76,0.9,1,1,1.0193729923216386,5,0.0401365657474673,0.01794961787894531,5.0,0.9,0.968422351537895,1.0526120041558642,1.0526120041558642
77,0.1,1,0,0.9501616589145989,3,0.0458762737343058,0.026486678989918414,1.0,0.4,1.0208937750816867,0.9307154986213643,0.9307154986213643
77,0.1,1,1,0.9833892093774307,12,0.07636111259502708,0.022043554456179105,5.0,0.9,1.0049751828721938,0.9785208890103426,0.9785208890103426
77,0.5,1,0,1.1011475423828483,3,0.16042041366395476,0.09261876901239541,1.0,0.4,1.0208937750816867,1.0786112808795805,1.0786112808795805
77,0.5,1,1,0.9801271772875527,12,0.06633435695361788,0.019149079421846002,5.0,0.9,1.0049751828721938,0.9752750057831019,0.9752750057831019
77,0.9,1,0,1.0113721239476128,10,0.05797185314273353,0.018332309611182828,1.0,0.4,1.0208937750816867,0.9906732204990554,0.9906732204990554
77,0.9,1,1,1.051409161951598,5,0.065450441552622,0.029270327293807935,5.0,0.9,1.0049751828721938,1.0462041052065554,1.0462041052065554
78,0.1,1,0,0.7074785282166652,1,,,1.0,0.4,0.7438223266726488,0.9511391401511692,0.9511391401511692
78,0.1,1,1,0.9478152684103132,14,0.0578059713698321,0.015449295698255375,5.0,0.9,0.9705856046623049,0.9765395899726802,0.9765395899726802
78,0.5,1,0,0.7680694339563734,1,,,1.0,0.4,0.7438223266726488,1.032597982628714,1.032597982628714
78,0.5,1,1,0.9810666142549577,14,0.03401436662428702,0.009090721866871468,5.0,0.9,0.9705856046623049,1.010798645212031,1.010798645212031
78,0.9,1,0,0.755919017844908,7,0.11922248842752081,0.04506186500935659,1.0,0.4,0.7438223266726488,1.0162628772201172,1.0162628772201172
78,0.9,1,1,0.9828749313216439,8,0.0277030419267763,0.00979450440295938,5.0,0.9,0.9705856046623049,1.012661764815289,1.012661764815289
79,0.1,1,0,0.7892277045171118,6,0.06643409256452341,0.02712160471798472,1.0,0.4,0.867481251218995,0.9097922328673728,0.9097922328673728
79,0.1,1,1,0.9440438746329194,9,0.11499605177232032,0.03833201725744011,5.0,0.9,0.9483020679548345,0.9955096656795249,0.9955096656795249
79,0.5,1,0,0.9503722013575387,11,0.12200045521411423,0.03678452129070681,1.0,0.4,0.867481251218995,1.0955535926823368,1.0955535926823368
79,0.5,1,1,0.9450249343516284,4,0.13031352450945224,0.06515676225472612,5.0,0.9,0.9483020679548345,0.99654420915661,0.99654420915661
79,0.9,1,0,0.8628438477823344,12,0.14349935834834132,0.04142469658547672,1.0,0.4,0.867481251218995,0.9946541744502903,0.9946541744502903
79,0.9,1,1,0.9558373948799558,3,0.08222505156357508,0.047472655654360936,5.0,0.9,0.9483020679548345,1.007946125163865,1.007946125163865
80,0.1,1,0,0.9245346649005403,7,0.0386742817301087,0.01461750451313092,1.0,0.4,0.9384236428549254,0.9851996717472598,0.9851996717472598
80,0.1,1,1,0.9097222958469385,8,0.03446655295897729,0.012185766660709052,5.0,0.9,0.9231081956528764,0.9854990998141117,0.9854990998141117
80,0.5,1,0,0.9256905698468749,14,0.04210661839505519,0.011253467124994983,1.0,0.4,0.9384236428549254,0.9864314234780859,0.9864314234780859
80,0.5,1,1,0.9364940954588141,1,,,5.0,0.9,0.9231081956528764,1.0145009001858882,1.0145009001858882
80,0.9,1,0,0.9650456938173609,15,0.029481451478872087,0.007612078039979574,1.0,0.4,0.9384236428549254,1.0283689047746543,1.0283689047746543
81,0.1,1,0,0.929098939592889,6,0.0794685133008822,0.03244288470078992,1.0,0.4,0.9878443163273195,0.9405317459811497,0.9405317459811497
81,0.1,1,1,0.9776984406872029,9,0.0685622911762708,0.022854097058756934,5.0,0.9,0.973632900618901,1.0041756395718733,1.0041756395718733
81,0.5,1,0,1.0161433443114567,10,0.1716826669367968,0.05429082622923609,1.0,0.4,0.9878443163273195,1.0286472549534418,1.0286472549534418
81,0.5,1,1,0.9493073358506944,5,0.06908458135822529,0.030895564022821297,5.0,0.9,0.973632900618901,0.9750156709446202,0.9750156709446202
81,0.9,1,0,1.0182906650776127,12,0.07742189481072362,0.022349775905071086,1.0,0.4,0.9878443163273195,1.0308209990654082,1.0308209990654082
81,0.9,1,1,0.9938929253188057,3,0.09390056979857844,0.05421351925026851,5.0,0.9,0.973632900618901,1.020808689483507,1.020808689483507
82,0.1,1,0,0.9171465937715293,13,0.09907359499594104,0.02747807129249369,1.0,0.4,0.970433852045772,0.9450892421344249,0.9450892421344249
82,0.1,1,1,0.6311154622718094,2,0.44294423116754883,0.31320886954603544,5.0,0.9,0.8293524992004481,0.7609737269499367,0.7609737269499367
82,0.5,1,0,1.0465476262655535,13,0.10375527620042138,0.028776536033888293,1.0,0.4,0.970433852045772,1.0784327278560264,1.0784327278560264
82,0.5,1,1,0.8915463352208526,1,,,5.0,0.9,0.8293524992004481,1.0749908345129044,1.0749908345129044
82,0.9,1,0,0.9476073361002334,12,0.2563588506592687,0.07400442571863594,1.0,0.4,0.970433852045772,0.9764780300095488,0.9764780300095488
82,0.9,1,1,0.9653957001086821,3,0.0797717880639693,0.04605626331247045,5.0,0.9,0.8293524992004481,1.1640354385371587,1.1640354385371587
83,0.1,1,0,0.7008060498016586,10,0.1104331454140349,0.03492202686849286,1.0,0.4,0.7268270507017055,0.9641991848336887,0.9641991848336887
83,0.1,1,1,0.7046092374151375,5,0.12787140525732385,0.05718583090676002,5.0,0.9,0.6909194048588025,1.0198139355474212,1.0198139355474212
83,0.5,1,0,0.7223886962881699,12,0.12642134908324626,0.03649469996226394,1.0,0.4,0.7268270507017055,0.9938935205985376,0.9938935205985376
83,0.5,1,1,0.7923505066259576,3,0.14254032355783447,0.08229569417649209,5.0,0.9,0.6909194048588025,1.146805982078161,1.146805982078161
83,0.9,1,0,0.7572864060152877,14,0.20365631478267765,0.05442943961212606,1.0,0.4,0.7268270507017055,1.0419072945677732,1.0419072945677732
83,0.9,1,1,0.5757984705353126,1,,,5.0,0.9,0.6909194048588025,0.8333800823744179,0.8333800823744179
84,0.1,1,0,0.8184950926857307,2,0.2170098973186216,0.1534491699785937,1.0,0.4,0.8749526398701061,0.9354735963848776,0.9354735963848776
84,0.1,1,1,0.9863104356283569,13,0.06069832045074798,0.016834685132285872,5.0,0.9,1.0259531381784845,0.9613601235037783,0.9613601235037783
84,0.5,1,0,0.8861407279710274,4,0.20533788005985845,0.10266894002992923,1.0,0.4,0.8749526398701061,1.0127870785127093,1.0127870785127093
84,0.5,1,1,0.9784979391581854,11,0.12565026016437575,0.03788497888870674,5.0,0.9,1.0259531381784845,0.9537452567233695,0.9537452567233695
84,0.9,1,0,0.92022209895356,14,0.16678889849125916,0.04457620814797921,1.0,0.4,0.8749526398701061,1.051739325102413,1.051739325102413
84,0.9,1,1,1.1130510397489113,1,,,5.0,0.9,1.0259531381784845,1.084894619772852,1.084894619772852
85,0.1,1,0,0.7430958395885396,1,,,1.0,0.4,0.7596158295380406,0.9782521778679262,0.9782521778679262
85,0.1,1,1,0.8212597358832753,14,0.05005472582584055,0.013377688187800049,5.0,0.9,0.8492316838440884,0.9670620532736169,0.9670620532736169
85,0.5,1,0,0.7713945112265946,11,0.04662003984849149,0.014056470898987587,1.0,0.4,0.7596158295380406,1.0155061035204034,1.0155061035204034
85,0.5,1,1,0.8772036318049016,4,0.07098220589888421,0.035491102949442105,5.0,0.9,0.8492316838440884,1.032937946726383,1.032937946726383
85,0.9,1,0,0.7643571377989875,15,0.04149810297780351,0.010714764115482226,1.0,0.4,0.7596158295380406,1.00624171861167,1.00624171861167
86,0.1,1,0,0.6366317628261228,10,0.17177263647112714,0.05431927709408695,1.0,0.4,0.6135623451424047,1.0375991419068649,1.0375991419068649
86,0.1,1,1,0.5311818208664152,4,0.054037674114300965,0.027018837057150483,5.0,0.9,0.510726934211831,1.0400505344135624,1.0400505344135624
86,0.5,1,0,0.5817237213961838,12,0.1523916039464463,0.0439916667803598,1.0,0.4,0.6135623451424047,0.9481085760912669,0.9481085760912669
86,0.5,1,1,0.5516889622433983,1,,,5.0,0.9,0.510726934211831,1.0802033832321396,1.0802033832321396
86,0.9,1,0,0.6223315512049074,13,0.13329746915993884,0.03697006614967226,1.0,0.4,0.6135623451424047,1.0142922820018678,1.0142922820018678
86,0.9,1,1,0.4493100195256796,1,,,5.0,0.9,0.510726934211831,0.879746082354298,0.879746082354298
87,0.1,1,0,0.675276656277847,4,0.2706171137873216,0.1353085568936608,1.0,0.4,0.8243549946982749,0.8191575966917111,0.8191575966917111
87,0.1,1,1,0.9130471391262223,11,0.07392440508880814,0.022289046775437815,5.0,0.9,0.9502168316956495,0.9608829360525024,0.9608829360525024
87,0.5,1,0,0.8913208170431147,4,0.10606250875475864,0.05303125437737932,1.0,0.4,0.8243549946982749,1.0812342046515413,1.0812342046515413
87,0.5,1,1,0.964966587609601,11,0.09054064382204048,0.027299031257719812,5.0,0.9,0.9502168316956495,1.0155225159373684,1.0155225159373684
87,0.9,1,0,0.906467510773863,6,0.17083763244620961,0.06974417139305886,1.0,0.4,0.8243549946982749,1.0996081986567479,1.0996081986567479
87,0.9,1,1,0.9726367683511253,9,0.1010712616554612,0.0336904205518204,5.0,0.9,0.9502168316956495,1.0235945480101292,1.0235945480101292
88,0.1,1,0,0.6105746572331109,7,0.14113172018393375,0.05334277624420623,1.0,0.4,0.6889428470409054,0.8862486342018129,0.8862486342018129
88,0.1,1,1,0.9380791081632783,8,0.06972011025735712,0.024649781374025494,5.0,0.9,0.8406388265120328,1.1159121831851895,1.1159121831851895
88,0.5,1,0,0.7144469148895299,13,0.18865481648208365,0.0523234318607232,1.0,0.4,0.6889428470409054,1.0370191344001431,1.0370191344001431
88,0.5,1,1,0.9302942213299392,2,0.07029187943565544,0.04970386461129919,5.0,0.9,0.8406388265120328,1.1066515035831777,1.1066515035831777
88,0.9,1,0,0.7418069690000753,14,0.1542517604510338,0.041225517065321085,1.0,0.4,0.6889428470409054,1.0767322313980439,1.0767322313980439
88,0.9,1,1,0.6535431500428809,1,,,5.0,0.9,0.8406388265120328,0.7774363132316328,0.7774363132316328
89,0.1,1,0,0.9035143806259217,3,0.04513819055997681,0.026060546470535236,1.0,0.4,0.9117544389962324,0.9909624148587833,0.9909624148587833
89,0.1,1,1,0.9434195729283638,12,0.10174705711467903,0.029371845407206085,5.0,0.9,0.94707705390479,0.9961381379040423,0.9961381379040423
89,0.5,1,0,0.9201949196482326,4,0.08982666352237724,0.04491333176118862,1.0,0.4,0.9117544389962324,1.0092574056028645,1.0092574056028645
89,0.5,1,1,0.9527686652271544,11,0.0842227424468281,0.02539411231916983,5.0,0.9,0.94707705390479,1.0060096602477042,1.0060096602477042
89,0.9,1,0,0.9115540167145432,6,0.08305536970392381,0.03390721269547102,1.0,0.4,0.9117544389962324,0.9997801795383525,0.9997801795383525
89,0.9,1,1,0.9450429235588518,8,0.10159351947410385,0.0359187332723732,5.0,0.9,0.94707705390479,0.9978522018482535,0.9978522018482535
90,0.1,1,0,0.5109528852840628,5,0.028620536919160954,0.012799493220757258,1.0,0.4,0.5376147333669571,0.9504071476688942,0.9504071476688942
90,0.1,1,1,0.8254429267909913,10,0.12039187679140555,0.03807125424432057,5.0,0.9,0.8182260865357869,1.0088201053155847,1.0088201053155847
90,0.5,1,0,0.5405003468416194,13,0.08280688213151001,0.022966496883574012,1.0,0.4,0.5376147333669571,1.0053674374892785,1.0053674374892785
90,0.5,1,1,0.8110092462805825,2,0.0008402492859340347,0.0005941459679711103,5.0,0.9,0.8182260865357869,0.9911798946844153,0.9911798946844153
90,0.9,1,0,0.561390967975189,15,0.12537420374778133,0.0323714802106115,1.0,0.4,0.5376147333669571,1.0442254148418268,1.0442254148418268
91,0.1,1,0,0.7932620351932095,6,0.055322942030082714,0.022585496507212664,1.0,0.4,0.8546173931026955,0.9282072206759859,0.9282072206759859
91,0.1,1,1,0.9447837767673677,9,0.05540315170039284,0.01846771723346428,5.0,0.9,0.9397046502575914,1.0054050243428976,1.0054050243428976
91,0.5,1,0,0.8740789134609873,5,0.11105782215745177,0.049666567955428904,1.0,0.4,0.8546173931026955,1.0227722025263688,1.0227722025263688
91,0.5,1,1,0.9346255237478152,9,0.05717690617004099,0.019058968723346996,5.0,0.9,0.9397046502575914,0.9945949756571025,0.9945949756571025
91,0.9,1,0,0.8965112306538896,15,0.09704842184278797,0.025057794771521993,1.0,0.4,0.8546173931026955,1.0490205767976453,1.0490205767976453
92,0.1,1,1,0.8864240378861262,15,0.03755830968740506,0.009697513862068033,5.0,0.9,0.8698228696560841,1.019085688373089,1.019085688373089
92,0.5,1,0,0.9092000986058467,12,0.0488381199295258,0.014098350844013476,1.0,0.4,0.9057789777916772,1.0037769929508746,1.0037769929508746
92,0.5,1,1,0.853221701426042,3,0.016733962528694944,0.009661357770551137,5.0,0.9,0.8698228696560841,0.9809143116269109,0.9809143116269109
92,0.9,1,0,0.9023578569775076,15,0.10967519078735735,0.02831801249410374,1.0,0.4,0.9057789777916772,0.9962230070491254,0.9962230070491254
93,0.1,1,0,0.9129098647117472,14,0.06044148350691839,0.016153665945088325,1.0,0.4,0.9198199562246318,0.9924875607817352,0.9924875607817352
93,0.1,1,1,0.943887544648001,1,,,5.0,0.9,0.943887544648001,1.0,1.0
93,0.5,1,0,0.9202091394300328,14,0.05259915991415795,0.014057716802208063,1.0,0.4,0.9198199562246318,1.0004231080253994,1.0004231080253994
93,0.5,1,1,,0,,,5.0,0.9,0.943887544648001,,
93,0.9,1,0,0.9263408645321152,14,0.060470305231494305,0.016161368874992543,1.0,0.4,0.9198199562246318,1.0070893311928655,1.0070893311928655
94,0.1,1,1,1.0178959477232123,15,0.06167894525597677,0.015925435185869134,5.0,0.9,1.034281293776198,0.984157746880288,0.984157746880288
94,0.5,1,0,0.723007532064343,8,0.0543058145809087,0.019200004874009913,1.0,0.4,0.7994008137490485,0.9044368227167114,0.9044368227167114
94,0.5,1,1,1.048188368425606,7,0.05777364878730927,0.02183638671771553,5.0,0.9,1.034281293776198,1.0134461241183552,1.0134461241183552
94,0.9,1,0,0.8757940954337541,13,0.14053935520945388,0.03897860395602562,1.0,0.4,0.7994008137490485,1.0955631772832888,1.0955631772832888
94,0.9,1,1,1.036759565179776,2,0.07788126345020159,0.055070369513013556,5.0,0.9,1.034281293776198,1.0023961290013568,1.0023961290013568
95,0.1,1,1,1.1255265693138774,15,0.08670102863933894,0.022386109334614133,5.0,0.9,1.1330211999125526,0.9933852688729446,0.9933852688729446
95,0.5,1,0,1.1285711488723893,12,0.0718557924273216,0.020742980550374,1.0,0.4,1.1344470622054472,0.9948204605319928,0.9948204605319928
95,0.5,1,1,1.1710156033456363,3,0.04493342127522428,0.025942322868861598,5.0,0.9,1.1330211999125526,1.0335337091980417,1.0335337091980417
95,0.9,1,0,1.1403229755385054,11,0.060092559947788116,0.01811858854897746,1.0,0.4,1.1344470622054472,1.0051795394680074,1.0051795394680074
95,0.9,1,1,1.1025214270781438,4,0.08198329967422656,0.04099164983711328,5.0,0.9,1.1330211999125526,0.9730810219290136,0.9730810219290136
96,0.1,1,0,0.9261520372631484,2,0.0,0.0,1.0,0.4,0.9424648268740438,0.98269135447208,0.98269135447208
96,0.1,1,1,0.9264331725095261,13,0.0019040682160344378,0.0005280935065302624,5.0,0.9,0.9483305237269867,0.9769095788128774,0.9769095788128774
96,0.5,1,0,0.9419604532676197,9,0.09366498504962985,0.031221661683209948,1.0,0.4,0.9424648268740438,0.9994648356182193,0.9994648356182193
96,0.5,1,1,0.9924063614082855,6,0.07180682180900332,0.029315012247168842,5.0,0.9,0.9483305237269867,1.0464772951819357,1.0464772951819357
96,0.9,1,0,0.9592819900913635,14,0.055914264698472375,0.014943715823933756,1.0,0.4,0.9424648268740438,1.0178438099097011,1.0178438099097011
96,0.9,1,1,0.9261520372631484,1,,,5.0,0.9,0.9483305237269867,0.9766131260051868,0.9766131260051868
97,0.1,1,0,1.0092075878897733,5,0.10395765770479365,0.04649127788191467,1.0,0.4,0.9986969872087083,1.0105243139968225,1.0105243139968225
97,0.1,1,1,0.9677728001514396,10,0.08338086544966708,0.026367344809698767,5.0,0.9,0.9328611069444072,1.0374243206701863,1.0374243206701863
97,0.5,1,0,0.9949363661703007,11,0.08986736823507337,0.027096031030221974,1.0,0.4,0.9986969872087083,0.996234472431004,0.996234472431004
97,0.5,1,1,0.9067739517540908,4,0.11153059495046207,0.055765297475231033,5.0,0.9,0.9328611069444072,0.9720353276644098,0.9720353276644098
97,0.9,1,0,0.9919470075660506,14,0.11013095683129866,0.02943373629573648,1.0,0.4,0.9986969872087083,0.9932412135721733,0.9932412135721733
97,0.9,1,1,0.9240365689276913,1,,,5.0,0.9,0.9328611069444072,0.9905403516654041,0.9905403516654041
98,0.1,1,0,0.7953698951923462,4,0.05239074035920846,0.02619537017960423,1.0,0.4,0.846003899140117,0.9401492073508935,0.9401492073508935
98,0.1,1,1,0.8394331913587565,11,0.04663799426698901,0.014061884359849888,5.0,0.9,0.8815715586235212,0.9522008544257493,0.9522008544257493
98,0.5,1,0,0.8457881835097909,5,0.07537324367524981,0.03370793930850293,1.0,0.4,0.846003899140117,0.9997450181606192,0.9997450181606192
98,0.5,1,1,0.8542715007644193,10,0.05169372143040987,0.016346990045035252,5.0,0.9,0.8815715586235212,0.9690325106430067,0.9690325106430067
98,0.9,1,0,0.8968536187182137,14,0.07280226010297804,0.019457222449153256,1.0,0.4,0.846003899140117,1.0601057744884872,1.0601057744884872
98,0.9,1,1,0.951009983747388,1,,,5.0,0.9,0.8815715586235212,1.0787666349312441,1.0787666349312441
99,0.1,1,0,0.7580131764009179,1,,,1.0,0.4,0.7422126076892979,1.021288467142604,1.021288467142604
99,0.1,1,1,0.7405707051031646,14,0.011540496368964393,0.003084327391855248,5.0,0.9,0.7437355913943012,0.9957446082616493,0.9957446082616493
99,0.5,1,0,0.7342130457234104,2,0.022352481412206138,0.015805591182917213,1.0,0.4,0.7422126076892979,0.9892220074369361,0.9892220074369361
99,0.5,1,1,0.7463587847138473,13,0.014193996737414642,0.0039367063877320824,5.0,0.9,0.7437355913943012,1.0035270509437746,1.0035270509437746
99,0.9,1,0,0.7344116009435652,10,0.012475308456217941,0.003945038923480766,1.0,0.4,0.7422126076892979,0.9894895254204596,0.9894895254204596
99,0.9,1,1,0.7442772843658919,5,0.006664542770082472,0.0029804741345718314,5.0,0.9,0.7437355913943012,1.0007283407945762,1.0007283407945762
100,0.1,1,0,0.9449009439358662,11,0.15043169340443618,0.04535686214548145,1.0,0.4,0.935526889308425,1.010020080378845,1.010020080378845
100,0.1,1,1,1.1355508562934666,4,0.17669222801751858,0.08834611400875929,5.0,0.9,0.9779001552647856,1.1612134942201682,1.1612134942201682
100,0.5,1,0,0.9581741814738756,13,0.14103412429120124,0.03911582820939134,1.0,0.4,0.935526889308425,1.0242080611730917,1.0242080611730917
100,0.5,1,1,0.8202494542361045,2,0.07867509489934055,0.05563169311381885,5.0,0.9,0.9779001552647856,0.8387865057798318,0.8387865057798318
100,0.9,1,0,0.9035055425155333,15,0.10154998814004629,0.02622009419159733,1.0,0.4,0.935526889308425,0.9657718584480633,0.9657718584480633
101,0.1,1,0,0.21756364677985324,4,0.008001877657524243,0.004000938828762121,1.0,0.4,0.21542968647759586,1.0099055999994657,1.0099055999994657
101,0.1,1,1,0.21389154370840868,11,0.0013138159359697536,0.0003961304093819334,5.0,0.9,0.21386611652343993,1.0001188930036329,1.0001188930036329
101,0.5,1,0,0.21526150264422098,9,0.004945964515076567,0.0016486548383588557,1.0,0.4,0.21542968647759586,0.9992193098540652,0.9992193098540652
101,0.5,1,1,0.2134954632936635,6,0.0018451771622909733,0.0007532904221082519,5.0,0.9,0.21386611652343993,0.9982668912878689,0.9982668912878689
101,0.9,1,0,0.2134639100087134,10,0.0013609298376123088,0.0004303638022537984,1.0,0.4,0.21542968647759586,0.9908750901464692,0.9908750901464692
101,0.9,1,1,0.21421134256824761,5,0.0007659072333345443,0.0003425241276389668,5.0,0.9,0.21386611652343993,1.0016142157084984,1.0016142157084984
102,0.1,1,0,0.8090344231956721,8,0.08527183362809754,0.030148145901319423,1.0,0.4,0.8756162461354163,0.923960041589444,0.923960041589444
102,0.1,1,1,0.9144850095912693,7,0.12952635371356497,0.048956360022154345,5.0,0.9,0.9645135542988855,0.948130801807153,0.948130801807153
102,0.5,1,0,0.8337519408129587,11,0.10486771927676249,0.03161880704194012,1.0,0.4,0.8756162461354163,0.9521887521991189,0.9521887521991189
102,0.5,1,1,1.0145420990065017,4,0.03024316564426389,0.015121582822131946,5.0,0.9,0.9645135542988855,1.051869198192847,1.051869198192847
102,0.9,1,0,0.9840623743976183,15,0.08069456749513322,0.020835247735870754,1.0,0.4,0.8756162461354163,1.1238512062114372,1.1238512062114372
103,0.1,1,0,0.8923058976508237,6,0.15755396366076407,0.06432113632031254,1.0,0.4,0.9121778299019416,0.978214848465179,0.978214848465179
103,0.1,1,1,0.9889821265830633,9,0.07444785657588307,0.024815952191961022,5.0,0.9,1.0031420366415564,0.9858844415433935,0.9858844415433935
103,0.5,1,0,0.9818030640768753,5,0.08565243935945804,0.038304935369285344,1.0,0.4,0.9121778299019416,1.0763285752981064,1.0763285752981064
103,0.5,1,1,1.0007354953813434,10,0.06865008165008436,0.021709061957079695,5.0,0.9,1.0031420366415564,0.9976009964966976,0.9976009964966976
103,0.9,1,0,0.862424527978126,7,0.23219878800909735,0.08776289254323974,1.0,0.4,0.9121778299019416,0.9454565762367146,0.9454565762367146
103,0.9,1,1,1.0197084879602627,7,0.18156483747529736,0.06862505811335676,5.0,0.9,1.0031420366415564,1.016514561959909,1.016514561959909
104,0.1,1,0,0.9498889161537959,2,0.03602978537159755,0.0254769055609525,1.0,0.4,0.9647764327280847,0.9845689466810549,0.9845689466810549
104,0.1,1,1,1.037358442635683,13,0.18066801017653145,0.05010829034827184,5.0,0.9,1.1471459475990688,0.9042950853872023,0.9042950853872023
104,0.5,1,0,0.9350554483820672,11,0.052283374272182014,0.01576403047586805,1.0,0.4,0.9647764327280847,0.9691939154629059,0.9691939154629059
104,0.5,1,1,1.1442940305078368,4,0.2196961645945229,0.10984808229726145,5.0,0.9,1.1471459475990688,0.9975139021349455,0.9975139021349455
104,0.9,1,0,1.0093849336483909,13,0.13533430824726203,0.037534983670380946,1.0,0.4,0.9647764327280847,1.0462371378560393,1.0462371378560393
104,0.9,1,1,1.2597853696536867,2,0.4746362290563621,0.33561849616256506,5.0,0.9,1.1471459475990688,1.0981910124778522,1.0981910124778522
105,0.1,1,0,0.692658586970704,4,0.1624825785766142,0.0812412892883071,1.0,0.4,0.759536948786026,0.9119485076766651,0.9119485076766651
105,0.1,1,1,0.7728071995233752,10,0.15954982697673575,0.050454085353226166,5.0,0.9,0.8327590771853872,0.9280081366814502,0.9280081366814502
105,0.5,1,0,0.7695175026515789,7,0.17123594302326572,0.06472110296502669,1.0,0.4,0.759536948786026,1.0131403138208155,1.0131403138208155
105,0.5,1,1,0.8289581747998201,8,0.18786280126157914,0.06641953035238166,5.0,0.9,0.8327590771853872,0.995435771894059,0.995435771894059
105,0.9,1,0,0.816434756735795,12,0.1989826699858391,0.05744134904019734,1.0,0.4,0.759536948786026,1.0749111785025196,1.0749111785025196
105,0.9,1,1,0.8965118572329662,3,0.09011554242956431,0.0520282326798781,5.0,0.9,0.8327590771853872,1.0765560914244907,1.0765560914244907
106,0.1,1,0,0.7581614300107498,2,0.03115067765559896,0.022026855408830287,1.0,0.4,0.9310140887620602,0.8143393737669995,0.8143393737669995
106,0.1,1,1,1.047363292243073,12,0.1430131481883086,0.041284339802087906,5.0,0.9,1.1112837040290129,0.942480564095205,0.942480564095205
106,0.5,1,0,0.9679470500060237,10,0.16666801335417417,0.052705053529455,1.0,0.4,0.9310140887620602,1.0396696051002536,1.0396696051002536
106,0.5,1,1,1.136055284173816,5,0.0918042468085419,0.04105610729741356,5.0,0.9,1.1112837040290129,1.0222909595947396,1.0222909595947396
106,0.9,1,0,1.0669337862694068,14,0.16076084097296237,0.04296514200931968,1.0,0.4,0.9310140887620602,1.1459910211327464,1.1459910211327464
106,0.9,1,1,1.1504325356701495,1,,,5.0,0.9,1.1112837040290129,1.0352284763100552,1.0352284763100552
107,0.1,1,0,0.7242713222441056,9,0.19754624236878202,0.06584874745626067,1.0,0.4,0.8368542220482326,0.8654689229761235,0.8654689229761235
107,0.1,1,1,1.0354007922597808,6,0.06665637777963151,0.027212352277047994,5.0,0.9,1.0354007922597808,1.0,1.0
107,0.5,1,0,0.9108360646233407,13,0.21552468207971948,0.05977579172050026,1.0,0.4,0.8368542220482326,1.0884046953769735,1.0884046953769735
107,0.9,1,0,0.8754552792772516,14,0.30040108064857474,0.08028556588597244,1.0,0.4,0.8368542220482326,1.0461263816469033,1.0461263816469033
108,0.1,1,0,0.8873641511808473,14,0.004906827300451298,0.0013114047581684028,1.0,0.4,0.8865848171910229,1.0008790292532797,1.0008790292532797
108,0.1,1,1,0.8924719468351672,1,,,5.0,0.9,0.8877411260535383,1.0053290544312843,1.0053290544312843
108,0.5,1,0,0.8883604107663096,12,0.00815377815453703,0.002353793006217222,1.0,0.4,0.8865848171910229,1.0020027340203188,1.0020027340203188
108,0.5,1,1,0.8821710772817128,1,,,5.0,0.9,0.8877411260535383,0.9937255934096608,0.9937255934096608
108,0.9,1,0,0.8840298896259117,12,0.010042145982572206,0.0028989178431397915,1.0,0.4,0.8865848171910229,0.9971182367264014,0.9971182367264014
108,0.9,1,1,0.8885803540437348,1,,,5.0,0.9,0.8877411260535383,1.000945352159055,1.000945352159055
109,0.1,1,0,1.130242825607064,1,,,1.0,0.4,1.1031804409185553,1.0245312404795497,1.0245312404795497
109,0.1,1,1,0.9881080129656648,14,0.07574275594151939,0.020243103018800133,5.0,0.9,1.0125951225501315,0.975817472315294,0.975817472315294
109,0.5,1,0,1.0818496357563037,10,0.10334868526057384,0.03268172386072857,1.0,0.4,1.1031804409185553,0.9806642645472479,0.9806642645472479
109,0.5,1,1,1.0892184400595009,4,0.13972077519409382,0.06986038759704691,5.0,0.9,1.0125951225501315,1.075670241543728,1.075670241543728
109,0.9,1,0,1.0974488613922986,13,0.12396260210692756,0.034381039856651356,1.0,0.4,1.1031804409185553,0.9948044949732028,0.9948044949732028
109,0.9,1,1,0.960458914625229,2,0.2529150198589454,0.1788379256061906,5.0,0.9,1.0125951225501315,0.948512286140978,0.948512286140978
110,0.1,1,0,0.9484692445069656,1,,,1.0,0.4,1.0105937275591999,0.9385267478333967,0.9385267478333967
110,0.1,1,1,0.9638570750621968,14,0.04585649940253581,0.012255664980078068,5.0,0.9,0.9707082844103287,0.9929420512236652,0.9929420512236652
110,0.5,1,0,1.0354758042365888,10,0.057161959688044266,0.018076198813294784,1.0,0.4,1.0105937275591999,1.0246212459060917,1.0246212459060917
110,0.5,1,1,0.9775594937584607,5,0.06578906855756853,0.02942176589422345,5.0,0.9,0.9707082844103287,1.007057948776335,1.007057948776335
110,0.9,1,0,1.0478361339340456,15,0.06964171247218912,0.017981412840410254,1.0,0.4,1.0105937275591999,1.036852006260512,1.036852006260512
111,0.1,1,0,0.9453110399599594,4,0.041862934733232465,0.020931467366616233,1.0,0.4,0.9403185911709038,1.0053093162635856,1.0053093162635856
111,0.1,1,1,0.9629011290841422,11,0.04055905242213142,0.012229014430596844,5.0,0.9,1.0002980115631173,0.9626142589041672,0.9626142589041672
111,0.5,1,0,0.8936811768783941,9,0.14469193474784514,0.04823064491594838,1.0,0.4,0.9403185911709038,0.9504025393835553,0.9504025393835553
111,0.5,1,1,0.9990567669403978,6,0.03942271953517979,0.016094257855673488,5.0,0.9,1.0002980115631173,0.9987591251723276,0.9987591251723276
111,0.9,1,0,0.981963556674358,12,0.03268148507316771,0.009434332102255057,1.0,0.4,0.9403185911709038,1.0442881443528593,1.0442881443528593
111,0.9,1,1,1.038936138664812,3,0.023057184277896377,0.013312071549598282,5.0,0.9,1.0002980115631173,1.0386266159235054,1.0386266159235054
112,0.1,1,0,0.9598125366139425,1,,,1.0,0.4,0.9589292534845558,1.0009211139676644,1.0009211139676644
112,0.1,1,1,0.922660628756235,14,0.06294802228118461,0.01682356661080036,5.0,0.9,0.9479219670649855,0.9733508250821887,0.9733508250821887
112,0.5,1,0,0.9911335541087526,6,0.04629968159732662,0.018901765861129773,1.0,0.4,0.9589292534845558,1.0335836043244826,1.0335836043244826
112,0.5,1,1,0.9566811286713808,9,0.06899543729838184,0.022998479099460612,5.0,0.9,0.9479219670649855,1.0092403825533403,1.0092403825533403
112,0.9,1,0,0.9258416697309725,8,0.11221047919564504,0.039672395379716306,1.0,0.4,0.9589292534845558,0.965495281707853,0.965495281707853
112,0.9,1,1,0.964424143767341,7,0.09233489322547375,0.03489930925832945,5.0,0.9,0.9479219670649855,1.0174087923644712,1.0174087923644712
113,0.1,1,0,0.9183864062412336,3,0.27218377066043936,0.15714537325985203,1.0,0.4,0.9669496334310481,0.9497768802936544,0.9497768802936544
113,0.1,1,1,1.131295317781475,12,0.06836274352857763,0.01973462418938282,5.0,0.9,1.1495108689072402,0.9841536503755886,0.9841536503755886
113,0.5,1,0,0.8627369545672181,6,0.29498845011590813,0.12042853046640403,1.0,0.4,0.9669496334310481,0.8922253287443216,0.8922253287443216
113,0.5,1,1,1.1499587059802183,9,0.0694576274316597,0.0231525424772199,5.0,0.9,1.1495108689072402,1.0003895892462538,1.0003895892462538
113,0.9,1,0,1.1197255394846928,12,0.16926995196508193,0.04886402616637754,1.0,0.4,0.9669496334310481,1.1579977909620243,1.1579977909620243
113,0.9,1,1,1.1672785829600272,3,0.07477383629649466,0.043170694514122206,5.0,0.9,1.1495108689072402,1.0154567603781577,1.0154567603781577
114,0.1,1,0,0.7810768202285815,8,0.06818558120748695,0.02410724342548002,1.0,0.4,0.767274828289913,1.017988328861811,1.017988328861811
114,0.1,1,1,0.9129883350731579,7,0.16842445433466152,0.06365846012446699,5.0,0.9,0.9464173083207768,0.964678400369778,0.964678400369778
114,0.5,1,0,0.7290553865052808,6,0.07966170292727151,0.03252175403549871,1.0,0.4,0.767274828289913,0.9501880677229892,0.9501880677229892
114,0.5,1,1,1.0525446126894775,9,0.1572440001887472,0.0524146667295824,5.0,0.9,0.9464173083207768,1.1121358447649292,1.1121358447649292
114,0.9,1,0,0.7916922781358767,12,0.15855807777585001,0.045771774443038316,1.0,0.4,0.767274828289913,1.0318236034151997,1.0318236034151997
114,0.9,1,1,0.8737189771996947,3,0.15161075484187145,0.08753251011999684,5.0,0.9,0.9464173083207768,0.9231857548652926,0.9231857548652926
115,0.1,1,0,0.6985254402689066,5,0.03314254213395705,0.014821795431735781,1.0,0.4,0.6855053463159809,1.018993424373563,1.018993424373563
115,0.1,1,1,0.8105113303072562,10,0.18118181312313397,0.05729472000680886,5.0,0.9,0.9492061551860765,0.8538833486055182,0.8538833486055182
115,0.5,1,0,0.6769071143310108,10,0.03057888457516319,0.009669892356490599,1.0,0.4,0.6855053463159809,0.9874570898225982,0.9874570898225982
115,0.5,1,1,1.074578625790007,5,0.2866761873798978,0.12820548850238375,5.0,0.9,0.9492061551860765,1.1320813923497506,1.1320813923497506
115,0.9,1,0,0.6810834843480257,13,0.02832510286605732,0.007855970058950898,1.0,0.4,0.6855053463159809,0.9935494858038394,0.9935494858038394
115,0.9,1,1,0.9625285094609662,2,0.40863245001532206,0.28894677641870714,5.0,0.9,0.9492061551860765,1.014035259044731,1.014035259044731
116,0.1,1,0,2.9929818484090114,3,0.12932865469473234,0.07466793360193588,1.0,0.4,3.4127335947732518,0.8770042446304311,0.8770042446304311
116,0.1,1,1,3.577551947160167,12,0.8300991740397785,0.2396289907929761,5.0,0.9,3.680329415582777,0.9720738399156763,0.9720738399156763
116,0.5,1,0,3.4152730317177604,8,0.7955052754943566,0.2812535873858661,1.0,0.4,3.4127335947732518,1.0007441064102975,1.0007441064102975
116,0.5,1,1,3.5819707355996715,7,0.865760347091938,0.32722665334089,5.0,0.9,3.680329415582777,0.9732744901674704,0.9732744901674704
116,0.9,1,0,3.829945904192983,9,0.6752921601902888,0.22509738673009627,1.0,0.4,3.4127335947732518,1.1222516489592713,1.1222516489592713
116,0.9,1,1,3.8814655639884914,6,0.5562885685623237,0.2271038571201581,5.0,0.9,3.680329415582777,1.0546516699168529,1.0546516699168529
117,0.1,1,1,1.0217635213732073,15,0.04262167553255432,0.011004869301669266,5.0,0.9,1.0382751594956923,0.9840970498316602,0.9840970498316602
117,0.5,1,0,1.0314890488254074,13,0.04717694108349943,0.013084529238161604,1.0,0.4,1.033824537552741,0.9977409234908834,0.9977409234908834
117,0.5,1,1,1.0547867976181773,2,0.0006722369511509368,0.00047534330672299724,5.0,0.9,1.0382751594956923,1.0159029501683399,1.0159029501683399
117,0.9,1,0,1.036160026280075,15,0.04516852127617132,0.011662462045028459,1.0,0.4,1.033824537552741,1.0022590765091168,1.0022590765091168
118,0.1,1,1,1.0014700601873205,15,0.05541791521739203,0.014308844181232927,5.0,0.9,1.0346514234509407,0.9679299109714186,0.9679299109714186
118,0.5,1,0,1.0568198874260437,14,0.056009390225333314,0.014969139190380185,1.0,0.4,1.047606757972816,1.0087944540096854,1.0087944540096854
118,0.5,1,1,1.0678327867145607,1,,,5.0,0.9,1.0346514234509407,1.0320700890285812,1.0320700890285812
118,0.9,1,0,1.0383936285195883,15,0.06221336367273228,0.01606342142773584,1.0,0.4,1.047606757972816,0.9912055459903143,0.9912055459903143
119,0.1,1,0,0.5970964179292978,5,0.24862227119962904,0.11118725982455174,1.0,0.4,0.6394993589519918,0.9336935363122432,0.9336935363122432
119,0.1,1,1,0.7931445938612315,10,0.1350479672853843,0.04270591699977209,5.0,0.9,0.7552245281463638,1.0502103206419149,1.0502103206419149
119,0.5,1,0,0.6155703583833585,2,0.2808947081845989,0.19862255295674627,1.0,0.4,0.6394993589519918,0.9625816660585117,0.9625816660585117
119,0.5,1,1,0.717304462431496,13,0.1912039687056747,0.05303043948004016,5.0,0.9,0.7552245281463638,0.9497896793580852,0.9497896793580852
119,0.9,1,0,0.7058313005433193,15,0.3566282645921157,0.09208102197014109,1.0,0.4,0.6394993589519918,1.1037247976292455,1.1037247976292455
120,0.1,1,0,0.7194550519265391,3,0.16287743314527775,0.09403732987134139,1.0,0.4,0.7866851117698248,0.9145400633144861,0.9145400633144861
120,0.1,1,1,0.9264057040975389,12,0.03775895551352352,0.010900071565025954,5.0,0.9,0.9237950098375672,1.0028260536506153,1.0028260536506153
120,0.5,1,0,0.8356010160118753,14,0.1405213378897179,0.037555907279601425,1.0,0.4,0.7866851117698248,1.0621797762665206,1.0621797762665206
120,0.5,1,1,0.9211843155775956,1,,,5.0,0.9,0.9237950098375672,0.9971739463493847,0.9971739463493847
120,0.9,1,0,0.8049992673710601,15,0.1911502394889235,0.049354779610944005,1.0,0.4,0.7866851117698248,1.0232801604189934,1.0232801604189934
121,0.1,1,0,0.9928198320793831,12,0.11653104854567599,0.03363961612339769,1.0,0.4,1.0508547795691865,0.9447735799292879,0.9447735799292879
121,0.1,1,1,1.115828686260688,3,0.08717575355766118,0.05033094478332416,5.0,0.9,1.0589952954660162,1.0536672741021593,1.0536672741021593
121,0.5,1,0,1.0049371902676234,10,0.10053808005830225,0.03179293245645892,1.0,0.4,1.0508547795691865,0.9563045339905218,0.9563045339905218
121,0.5,1,1,1.0067567544036011,4,0.18836153505118938,0.09418076752559469,5.0,0.9,1.0589952954660162,0.950671602332825,0.950671602332825
121,0.9,1,0,1.1548073163605532,11,0.11497020326097444,0.03466482057159519,1.0,0.4,1.0508547795691865,1.0989218860801904,1.0989218860801904
121,0.9,1,1,1.0544004457337595,4,0.09484530304452217,0.047422651522261085,5.0,0.9,1.0589952954660162,0.9956611235650157,0.9956611235650157
122,0.1,1,0,1.0132220395878468,1,,,1.0,0.4,0.9642759671923852,1.050759402972548,1.050759402972548
122,0.1,1,1,0.9597222046841889,14,0.12760823537934776,0.03410473546573745,5.0,0.9,0.9421291103646515,1.0186737615110184,1.0186737615110184
122,0.5,1,0,0.9225397082830974,11,0.12291644065383599,0.037060701292250975,1.0,0.4,0.9642759671923852,0.9567175162201664,0.9567175162201664
122,0.5,1,1,0.9363377437144543,4,0.15036846577899846,0.07518423288949923,5.0,0.9,0.9421291103646515,0.9938528949095357,0.9938528949095357
122,0.9,1,0,0.9570661537062114,12,0.24742129511727734,0.07142437566960295,1.0,0.4,0.9642759671923852,0.9925230808072858,0.9925230808072858
122,0.9,1,1,0.9303273826953111,3,0.10145290276186218,0.05857386071963006,5.0,0.9,0.9421291103646515,0.9874733435794458,0.9874733435794458
123,0.1,1,0,0.9122759850020316,10,0.21681885842837,0.0685641432311245,1.0,0.4,0.939415849308508,0.9711098505241809,0.9711098505241809
123,0.1,1,1,0.9888809774617447,5,0.030415624024291748,0.013602280579278411,5.0,0.9,0.9855131625370742,1.003417321100005,1.003417321100005
123,0.5,1,0,0.9508401732468924,10,0.07633565528200288,0.024139453737259203,1.0,0.4,0.939415849308508,1.0121610934569538,1.0121610934569538
123,0.5,1,1,1.069870945379994,5,0.04872579842851489,0.021790839508822345,5.0,0.9,0.9855131625370742,1.0855978246153015,1.0855978246153015
123,0.9,1,0,0.9551313896765998,14,0.21041880789156422,0.0562367919188313,1.0,0.4,0.939415849308508,1.016729056018865,1.016729056018865
123,0.9,1,1,0.8977875647694842,1,,,5.0,0.9,0.9855131625370742,0.9109848542846937,0.9109848542846937
124,0.1,1,0,1.0327720406920267,4,0.03049506670568309,0.015247533352841545,1.0,0.4,1.0448645240202405,0.9884267452380462,0.9884267452380462
124,0.1,1,1,1.018824256134497,10,0.06601693986639878,0.020876389413219214,5.0,0.9,1.1233291878301725,0.9069685602156053,0.9069685602156053
124,0.5,1,0,1.0534627779179602,11,0.023027770603823043,0.006943134077386986,1.0,0.4,1.0448645240202405,1.0082290609931293,1.0082290609931293
124,0.5,1,1,1.139837544890249,4,0.1748116884379677,0.08740584421898386,5.0,0.9,1.1233291878301725,1.0146959210522821,1.0146959210522821
124,0.9,1,0,1.0483587534507348,13,0.046507355862214605,0.012898819711343502,1.0,0.4,1.0448645240202405,1.0033441937688246,1.0033441937688246
124,0.9,1,1,1.2113257624657716,2,0.2516181975812471,0.17792093377963636,5.0,0.9,1.1233291878301725,1.0783355187321124,1.0783355187321124
125,0.1,1,0,0.8959429202762207,13,0.071819707724252,0.019919202983740596,1.0,0.4,0.9398545287945014,0.9532782923601979,0.9532782923601979
125,0.1,1,1,0.9319716187987315,2,0.04417597736252586,0.03123713315858545,5.0,0.9,0.9706376216097512,0.9601643270874931,0.9601643270874931
125,0.5,1,0,0.9392974604534625,13,0.052759089785815484,0.014632738728428166,1.0,0.4,0.9398545287945014,0.999407282378313,0.999407282378313
125,0.5,1,1,1.009303624420771,2,0.11658636004743535,0.08243900578339791,5.0,0.9,0.9706376216097512,1.039835672912507,1.039835672912507
125,0.9,1,0,0.9843232056538207,15,0.07866040735405318,0.020310029845875956,1.0,0.4,0.9398545287945014,1.047314425261489,1.047314425261489
126,0.1,1,0,0.8140497503408899,4,0.17264623286000624,0.08632311643000312,1.0,0.4,0.9338137500336513,0.8717474446178957,0.8717474446178957
126,0.1,1,1,1.006025592933218,11,0.09820968684067088,0.02961133472989178,5.0,0.9,1.0317909465933113,0.975028513532549,0.975028513532549
126,0.5,1,0,0.9658483800023162,9,0.1766976950723665,0.05889923169078883,1.0,0.4,0.9338137500336513,1.03430515985389,1.03430515985389
126,0.5,1,1,1.0575563002534045,6,0.0862362354270385,0.03520579568912769,5.0,0.9,1.0317909465933113,1.0249714864674508,1.0249714864674508
126,0.9,1,0,1.0215431197577476,15,0.15127543683554645,0.039059149836954896,1.0,0.4,0.9338137500336513,1.0939473955282142,1.0939473955282142
127,0.1,1,0,0.9117183209455281,3,0.018521396311699447,0.010693333146327418,1.0,0.4,0.9535119412465501,0.9561687499724605,0.9561687499724605
127,0.1,1,1,0.9138892371687763,12,0.06129426251491065,0.01769412948138163,5.0,0.9,0.9295031386765255,0.9832018840409932,0.9832018840409932
127,0.5,1,0,0.9694053592347701,7,0.0566129957739573,0.02139770111317738,1.0,0.4,0.9535119412465501,1.0166682946491914,1.0166682946491914
127,0.5,1,1,0.8457810973481352,8,0.21283005562225385,0.07524678778540289,5.0,0.9,0.9295031386765255,0.9099281779213807,0.9099281779213807
127,0.9,1,0,0.9794121435593521,14,0.08816757798697102,0.023563776389208403,1.0,0.4,0.9535119412465501,1.027162955378348,1.027162955378348
127,0.9,1,1,1.028839081512665,1,,,5.0,0.9,0.9295031386765255,1.1068699380376263,1.1068699380376263
128,0.1,1,0,0.5951109796704371,1,,,1.0,0.4,0.7122809984447794,0.8355002884673666,0.8355002884673666
128,0.1,1,1,0.9402327518805339,14,0.08282927716903105,0.022137055482903657,5.0,0.9,0.9037388939869913,1.04038097523118,1.04038097523118
128,0.5,1,0,0.7247991585175096,6,0.19122488728009293,0.07806723332624285,1.0,0.4,0.7122809984447794,1.0175747494318435,1.0175747494318435
128,0.5,1,1,0.9640419528935459,9,0.11456667713016873,0.03818889237672291,5.0,0.9,0.9037388939869913,1.066726196369084,1.066726196369084
128,0.9,1,0,0.8169328571463915,13,0.14019634017217356,0.038883468701781825,1.0,0.4,0.7122809984447794,1.14692496210079,1.14692496210079
128,0.9,1,1,0.806941977186894,2,0.18241530186079247,0.12898709693795737,5.0,0.9,0.9037388939869913,0.8928928283997362,0.8928928283997362
129,0.1,1,0,0.6906962966618475,13,0.035359646529902165,0.009807001434295737,1.0,0.4,0.6873721955075438,1.0048359552161537,1.0048359552161537
129,0.1,1,1,0.7302148992705815,2,0.02482089369501807,0.0175510222468577,5.0,0.9,0.752369266315764,0.9705538649210527,0.9705538649210527
129,0.5,1,0,0.6809857547956443,12,0.13872007439518955,0.0400450361470338,1.0,0.4,0.6873721955075438,0.9907089045008812,0.9907089045008812
129,0.5,1,1,0.7881392657660237,3,0.04945733980766181,0.028554208451356342,5.0,0.9,0.752369266315764,1.0475431427780402,1.0475431427780402
129,0.9,1,0,0.6904345350651397,13,0.07034813877891315,0.01951106319237139,1.0,0.4,0.6873721955075438,1.0044551402829653,1.0044551402829653
129,0.9,1,1,0.7387536339106865,2,0.01914905527006077,0.013540426834775965,5.0,0.9,0.752369266315764,0.9819029923009068,0.9819029923009068
130,0.1,1,0,0.8483333160282724,9,0.08174676645760176,0.02724892215253392,1.0,0.4,0.8705122956564203,0.974521922620951,0.974521922620951
130,0.1,1,1,0.8219769449742117,6,0.039714470804782326,0.016213364812729385,5.0,0.9,0.8334540920863849,0.9862294189672254,0.9862294189672254
130,0.5,1,0,0.8644636965473995,13,0.04541472537018107,0.012595778537177166,1.0,0.4,0.8705122956564203,0.9930516787192997,0.9930516787192997
130,0.5,1,1,0.8879357368447698,2,0.0011024853042681663,0.0007795748348065344,5.0,0.9,0.8334540920863849,1.06536850112764,1.06536850112764
130,0.9,1,0,0.8987398743935886,14,0.055643316418642834,0.014871301850172478,1.0,0.4,0.8705122956564203,1.0324263986597488,1.0324263986597488
130,0.9,1,1,0.7904495944401733,1,,,5.0,0.9,0.8334540920863849,0.9484020799051349,0.9484020799051349
131,0.1,1,0,1.0501446333266413,6,0.5122704561635975,0.20913353798393197,1.0,0.4,0.9358467645086194,1.1221331025042713,1.1221331025042713
131,0.1,1,1,0.8095524399149883,9,0.13064186318475077,0.043547287728250256,5.0,0.9,0.9749305659133976,0.8303693290778416,0.8303693290778416
131,0.5,1,0,0.8791968944364044,5,0.011211875869070059,0.005014103319706037,1.0,0.4,0.9358467645086194,0.9394667244461118,0.9394667244461118
131,0.5,1,1,0.9674673010676648,10,0.25771119682175153,0.08149543604846811,5.0,0.9,0.9749305659133976,0.9923448242298768,0.9923448242298768
131,0.9,1,0,0.8781987657628124,3,0.005452960264201143,0.003148268076416863,1.0,0.4,0.9358467645086194,0.9384001730496169,0.9384001730496169
131,0.9,1,1,1.1477719567575397,12,0.3927326831691458,0.11337216017363518,5.0,0.9,0.9749305659133976,1.1772858466922818,1.1772858466922818
132,0.1,1,0,0.7769992174905679,15,0.11738271297129559,0.030308086164698208,1.0,0.4,0.8172530353018166,0.9507449760692749,0.9507449760692749
132,0.5,1,0,0.7597986703208988,15,0.10079852404309755,0.026026066996080316,1.0,0.4,0.8172530353018166,0.9296981932166216,0.9296981932166216
132,0.9,1,0,0.9149612180939832,15,0.15871773771857228,0.04098074366211648,1.0,0.4,0.8172530353018166,1.1195568307141037,1.1195568307141037
133,0.1,1,0,0.802026783963673,5,0.2535614433502433,0.11339612476082118,1.0,0.4,0.9264802292484465,0.8656706950069197,0.8656706950069197
133,0.1,1,1,0.9114060911387819,10,0.24762141021227776,0.07830476536936762,5.0,0.9,1.167951746462222,0.780345672584053,0.780345672584053
133,0.5,1,0,0.9038214455070234,14,0.2693729124429091,0.07199293911705865,1.0,0.4,0.9264802292484465,0.9755431545907852,0.9755431545907852
133,0.5,1,1,1.4244974017856622,1,,,5.0,0.9,1.167951746462222,1.2196543274159473,1.2196543274159473
133,0.9,1,0,1.0735924582746432,15,0.27735195802201856,0.07161196763048643,1.0,0.4,0.9264802292484465,1.1587861504022952,1.1587861504022952
134,0.1,1,1,1.0676539950774782,15,0.14502036717420597,0.03744409779510563,5.0,0.9,1.0860305512802082,0.9830791535458484,0.9830791535458484
134,0.5,1,0,1.0602514919399184,6,0.1647988799440916,0.0672788610075348,1.0,0.4,1.0192476345098387,1.040229534061954,1.040229534061954
134,0.5,1,1,1.0531243109374722,9,0.18699425347950976,0.062331417826503255,5.0,0.9,1.0860305512802082,0.9697004469128918,0.9697004469128918
134,0.9,1,0,0.978243777079759,13,0.14545003495026632,0.04034058146393958,1.0,0.4,1.0192476345098387,0.9597704659380458,0.9597704659380458
134,0.9,1,1,1.1373133478256743,2,0.24286441578814794,0.17173107531270862,5.0,0.9,1.0860305512802082,1.04722039954126,1.04722039954126
135,0.1,1,0,0.9196228109564437,1,,,1.0,0.4,0.9677467542763093,0.9502721728518189,0.9502721728518189
135,0.1,1,1,0.984246648936218,14,0.03002432980916475,0.008024339672385595,5.0,0.9,0.9909045101368769,0.9932810264434672,0.9932810264434672
135,0.5,1,0,1.0098955513168737,12,0.04842703371292342,0.013979680475105711,1.0,0.4,0.9677467542763093,1.043553540070598,1.043553540070598
135,0.5,1,1,0.9699257406953223,3,0.04421008213759677,0.025524702823036965,5.0,0.9,0.9909045101368769,0.9788286669129636,0.9788286669129636
135,0.9,1,0,0.9737219005556104,13,0.07163640070292954,0.01986836276339208,1.0,0.4,0.9677467542763093,1.006174287077583,1.006174287077583
135,0.9,1,1,1.0185411407790905,2,0.039784222296410356,0.028131693370024802,5.0,0.9,0.9909045101368769,1.0278903066435696,1.0278903066435696
136,0.1,1,0,0.9290012564682131,8,0.3135602589326759,0.11086029270095242,1.0,0.4,0.8852035915635094,1.0494775047481961,1.0494775047481961
136,0.1,1,1,1.005604688959176,7,0.1721125881390315,0.0650524436742232,5.0,0.9,1.0330270460903794,0.9734543667225494,0.9734543667225494
136,0.5,1,0,0.8094383181422794,7,0.23601903903661675,0.08920681170961907,1.0,0.4,0.8852035915635094,0.9144092114590182,0.9144092114590182
136,0.5,1,1,1.0141136298756133,8,0.23223064758322182,0.08210593285271972,5.0,0.9,1.0330270460903794,0.9816912671489615,0.9816912671489615
136,0.9,1,0,0.9171712000800357,7,0.25867322297450557,0.09776928840315732,1.0,0.4,0.8852035915635094,1.036113283792786,1.036113283792786
136,0.9,1,1,1.079362819436349,7,0.1296793787352152,0.0490141980438196,5.0,0.9,1.0330270460903794,1.044854366128489,1.044854366128489
137,0.1,1,0,0.9535312223843653,2,0.07317918603308304,0.0517454986857049,1.0,0.4,0.9697810653782941,0.98324380257147,0.98324380257147
137,0.1,1,1,0.9321112819197732,13,0.04433026362634523,0.012295002966124917,5.0,0.9,0.9526142905975757,0.978477114105709,0.978477114105709
137,0.5,1,0,0.9749964966465777,5,0.04709350021057407,0.021060853553848853,1.0,0.4,0.9697810653782941,1.0053779471001005,1.0053779471001005
137,0.5,1,1,0.9540116756993615,10,0.05211042718167281,0.0164787639738435,5.0,0.9,0.9526142905975757,1.0014668949600884,1.0014668949600884
137,0.9,1,0,0.9808154771039395,5,0.02128762731454637,0.009520116351001397,1.0,0.4,0.9697810653782941,1.0113782503284297,1.0113782503284297
137,0.9,1,1,0.9717199141735925,10,0.03160744834013847,0.0099951527780946,5.0,0.9,0.9526142905975757,1.0200559909342026,1.0200559909342026
138,0.1,1,0,0.8951253366948647,3,0.00108750700559466,0.0006278724624256809,1.0,0.4,0.9532243566520263,0.9390500048055627,0.9390500048055627
138,0.1,1,1,0.9979103292637931,12,0.04964192431037874,0.014330389181844098,5.0,0.9,0.9834721067877114,1.0146808662659899,1.0146808662659899
138,0.5,1,0,0.9572674296110742,4,0.06948321384988843,0.03474160692494421,1.0,0.4,0.9532243566520263,1.0042414704689757,1.0042414704689757
138,0.5,1,1,0.9584303652883351,10,0.06487216121743786,0.020514378618474525,5.0,0.9,0.9834721067877114,0.9745374156251677,0.9745374156251677
138,0.9,1,0,1.0072803036501399,10,0.039804044511974855,0.012587144074456586,1.0,0.4,0.9532243566520263,1.0567085247254615,1.0567085247254615
138,0.9,1,1,0.9940756258110058,5,0.054977377107367394,0.02458663048734285,5.0,0.9,0.9834721067877114,1.0107817181088423,1.0107817181088423
139,0.1,1,0,0.8509850515042325,3,0.08231446290864483,0.04752427731850556,1.0,0.4,0.9295614143262299,0.9154694228794431,0.9154694228794431
139,0.1,1,1,0.9085796170201809,12,0.056131167326286806,0.01620367228287981,5.0,0.9,0.9263689143619747,0.980796746235763,0.980796746235763
139,0.5,1,0,0.958514190008808,6,0.07887050942795044,0.03219875064197476,1.0,0.4,0.9295614143262299,1.0311467055714267,1.0311467055714267
139,0.5,1,1,0.9392523143041268,8,0.08545491948351998,0.030212876526273698,5.0,0.9,0.9263689143619747,1.0139074182460295,1.0139074182460295
139,0.9,1,0,0.979185001465649,13,0.058012988808285204,0.016089908137783913,1.0,0.4,0.9295614143262299,1.0533838715491302,1.0533838715491302
139,0.9,1,1,0.9312748117616161,2,0.02200274530698839,0.015558290411291973,5.0,0.9,0.9263689143619747,1.0052958355182076,1.0052958355182076
140,0.1,1,0,0.9548137237276008,8,0.054941575448578334,0.019424780284381035,1.0,0.4,0.9783460685220313,0.9759468090570647,0.9759468090570647
140,0.1,1,1,0.9360429864442688,7,0.04233197223188626,0.015999981576066132,5.0,0.9,0.9757834171975072,0.9592733079361251,0.9592733079361251
140,0.5,1,0,0.9637638003730011,11,0.07883533034132134,0.023769746451443963,1.0,0.4,0.9783460685220313,0.9850949795596774,0.9850949795596774
140,0.5,1,1,1.0433093480022149,4,0.07815390096456948,0.03907695048228474,5.0,0.9,0.9757834171975072,1.0692017609795472,1.0692017609795472
140,0.9,1,0,1.0164606814654922,9,0.10449917172852631,0.0348330572428421,1.0,0.4,0.9783460685220313,1.038958211383258,1.038958211383258
140,0.9,1,1,0.9479979171460381,4,0.2113580932631196,0.1056790466315598,5.0,0.9,0.9757834171975072,0.9715249310843279,0.9715249310843279
141,0.1,1,0,0.7738149381281914,8,0.13174872044461564,0.04658020681951922,1.0,0.4,0.9070112893985535,0.8531480778384956,0.8531480778384956
141,0.1,1,1,0.8418548109234587,7,0.07177015066355807,0.027126567173344565,5.0,0.9,0.8435946606469726,0.9979375761788493,0.9979375761788493
141,0.5,1,0,1.0140938451184733,6,0.13217611231482862,0.05396067189268834,1.0,0.4,0.9070112893985535,1.1180608852078646,1.1180608852078646
141,0.5,1,1,0.9255460066263002,9,0.15308725888160407,0.05102908629386802,5.0,0.9,0.8435946606469726,1.0971454062031132,1.0971454062031132
141,0.9,1,0,0.9331250849489959,11,0.08943369072438397,0.026965272340860876,1.0,0.4,0.9070112893985535,1.0287910369536402,1.0287910369536402
141,0.9,1,1,0.763383164391159,4,0.15734632811648064,0.07867316405824032,5.0,0.9,0.8435946606469726,0.9049170176180377,0.9049170176180377
142,0.1,1,0,0.8445572325067197,9,0.08330217432868686,0.027767391442895622,1.0,0.4,0.8468586660052361,0.9972823877337494,0.9972823877337494
142,0.1,1,1,0.8433721817062537,6,0.09959131779256035,0.04065798523385607,5.0,0.9,0.8383019010976445,1.0060482752120332,1.0060482752120332
142,0.5,1,0,0.8456426252009275,14,0.07416409772575078,0.01982118886349856,1.0,0.4,0.8468586660052361,0.9985640569635488,0.9985640569635488
142,0.5,1,1,0.8332316204890353,1,,,5.0,0.9,0.8383019010976445,0.9939517247879669,0.9939517247879669
142,0.9,1,0,0.8503761403080611,15,0.07415164166411348,0.019145871550603433,1.0,0.4,0.8468586660052361,1.004153555302702,1.004153555302702
143,0.1,1,0,0.9429452789860143,6,0.2294081600855411,0.09365548917338237,1.0,0.4,1.0476611339692885,0.900047972013111,0.900047972013111
143,0.1,1,1,0.9997366426455377,9,0.12614652801119386,0.042048842670397955,5.0,0.9,0.9969036855923283,1.0028417560233276,1.0028417560233276
143,0.5,1,0,1.0574884240236813,12,0.17406779440335415,0.05024904397801048,1.0,0.4,1.0476611339692885,1.009380218217278,1.009380218217278
143,0.5,1,1,0.9304938838911821,3,0.13214665769488254,0.07629490839264977,5.0,0.9,0.9969036855923283,0.9333839340139588,0.9333839340139588
143,0.9,1,0,1.1425496988981698,14,0.1702653297766725,0.04550532349074198,1.0,0.4,1.0476611339692885,1.0905718097696109,1.0905718097696109
143,0.9,1,1,1.0604805302402651,1,,,5.0,0.9,0.9969036855923283,1.0637743099627137,1.0637743099627137
144,0.1,1,0,0.831657208370847,6,0.1827364997956536,0.07460186364692564,1.0,0.4,0.8808503255221947,0.9441526945883973,0.9441526945883973
144,0.1,1,1,1.0338372273511869,9,0.07207791126460882,0.024025970421536272,5.0,0.9,1.005079629970661,1.0286122576987908,1.0286122576987908
144,0.5,1,0,0.9210765731552566,10,0.1588061965961502,0.05021892877923134,1.0,0.4,0.8808503255221947,1.0456675174743388,1.0456675174743388
144,0.5,1,1,0.9860420182367562,5,0.13737732863342006,0.061437009078331106,5.0,0.9,1.005079629970661,0.9810586035511828,0.9810586035511828
144,0.9,1,0,0.8898171950404805,13,0.22472720032129384,0.06232811105768404,1.0,0.4,0.8808503255221947,1.010179787937264,1.010179787937264
144,0.9,1,1,0.9953596443240403,2,0.0014708997998348539,0.0010400832229091606,5.0,0.9,1.005079629970661,0.9903291387500268,0.9903291387500268
145,0.1,1,1,0.9620193315036585,15,0.05328195426948343,0.013757341435939633,5.0,0.9,0.9839160267019563,0.9777453617950562,0.9777453617950562
145,0.5,1,0,0.9732106728108244,3,0.06253958481656542,0.03610724612885148,1.0,0.4,0.991511192103542,0.981542801091441,0.981542801091441
145,0.5,1,1,0.996380356032998,12,0.07636543696971347,0.022044802795623736,5.0,0.9,0.9839160267019563,1.0126680824305927,1.0126680824305927
145,0.9,1,0,1.0098117113962597,5,0.10489206540096263,0.04690915770738123,1.0,0.4,0.991511192103542,1.0184571989085591,1.0184571989085591
145,0.9,1,1,0.9933483925692121,10,0.06631342585252165,0.020970146514266146,5.0,0.9,0.9839160267019563,1.0095865557743506,1.0095865557743506
146,0.1,1,0,0.9823781470603035,4,0.047246850286235126,0.023623425143117563,1.0,0.4,0.9907955700890042,0.9915043796290444,0.9915043796290444
146,0.1,1,1,0.9725533007316426,11,0.07146928559868079,0.021548800396870443,5.0,0.9,0.9288233037842302,1.0470810721148434,1.0470810721148434
146,0.5,1,0,0.9502091845911416,2,0.004867353926496591,0.0034417389678607076,1.0,0.4,0.9907955700890042,0.9590365694769742,0.9590365694769742
146,0.5,1,1,0.9610785930568899,13,0.3076390234484491,0.0853237133366963,5.0,0.9,0.9288233037842302,1.0347270456514652,1.0347270456514652
146,0.9,1,0,1.0397993786155673,6,0.09220554227069912,0.037642755003306376,1.0,0.4,0.9907955700890042,1.0494590508939812,1.0494590508939812
146,0.9,1,1,0.8528380175641578,8,0.28207500734336133,0.09972857524786799,5.0,0.9,0.9288233037842302,0.9181918822336911,0.9181918822336911
147,0.1,1,0,0.944221433844806,2,0.026353117358193928,0.01863446798938384,1.0,0.4,0.9779298672436864,0.9655308273855177,0.9655308273855177
147,0.1,1,1,0.9734532025763186,13,0.08152304508299352,0.022610424552207353,5.0,0.9,0.995396728853176,0.9779549945857878,0.9779549945857878
147,0.5,1,0,0.9802283920031447,8,0.08066529460517932,0.02851948841086646,1.0,0.4,0.9779298672436864,1.0023503983633681,1.0023503983633681
147,0.5,1,1,1.0173402551300332,6,0.056968833491710315,0.023257428882711203,5.0,0.9,0.995396728853176,1.022045005414212,1.022045005414212
147,0.9,1,0,1.0093397758831086,15,0.07477023541524429,0.01930559177034994,1.0,0.4,0.9779298672436864,1.0321187742511144,1.0321187742511144
148,0.1,1,0,0.6786681500845825,9,0.13693294805949174,0.04564431601983058,1.0,0.4,0.6336819477453391,1.0709917688192092,1.0709917688192092
148,0.1,1,1,0.6353820635236419,6,0.16597079646035232,0.06775729392186461,5.0,0.9,0.5563236821266677,1.1421086032051635,1.1421086032051635
148,0.5,1,0,0.6243711716669521,14,0.14487891888793708,0.038720519788919466,1.0,0.4,0.6336819477453391,0.9853068623597137,0.9853068623597137
148,0.5,1,1,0.4875000785763227,1,,,5.0,0.9,0.5563236821266677,0.8762885604882901,0.8762885604882901
148,0.9,1,0,0.598006521484483,11,0.13918325766381434,0.041965331160929986,1.0,0.4,0.6336819477453391,0.9437013688210774,0.9437013688210774
148,0.9,1,1,0.5460889042800385,3,0.10640403132760992,0.061432396129856966,5.0,0.9,0.5563236821266677,0.9816028363065463,0.9816028363065463
149,0.1,1,0,0.6422189306150422,10,0.05180648623280768,0.016382649406582843,1.0,0.4,0.6735231408733684,0.953521700504999,0.953521700504999
149,0.1,1,1,0.8320115243746071,5,0.09013287858545241,0.040308648704961335,5.0,0.9,0.914472263024706,0.9098269657984465,0.9098269657984465
149,0.5,1,0,0.6978575383682828,13,0.11248275077211281,0.03119710196262226,1.0,0.4,0.6735231408733684,1.0361300095247798,1.0361300095247798
149,0.5,1,1,0.9433583749282876,2,0.033524959388137855,0.023705726122355886,5.0,0.9,0.914472263024706,1.0315877398052926,1.0315877398052926
149,0.9,1,0,0.6804929536367803,14,0.09850632453937923,0.026326922632622818,1.0,0.4,0.6735231408733684,1.0103482899702214,1.0103482899702214
149,0.9,1,1,0.9680468897712234,1,,,5.0,0.9,0.914472263024706,1.058585294396261,1.058585294396261
150,0.1,1,0,0.8805176381659333,5,0.0829648557360108,0.037103011433836694,1.0,0.4,0.9366593477098842,0.9400617634562486,0.9400617634562486
150,0.1,1,1,0.8717704544928274,10,0.08003169286525937,0.025308243445326676,5.0,0.9,0.8955677954073339,0.973427649993061,0.973427649993061
150,0.5,1,0,0.9601777973601464,5,0.1173051858264629,0.052460473924243176,1.0,0.4,0.9366593477098842,1.025108861303487,1.025108861303487
150,0.5,1,1,0.8933235963175432,10,0.102187753278673,0.032314604933594566,5.0,0.9,0.8955677954073339,0.9974941047441641,0.9974941047441641
150,0.9,1,0,0.9692826076035729,6,0.11050448146533887,0.045113265646820236,1.0,0.4,0.9366593477098842,1.0348293752402642,1.0348293752402642
150,0.9,1,1,0.921609335411631,9,0.12313896656966306,0.041046322189887685,5.0,0.9,0.8955677954073339,1.029078245262775,1.029078245262775
151,0.1,1,0,1.0291654230535574,2,0.09013971220341875,0.06373840175324119,1.0,0.4,1.0249499153587216,1.0041128914024646,1.0041128914024646
151,0.1,1,1,0.9450336470039937,13,0.06606374868568746,0.018322787179662528,5.0,0.9,0.9583975723908283,0.9860559690760726,0.9860559690760726
151,0.5,1,0,1.0036615815382974,7,0.07017166422162739,0.02652239608770784,1.0,0.4,1.0249499153587216,0.9792298789419642,0.9792298789419642
151,0.5,1,1,0.971761497777663,8,0.07413634564955111,0.026211156370593694,5.0,0.9,0.9583975723908283,1.0139440309239274,1.0139440309239274
151,0.9,1,0,1.04202274148431,15,0.0800153296099321,0.020659869268037614,1.0,0.4,1.0249499153587216,1.0166572296555711,1.0166572296555711
152,0.1,1,1,1.0528724727572316,15,0.03918112222090127,0.01011652225648453,5.0,0.9,1.0710459785970883,0.9830320021707553,0.9830320021707553
152,0.5,1,0,1.0299308927841877,7,0.06453307501210341,0.024391209688614593,1.0,0.4,1.0512427253221523,0.9797270106849646,0.9797270106849646
152,0.5,1,1,1.0771714783456685,8,0.054304725507288716,0.019199619828338964,5.0,0.9,1.0710459785970883,1.005719175339796,1.005719175339796
152,0.9,1,0,1.0725545578601168,10,0.05783544722997576,0.01828917427411995,1.0,0.4,1.0512427253221523,1.020272989315035,1.020272989315035
152,0.9,1,1,1.0830939846883647,5,0.029840709963571587,0.013345171195080267,5.0,0.9,1.0710459785970883,1.0112488224894487,1.0112488224894487
153,0.1,1,1,1.0302918894390394,15,0.06629420097425305,0.017117089088227306,5.0,0.9,1.0727158590641697,0.9604518109183725,0.9604518109183725
153,0.5,1,0,1.0146359982959652,11,0.07927812439769191,0.023903253882751295,1.0,0.4,1.050324460849388,0.9660214877557342,0.9660214877557342
153,0.5,1,1,1.1203818677589574,4,0.05556009428395268,0.02778004714197634,5.0,0.9,1.0727158590641697,1.0444348876657528,1.0444348876657528
153,0.9,1,0,1.0860129234028109,10,0.07846114219740338,0.024811591716214325,1.0,0.4,1.050324460849388,1.0339785122442657,1.0339785122442657
153,0.9,1,1,1.067473819994512,5,0.08584275927262817,0.038390049021949396,5.0,0.9,1.0727158590641697,0.9951133014158746,0.9951133014158746
154,0.1,1,0,0.9643265487438342,1,,,1.0,0.4,0.9537768560448304,1.011060965289881,1.011060965289881
154,0.1,1,1,0.9458948227278652,14,0.015369659047525004,0.004107714164812063,5.0,0.9,0.9465988423283532,0.9992562640381469,0.9992562640381469
154,0.5,1,0,0.9493807737740525,9,0.013276188338353059,0.004425396112784353,1.0,0.4,0.9537768560448304,0.9953908692133632,0.9953908692133632
154,0.5,1,1,0.9531085398390376,6,0.02203050895845786,0.00899391762033924,5.0,0.9,0.9465988423283532,1.0068769337332724,1.0068769337332724
154,0.9,1,0,0.9476232456166044,11,0.015741103768120514,0.004746121362264118,1.0,0.4,0.9537768560448304,0.9935481654967555,0.9935481654967555
154,0.9,1,1,0.9407931644181571,4,0.012077906455733912,0.006038953227866956,5.0,0.9,0.9465988423283532,0.9938668022285809,0.9938668022285809
155,0.1,1,0,0.851915212896237,12,0.04107623772715275,0.011857688454534351,1.0,0.4,0.8615211311987121,0.9888500491112626,0.9888500491112626
155,0.1,1,1,0.87856907816316,3,0.016248398604139652,0.009381017308000368,5.0,0.9,0.951343775998212,0.9235032596301037,0.9235032596301037
155,0.5,1,0,0.8716204052044145,11,0.05228991782268241,0.015766003430577737,1.0,0.4,0.8615211311987121,1.0117226074207262,1.0117226074207262
155,0.5,1,1,0.9465402983014526,4,0.07866468147022285,0.039332340735111423,5.0,0.9,0.951343775998212,0.9949508497160038,0.9949508497160038
155,0.9,1,0,0.8610277754954848,13,0.04579430273605089,0.012701054356842488,1.0,0.4,0.8615211311987121,0.9994273434680112,0.9994273434680112
155,0.9,1,1,1.0289219515300232,1,,,5.0,0.9,0.951343775998212,1.0815458906538924,1.0815458906538924
156,0.1,1,0,1.0083858454872132,2,0.00037302457200976433,0.00026376820441731397,1.0,0.4,1.0419256729850568,0.9678097695762176,0.9678097695762176
156,0.1,1,1,1.0605398573710305,13,0.07891199706054128,0.021886250127003477,5.0,0.9,1.0848268867570365,0.9776120690937065,0.9776120690937065
156,0.5,1,0,1.063320365793246,10,0.10378020870005084,0.03281818355397828,1.0,0.4,1.0419256729850568,1.0205337994474162,1.0205337994474162
156,0.5,1,1,1.1091139161430426,5,0.09098823615698923,0.040691176239966424,5.0,0.9,1.0848268867570365,1.0223879309062935,1.0223879309062935
156,0.9,1,0,1.054070807674711,15,0.07557807580244,0.01951417526141679,1.0,0.4,1.0419256729850568,1.0116564309763663,1.0116564309763663
157,0.1,1,0,0.7672633077960334,6,0.061425005898747505,0.025076653649896374,1.0,0.4,0.7976120806689474,0.9619504598683348,0.9619504598683348
157,0.1,1,1,0.8192458491888301,9,0.036241795944436106,0.012080598648145369,5.0,0.9,0.8216869352344712,0.997029177487233,0.997029177487233
157,0.5,1,0,0.8062419704971804,9,0.06916720899353834,0.02305573633117945,1.0,0.4,0.7976120806689474,1.0108196578730293,1.0108196578730293
157,0.5,1,1,0.8241280212801123,6,0.062487124935931414,0.025510261931095828,5.0,0.9,0.8216869352344712,1.002970822512767,1.002970822512767
157,0.9,1,0,0.8193309637136283,15,0.0604349898424934,0.015604247279212755,1.0,0.4,0.7976120806689474,1.0272298822586359,1.0272298822586359
158,0.1,1,1,1.0466571995937985,15,0.06200565509373272,0.016009791303247194,5.0,0.9,1.0726915842164884,0.9757298509601846,0.9757298509601846
158,0.5,1,0,0.9945898498207225,11,0.164118035320299,0.04948344949888425,1.0,0.4,1.0377037257131188,0.9584526153042691,0.9584526153042691
158,0.5,1,1,1.0987259688391784,4,0.056650705152885054,0.028325352576442527,5.0,0.9,1.0726915842164884,1.0242701490398156,1.0242701490398156
158,0.9,1,0,1.0808176016055149,15,0.09669761168813652,0.02496721597907896,1.0,0.4,1.0377037257131188,1.0415473846957308,1.0415473846957308
159,0.1,1,0,0.9195525032282854,8,0.14287092109408547,0.050512498569997996,1.0,0.4,1.0032078732526453,0.9166121277007838,0.9166121277007838
159,0.1,1,1,0.8813539880631814,7,0.11491955613404506,0.043435509472658645,5.0,0.9,0.9384615249504056,0.9391477057194837,0.9391477057194837
159,0.5,1,0,1.0510035427171098,13,0.12665805338045122,0.03512862353182092,1.0,0.4,1.0032078732526453,1.0476428372810704,1.0476428372810704
159,0.5,1,1,0.9955690618376296,2,0.21737326708806248,0.15370611120664354,5.0,0.9,0.9384615249504056,1.060852294280516,1.060852294280516
159,0.9,1,0,1.0390675738125406,15,0.1536530311971101,0.03967304206137974,1.0,0.4,1.0032078732526453,1.0357450350181456,1.0357450350181456
160,0.1,1,0,0.8649616355013388,6,0.07900599023163399,0.03225406044846924,1.0,0.4,0.9087727702606264,0.9517908808527317,0.9517908808527317
160,0.1,1,1,0.9026080322896745,9,0.07035916437063894,0.02345305479021298,5.0,0.9,0.955220007347836,0.9449216152787269,0.9449216152787269
160,0.5,1,0,0.9170739450906846,9,0.07620105217434395,0.025400350724781317,1.0,0.4,0.9087727702606264,1.0091344889522575,1.0091344889522575
160,0.5,1,1,0.9881417199721265,6,0.09367025922988578,0.03824072319790776,5.0,0.9,0.955220007347836,1.0344650576527366,1.0344650576527366
160,0.9,1,0,0.9442827301898561,10,0.09507872236951105,0.030066531970645634,1.0,0.4,0.9087727702606264,1.039074630195011,1.039074630195011
160,0.9,1,1,0.9749102697817069,5,0.08213831606187708,0.03673337165434399,5.0,0.9,0.955220007347836,1.0206133270685367,1.0206133270685367
161,0.1,1,0,1.0024636867290162,7,0.07948843148324794,0.030043803115895874,1.0,0.4,1.0370504485250716,0.96664891100983,0.96664891100983
161,0.1,1,1,1.04581739093967,8,0.04915682054793087,0.01737956057550607,5.0,0.9,1.0567211152879448,0.9896815496628893,0.9896815496628893
161,0.5,1,0,1.05367051808106,10,0.015994625034321107,0.0050579445428803535,1.0,0.4,1.0370504485250716,1.0160262883831988,1.0160262883831988
161,0.5,1,1,1.0587600620551263,5,0.0123655467357431,0.00553004061601444,5.0,0.9,1.0567211152879448,1.0019295031940627,1.0019295031940627
161,0.9,1,0,1.0550171407651385,14,0.05420081907930468,0.014485778219805595,1.0,0.4,1.0370504485250716,1.0173248006069713,1.0173248006069713
161,0.9,1,1,1.065585892869038,1,,,5.0,0.9,1.0567211152879448,1.008388947143048,1.008388947143048
162,0.1,1,0,0.9059182723681415,12,0.05896611356127008,0.01702205076883266,1.0,0.4,0.9268038921172059,0.9774648985327921,0.9774648985327921
162,0.1,1,1,0.9661618980907672,3,0.03042190463043281,0.017564094827641506,5.0,0.9,0.9661618980907672,1.0,1.0
162,0.5,1,0,0.9431109329284926,15,0.04169553787292052,0.010765741586198786,1.0,0.4,0.9268038921172059,1.0175949205112147,1.0175949205112147
162,0.9,1,0,0.9313824710549837,15,0.06613991192188323,0.017077251826205276,1.0,0.4,0.9268038921172059,1.0049401809559932,1.0049401809559932
163,0.1,1,0,0.9753027288863148,14,0.05357471432688751,0.014318444686107313,1.0,0.4,0.9839608174817815,0.9912007790944103,0.9912007790944103
163,0.1,1,1,1.2832125539856007,1,,,5.0,0.9,1.122589661244982,1.143082462172762,1.143082462172762
163,0.5,1,0,1.0047892870051287,13,0.11064315606778036,0.03068689019088821,1.0,0.4,0.9839608174817815,1.0211679867259884,1.0211679867259884
163,0.5,1,1,0.9619667685043629,2,0.023711841299925273,0.0167668037775964,5.0,0.9,1.122589661244982,0.8569175378272378,0.8569175378272378
163,0.9,1,0,0.9717904365539011,14,0.046084800371334535,0.012316680980529024,1.0,0.4,0.9839608174817815,0.9876312341796011,0.9876312341796011
164,0.1,1,1,0.9639781530129938,15,0.1176470960171866,0.030376349573615243,5.0,0.9,1.0182778744226109,0.9466749472088782,0.9466749472088782
164,0.5,1,0,0.8333533829981628,10,0.13270644275392782,0.04196546192811598,1.0,0.4,0.8673791079990386,0.9607717955308263,0.9607717955308263
164,0.5,1,1,1.0820797373427502,5,0.076253506043708,0.034101604607284425,5.0,0.9,1.0182778744226109,1.0626566328531066,1.0626566328531066
164,0.9,1,0,0.9014048329999145,13,0.13979009385855898,0.03877079624684293,1.0,0.4,0.8673791079990386,1.0392282044691739,1.0392282044691739
164,0.9,1,1,1.0087757329120888,2,0.0542910484207982,0.03838956849607361,5.0,0.9,1.0182778744226109,0.9906684199380154,0.9906684199380154
165,0.1,1,0,1.1785298722434578,3,0.008948254951890526,0.005166277405251397,1.0,0.4,1.181012832604483,0.9978976008621773,0.9978976008621773
165,0.1,1,1,1.137217376622289,5,0.07639803829200545,0.03416624139371122,5.0,0.9,1.1694709380417938,0.9724203822683175,0.9724203822683175
165,0.5,1,0,1.1351187129873548,11,0.13329704408402634,0.04019057099001622,1.0,0.4,1.181012832604483,0.9611400330715135,0.9611400330715135
165,0.5,1,1,1.238453746957534,1,,,5.0,0.9,1.1694709380417938,1.058986338755239,1.058986338755239
165,0.9,1,0,1.2293899125826364,4,0.0794385314381823,0.03971926571909115,1.0,0.4,1.181012832604483,1.040962366066309,1.040962366066309
165,0.9,1,1,1.1327416905455578,4,0.12109379262401607,0.06054689631200803,5.0,0.9,1.1694709380417938,0.9685932789764431,0.9685932789764431
166,0.1,1,0,0.8537118896059575,3,0.04445173539981107,0.02566422139902694,1.0,0.4,0.8724783580302642,0.9784906201379315,0.9784906201379315
166,0.1,1,1,0.8899779261913983,12,0.03895434405015865,0.011245150511732197,5.0,0.9,0.9059047540112698,0.9824188715763452,0.9824188715763452
166,0.5,1,0,0.8784828482619627,5,0.05603939359894839,0.025061578701023036,1.0,0.4,0.8724783580302642,1.006882107935897,1.006882107935897
166,0.5,1,1,0.8897192406627475,10,0.0590713739427617,0.018680008617464782,5.0,0.9,0.9059047540112698,0.9821333166904642,0.9821333166904642
166,0.9,1,0,0.8852403362228725,5,0.03292728311338689,0.0147255286711828,1.0,0.4,0.8724783580302642,1.0146272719261715,1.0146272719261715
166,0.9,1,1,0.9380170951796634,10,0.1680915547173039,0.05315521683455008,5.0,0.9,0.9059047540112698,1.0354478117331902,1.0354478117331902
167,0.1,1,0,1.0977485647780654,2,0.016599081181378764,0.011737322864818931,1.0,0.4,1.1879372896207128,0.924079557371717,0.924079557371717
167,0.1,1,1,1.1334859388342735,13,0.1498522337461071,0.04156153173187725,5.0,0.9,1.2067930536733957,0.9392546098803102,0.9392546098803102
167,0.5,1,0,1.2750223169218755,12,0.17032822216299282,0.04916952245819715,1.0,0.4,1.1879372896207128,1.0733077646960367,1.0733077646960367
167,0.5,1,1,1.1311114281349324,3,0.010997788401077853,0.006349576093852843,5.0,0.9,1.2067930536733957,0.9372869894236683,0.9372869894236683
167,0.9,1,0,1.191040987162197,14,0.1924343516509761,0.05143024380885207,1.0,0.4,1.1879372896207128,1.002612677932246,1.002612677932246
167,0.9,1,1,1.3557817940509813,1,,,5.0,0.9,1.2067930536733957,1.1234584006960215,1.1234584006960215
168,0.1,1,0,0.8404076880068528,1,,,1.0,0.4,0.8254797246019926,1.0180839855419317,1.0180839855419317
168,0.1,1,1,1.009617193598539,14,0.11821400962679963,0.031594023024305765,5.0,0.9,1.052496568802658,0.9592593681774189,0.9592593681774189
168,0.5,1,0,0.734867191439938,6,0.1258827335467652,0.05139141076938488,1.0,0.4,0.8254797246019926,0.8902304557440902,0.8902304557440902
168,0.5,1,1,1.0953759440067772,9,0.09590090081502178,0.03196696693834059,5.0,0.9,1.052496568802658,1.0407406318225814,1.0407406318225814
168,0.9,1,0,0.9011642943591871,15,0.16069845205115638,0.041492161903695986,1.0,0.4,0.8254797246019926,1.0916855587139782,1.0916855587139782
169,0.1,1,0,0.8219818255376387,7,0.15034670033496855,0.05682571136078259,1.0,0.4,0.80905140273605,1.0159822018203795,1.0159822018203795
169,0.1,1,1,0.9527641144935053,8,0.10433522083549383,0.03688807108468682,5.0,0.9,0.9865356162459437,0.9657675798052291,0.9657675798052291
169,0.5,1,0,0.778522004634871,8,0.1054994924018974,0.037299703244560146,1.0,0.4,0.80905140273605,0.96226519353661,0.96226519353661
169,0.5,1,1,1.020307117998382,7,0.062156406751032796,0.023492913521801283,5.0,0.9,0.9865356162459437,1.0342324201947708,1.0342324201947708
169,0.9,1,0,0.8266503780356403,15,0.1359870032324843,0.035111693254671054,1.0,0.4,0.80905140273605,1.0217526046430105,1.0217526046430105
170,0.1,1,1,0.9711654445020567,15,0.12813575493173235,0.033084509660287614,5.0,0.9,1.0449648948339665,0.929376143929088,0.929376143929088
170,0.5,1,0,1.0833972544766841,1,,,1.0,0.4,1.0291731319880641,1.052687075481532,1.052687075481532
170,0.5,1,1,1.0995099235044843,14,0.024739164583144353,0.006611819850367025,5.0,0.9,1.0449648948339665,1.0521979531945753,1.0521979531945753
170,0.9,1,0,0.9749490094994444,4,0.16242235494643006,0.08121117747321503,1.0,0.4,1.0291731319880641,0.947312924518468,0.947312924518468
170,0.9,1,1,1.0642193164953586,11,0.09813699814133356,0.02958941826241897,5.0,0.9,1.0449648948339665,1.0184259028763367,1.0184259028763367
171,0.1,1,0,0.8999244984932819,5,0.19474373455955615,0.08709204573346851,1.0,0.4,0.9808235354124896,0.9175192743665299,0.9175192743665299
171,0.1,1,1,1.014693597858345,9,0.36593962969945987,0.12197987656648662,5.0,0.9,1.0241671689087966,0.9907499758456959,0.9907499758456959
171,0.5,1,0,1.0617225723316972,4,0.21206833467429048,0.10603416733714524,1.0,0.4,0.9808235354124896,1.08248072563347,1.08248072563347
171,0.5,1,1,1.081323674724158,6,0.26927450728197694,0.10993085726336613,5.0,0.9,1.0241671689087966,1.0558077895391422,1.0558077895391422
171,0.9,1,0,,0,,,1.0,0.4,0.9808235354124896,,
171,0.9,1,1,0.9764842341438867,7,0.22608783302887694,0.08545316866455763,5.0,0.9,1.0241671689087966,0.9534422346151616,0.9534422346151616
172,0.1,1,1,0.9968703374134196,15,0.15454923662946174,0.039904441308998305,5.0,0.9,1.0606174077973156,0.939896262389012,0.939896262389012
172,0.5,1,0,0.6449426087680342,8,0.1537355831326436,0.05435373667138025,1.0,0.4,0.6265050827222586,1.0294291723311515,1.0294291723311515
172,0.5,1,1,1.1243644781812114,7,0.049954268841468245,0.018880938897226803,5.0,0.9,1.0606174077973156,1.0601037376109876,1.0601037376109876
172,0.9,1,0,0.6080675566764829,15,0.06529588033598203,0.01685932380781405,1.0,0.4,0.6265050827222586,0.9705708276688485,0.9705708276688485
173,0.1,1,0,0.9070137420678845,1,,,1.0,0.4,1.0269128267132908,0.8832431716437392,0.8832431716437392
173,0.1,1,1,0.9719709595843185,14,0.21697724311961078,0.05798960746288122,5.0,0.9,1.0184369728155578,0.9543751705097862,0.9543751705097862
173,0.5,1,0,1.0571339281208563,9,0.13572806348803063,0.04524268782934354,1.0,0.4,1.0269128267132908,1.0294290816332388,1.0294290816332388
173,0.5,1,1,1.0484477472371583,5,0.1584241553044929,0.07084943610776599,5.0,0.9,1.0184369728155578,1.0294674832342674,1.0294674832342674
173,0.9,1,0,1.1165908099511317,4,0.019932144254481643,0.009966072127240821,1.0,0.4,1.0269128267132908,1.087327746723022,1.087327746723022
173,0.9,1,1,1.0348922116251966,11,0.14436817574503932,0.04352864278312569,5.0,0.9,1.0184369728155578,1.0161573462559463,1.0161573462559463
174,0.1,1,0,1.513454180099497,5,0.0621932259118694,0.02781365617578826,1.0,0.4,1.5552696022286394,0.9731137147738099,0.9731137147738099
174,0.1,1,1,1.5945946979780392,10,0.16809857303487075,0.05315743622143545,5.0,0.9,1.6686354903498697,0.9556279410332414,0.9556279410332414
174,0.5,1,0,1.5734902891537403,13,0.1494449164249571,0.04144856223289334,1.0,0.4,1.5552696022286394,1.0117154523556504,1.0117154523556504
174,0.5,1,1,1.7426762827217004,2,0.0677759165228979,0.04792481017447447,5.0,0.9,1.6686354903498697,1.0443720589667587,1.0443720589667587
174,0.9,1,0,1.5788643374326812,15,0.15477616555010432,0.03996303410435974,1.0,0.4,1.5552696022286394,1.01517083287054,1.01517083287054
175,0.1,1,0,1.0023991769812222,9,0.024099304051937716,0.008033101350645905,1.0,0.4,1.0260958134529268,0.9769060197293246,0.9769060197293246
175,0.1,1,1,1.0419466102014943,6,0.1725504456748349,0.07044342446552902,5.0,0.9,1.0619641365219243,0.9811504686156445,0.9811504686156445
175,0.5,1,0,1.031995643146143,10,0.10681960841179772,0.03377932613485622,1.0,0.4,1.0260958134529268,1.0057497843923198,1.0057497843923198
175,0.5,1,1,1.0538613622489141,5,0.14814626640286732,0.06625302445792092,5.0,0.9,1.0619641365219243,0.992370011383296,0.992370011383296
175,0.9,1,0,1.0438926202314154,6,0.09708647885531614,0.039635389019838804,1.0,0.4,1.0260958134529268,1.017344195878356,1.017344195878356
175,0.9,1,1,1.0900844371153648,9,0.1492396309823641,0.04974654366078803,5.0,0.9,1.0619641365219243,1.02647952000106,1.02647952000106
176,0.1,1,1,0.9846646222979907,15,0.03992650895302048,0.010308980283149976,5.0,0.9,0.9948089117246056,0.9898027758828288,0.9898027758828288
176,0.5,1,0,1.0533937024838327,7,0.07771300063513317,0.02937275333102385,1.0,0.4,1.0620787714561644,0.9918225754946368,0.9918225754946368
176,0.5,1,1,1.0049532011512206,8,0.046688147298270206,0.016506752777821623,5.0,0.9,0.9948089117246056,1.010197224117171,1.010197224117171
176,0.9,1,0,1.0707638404284958,15,0.05543103389913934,0.014312231410295029,1.0,0.4,1.0620787714561644,1.008177424505363,1.008177424505363
177,0.1,1,0,0.6833948693945345,15,0.013207176148777562,0.003410078218309554,1.0,0.4,0.6833257594998791,1.0001011375521773,1.0001011375521773
177,0.5,1,0,0.6809730131031828,13,0.016988111687424305,0.004711654443255185,1.0,0.4,0.6833257594998791,0.9965569183306975,0.9965569183306975
177,0.5,1,1,0.6849326521909984,1,,,5.0,0.9,0.6849328171173767,0.9999997592079483,0.9999997592079483
177,0.9,1,0,0.6856093960019198,14,0.022139660964946604,0.005917073285011653,1.0,0.4,0.6833257594998791,1.0033419441171252,1.0033419441171252
177,0.9,1,1,0.6849329820437552,1,,,5.0,0.9,0.6849328171173767,1.0000002407920519,1.0000002407920519
178,0.1,1,1,1.066268110048927,15,0.16158882217229067,0.04172205448043691,5.0,0.9,1.0542830518764512,1.011367970063774,1.011367970063774
178,0.5,1,0,1.0575573269463507,7,0.09059041029022298,0.0342399566850338,1.0,0.4,1.0368548877501826,1.0199665733756527,1.0199665733756527
178,0.5,1,1,1.050411962634372,8,0.10881013072803321,0.038470190649793505,5.0,0.9,1.0542830518764512,0.996328225863833,0.996328225863833
178,0.9,1,0,1.0161524485540148,10,0.13672910504169872,0.043237539436817955,1.0,0.4,1.0368548877501826,0.9800334266243476,0.9800334266243476
178,0.9,1,1,1.0461690829460548,5,0.10522486490282813,0.0470579901691911,5.0,0.9,1.0542830518764512,0.9923038040723932,0.9923038040723932
179,0.1,1,0,0.8465707850615498,5,0.12891532920623514,0.05765268788938115,1.0,0.4,0.9089105944699672,0.9314126056097178,0.9314126056097178
179,0.1,1,1,0.9126004949855122,10,0.0754683672842776,0.02386519319124532,5.0,0.9,0.9426546130616412,0.9681175717386918,0.9681175717386918
179,0.5,1,0,0.9339721326956576,10,0.05559618177958352,0.017581056363223723,1.0,0.4,0.9089105944699672,1.0275731610767558,1.0275731610767558
179,0.5,1,1,0.9210437830982803,5,0.06250242444822371,0.027951933964954597,5.0,0.9,0.9426546130616412,0.9770744982691261,0.9770744982691261
179,0.9,1,0,0.9461888656526946,14,0.05402317864052715,0.014438301815524045,1.0,0.4,0.9089105944699672,1.0410142333135266,1.0410142333135266
179,0.9,1,1,0.9943195611011312,1,,,5.0,0.9,0.9426546130616412,1.0548079299921822,1.0548079299921822
180,0.1,1,0,0.9333259076600469,13,0.07026032048316655,0.019486706779429985,1.0,0.4,0.9145171059955567,1.020566921647698,1.020566921647698
180,0.1,1,1,0.868826073403828,2,0.009258276980040335,0.006546590434689831,5.0,0.9,0.9105806468292194,0.9541451121646533,0.9541451121646533
180,0.5,1,0,0.8875435016555094,11,0.06906090249207592,0.020822645568139637,1.0,0.4,0.9145171059955567,0.9705050849642847,0.9705050849642847
180,0.5,1,1,0.9107951513062071,4,0.057649533215973325,0.028824766607986663,5.0,0.9,0.9105806468292194,1.000235568895226,1.000235568895226
180,0.9,1,0,0.9226819086711138,9,0.051428529684258,0.017142843228086,1.0,0.4,0.9145171059955567,1.0089279933880173,1.0089279933880173
180,0.9,1,1,0.9521207157776228,6,0.1073230764808321,0.04381446250062213,5.0,0.9,0.9105806468292194,1.0456193189401206,1.0456193189401206
181,0.1,1,1,0.9630480137386904,15,0.09899350602987118,0.02556001334909164,5.0,0.9,0.9595797453960447,1.0036143617654354,1.0036143617654354
181,0.5,1,0,0.9535844093230031,11,0.03921268656304042,0.011823069850128723,1.0,0.4,0.9626658895429464,0.9905663217959713,0.9905663217959713
181,0.5,1,1,0.956111477053399,4,0.10289019232302045,0.051445096161510225,5.0,0.9,0.9595797453960447,0.9963856382345646,0.9963856382345646
181,0.9,1,0,0.9717473697628897,15,0.07734484822818712,0.019970353940180596,1.0,0.4,0.9626658895429464,1.0094336782040287,1.0094336782040287
182,0.1,1,0,2.082744304698231,5,0.06441474061498861,0.02880714775362623,1.0,0.4,2.1115176888637692,0.9863731266295849,0.9863731266295849
182,0.1,1,1,2.0643277300903744,10,0.12467293833216606,0.03942504477153587,5.0,0.9,2.0999224726165138,0.9830494968312863,0.9830494968312863
182,0.5,1,0,2.105072011232555,8,0.0932892826090169,0.03298274217243205,1.0,0.4,2.1115176888637692,0.9969473721838994,0.9969473721838994
182,0.5,1,1,2.1149144015844517,7,0.14254543341660533,0.05387710962117912,5.0,0.9,2.0999224726165138,1.0071392773606818,1.0071392773606818
182,0.9,1,0,2.1467367506605215,12,0.09467351369666972,0.027329889308949994,1.0,0.4,2.1115176888637692,1.0166795011865157,1.0166795011865157
182,0.9,1,1,2.120525286174715,3,0.10056454525669294,0.058060967274883975,5.0,0.9,2.0999224726165138,1.0098112258080318,1.0098112258080318
183,0.1,1,0,1.1394674957797404,14,0.1466730842737813,0.03920003065813648,1.0,0.4,1.1625970958881677,0.9801052314768106,0.9801052314768106
183,0.1,1,1,0.8174424986279499,1,,,5.0,0.9,0.8174424986279499,1.0,1.0
183,0.5,1,0,1.150903861482708,15,0.1459645518293535,0.03768788522478103,1.0,0.4,1.1625970958881677,0.9899421438030287,0.9899421438030287
183,0.9,1,0,1.1974199304020547,15,0.09954336134742223,0.02570198538160489,1.0,0.4,1.1625970958881677,1.0299526247201607,1.0299526247201607
184,0.1,1,0,0.8742803005819537,3,0.0637130804369807,0.03678476414119109,1.0,0.4,0.8591181280212782,1.017648530587519,1.017648530587519
184,0.1,1,1,0.862124879614667,12,0.1505047768559573,0.043446986716055756,5.0,0.9,0.841590232619088,1.024399816204703,1.024399816204703
184,0.5,1,0,0.8975131273138739,14,0.14073495083094104,0.03761299773956128,1.0,0.4,0.8591181280212782,1.0446911758002675,1.0446911758002675
184,0.5,1,1,0.8210555856235091,1,,,5.0,0.9,0.841590232619088,0.975600183795297,0.975600183795297
184,0.9,1,0,0.805560956168007,15,0.21972141147445698,0.05673182449638394,1.0,0.4,0.8591181280212782,0.9376602936122136,0.9376602936122136
185,0.1,1,1,1.017655625132924,15,0.054124916145128564,0.01397499325633039,5.0,0.9,1.0118371907058288,1.0057503662452223,1.0057503662452223
185,0.5,1,0,1.0610874337815142,9,0.05595073910434161,0.01865024636811387,1.0,0.4,1.0631562503434395,0.9980540804220855,0.9980540804220855
185,0.5,1,1,1.0060187562787337,5,0.04301574010293678,0.01923722379452609,5.0,0.9,1.0118371907058288,0.994249633754778,0.994249633754778
185,0.9,1,0,1.0652250669053651,15,0.12160424763921884,0.031398081728985144,1.0,0.4,1.0631562503434395,1.0019459195779146,1.0019459195779146
186,0.1,1,0,1.239059062335358,2,0.174869493675162,0.12365140480036513,1.0,0.4,1.2537966122034012,0.9882456614377481,0.9882456614377481
186,0.1,1,1,1.1601577460113879,13,0.14051072786984292,0.03897066416057582,5.0,0.9,1.205494366072926,0.9623916781882368,0.9623916781882368
186,0.5,1,0,1.2569592421658429,9,0.12737915502593308,0.0424597183419777,1.0,0.4,1.2537966122034012,1.0025224425809252,1.0025224425809252
186,0.5,1,1,1.2508309861344642,6,0.05584813353856644,0.022799905042717283,5.0,0.9,1.205494366072926,1.0376083218117633,1.0376083218117633
186,0.9,1,0,1.265371532109003,15,0.15600882916464456,0.04028130648106575,1.0,0.4,1.2537966122034012,1.009231895981327,1.009231895981327
187,0.1,1,0,0.6968300611264469,9,0.1991712071845642,0.06639040239485473,1.0,0.4,0.7213669956037982,0.9659855044285558,0.9659855044285558
187,0.1,1,1,0.8167383875338823,5,0.15023644471428668,0.0671877806158068,5.0,0.9,0.8135096962737425,1.0039688417666424,1.0039688417666424
187,0.5,1,0,0.6897446217052465,14,0.1640199338276594,0.043836171213173916,1.0,0.4,0.7213669956037982,0.9561632648966936,0.9561632648966936
187,0.5,1,1,0.8973895516338581,1,,,5.0,0.9,0.8135096962737425,1.1031086116666156,1.1031086116666156
187,0.9,1,0,0.7775263039797013,13,0.2306695947190568,0.06397623472692744,1.0,0.4,0.7213669956037982,1.0778512306747505,1.0778512306747505
187,0.9,1,1,0.7264011496534872,2,0.23571803447243658,0.16667782062342426,5.0,0.9,0.8135096962737425,0.8929225465667423,0.8929225465667423
188,0.1,1,0,0.9109332272505893,8,0.06984608277200971,0.024694319383702475,1.0,0.4,0.9153986978593466,0.9951218298439798,0.9951218298439798
188,0.1,1,1,0.9130635387115863,7,0.06225752202637933,0.02353113150356082,5.0,0.9,0.9355522295667211,0.9759621214674995,0.9759621214674995
188,0.5,1,0,0.9130225631772644,9,0.05159131394140037,0.017197104647133456,1.0,0.4,0.9153986978593466,0.9974042625495986,0.9974042625495986
188,0.5,1,1,0.9325839572023206,6,0.0647781414265615,0.026445565496820082,5.0,0.9,0.9355522295667211,0.9968272510389129,0.9968272510389129
188,0.9,1,0,0.9222403031501862,9,0.04895069200903564,0.016316897336345212,1.0,0.4,0.9153986978593466,1.0074739076064219,1.0074739076064219
188,0.9,1,1,0.9610091927862564,6,0.056544452858513054,0.023084176214702448,5.0,0.9,0.9355522295667211,1.0272106274935875,1.0272106274935875
189,0.1,1,0,0.9580078747910573,8,0.0754429640753133,0.02667311574523356,1.0,0.4,1.052599349926228,0.9101353471842822,0.9101353471842822
189,0.1,1,1,1.0530260743211877,7,0.2049211220293743,0.07745290389629199,5.0,0.9,1.0016879711120408,1.0512515920024008,1.0512515920024008
189,0.5,1,0,1.0789745635966732,8,0.15052060115404084,0.05321706889214897,1.0,0.4,1.052599349926228,1.0250572201781178,1.0250572201781178
189,0.5,1,1,0.9665913733655312,7,0.05904121376467175,0.02231548124638929,5.0,0.9,1.0016879711120408,0.9649625444662708,0.9649625444662708
189,0.9,1,0,1.1208156113909533,8,0.14089923132166843,0.04981540096576187,1.0,0.4,1.052599349926228,1.0648074326375998,1.0648074326375998
189,0.9,1,1,0.9854464656494036,7,0.11658820623936979,0.044066199930354495,5.0,0.9,1.0016879711120408,0.9837858635313287,0.9837858635313287
190,0.1,1,0,1.5805884269368906,14,0.4833237143420986,0.1291736961407951,1.0,0.4,1.5524566383414797,1.0181208208336592,1.0181208208336592
190,0.5,1,0,1.6162314001125782,13,0.36502797217072025,0.10124054389539801,1.0,0.4,1.5524566383414797,1.0410798989137824,1.0410798989137824
190,0.9,1,0,1.460550087974971,14,0.4897809845731173,0.1308994742021013,1.0,0.4,1.5524566383414797,0.9407992802525588,0.9407992802525588
191,0.1,1,0,1.1131937228717346,8,0.1429334321277733,0.05053459955790781,1.0,0.4,1.1550479309346824,0.9637640941626736,0.9637640941626736
191,0.1,1,1,1.1055638140513446,7,0.19020185777302642,0.07188954493855791,5.0,0.9,1.1715387989776695,0.9436851899536769,0.9436851899536769
191,0.5,1,0,1.1849804503921637,5,0.06300877094183852,0.028178379000932872,1.0,0.4,1.1550479309346824,1.0259145258441869,1.0259145258441869
191,0.5,1,1,1.1877112712430218,10,0.10097050422676136,0.031929676985222435,5.0,0.9,1.1715387989776695,1.013804470052093,1.013804470052093
191,0.9,1,0,1.1669696195401489,10,0.07199218617518403,0.02276592820484673,1.0,0.4,1.1550479309346824,1.0103213799931396,1.0103213799931396
191,0.9,1,1,1.2213413116386425,5,0.03749299735008954,0.016767378151003938,5.0,0.9,1.1715387989776695,1.0425103399942302,1.0425103399942302
192,0.1,1,0,1.2546865259875413,8,0.12716412923822842,0.04495930905401691,1.0,0.4,1.2582099416711208,0.9971996599558737,0.9971996599558737
192,0.1,1,1,1.1819948958852022,7,0.030606623770721497,0.011568216424092437,5.0,0.9,1.2217630052737833,0.9674502262575306,0.9674502262575306
192,0.5,1,0,1.2260313205005307,10,0.06724467536004429,0.02126463346563431,1.0,0.4,1.2582099416711208,0.974425077958094,0.974425077958094
192,0.5,1,1,1.2615311146623645,5,0.10620944744468824,0.047498308867802846,5.0,0.9,1.2217630052737833,1.0325497737424694,1.0325497737424694
192,0.9,1,0,1.2939119785252902,15,0.10312532899428484,0.02662684545113507,1.0,0.4,1.2582099416711208,1.0283752620860322,1.0283752620860322
193,0.1,1,0,0.7164053215103985,5,0.23488613685235055,0.10504427379483486,1.0,0.4,0.7648013150972397,0.9367208284929688,0.9367208284929688
193,0.1,1,1,1.0125078842508866,10,0.053460214354229756,0.016905604156019365,5.0,0.9,1.024722247483934,0.9880803180929876,0.9880803180929876
193,0.5,1,0,0.7504328997327543,8,0.13848006402123247,0.04896009616428036,1.0,0.4,0.7648013150972397,0.9812128783242762,0.9812128783242762
193,0.5,1,1,1.0369366107169815,7,0.04921551130556712,0.018601714794488338,5.0,0.9,1.024722247483934,1.0119196819070126,1.0119196819070126
193,0.9,1,0,0.8275657240485664,15,0.20848033568295682,0.053829391207454905,1.0,0.4,0.7648013150972397,1.0820662931827552,1.0820662931827552
194,0.1,1,0,1.0800789647162903,4,0.09719248646364684,0.04859624323182342,1.0,0.4,1.1399752591851566,0.9474582505310863,0.9474582505310863
194,0.1,1,1,1.1272936733665055,11,0.09442182694928583,0.028469252000968087,5.0,0.9,1.124718203447842,1.002289880176891,1.002289880176891
194,0.5,1,0,1.1523090486693692,10,0.12304425925397854,0.03891001122508227,1.0,0.4,1.1399752591851566,1.0108193483892174,1.0108193483892174
194,0.5,1,1,1.1326152285735618,5,0.2600305739690297,0.11628920792460752,5.0,0.9,1.124718203447842,1.0070213366348222,1.0070213366348222
194,0.9,1,0,1.1875377641698106,11,0.20139659621526654,0.060723358518249955,1.0,0.4,1.1399752591851566,1.0417224010796964,1.0417224010796964
194,0.9,1,1,1.1142457084034583,4,0.11839384035306681,0.059196920176533406,5.0,0.9,1.124718203447842,0.9906887831882865,0.9906887831882865
195,0.1,1,0,0.8524998145719699,2,0.0052148791328828084,0.0036874763979296565,1.0,0.4,0.8905625571848304,0.9572598889255112,0.9572598889255112
195,0.1,1,1,0.8699215745718114,13,0.05576270016808575,0.015465790362642893,5.0,0.9,0.8818314398798611,0.9864941702354452,0.9864941702354452
195,0.5,1,0,0.8988544052643315,7,0.11074223482050038,0.04185663042379452,1.0,0.4,0.8905625571848304,1.0093107980035816,1.0093107980035816
195,0.5,1,1,0.8793978015933007,8,0.07034900319063526,0.02487212860290613,5.0,0.9,0.8818314398798611,0.9972402454976067,0.9972402454976067
195,0.9,1,0,0.9203334517181897,11,0.10124191415540221,0.03052558566462184,1.0,0.4,0.8905625571848304,1.0334293130709071,1.0334293130709071
195,0.9,1,1,0.8961749434744715,4,0.08541640174187477,0.042708200870937386,5.0,0.9,0.8818314398798611,1.0162655842669484,1.0162655842669484
196,0.1,1,0,0.672217405698882,4,0.15291752776178283,0.07645876388089141,1.0,0.4,0.8338521874734711,0.8061589521467418,0.8061589521467418
196,0.1,1,1,1.0614160380142323,11,0.18872024804867724,0.056901295738205744,5.0,0.9,1.1327410606572037,0.9370332504751003,0.9370332504751003
196,0.5,1,0,0.8123728238258073,11,0.16881584024805085,0.05089989097921476,1.0,0.4,0.8338521874734711,0.9742408019426738,0.9742408019426738
196,0.5,1,1,1.204066083300175,4,0.07788767692506433,0.03894383846253217,5.0,0.9,1.1327410606572037,1.0629667495248998,1.0629667495248998
196,0.9,1,0,1.0169663328957237,15,0.20034378349804646,0.05172854246694122,1.0,0.4,0.8338521874734711,1.219600245910584,1.219600245910584
197,0.1,1,1,0.6854489390983775,15,0.11581093144569114,0.02990225391986204,5.0,0.9,0.608518772825552,1.1264220098183881,1.1264220098183881
197,0.5,1,0,0.5778203713327995,6,0.15154954686047553,0.06186984342636224,1.0,0.4,0.5916739734818166,0.9765857503119616,0.9765857503119616
197,0.5,1,1,0.5613176166936434,9,0.1532596768183118,0.05108655893943726,5.0,0.9,0.608518772825552,0.9224327034107129,0.9224327034107129
197,0.9,1,0,0.6055275756308337,7,0.16799203763308357,0.0634950219737347,1.0,0.4,0.5916739734818166,1.0234142496880385,1.0234142496880385
197,0.9,1,1,0.5787897626846352,7,0.11136367657867807,0.042091513330430076,5.0,0.9,0.608518772825552,0.951145286770899,0.951145286770899
198,0.1,1,0,0.5593733903148992,11,0.07462431296316911,0.022500076939716954,1.0,0.4,0.6138315447042123,0.9112815969476529,0.9112815969476529
198,0.1,1,1,0.6312671777362253,4,0.20343650773805994,0.10171825386902997,5.0,0.9,0.6366922999842695,0.9914792086410057,0.9914792086410057
198,0.5,1,0,0.6413339051831914,12,0.10005135921241974,0.028882339587039244,1.0,0.4,0.6138315447042123,1.0448044104547147,1.0448044104547147
198,0.5,1,1,0.5822584671999176,3,0.08395117435227256,0.04846923311106977,5.0,0.9,0.6366922999842695,0.9145052754906935,0.9145052754906935
198,0.9,1,0,0.6407873386145465,14,0.11722752389574662,0.03133037362269565,1.0,0.4,0.6138315447042123,1.0439139925976326,1.0439139925976326
198,0.9,1,1,0.6965512550166656,1,,,5.0,0.9,0.6366922999842695,1.094015515868301,1.094015515868301
199,0.1,1,0,0.9641622238982559,13,0.09936839390140662,0.027559833797848057,1.0,0.4,0.9771247344666408,0.9867340267714536,0.9867340267714536
199,0.1,1,1,0.9646665665656496,2,0.019563091333383402,0.013833194542807181,5.0,0.9,0.9792286105162574,0.9851290660891429,0.9851290660891429
199,0.5,1,0,0.9612378735569764,14,0.13922009586333842,0.0372081357196026,1.0,0.4,0.9771247344666408,0.9837412150677608,0.9837412150677608
199,0.5,1,1,0.9937906544668652,1,,,5.0,0.9,0.9792286105162574,1.0148709339108573,1.0148709339108573
199,0.9,1,0,1.00597410594469,15,0.09669200479785503,0.024965768286233345,1.0,0.4,0.9771247344666408,1.0295247581607854,1.0295247581607854
200,0.1,1,0,1.019206240029872,12,0.047950792940314874,0.0138422016059734,1.0,0.4,1.0298900478459607,0.9896262636594712,0.9896262636594712
200,0.1,1,1,0.9851095584069197,3,0.017358482317791593,0.010021924438900336,5.0,0.9,0.9887411369199756,0.9963270684535604,0.9963270684535604
200,0.5,1,0,1.0333220501265123,10,0.04365588564334164,0.013805203190480474,1.0,0.4,1.0298900478459607,1.0033323967813164,1.0033323967813164
200,0.5,1,1,0.9895303058916392,5,0.013011475895600184,0.005818908918032393,5.0,0.9,0.9887411369199756,1.000798155292822,1.000798155292822
200,0.9,1,0,1.0371418533814978,12,0.03645590825035662,0.010523914220947847,1.0,0.4,1.0298900478459607,1.0070413395592126,1.0070413395592126
200,0.9,1,1,0.9915835464613679,3,0.01787298740437381,0.01031897408913801,5.0,0.9,0.9887411369199756,1.0028747762536177,1.0028747762536177
201,0.1,1,0,0.91556031024582,10,0.11054044581837497,0.03495595823565003,1.0,0.4,0.9860711243515068,0.9284931762381151,0.9284931762381151
201,0.1,1,1,0.8974943798838172,5,0.04731211652107224,0.021158621740101677,5.0,0.9,0.9486925857297628,0.9460328808129533,0.9460328808129533
201,0.5,1,0,1.0173552073425782,10,0.15152998438535245,0.047917988446746336,1.0,0.4,0.9860711243515068,1.0317259903657006,1.0317259903657006
201,0.5,1,1,1.0016095748022154,5,0.19047484277632165,0.08518293929028799,5.0,0.9,0.9486925857297628,1.0557788580499416,1.0557788580499416
201,0.9,1,0,1.0252978554661225,11,0.12804279396456975,0.03860635497175098,1.0,0.4,0.9860711243515068,1.0397808333961847,1.0397808333961847
201,0.9,1,1,0.9469738025032557,4,0.10821989140348888,0.05410994570174444,5.0,0.9,0.9486925857297628,0.9981882611371049,0.9981882611371049
202,0.1,1,0,0.5693738047935203,4,0.024931864280941487,0.012465932140470743,1.0,0.4,0.6499621181365168,0.8760107534050624,0.8760107534050624
202,0.1,1,1,0.8283083689832772,11,0.14627328219281063,0.04410305398975698,5.0,0.9,0.8283083689832772,1.0,1.0
202,0.5,1,0,0.68925383525835,15,0.12754292757200109,0.032931442294193265,1.0,0.4,0.6499621181365168,1.0604523187204895,1.0604523187204895
202,0.9,1,0,0.6912587143576803,15,0.1297982791909179,0.03351377157818705,1.0,0.4,0.6499621181365168,1.0635369278744482,1.0635369278744482
203,0.1,1,0,0.9747887948282715,3,0.14539939690458803,0.08394638094287314,1.0,0.4,1.1438401792361854,0.8522071636609231,0.8522071636609231
203,0.1,1,1,1.3627588938766941,12,0.15152054388522443,0.043740213399946416,5.0,0.9,1.4672705758015379,0.9287713638857977,0.9287713638857977
203,0.5,1,0,1.1749944584572787,10,0.20679996039025203,0.06539588948657997,1.0,0.4,1.1438401792361854,1.0272365665996248,1.0272365665996248
203,0.5,1,1,1.4431050447104634,5,0.12729162724697363,0.056926546298159485,5.0,0.9,1.4672705758015379,0.9835302830373509,0.9835302830373509
203,0.9,1,0,1.2817372844230062,14,0.1522466408054699,0.040689626298664676,1.0,0.4,1.1438401792361854,1.120556269739452,1.120556269739452
203,0.9,1,1,1.5959477888174556,1,,,5.0,0.9,1.4672705758015379,1.087698353076851,1.087698353076851
204,0.1,1,0,0.6251884666147297,4,0.13709952798541733,0.06854976399270866,1.0,0.4,0.7561618747747683,0.8267918384551581,0.8267918384551581
204,0.1,1,1,0.8150686968143087,11,0.17282538298696548,0.05210881360156692,5.0,0.9,0.8288867205318851,0.9833294183930109,0.9833294183930109
204,0.5,1,0,0.9217582621087967,2,0.20741037177390145,0.1466612803697486,1.0,0.4,0.7561618747747683,1.21899594896047,1.21899594896047
204,0.5,1,1,0.8545241434339439,13,0.1944946618965843,0.05394311355939745,5.0,0.9,0.8288867205318851,1.0309299476840545,1.0309299476840545
204,0.9,1,0,0.7215388956007784,2,0.06216050525839221,0.04395411479019117,1.0,0.4,0.7561618747747683,0.9542122125843719,0.9542122125843719
204,0.9,1,1,0.8170673213474026,13,0.22507334258113507,0.06242411364741192,5.0,0.9,0.8288867205318851,0.9857406339229344,0.9857406339229344
205,0.1,1,1,1.0157397623764919,15,0.09611427808484219,0.02481659989035615,5.0,0.9,1.0484101354711415,0.9688381750716594,0.9688381750716594
205,0.5,1,0,1.0462272427024588,10,0.0815115222898728,0.02577620659835816,1.0,0.4,1.0551447400229481,0.991548555395068,0.991548555395068
205,0.5,1,1,1.096547788643892,5,0.01069141731918641,0.004781347180303875,5.0,0.9,1.0484101354711415,1.0459149063368394,1.0459149063368394
205,0.9,1,0,1.0640622373434376,12,0.04954957871626988,0.014303731305035485,1.0,0.4,1.0551447400229481,1.0084514446049322,1.0084514446049322
205,0.9,1,1,1.0329428553930404,3,0.05273947063213161,0.030449147566379547,5.0,0.9,1.0484101354711415,0.9852469185915012,0.9852469185915012
206,0.1,1,0,0.6255571383500453,15,0.05349193100956725,0.013811557197102003,1.0,0.4,0.5958004023435238,1.0499441354679793,1.0499441354679793
206,0.5,1,0,0.4976506446070933,13,0.16608031593407088,0.046062391918888584,1.0,0.4,0.5958004023435238,0.8352640291104741,0.8352640291104741
206,0.5,1,1,0.6813612956208934,1,,,5.0,0.9,0.6813612956208934,1.0,1.0
206,0.9,1,0,0.6641934240734326,11,0.09089246647160154,0.027405109777841878,1.0,0.4,0.5958004023435238,1.1147918354215463,1.1147918354215463
207,0.1,1,0,0.8561189037213475,3,0.19791887555991525,0.11426851608222512,1.0,0.4,0.9260740962107873,0.924460480240539,0.924460480240539
207,0.1,1,1,1.0162136027155173,11,0.09367692692026261,0.028244656191641283,5.0,0.9,1.0039015929550867,1.0122641600001738,1.0122641600001738
207,0.5,1,0,0.8338840171217767,4,0.31211880804586833,0.15605940402293417,1.0,0.4,0.9260740962107873,0.900450644860682,0.900450644860682
207,0.5,1,1,1.0059542540541466,11,0.26534872657695446,0.0800056513322149,5.0,0.9,1.0039015929550867,1.0020446835760244,1.0020446835760244
207,0.9,1,0,1.0882193677892378,8,0.10132016918432352,0.03582208935060171,1.0,0.4,0.9260740962107873,1.1750888748987791,1.1750888748987791
207,0.9,1,1,0.9895369220955965,6,0.1197575057493552,0.04889079699239051,5.0,0.9,1.0039015929550867,0.9856911564238021,0.9856911564238021
208,0.1,1,1,0.9835428253813064,15,0.09492529666322165,0.024509606207363727,5.0,0.9,0.980819019796816,1.0027770725582532,1.0027770725582532
208,0.5,1,0,0.9758991863422914,11,0.11457248235125062,0.034544903205337665,1.0,0.4,0.9694751615960336,1.0066262912148074,1.0066262912148074
208,0.5,1,1,0.9780952142123255,4,0.07097929275941586,0.03548964637970793,5.0,0.9,0.980819019796816,0.9972229274417469,0.9972229274417469
208,0.9,1,0,0.9630511368497758,15,0.13773498137564824,0.03556301927053829,1.0,0.4,0.9694751615960336,0.9933737087851926,0.9933737087851926
209,0.1,1,0,0.8067727584375527,15,0.07931059827405805,0.020477908419544902,1.0,0.4,0.818183814863206,0.9860531872931743,0.9860531872931743
209,0.5,1,0,0.8091687289127509,15,0.1318616794916938,0.034046539244951345,1.0,0.4,0.818183814863206,0.9889815885053136,0.9889815885053136
209,0.9,1,0,0.8386099572393145,15,0.07856045338918963,0.02028422184312236,1.0,0.4,0.818183814863206,1.0249652242015121,1.0249652242015121
210,0.1,1,0,0.9687121823839031,4,0.24841077812457346,0.12420538906228673,1.0,0.4,1.0613504053908243,0.9127166461364767,0.9127166461364767
210,0.1,1,1,1.0457245516775977,11,0.18054420601299825,0.05443612631070386,5.0,0.9,1.0888865751309562,0.960361322805208,0.960361322805208
210,0.5,1,0,1.1094525330653828,11,0.02832188052354817,0.008539368277625786,1.0,0.4,1.0613504053908243,1.045321627457094,1.045321627457094
210,0.5,1,1,1.1056582271992639,4,0.05256035538963676,0.02628017769481838,5.0,0.9,1.0888865751309562,1.0154025703423615,1.0154025703423615
210,0.9,1,0,1.1058865007231868,13,0.032783962909590625,0.009092635329495277,1.0,0.4,1.0613504053908243,1.0419617264064294,1.0419617264064294
210,0.9,1,1,1.115276946516007,2,0.00891197755979241,0.006301719766311553,5.0,0.9,1.0888865751309562,1.0242361068524304,1.0242361068524304
211,0.1,1,0,0.6737949295431719,2,0.015572977540476006,0.011011758022136385,1.0,0.4,0.7010894096141653,0.9610684747241944,0.9610684747241944
211,0.1,1,1,0.783910299086751,13,0.10713167335050287,0.029712980114730548,5.0,0.9,0.840977291120487,0.9321420534938559,0.9321420534938559
211,0.5,1,0,0.7169855002315522,8,0.04733586202585951,0.01673575451589802,1.0,0.4,0.7010894096141653,1.022673414259866,1.022673414259866
211,0.5,1,1,0.7783648753594358,7,0.08204049719519337,0.031008393287796244,5.0,0.9,0.840977291120487,0.9255480303426162,0.9255480303426162
211,0.9,1,0,0.712487799067772,14,0.03731586233208916,0.009973083709907207,1.0,0.4,0.7010894096141653,1.0162581110159397,1.0162581110159397
211,0.9,1,1,0.9606566989152742,1,,,5.0,0.9,0.840977291120487,1.1423099161635277,1.1423099161635277
212,0.1,1,0,0.9962437270259873,4,0.030788576584737156,0.015394288292368578,1.0,0.4,0.9821866392834789,1.014312033151625,1.014312033151625
212,0.1,1,1,0.9701892514310014,11,0.028256869747869815,0.008519766791238961,5.0,0.9,0.976390833964472,0.9936484629743091,0.9936484629743091
212,0.5,1,0,0.9917668645492894,14,0.024702507214742285,0.006602022756562647,1.0,0.4,0.9821866392834789,1.0097539763652246,1.0097539763652246
212,0.5,1,1,0.9825924164979427,1,,,5.0,0.9,0.976390833964472,1.006351537025691,1.006351537025691
212,0.9,1,0,0.9585493262751601,15,0.08598880145939919,0.022202213067505937,1.0,0.4,0.9821866392834789,0.9759339904831503,0.9759339904831503
213,0.1,1,1,0.17642069712289646,15,0.0013226621371501505,0.0003415098953227762,5.0,0.9,0.17598314165531712,1.002486348768772,1.002486348768772
213,0.5,1,1,0.17494188941567632,15,0.000910934856984298,0.00023520236870533474,5.0,0.9,0.17598314165531712,0.9940832273486729,0.9940832273486729
213,0.9,1,1,0.1765868384273785,15,0.0011413758528079972,0.00029470197797924405,5.0,0.9,0.17598314165531712,1.0034304238825544,1.0034304238825544
214,0.1,1,0,1.0365092623267358,3,0.030781327770891487,0.017771607874538305,1.0,0.4,1.0129514482002326,1.0232566073806988,1.0232566073806988
214,0.1,1,1,1.0443172040006734,12,0.05330546844292188,0.015387963277400026,5.0,0.9,1.1156165219285383,0.9360897615565862,0.9360897615565862
214,0.5,1,0,0.9998405311943865,12,0.11445761955770235,0.03304106873122162,1.0,0.4,1.0129514482002326,0.9870567172502285,0.9870567172502285
214,0.5,1,1,1.1869158398564033,3,0.10163495000776246,0.058678965746055814,5.0,0.9,1.1156165219285383,1.0639102384434138,1.0639102384434138
214,0.9,1,0,1.0025045510795758,15,0.06364651388667225,0.01643345922181605,1.0,0.4,1.0129514482002326,0.9896866753690728,0.9896866753690728
215,0.1,1,0,1.105099316954556,9,0.09430262638161252,0.03143420879387084,1.0,0.4,1.1393331260755402,0.9699527659316786,0.9699527659316786
215,0.1,1,1,1.1546069495504319,6,0.06861450682829333,0.02801175511367181,5.0,0.9,1.1438945221940173,1.0093648733764962,1.0093648733764962
215,0.5,1,0,1.1251925980172146,14,0.11687173118168674,0.031235284020072612,1.0,0.4,1.1393331260755402,0.9875887677320215,0.9875887677320215
215,0.5,1,1,1.133182094837603,1,,,5.0,0.9,1.1438945221940173,0.9906351266235041,0.9906351266235041
215,0.9,1,0,1.1877074632548499,15,0.1516222039634594,0.03914868472438283,1.0,0.4,1.1393331260755402,1.0424584663363,1.0424584663363
216,0.1,1,0,0.5125808698354193,2,0.0024287711645617294,0.0017174005604119469,1.0,0.4,0.5433760397380248,0.943326227786097,0.943326227786097
216,0.1,1,1,0.928453449553108,13,0.10905512054410388,0.03024644838259022,5.0,0.9,0.8151977012344916,1.1389304068781205,1.1389304068781205
216,0.5,1,0,0.5513695314162387,14,0.11047172037180973,0.029524809182771942,1.0,0.4,0.5433760397380248,1.0147107915948368,1.0147107915948368
216,0.5,1,1,0.7138133813018537,1,,,5.0,0.9,0.8151977012344916,0.8756322303422752,0.8756322303422752
216,0.9,1,0,0.5661777179624166,14,0.10726841176848625,0.028668688947218957,1.0,0.4,0.5433760397380248,1.0419629806190662,1.0419629806190662
216,0.9,1,1,0.8033262728485133,1,,,5.0,0.9,0.8151977012344916,0.9854373627796045,0.9854373627796045
217,0.1,1,0,0.6844365152722525,5,0.1394044581655348,0.06234356896493228,1.0,0.4,0.8012343207176881,0.854227655474348,0.854227655474348
217,0.1,1,1,0.9024648267749459,10,0.11371204376166708,0.035958905567960886,5.0,0.9,0.9022151207412273,1.0002767699498467,1.0002767699498467
217,0.5,1,0,0.8275479258659295,9,0.09199830222552599,0.030666100741841996,1.0,0.4,0.8012343207176881,1.0328413355092823,1.0328413355092823
217,0.5,1,1,0.9019654147075088,6,0.07770603659411729,0.03172335659827077,5.0,0.9,0.9022151207412273,0.9997232300501533,0.9997232300501533
217,0.9,1,0,0.8917185210148825,15,0.09603478779873656,0.024796075586737996,1.0,0.4,0.8012343207176881,1.11293100901637,1.11293100901637
218,0.1,1,0,0.9623435796167402,7,0.08028754100923811,0.030345838126763402,1.0,0.4,1.0030780724578463,0.9593905061235222,0.9593905061235222
218,0.1,1,1,0.9950240113087315,8,0.041142587092389736,0.014546101164293451,5.0,0.9,1.0345526357489776,0.9617915772727902,0.9617915772727902
218,0.5,1,0,0.999401863115093,12,0.05978626763136258,0.017258808855405098,1.0,0.4,1.0030780724578463,0.9963350715724995,0.9963350715724995
218,0.5,1,1,1.0135472781600487,3,0.08161070324910222,0.047117961489623834,5.0,0.9,1.0345526357489776,0.9796961924767397,0.9796961924767397
218,0.9,1,0,1.0474887746417059,14,0.06595137892425285,0.017626247437132706,1.0,0.4,1.0030780724578463,1.0442744223039786,1.0442744223039786
218,0.9,1,1,1.0950866177781524,1,,,5.0,0.9,1.0345526357489776,1.05851223025047,1.05851223025047
219,0.1,1,0,0.9732244969350923,13,0.07332794615529735,0.02033751306056824,1.0,0.4,0.9689657308187524,1.0043951669092996,1.0043951669092996
219,0.1,1,1,0.9957014600052058,2,0.006242264990191932,0.004413947904528093,5.0,0.9,1.0140429605574377,0.9819125014761216,0.9819125014761216
219,0.5,1,0,0.9792580514473582,13,0.06612935762361268,0.01834098382503315,1.0,0.4,0.9689657308187524,1.010621965567254,1.010621965567254
219,0.5,1,1,1.0177851431526854,2,0.04288080098396338,0.030321305158471284,5.0,0.9,1.0140429605574377,1.0036903590289612,1.0036903590289612
219,0.9,1,0,0.9544146440738065,13,0.08142174347091351,0.022582328540157997,1.0,0.4,0.9689657308187524,0.9849828675234463,0.9849828675234463
219,0.9,1,1,1.0286422785144216,2,0.016609098748473366,0.011744406354442516,5.0,0.9,1.0140429605574377,1.014397139494917,1.014397139494917
220,0.1,1,0,0.8348623733502173,3,0.0006374153531677964,0.0003680119257370277,1.0,0.4,0.920339925472868,0.9071239334980142,0.9071239334980142
220,0.1,1,1,0.9693977610908672,12,0.07690973927005489,0.02220192933543506,5.0,0.9,0.9435433274824128,1.0274014269990546,1.0274014269990546
220,0.5,1,0,0.9572683040638075,13,0.10276001587188568,0.028500500484121324,1.0,0.4,0.920339925472868,1.0401247164975111,1.0401247164975111
220,0.5,1,1,0.8649294387138338,2,0.038319564006108225,0.02709602356083107,5.0,0.9,0.9435433274824128,0.91668226940003,0.91668226940003
220,0.9,1,0,0.9688890990045793,14,0.0924073705143661,0.024696908605531028,1.0,0.4,0.920339925472868,1.0527513500044745,1.0527513500044745
220,0.9,1,1,0.9963027826425375,1,,,5.0,0.9,0.9435433274824128,1.0559163036009156,1.0559163036009156
221,0.1,1,1,0.9389596222222351,15,0.041281763700437527,0.010658905554257627,5.0,0.9,0.9373432946417659,1.0017243709852182,1.0017243709852182
221,0.5,1,0,0.9377972686454772,4,0.03837787006070175,0.019188935030350875,1.0,0.4,0.930424518976341,1.0079240706997357,1.0079240706997357
221,0.5,1,1,0.9248698346944771,11,0.0410326588910513,0.012371812153841606,5.0,0.9,0.9373432946417659,0.9866927517179755,0.9866927517179755
221,0.9,1,0,0.9230517693072049,8,0.13990530397344517,0.04946399458179415,1.0,0.4,0.930424518976341,0.9920759293002642,0.9920759293002642
221,0.9,1,1,0.9482004270085854,6,0.03384044331657295,0.013815303132530168,5.0,0.9,0.9373432946417659,1.011582877296806,1.011582877296806
222,0.1,1,0,0.8542864369735654,9,0.07437601621584554,0.024792005405281845,1.0,0.4,0.879562883774851,0.9712624904170515,0.9712624904170515
222,0.1,1,1,0.9168604912971794,5,0.08672787064538441,0.038785882861377616,5.0,0.9,0.9553708323289626,0.9596906879207268,0.9596906879207268
222,0.5,1,0,0.9665115038040477,4,0.09431393658207482,0.04715696829103741,1.0,0.4,0.879562883774851,1.0988543532624253,1.0988543532624253
222,0.5,1,1,0.9712694740619684,8,0.09520481999498184,0.03365998691004813,5.0,0.9,0.9553708323289626,1.0166413304603918,1.0166413304603918
222,0.9,1,0,0.8178907105469398,7,0.11015051932548969,0.041632982988551406,1.0,0.4,0.879562883774851,0.9298831563205231,0.9298831563205231
222,0.9,1,1,0.9779825316277401,7,0.12766273062920275,0.048251976705185544,5.0,0.9,0.9553708323289626,1.0236679816188816,1.0236679816188816
223,0.1,1,0,0.634881619583958,10,0.09919279886117016,0.03136751718882538,1.0,0.4,0.6471760637827765,0.9810029373970401,0.9810029373970401
223,0.1,1,1,0.6358650019982506,5,0.1272542177731662,0.0569098162728723,5.0,0.9,0.6061396498873888,1.0490404350158982,1.0490404350158982
223,0.5,1,0,0.6427288413569039,14,0.1226178906342183,0.03277100973158301,1.0,0.4,0.6471760637827765,0.993128264973401,0.993128264973401
223,0.9,1,0,0.6639177304074676,12,0.14392163242929473,0.041546596612631846,1.0,0.4,0.6471760637827765,1.0258687976295588,1.0258687976295588
223,0.9,1,1,0.576414297776527,1,,,5.0,0.9,0.6061396498873888,0.9509595649841017,0.9509595649841017
224,0.1,1,1,1.2042309159272426,15,0.23280850811797205,0.06011089831975333,5.0,0.9,1.2925912295381097,0.9316409460379509,0.9316409460379509
224,0.5,1,1,1.3314091600264562,15,0.19003877867555313,0.0490678016629343,5.0,0.9,1.2925912295381097,1.0300310953697385,1.0300310953697385
224,0.9,1,0,1.5569146521849346,3,0.03365222708337522,0.0194291223654171,1.0,0.4,1.5569146521849346,1.0,1.0
224,0.9,1,1,1.3421336126606302,12,0.23044598612919656,0.06652402606268021,5.0,0.9,1.2925912295381097,1.0383279585923106,1.0383279585923106
225,0.1,1,1,0.9027857868815137,15,0.12679379425133797,0.032738016902525445,5.0,0.9,0.9574048017227894,0.9429509704327863,0.9429509704327863
225,0.5,1,0,0.7863615420058363,1,,,1.0,0.4,0.8754961990960768,0.8981895556116984,0.8981895556116984
225,0.5,1,1,0.9396024548522396,14,0.1121427211663915,0.029971402930368513,5.0,0.9,0.9574048017227894,0.9814056219077703,0.9814056219077703
225,0.9,1,0,0.9646308561863174,7,0.13556640874536607,0.051239286239195776,1.0,0.4,0.8754961990960768,1.1018104443883017,1.1018104443883017
225,0.9,1,1,1.0298261634346149,8,0.09011474897562013,0.03186037504279224,5.0,0.9,0.9574048017227894,1.0756434076594432,1.0756434076594432
226,0.1,1,0,0.8763640937378742,14,0.08594907984713777,0.02297085782117617,1.0,0.4,0.8781837260677042,0.997927959405513,0.997927959405513
226,0.1,1,1,0.7705476230788043,1,,,5.0,0.9,0.9067431204226568,0.849797043643002,0.849797043643002
226,0.5,1,0,0.8720198470042759,11,0.1526588938347646,0.04602838834187395,1.0,0.4,0.8781837260677042,0.99298110534224,0.99298110534224
226,0.5,1,1,0.9870743136090969,4,0.10315522320232026,0.05157761160116013,5.0,0.9,0.9067431204226568,1.0885931101953061,1.0885931101953061
226,0.9,1,0,0.8861672374609629,12,0.18355481129171608,0.05298770985516162,1.0,0.4,0.8781837260677042,1.0090909352522472,1.0090909352522472
226,0.9,1,1,0.9626074245800691,3,0.07771986895583564,0.04487158726303415,5.0,0.9,0.9067431204226568,1.0616098461616919,1.0616098461616919
227,0.1,1,0,0.8907035424069052,7,0.07282611813587805,0.02752568536253487,1.0,0.4,0.8997493587010664,0.9899462931463265,0.9899462931463265
227,0.1,1,1,1.1011743742553601,8,0.21891529938978696,0.07739824635200081,5.0,0.9,1.1405311966068148,0.9654925507793695,0.9654925507793695
227,0.5,1,0,0.7912316024695266,9,0.21151723229498468,0.07050574409832823,1.0,0.4,0.8997493587010664,0.8793911268931576,0.8793911268931576
227,0.5,1,1,1.1972578967128757,6,0.20111515288829293,0.08210491735302404,5.0,0.9,1.1405311966068148,1.0497370876612828,1.0497370876612828
227,0.9,1,0,1.0173129312267672,14,0.22952562561616313,0.06134330375290193,1.0,0.4,0.8997493587010664,1.1306625799605157,1.1306625799605157
227,0.9,1,1,1.1231613188522087,1,,,5.0,0.9,1.1405311966068148,0.9847703615593479,0.9847703615593479
228,0.1,1,0,0.9767730242762437,1,,,1.0,0.4,1.1414824021260355,0.855705723064134,0.855705723064134
228,0.1,1,1,1.0829338070730923,14,0.1916749885993731,0.05122729549661824,5.0,0.9,1.1368028119745839,0.952613589327842,0.952613589327842
228,0.5,1,0,1.2355906547565525,7,0.13816948424211012,0.05222315629752587,1.0,0.4,1.1414824021260355,1.0824438926568105,1.0824438926568105
228,0.5,1,1,1.1906718168760755,8,0.027013599466240233,0.009550749683417884,5.0,0.9,1.1368028119745839,1.047386410672158,1.047386410672158
228,0.9,1,0,1.21208352734531,15,0.05891436264846701,0.0152116230259958,1.0,0.4,1.1414824021260355,1.0618503842790554,1.0618503842790554
229,0.1,1,0,1.1236054992781244,11,0.1821639911207461,0.05492450989646795,1.0,0.4,1.1136485540220757,1.0089408325634581,1.0089408325634581
229,0.1,1,1,1.0057233349857644,3,0.011126095669307228,0.006423654329704058,5.0,0.9,1.03546656638004,0.9712755270329422,0.9712755270329422
229,0.5,1,0,1.0762527805341204,14,0.26868376359839996,0.07180875634101262,1.0,0.4,1.1136485540220757,0.9664204893429835,0.9664204893429835
229,0.5,1,1,1.0052345764523207,1,,,5.0,0.9,1.03546656638004,0.9708035093461208,0.9708035093461208
229,0.9,1,0,1.1410873822539824,10,0.17124824275735848,0.054153449241468615,1.0,0.4,1.1136485540220757,1.0246386780935584,1.0246386780935584
229,0.9,1,1,1.0954417877020344,4,0.13232757254432428,0.06616378627216214,5.0,0.9,1.03546656638004,1.0579209636209366,1.0579209636209366
230,0.1,1,0,0.8706509228449194,14,0.054880928716771714,0.014667545166151643,1.0,0.4,0.8618017199772,1.01026825853626,1.01026825853626
230,0.1,1,1,0.8654314817774096,1,,,5.0,0.9,0.8582595886876806,1.008356321542175,1.008356321542175
230,0.5,1,0,0.8325563453076027,10,0.04985650629934204,0.01576601160844534,1.0,0.4,0.8618017199772,0.9660648453215306,0.9660648453215306
230,0.5,1,1,0.8379691623437522,5,0.06071376155575553,0.02715201960167655,5.0,0.9,0.8582595886876806,0.9763586371636658,0.9763586371636658
230,0.9,1,0,0.8821978917790779,14,0.06942966653856131,0.01855585890466139,1.0,0.4,0.8618017199772,1.0236668961422095,1.0236668961422095
230,0.9,1,1,0.8713781219418798,1,,,5.0,0.9,0.8582595886876806,1.0152850412941592,1.0152850412941592
231,0.1,1,1,0.7861399363697814,15,0.060822620821406166,0.015704333167599636,5.0,0.9,0.8938948686014397,0.8794545801563349,0.8794545801563349
231,0.5,1,0,1.1545390197098218,5,0.3016628214194214,0.13490771499564116,1.0,0.4,0.9998239332390307,1.1547423314518745,1.1547423314518745
231,0.5,1,1,0.9058031118268891,10,0.20068759376435719,0.06346298944339736,5.0,0.9,0.8938948686014397,1.0133217491717796,1.0133217491717796
231,0.9,1,0,0.8451088467682397,11,0.08772273724837619,0.026449400457799775,1.0,0.4,0.9998239332390307,0.8452576685481255,0.8452576685481255
231,0.9,1,1,0.9897415576076487,4,0.2784410541877575,0.13922052709387875,5.0,0.9,0.8938948686014397,1.1072236706718852,1.1072236706718852
232,0.1,1,0,1.535356540609151,9,0.03509431473484418,0.011698104911614727,1.0,0.4,1.5395177194727359,0.9972970893345676,0.9972970893345676
232,0.1,1,1,1.536311813724243,6,0.013646703193084123,0.005571243249044335,5.0,0.9,1.5343286723365102,1.0012925140639606,1.0012925140639606
232,0.5,1,0,1.556258105224398,8,0.038199079439492876,0.013505414053374517,1.0,0.4,1.5395177194727359,1.0108737856927008,1.0108737856927008
232,0.5,1,1,1.5323455309487772,7,0.016490660108166372,0.006232883657357389,5.0,0.9,1.5343286723365102,0.9987074859360394,0.9987074859360394
232,0.9,1,0,1.526938512584659,15,0.03855041614916798,0.009953674649006202,1.0,0.4,1.5395177194727359,0.9918291249727317,0.9918291249727317
233,0.1,1,0,0.7052199818415535,2,0.31999850547879627,0.2262731131936174,1.0,0.4,0.7332461485269369,0.9617779558178562,0.9617779558178562
233,0.1,1,1,0.9036613847974864,13,0.09166358272935374,0.025422903663340022,5.0,0.9,0.8917853573409631,1.0133171366391729,1.0133171366391729
233,0.5,1,0,0.6640264365477941,3,0.211856054644776,0.1223151501786135,1.0,0.4,0.7332461485269369,0.9055982603956358,0.9055982603956358
233,0.5,1,1,0.8986818954722907,12,0.12139920469317174,0.03504493175450459,5.0,0.9,0.8917853573409631,1.0077334058857963,1.0077334058857963
233,0.9,1,0,0.8304920271914631,7,0.20496474177402582,0.077469390610092,1.0,0.4,0.7332461485269369,1.1326237837865079,1.1326237837865079
233,0.9,1,1,0.8730127917531122,8,0.18393757903775695,0.06503175472631724,5.0,0.9,0.8917853573409631,0.9789494574750307,0.9789494574750307
234,0.1,1,0,0.9461795602227664,5,0.08479857238101302,0.037923074447776255,1.0,0.4,0.9851990715697001,0.9603942873344729,0.9603942873344729
234,0.1,1,1,1.0033238551652832,10,0.09219754282695904,0.029155423000410994,5.0,0.9,0.9990186245113871,1.0043094598521642,1.0043094598521642
234,0.5,1,0,0.9836982935794456,9,0.07904620236923436,0.02634873412307812,1.0,0.4,0.9851990715697001,0.9984766753912351,0.9984766753912351
234,0.5,1,1,1.02997740545183,6,0.1336996392097488,0.05458264914301523,5.0,0.9,0.9990186245113871,1.0309891929748403,1.0309891929748403
234,0.9,1,0,1.0257193609068882,12,0.11778660389125262,0.03400206373177326,1.0,0.4,0.9851990715697001,1.041129037274292,1.041129037274292
234,0.9,1,1,0.9637546129170481,3,0.042315229437732915,0.024430709106695876,5.0,0.9,0.9990186245113871,0.9647013471729955,0.9647013471729955
235,0.1,1,0,0.9076315585556588,2,0.02884787766514804,0.020398529919866123,1.0,0.4,0.99429187349969,0.9128421771778081,0.9128421771778081
235,0.1,1,1,0.9945748089166505,13,0.0672603110022621,0.01865465385556236,5.0,0.9,1.02294927255936,0.9722621009625254,0.9722621009625254
235,0.5,1,0,0.9626432527954508,8,0.06503182031842097,0.022992220570030288,1.0,0.4,0.99429187349969,0.9681696878474497,0.9681696878474497
235,0.5,1,1,0.9843726186064143,7,0.0498246560647823,0.018831949872391437,5.0,0.9,1.02294927255936,0.962288790864058,0.962288790864058
235,0.9,1,0,1.1126008091479604,12,0.09641587396961741,0.027832865395255823,1.0,0.4,0.99429187349969,1.1189881349747424,1.1189881349747424
235,0.9,1,1,1.0899003901550153,3,0.138372629273324,0.07988947475942991,5.0,0.9,1.02294927255936,1.0654491081734163,1.0654491081734163
236,0.1,1,0,1.513979774107041,4,0.22802874879073157,0.11401437439536578,1.0,0.4,1.5484366677553478,0.9777473019298514,0.9777473019298514
236,0.1,1,1,1.4757141484395122,11,0.20769866702452414,0.06262350436157349,5.0,0.9,1.5438914381977125,0.9558406193133708,0.9558406193133708
236,0.5,1,0,1.3857596896796005,6,0.1268389753992575,0.05178179487093486,1.0,0.4,1.5484366677553478,0.8949411484090157,0.8949411484090157
236,0.5,1,1,1.53993846541377,9,0.2646346117244574,0.0882115372414858,5.0,0.9,1.5438914381977125,0.9974396044397027,0.9974396044397027
236,0.9,1,0,1.7455705394794019,8,0.20516000574891086,0.07253501564666297,1.0,0.4,1.5484366677553478,1.1273115496611328,1.1273115496611328
236,0.9,1,1,1.6160217007398554,7,0.23500639867586084,0.08882406962931809,5.0,0.9,1.5438914381977125,1.0467197762469267,1.0467197762469267
237,0.1,1,0,0.9931094775106906,3,0.05865909637110414,0.03386684508027718,1.0,0.4,1.0272412421805728,0.966773370004665,0.966773370004665
237,0.1,1,1,0.9911396386932263,12,0.07861726439324827,0.022694849380196936,5.0,0.9,1.033943103080473,0.9586017216423993,0.9586017216423993
237,0.5,1,0,1.055069480608873,5,0.13154261354686364,0.05882764516575436,1.0,0.4,1.0272412421805728,1.0270902659332757,1.0270902659332757
237,0.5,1,1,1.0723121820303372,10,0.10774554453140972,0.03407213284543542,5.0,0.9,1.033943103080473,1.037109468437431,1.037109468437431
237,0.9,1,0,1.033544768422155,11,0.17607591055494726,0.05308888453917619,1.0,0.4,1.0272412421805728,1.0061363640620595,1.0061363640620595
237,0.9,1,1,1.0383774885178558,3,0.21664484085051602,0.12507995718358905,5.0,0.9,1.033943103080473,1.00428880992017,1.00428880992017
238,0.1,1,0,0.8853845697286573,7,0.032181237115220696,0.012163364327039374,1.0,0.4,0.8896384908438182,0.9952183711036086,0.9952183711036086
238,0.1,1,1,0.8874514824076477,8,0.036561794883760476,0.012926546547329325,5.0,0.9,0.9040717374963533,0.9816162209265251,0.9816162209265251
238,0.5,1,0,0.8874641505276791,10,0.03659551009420786,0.011572516403337993,1.0,0.4,0.8896384908438182,0.9975559282354378,0.9975559282354378
238,0.5,1,1,0.9555055509388717,5,0.14605684902619645,0.06531860860039984,5.0,0.9,0.9040717374963533,1.0568912966850994,1.0568912966850994
238,0.9,1,0,0.896066752275118,9,0.10966375690449147,0.03655458563483049,1.0,0.4,0.8896384908438182,1.0072257006609535,1.0072257006609535
238,0.9,1,1,0.8692581791425401,6,0.03929682188668448,0.016042860355901856,5.0,0.9,0.9040717374963533,0.961492482388375,0.961492482388375
239,0.1,1,0,0.9510651883670981,1,,,1.0,0.4,0.9739647219477726,0.97648833364839,0.97648833364839
239,0.1,1,1,0.9694259836002176,14,0.05428866150508445,0.014509255095612097,5.0,0.9,0.9725225095355108,0.9968159853320289,0.9968159853320289
239,0.5,1,0,0.9736825394171675,9,0.046611129838744395,0.015537043279581464,1.0,0.4,0.9739647219477726,0.9997102743823814,0.9997102743823814
239,0.5,1,1,0.9733395609991446,6,0.0463895134163477,0.018938439547674386,5.0,0.9,0.9725225095355108,1.0008401363008288,1.0008401363008288
239,0.9,1,0,0.997146438059052,10,0.04817302095436515,0.015233646798681213,1.0,0.4,0.9739647219477726,1.0238013919692284,1.0238013919692284
239,0.9,1,1,0.97480198400717,5,0.04875572509117396,0.021804223119231417,5.0,0.9,0.9725225095355108,1.0023438783671423,1.0023438783671423
240,0.1,1,0,1.4751067763115957,1,,,1.0,0.4,1.2731677624466675,1.158611472754273,1.158611472754273
240,0.1,1,1,1.1472587195204198,14,0.12170903556948336,0.032528107998263556,5.0,0.9,1.2343125835098865,0.9294717844146734,0.9294717844146734
240,0.5,1,0,1.1897388345481303,8,0.08433110392581226,0.029815547725444664,1.0,0.4,1.2731677624466675,0.9344713789028003,0.9344713789028003
240,0.5,1,1,1.2844532766625167,7,0.1791099449627632,0.06769719595856248,5.0,0.9,1.2343125835098865,1.040622362457045,1.040622362457045
240,0.9,1,0,1.1546576764802767,11,0.17162214779574458,0.05174602454121862,1.0,0.4,1.2731677624466675,0.9069171483429269,0.9069171483429269
240,0.9,1,1,1.2712257543467231,4,0.17999060116897436,0.08999530058448718,5.0,0.9,1.2343125835098865,1.0299058531282816,1.0299058531282816
241,0.1,1,1,0.9070125092536677,15,0.18309898748212472,0.04727595528171395,5.0,0.9,0.9481351132060424,0.9566279073735368,0.9566279073735368
241,0.5,1,0,0.5762494680931762,8,0.03910154421662169,0.01382448353521941,1.0,0.4,0.5893901680034352,0.9777045824249609,0.9777045824249609
241,0.5,1,1,0.8406185972844938,7,0.2432013923797975,0.09192148610594045,5.0,0.9,0.9481351132060424,0.8866021156436342,0.8866021156436342
241,0.9,1,0,0.6025308679136944,13,0.11538897032065949,0.032003142239548484,1.0,0.4,0.5893901680034352,1.0222954175750392,1.0222954175750392
241,0.9,1,1,1.0967742330799655,2,0.016193982931301636,0.01145087514514259,5.0,0.9,0.9481351132060424,1.1567699769828288,1.1567699769828288
242,0.1,1,0,0.9763575185053134,7,0.07337088130363023,0.02773158648614916,1.0,0.4,0.9818823951959553,0.9943731787863053,0.9943731787863053
242,0.1,1,1,0.981683274701697,8,0.10028020632720785,0.0354544069563774,5.0,0.9,1.0017191368969847,0.9799985230816768,0.9799985230816768
242,0.5,1,0,0.9272213054416504,3,0.17190833399754768,0.09925132290942425,1.0,0.4,0.9818823951959553,0.9443303087806191,0.9443303087806191
242,0.5,1,1,1.0128203186578781,12,0.10440960097718582,0.030140455615079827,5.0,0.9,1.0017191368969847,1.0110821300622064,1.0110821300622064
242,0.9,1,0,1.0420683616409026,8,0.041069205182376195,0.014520156741199953,1.0,0.4,0.9818823951959553,1.061296512433076,1.061296512433076
242,0.9,1,1,1.0106538173313784,7,0.10727514967117936,0.04054619541245328,5.0,0.9,1.0017191368969847,1.0089193468561164,1.0089193468561164
243,0.1,1,0,0.9082039911308204,1,,,1.0,0.4,0.9850189116736804,0.9220168063450264,0.9220168063450264
243,0.1,1,1,1.0768846840496216,14,0.18404672327723642,0.049188555832986515,5.0,0.9,0.995909243887476,1.0813080515711075,1.0813080515711075
243,0.5,1,0,1.1129727060232448,8,0.21855292983531371,0.07727012936736902,1.0,0.4,0.9850189116736804,1.1298998352550953,1.1298998352550953
243,0.5,1,1,0.9475581986317104,7,0.0628853785485168,0.02376843896307591,5.0,0.9,0.995909243887476,0.9514503499665994,0.9514503499665994
243,0.9,1,0,0.9338800378669763,11,0.1456884966795178,0.043926734523354466,1.0,0.4,0.9850189116736804,0.9480833583998786,0.9480833583998786
243,0.9,1,1,0.9632848489810961,4,0.08770803685751816,0.04385401842875908,5.0,0.9,0.995909243887476,0.9672415984622932,0.9672415984622932
244,0.1,1,1,1.0634226890495668,15,0.11740797064740627,0.03031460766862758,5.0,0.9,1.0636714046068854,0.9997661725639692,0.9997661725639692
244,0.5,1,0,0.8081341352596331,2,0.275981988690232,0.1951487356882121,1.0,0.4,0.9636392655454618,0.8386272375505517,0.8386272375505517
244,0.5,1,1,1.110803706642409,13,0.1810168361954425,0.05020503727884106,5.0,0.9,1.0636714046068854,1.0443109609146097,1.0443109609146097
244,0.9,1,0,1.1191443958312903,10,0.16190680280289727,0.051199426553288914,1.0,0.4,0.9636392655454618,1.1613727624494483,1.1613727624494483
244,0.9,1,1,1.0167878181286807,5,0.3475842347198992,0.15544439534818744,5.0,0.9,1.0636714046068854,0.9559228665214216,0.9559228665214216
245,0.1,1,0,1.429271535528333,12,0.4315627903859934,0.12458144660078967,1.0,0.4,1.4244046688140568,1.0034167725091272,1.0034167725091272
245,0.1,1,1,1.5758729319988072,2,0.6002915449944695,0.42447022215453883,5.0,0.9,1.4040196244334382,1.1224009298550344,1.1224009298550344
245,0.5,1,0,1.2379670736925485,13,0.2439280663487571,0.06765347313424815,1.0,0.4,1.4244046688140568,0.8691119179799276,0.8691119179799276
245,0.5,1,1,1.492738570309226,1,,,5.0,0.9,1.4040196244334382,1.0631892491613772,1.0631892491613772
245,0.9,1,0,1.6059753972212896,12,0.44482563096740974,0.12841009889073957,1.0,0.4,1.4244046688140568,1.1274713095109457,1.1274713095109457
245,0.9,1,1,1.1434473709922812,1,,,5.0,0.9,1.4040196244334382,0.8144098209835883,0.8144098209835883
246,0.1,1,0,1.0057218310651366,6,0.09846837865879211,0.040199547252200214,1.0,0.4,1.03732307164846,0.9695357777658368,0.9695357777658368
246,0.1,1,1,1.0123414565083098,9,0.10075770244602322,0.033585900815341074,5.0,0.9,1.0325569975706008,0.980421864255577,0.980421864255577
246,0.5,1,0,1.0375436485793599,10,0.04868163744218802,0.015394485454384769,1.0,0.4,1.03732307164846,1.0002126405330494,1.0002126405330494
246,0.5,1,1,1.0640012582277776,5,0.010773420926349461,0.00481802030830723,5.0,0.9,1.0325569975706008,1.030452808640258,1.030452808640258
246,0.9,1,0,1.0687037353008835,10,0.01596714364077682,0.005049254163192814,1.0,0.4,1.03732307164846,1.0302515817011135,1.0302515817011135
246,0.9,1,1,1.0213282779757153,5,0.10743918149927069,0.0480482626558614,5.0,0.9,1.0325569975706008,0.9891253271041653,0.9891253271041653
247,0.1,1,0,0.9561659984476308,1,,,1.0,0.4,0.9425310806795016,1.0144662792003627,1.0144662792003627
247,0.1,1,1,0.9477534549683563,14,0.010048128952167402,0.0026854754226524474,5.0,0.9,0.9398940120632422,1.0083620523210497,1.0083620523210497
247,0.5,1,0,0.9177520789253496,4,0.06304689045816134,0.03152344522908067,1.0,0.4,0.9425310806795016,0.9737101489148898,0.9737101489148898
247,0.5,1,1,0.9210212679731389,11,0.07585064136966631,0.02286982886645383,5.0,0.9,0.9398940120632422,0.9799203486266774,0.9799203486266774
247,0.9,1,0,0.9536751646655244,13,0.043042384205054234,0.011937809482272644,1.0,0.4,0.9425310806795016,1.0118235718847475,1.0118235718847475
247,0.9,1,1,0.9509073132482314,2,0.0018503414202412113,0.0013083889657629078,5.0,0.9,0.9398940120632422,1.0117175990522729,1.0117175990522729
248,0.1,1,0,0.8144904041419886,4,0.011832714854970151,0.005916357427485076,1.0,0.4,0.8142214274769647,1.0003303483007777,1.0003303483007777
248,0.1,1,1,0.8111023828576794,11,0.013306465392905958,0.0040120502721925555,5.0,0.9,0.8101917362994822,1.0011239889490315,1.0011239889490315
248,0.5,1,0,0.8113987700923424,10,0.01455274049317956,0.0046019806155809485,1.0,0.4,0.8142214274769647,0.9965333049593538,0.9965333049593538
248,0.5,1,1,0.8092810897412848,5,0.005246090760575496,0.0023461231113560766,5.0,0.9,0.8101917362994822,0.9988760110509683,0.9988760110509683
248,0.9,1,0,0.8167751081965631,15,0.009132981642844021,0.00235812572026353,1.0,0.4,0.8142214274769647,1.0031363467398684,1.0031363467398684
249,0.1,1,0,0.825385971680858,2,0.19747928732019548,0.1396389432079968,1.0,0.4,1.0053904703711307,0.8209606078483859,0.8209606078483859
249,0.1,1,1,0.9798232336998851,13,0.1248684537027752,0.03463227788563517,5.0,0.9,1.050439306384109,0.9327747236274857,0.9327747236274857
249,0.5,1,0,1.05206976736554,5,0.11814052734798232,0.05283405000955228,1.0,0.4,1.0053904703711307,1.04642902272306,1.04642902272306
249,0.5,1,1,1.0739269043379016,10,0.09874369174216013,0.031225497047878584,5.0,0.9,1.050439306384109,1.0223597858639193,1.0223597858639193
249,0.9,1,0,1.138715672066994,14,0.07771501537412952,0.020770211524133008,1.0,0.4,1.0053904703711307,1.1326103694285539,1.1326103694285539
249,0.9,1,1,1.0975677811145403,1,,,5.0,0.9,1.050439306384109,1.0448654905085948,1.0448654905085948
250,0.1,1,0,1.2517081073376195,4,0.059923991645964486,0.029961995822982243,1.0,0.4,1.3051108119974213,0.959081861732437,0.959081861732437
250,0.1,1,1,1.2883998784720083,11,0.1220069790816187,0.03678648831076994,5.0,0.9,1.3428405007956947,0.9594586086050966,0.9594586086050966
250,0.5,1,0,1.3294978062637155,13,0.12490261082965509,0.034641751368126555,1.0,0.4,1.3051108119974213,1.018685765256186,1.018685765256186
250,0.5,1,1,1.3972811231193811,2,0.20819146663945054,0.14721359784592836,5.0,0.9,1.3428405007956947,1.0405413913949035,1.0405413913949035
250,0.9,1,0,1.3341265223909287,15,0.12955939960618026,0.03345209313462453,1.0,0.4,1.3051108119974213,1.0222323730113767,1.0222323730113767
251,0.1,1,0,0.8931079504152928,14,0.09779808009797364,0.02613763634363519,1.0,0.4,0.8923599043055708,1.0008382784861947,1.0008382784861947
251,0.1,1,1,0.9922364654224778,1,,,5.0,0.9,0.7953029032011846,1.2476208265160522,1.2476208265160522
251,0.5,1,0,0.8992440353211554,13,0.10179097505804746,0.028231736919328166,1.0,0.4,0.8923599043055708,1.0077145230106923,1.0077145230106923
251,0.5,1,1,0.6870446310824123,1,,,5.0,0.9,0.7953029032011846,0.8638779367169158,0.8638779367169158
251,0.9,1,0,0.8847277271802643,13,0.11385454699061166,0.03157756977841343,1.0,0.4,0.8923599043055708,0.9914471985031131,0.9914471985031131
251,0.9,1,1,0.7066276130986638,2,0.06826295538713353,0.048269198658076884,5.0,0.9,0.7953029032011846,0.8885012367670323,0.8885012367670323
252,0.1,1,0,1.0057338643264129,8,0.07905116122123539,0.027948806080103288,1.0,0.4,0.9955324139175813,1.0102472307945125,1.0102472307945125
252,0.1,1,1,1.0071111677083715,7,0.10851527269033581,0.041014917855855364,5.0,0.9,1.0510601575048675,0.9581860377042287,0.9581860377042287
252,0.5,1,0,0.9804917870225612,10,0.0818300512717651,0.025876934306713582,1.0,0.4,0.9955324139175813,0.984891876261635,0.984891876261635
252,0.5,1,1,1.1251241241438732,5,0.08328557980069948,0.03724644359596948,5.0,0.9,1.0510601575048675,1.0704659634466858,1.0704659634466858
252,0.9,1,0,1.0003715904037696,11,0.07357383871769281,0.022183347037519084,1.0,0.4,0.9955324139175813,1.0048608929438523,1.0048608929438523
252,0.9,1,1,1.020945180662358,4,0.12724435530321532,0.06362217765160766,5.0,0.9,1.0510601575048675,0.9713479988490858,0.9713479988490858
253,0.1,1,0,0.40291082583105187,2,0.06460234229208257,0.045680754315266074,1.0,0.4,0.39435300719822003,1.0217009087711364,1.0217009087711364
253,0.1,1,1,0.49985947466504577,13,0.14488644922732913,0.04018427090838808,5.0,0.9,0.4694306192954496,1.064820772482344,1.064820772482344
253,0.5,1,0,0.37793437836665306,3,0.05940816389177904,0.03429931941498004,1.0,0.4,0.39435300719822003,0.9583656558163022,0.9583656558163022
253,0.5,1,1,0.49627729226230183,12,0.1564051187007643,0.04515026869226082,5.0,0.9,0.4694306192954496,1.0571898633436936,1.0571898633436936
253,0.9,1,0,0.4022138173969553,9,0.16284856318715524,0.054282854395718415,1.0,0.4,0.39435300719822003,1.0199334354125618,1.0199334354125618
253,0.9,1,1,0.4121550909590013,5,0.11333405147025481,0.05068452865058995,5.0,0.9,0.4694306192954496,0.8779893641739627,0.8779893641739627
254,0.1,1,0,1.0280539246322535,5,0.01150748591518421,0.005146304151294654,1.0,0.4,1.0616057999985915,0.9683951657325323,0.9683951657325323
254,0.1,1,1,1.0843428883551514,10,0.048637962006377974,0.015380674068888746,5.0,0.9,1.1244528043504405,0.9643293912913852,0.9643293912913852
254,0.5,1,0,1.0558315315327023,14,0.050193305657550646,0.013414725205726903,1.0,0.4,1.0616057999985915,0.9945608167684306,0.9945608167684306
254,0.5,1,1,1.1645627203457296,1,,,5.0,0.9,1.1244528043504405,1.0356706087086147,1.0356706087086147
254,0.9,1,0,1.1009319438308187,14,0.06438370239041921,0.017207268259783366,1.0,0.4,1.0616057999985915,1.0370440174990372,1.0370440174990372
255,0.1,1,0,1.07736973842104,4,0.02911863378665262,0.01455931689332631,1.0,0.4,1.0912210920125662,0.9873065562121972,0.9873065562121972
255,0.1,1,1,1.090327532385836,11,0.009217017382518526,0.0027790353039997802,5.0,0.9,1.0958623321790177,0.9949493657819442,0.9949493657819442
255,0.5,1,0,1.0974363218632388,8,0.009315548568860414,0.003293543781756918,1.0,0.4,1.0912210920125662,1.0056956650638136,1.0056956650638136
255,0.5,1,1,1.1004427135611712,7,0.01604520329482111,0.0060645168076529764,5.0,0.9,1.0958623321790177,1.0041797051031454,1.0041797051031454
255,0.9,1,0,1.09885721575342,14,0.01124216805722425,0.0030045957967619404,1.0,0.4,1.0912210920125662,1.0069977787239892,1.0069977787239892
255,0.9,1,1,1.0968167505900464,1,,,5.0,0.9,1.0958623321790177,1.0008709291149107,1.0008709291149107
256,0.1,1,0,0.6776547842445817,8,0.060417993783871256,0.02136098655513102,1.0,0.4,0.7859324162421982,0.8622303524324298,0.8622303524324298
256,0.1,1,1,0.8295720269742132,7,0.1579130931261436,0.059685539024679886,5.0,0.9,0.7339147194002767,1.1303384508381347,1.1303384508381347
256,0.5,1,0,0.8384802578488391,14,0.13345130823615084,0.035666362374031424,1.0,0.4,0.7859324162421982,1.0668605092762167,1.0668605092762167
256,0.5,1,1,0.671761734509791,1,,,5.0,0.9,0.7339147194002767,0.9153130694240954,0.9153130694240954
256,0.9,1,0,0.8416622066331738,13,0.21774123163111575,0.06039055195605149,1.0,0.4,0.7859324162421982,1.0709091382913534,1.0709091382913534
256,0.9,1,1,0.7004103967168263,1,,,5.0,0.9,0.7339147194002767,0.9543484797377702,0.9543484797377702
257,0.1,1,0,0.7157152774600672,4,0.23043618983582695,0.11521809491791347,1.0,0.4,0.6449928168741724,1.1096484468286592,1.1096484468286592
257,0.1,1,1,0.6729834027300664,11,0.187777529319227,0.05661705534653057,5.0,0.9,0.7243031525745701,0.9291460355210588,0.9291460355210588
257,0.5,1,0,0.637998121463184,5,0.21940642934050733,0.09812153814117575,1.0,0.4,0.6449928168741724,0.9891553902183178,0.9891553902183178
257,0.5,1,1,0.7742083404597232,10,0.2249245850606051,0.07112739905597938,5.0,0.9,0.7243031525745701,1.068900967375004,1.068900967375004
257,0.9,1,0,0.581265051699266,3,0.03084168140327744,0.017806453060442904,1.0,0.4,0.6449928168741724,0.901196162953023,0.901196162953023
257,0.9,1,1,0.7257177145339204,12,0.19052997294094384,0.05500126558307302,5.0,0.9,0.7243031525745701,1.0019529971039367,1.0019529971039367
258,0.1,1,0,0.9272401547182036,10,0.04910354171150697,0.015527903298944467,1.0,0.4,0.9639499741550006,0.9619172981782828,0.9619172981782828
258,0.1,1,1,0.9802523109657677,4,0.03300847804075148,0.01650423902037574,5.0,0.9,0.9953828628162235,0.9847992642673724,0.9847992642673724
258,0.5,1,0,0.9407765257959086,10,0.09641177300019108,0.030488079593572914,1.0,0.4,0.9639499741550006,0.9759599056170878,0.9759599056170878
258,0.5,1,1,1.0163277419151617,5,0.1322977991647332,0.05916537444119166,5.0,0.9,0.9953828628162235,1.0210420330521657,1.0210420330521657
258,0.9,1,0,1.0238332419508895,11,0.14427813003528456,0.04350149298010407,1.0,0.4,0.9639499741550006,1.0621227962046293,1.0621227962046293
258,0.9,1,1,0.9895685355677409,2,0.09563961081029494,0.06762741735400178,5.0,0.9,0.9953828628162235,0.9941587026804619,0.9941587026804619
259,0.1,1,0,1.0306069259854949,3,0.24642496164642733,0.14227351794160803,1.0,0.4,1.0732836400392174,0.9602372453453561,0.9602372453453561
259,0.1,1,1,1.0009026075258223,12,0.28196761704896883,0.08139703980298973,5.0,0.9,1.1171134090656036,0.8959722436444617,0.8959722436444617
259,0.5,1,0,1.035708114183156,6,0.2970054967691518,0.12125198631437661,1.0,0.4,1.0732836400392174,0.9649901252061491,0.9649901252061491
259,0.5,1,1,1.1024505319087277,9,0.2701879088800243,0.09006263629334144,5.0,0.9,1.1171134090656036,0.986874316396273,0.986874316396273
259,0.9,1,0,1.1535358799490014,8,0.2673119375746919,0.09450904187558985,1.0,0.4,1.0732836400392174,1.0747726294484947,1.0747726294484947
259,0.9,1,1,1.2479870877622614,7,0.17277724930767424,0.06530366198255896,5.0,0.9,1.1171134090656036,1.1171534399592657,1.1171534399592657
260,0.1,1,0,1.078063304045758,3,0.028189222320803738,0.016275055095162246,1.0,0.4,1.0534120643796696,1.0234013265080697,1.0234013265080697
260,0.1,1,1,0.9842867382588504,12,0.18159135065247395,0.05242090759085678,5.0,0.9,0.9241652351824357,1.0650549282613366,1.0650549282613366
260,0.5,1,0,1.0660103546941149,5,0.016541636253251404,0.007397644624269013,1.0,0.4,1.0534120643796696,1.0119595082878268,1.0119595082878268
260,0.5,1,1,0.9814213941019311,10,0.16345326706817556,0.05168846149312274,5.0,0.9,0.9241652351824357,1.0619544608905276,1.0619544608905276
260,0.9,1,0,1.0161625343991358,14,0.1593457828484756,0.042586951817591076,1.0,0.4,1.0534120643796696,0.9646391652041035,0.9646391652041035
260,0.9,1,1,0.8067875731865253,1,,,5.0,0.9,0.9241652351824357,0.8729906108481355,0.8729906108481355
261,0.1,1,0,0.7266845294978094,6,0.053522500566907306,0.021850469357791048,1.0,0.4,0.7243328371668901,1.0032467012542432,1.0032467012542432
261,0.1,1,1,0.6930035173998496,8,0.1558592398113321,0.05510456269058662,5.0,0.9,0.721311342170354,0.9607550538643562,0.9607550538643562
261,0.5,1,0,0.7103197153798781,13,0.052934643271135805,0.014681428504805768,1.0,0.4,0.7243328371668901,0.9806537532637316,0.9806537532637316
261,0.5,1,1,0.6613116468934974,2,0.07554181399026101,0.053416128935646366,5.0,0.9,0.721311342170354,0.9168185889101321,0.9168185889101321
261,0.9,1,0,0.7359942666229828,13,0.11147598428463677,0.030917875178544288,1.0,0.4,0.7243328371668901,1.0160995454820252,1.0160995454820252
261,0.9,1,1,0.809618862217715,2,0.03334554290046351,0.023578859507264682,5.0,0.9,0.721311342170354,1.1224263572255115,1.1224263572255115
262,0.1,1,0,0.9729577433793238,15,0.07928410794653236,0.02047106864638873,1.0,0.4,0.9819303951384627,0.9908622323908471,0.9908622323908471
262,0.5,1,0,0.9628015558777978,14,0.10410889668841294,0.02782427302307753,1.0,0.4,0.9819303951384627,0.9805191494678526,0.9805191494678526
262,0.5,1,1,1.0176903200159013,1,,,5.0,0.9,0.9909543878798903,1.0269799825935597,1.0269799825935597
262,0.9,1,0,1.0100318861582664,14,0.03459643814615268,0.009246287024687138,1.0,0.4,0.9819303951384627,1.0286186181413002,1.0286186181413002
262,0.9,1,1,0.9642184557438794,1,,,5.0,0.9,0.9909543878798903,0.9730200174064405,0.9730200174064405
263,0.1,1,0,1.032565498819872,2,0.16927508476935832,0.11969556032634093,1.0,0.4,1.0354283904793649,0.9972350655189516,0.9972350655189516
263,0.1,1,1,0.909461441992725,2,0.007371152495194806,0.005212191914512387,5.0,0.9,0.9003993770402893,1.010064494915827,1.010064494915827
263,0.5,1,0,0.9972642869132669,2,0.12526642277271674,0.08857673699756896,1.0,0.4,1.0354283904793649,0.9631417257658644,0.9631417257658644
263,0.5,1,1,0.8907149005031031,3,0.04016925540161871,0.023191730419271393,5.0,0.9,0.9003993770402893,0.9892442434056095,0.9892442434056095
263,0.9,1,0,1.0764553857049555,3,0.15497520067744142,0.08947497382883708,1.0,0.4,1.0354283904793649,1.0396232087151838,1.0396232087151838
263,0.9,1,1,0.9010217886250398,1,,,5.0,0.9,0.9003993770402893,1.0006912616785637,1.0006912616785637
264,0.1,1,0,0.8224264683004568,4,0.11687665540432712,0.05843832770216356,1.0,0.4,0.9573481957431481,0.8590672358890724,0.8590672358890724
264,0.1,1,1,0.9006410423406475,11,0.12660073534593821,0.038171557938687435,5.0,0.9,0.9163018624048251,0.9829086672124883,0.9829086672124883
264,0.5,1,0,1.0025702300587118,11,0.13968956689464254,0.04211798913788913,1.0,0.4,0.9573481957431481,1.0472367676845724,1.0472367676845724
264,0.5,1,1,0.9354157449061374,4,0.0635161119956753,0.03175805599783765,5.0,0.9,0.9163018624048251,1.0208598097259654,1.0208598097259654
264,0.9,1,0,1.0470478888702761,9,0.19060160155436415,0.06353386718478805,1.0,0.4,0.9573481957431481,1.0936959964263555,1.0936959964263555
264,0.9,1,1,0.9128487999676905,4,0.13334601949295866,0.06667300974647933,5.0,0.9,0.9163018624048251,0.9962315230615465,0.9962315230615465
265,0.1,1,0,0.5277562742039129,10,0.2867585991065736,0.09068103118158978,1.0,0.4,0.6142202305895146,0.8592297158584055,0.8592297158584055
265,0.1,1,1,0.8132250897567397,5,0.10173107219261707,0.045495518569326064,5.0,0.9,0.8018990449036755,1.0141240283612318,1.0141240283612318
265,0.5,1,0,0.6511065203581581,13,0.3179885601918982,0.08819415836791202,1.0,0.4,0.6142202305895146,1.0600538502830505,1.0600538502830505
265,0.5,1,1,0.722577857007806,2,0.18090688035542712,0.12792048186262595,5.0,0.9,0.8018990449036755,0.9010833241416348,0.9010833241416348
265,0.9,1,0,0.6637978972064728,13,0.33385297421791693,0.09259415515452744,1.0,0.4,0.6142202305895146,1.080716433858544,1.080716433858544
265,0.9,1,1,0.8698941879464805,2,0.08270848182276988,0.05848372835852488,5.0,0.9,0.8018990449036755,1.0847926474971332,1.0847926474971332
266,0.1,1,0,0.6653379268339967,11,0.20751638405717376,0.06256854397899406,1.0,0.4,0.6511904758439647,1.021725518899361,1.021725518899361
266,0.1,1,1,0.6322015369265532,2,0.002566702356960678,0.0018149326418943899,5.0,0.9,0.7139672086073788,0.8854769929275705,0.8854769929275705
266,0.5,1,0,0.6199769084320683,10,0.050790660820298386,0.016061417205721896,1.0,0.4,0.6511904758439647,0.9520669165631721,0.9520669165631721
266,0.5,1,1,0.7713317508753048,4,0.1702105049086045,0.08510525245430225,5.0,0.9,0.7139672086073788,1.0803461861782389,1.0803461861782389
266,0.9,1,0,0.6682565922658291,6,0.09490498238175495,0.038744796813854496,1.0,0.4,0.6511904758439647,1.0262075645374669,1.0262075645374669
266,0.9,1,1,0.7383683380202785,5,0.2455337732823618,0.10980604156627653,5.0,0.9,0.7139672086073788,1.0341768208941906,1.0341768208941906
267,0.1,1,0,0.9576505468594974,2,0.0006761469752284497,0.00047810811126280933,1.0,0.4,0.901283929438917,1.0625403555743755,1.0625403555743755
267,0.1,1,1,0.9593821397748971,13,0.048968397095850484,0.013581389738951602,5.0,0.9,0.9717082867653253,0.9873149718302185,0.9873149718302185
267,0.5,1,1,0.978938616303693,14,0.0512590169749847,0.013699548535944454,5.0,0.9,0.9717082867653253,1.0074408437561406,1.0074408437561406
267,0.9,1,0,0.8449173120183365,6,0.26012550887989033,0.10619579430625765,1.0,0.4,0.901283929438917,0.9374596444256242,0.9374596444256242
267,0.9,1,1,0.9768041042173857,9,0.05851068853633183,0.019503562845443943,5.0,0.9,0.9717082867653253,1.0052441844136408,1.0052441844136408
268,0.1,1,0,1.011555077553774,10,0.09732655300303117,0.030777358430267913,1.0,0.4,1.0136483044945546,0.997934957389561,0.997934957389561
268,0.1,1,1,1.003671302767362,5,0.19041613185755885,0.08515668296921297,5.0,0.9,0.9977233786241548,1.0059614962129175,1.0059614962129175
268,0.5,1,0,0.9809269021078146,9,0.062484791676920705,0.0208282638923069,1.0,0.4,1.0136483044945546,0.9677191761268163,0.9677191761268163
268,0.5,1,1,1.0163643393045787,6,0.16323276236498285,0.06663949618319825,5.0,0.9,0.9977233786241548,1.018683495926626,1.018683495926626
268,0.9,1,0,1.048462933822075,10,0.1275583376373251,0.04033748814787285,1.0,0.4,1.0136483044945546,1.0343458664836227,1.0343458664836227
268,0.9,1,1,0.9731344938005236,5,0.08393707057368495,0.03753779912699136,5.0,0.9,0.9977233786241548,0.9753550078604564,0.9753550078604564
269,0.1,1,0,0.7328172966043511,2,0.30002279860385894,0.2121481554033545,1.0,0.4,0.6923102756124102,1.0585099231065274,1.0585099231065274
269,0.1,1,1,0.7469845421291951,13,0.20096102379880867,0.055736559667411055,5.0,0.9,0.8219879813991735,0.9087536059319153,0.9087536059319153
269,0.5,1,0,0.5053851869361107,3,0.09402426282345883,0.054284933451480076,1.0,0.4,0.6923102756124102,0.7299981016301577,0.7299981016301577
269,0.5,1,1,0.8228415527543839,12,0.17939836390325758,0.05178784684586211,5.0,0.9,0.8219879813991735,1.0010384231576688,1.0010384231576688
269,0.9,1,0,0.838728343296769,5,0.1898707240504647,0.08491276918278866,1.0,0.4,0.6923102756124102,1.2114919752633153,1.2114919752633153
269,0.9,1,1,0.8961378493139416,10,0.1437727506263861,0.045464935744678005,5.0,0.9,0.8219879813991735,1.0902079709104158,1.0902079709104158
270,0.1,1,0,0.5904766884614809,1,,,1.0,0.4,0.9427084035596159,0.6263619654093173,0.6263619654093173
270,0.1,1,1,1.3381523766329904,14,0.4433460193763145,0.11848920773544358,5.0,0.9,1.3552112976826463,0.9874123532774366,0.9874123532774366
270,0.5,1,0,1.0613728564263312,4,0.2939181020220567,0.14695905101102835,1.0,0.4,0.9427084035596159,1.1258760953213578,1.1258760953213578
270,0.5,1,1,1.1403313448864472,11,0.46008879008220555,0.13872198972284222,5.0,0.9,1.3552112976826463,0.8414417344633751,0.8414417344633751
270,0.9,1,0,1.1762756657910354,11,0.4660928408522879,0.14053227914344293,1.0,0.4,0.9427084035596159,1.2477619392693244,1.2477619392693244
270,0.9,1,1,1.5871501715285015,4,0.38716524332058927,0.19358262166029463,5.0,0.9,1.3552112976826463,1.1711459122591885,1.1711459122591885
271,0.1,1,0,0.9894950964540887,8,0.04684081444863627,0.01656072876646576,1.0,0.4,0.9733616159058173,1.0165750120866,1.0165750120866
271,0.1,1,1,0.995900118245979,7,0.05377900906625842,0.020326554820686814,5.0,0.9,0.9781762148323366,1.0181193359078766,1.0181193359078766
271,0.5,1,0,0.9625816388383536,6,0.03904548024963774,0.015940250562255138,1.0,0.4,0.9733616159058173,0.9889250029061072,0.9889250029061072
271,0.5,1,1,0.9859619077607525,9,0.05374559304846047,0.01791519768282016,5.0,0.9,0.9781762148323366,1.007959397100808,1.007959397100808
271,0.9,1,0,0.9680081124250096,9,0.03652864214713679,0.012176214049045597,1.0,0.4,0.9733616159058173,0.9944999850072929,0.9944999850072929
271,0.9,1,1,0.952666618490278,6,0.045473027220680556,0.018564285625059546,5.0,0.9,0.9781762148323366,0.973921266991315,0.973921266991315
272,0.1,1,1,0.9915084893509303,15,0.14221417573469322,0.03671954228100545,5.0,0.9,1.0027688857722827,0.9887706962380666,0.9887706962380666
272,0.5,1,0,0.9368644941236504,9,0.15444136098540656,0.051480453661802185,1.0,0.4,1.0079195108636383,0.9295032827779033,0.9295032827779033
272,0.5,1,1,1.0140292821936352,6,0.18507025993257784,0.07555461723317768,5.0,0.9,1.0027688857722827,1.0112293037619333,1.0112293037619333
272,0.9,1,0,1.078974527603626,15,0.17321207186162446,0.044723164645476925,1.0,0.4,1.0079195108636383,1.0704967172220965,1.0704967172220965
273,0.1,1,0,0.973809932514234,9,0.06886825954930428,0.02295608651643476,1.0,0.4,1.0083100654879684,0.9657842025438492,0.9657842025438492
273,0.1,1,1,0.9360324335535295,6,0.07778760897553778,0.03175665838353475,5.0,0.9,0.9483840360948349,0.986976159370875,0.986976159370875
273,0.5,1,0,1.0241888867049844,13,0.05345021877772493,0.014824423422142722,1.0,0.4,1.0083100654879684,1.0157479546823045,1.0157479546823045
273,0.5,1,1,0.9341037317936347,2,0.0298714102189725,0.021122276729440587,5.0,0.9,0.9483840360948349,0.9849424876867369,0.9849424876867369
273,0.9,1,0,1.0269313772446869,11,0.13929035879507623,0.041997623367022556,1.0,0.4,1.0083100654879684,1.0184678427738463,1.0184678427738463
273,0.9,1,1,0.9750159429373402,3,0.05619060305260408,0.03244165979834837,5.0,0.9,0.9483840360948349,1.0280813529423878,1.0280813529423878
274,0.1,1,0,1.0118024945809945,6,0.14190750186760379,0.0579334950414467,1.0,0.4,0.9812405557205031,1.0311462247277892,1.0311462247277892
274,0.1,1,1,0.9993854311975829,9,0.10022159659679969,0.033407198865599896,5.0,0.9,1.053600816458368,0.948542764570905,0.948542764570905
274,0.5,1,0,0.9492693668795664,13,0.0601866589998845,0.016692775778688444,1.0,0.4,0.9812405557205031,0.9674175831252094,0.9674175831252094
274,0.5,1,1,1.0849952795041264,2,0.008308608073782253,0.005875073111192729,5.0,0.9,1.053600816458368,1.0297973032626242,1.0297973032626242
274,0.9,1,0,0.9826498057009483,14,0.06425826212890359,0.017173742939704882,1.0,0.4,0.9812405557205031,1.0014361921470016,1.0014361921470016
274,0.9,1,1,1.0764217386733943,1,,,5.0,0.9,1.053600816458368,1.0216599321664708,1.0216599321664708
275,0.1,1,1,0.8729823353517705,15,0.08758654392775951,0.022614748398938463,5.0,0.9,0.9163958908344254,0.9526257636935445,0.9526257636935445
275,0.5,1,0,0.7539390338005193,5,0.1849884304049989,0.0827293410873133,1.0,0.4,0.8870273183008444,0.8499614591856496,0.8499614591856496
275,0.5,1,1,0.9570492887792297,9,0.18610899092353886,0.062036330307846284,5.0,0.9,0.9163958908344254,1.0443622656445866,1.0443622656445866
275,0.9,1,0,1.0201156028011693,7,0.15713237445600467,0.05939045510395236,1.0,0.4,0.8870273183008444,1.1500385408143503,1.1500385408143503
275,0.9,1,1,0.919156048372276,6,0.08457573612897068,0.03452789968937506,5.0,0.9,0.9163958908344254,1.003011970661869,1.003011970661869
276,0.1,1,0,1.1471121333056706,13,0.1623181253854831,0.04501894800111941,1.0,0.4,1.1812871029657408,0.9710697174511849,0.9710697174511849
276,0.1,1,1,1.208389048117689,2,0.06534432316772382,0.04620541402394273,5.0,0.9,1.2623940522591577,0.9572201690551202,0.9572201690551202
276,0.5,1,0,1.1693337419162573,11,0.1939571735329622,0.058480288182426066,1.0,0.4,1.1812871029657408,0.9898810703854521,0.9898810703854521
276,0.5,1,1,1.3185740696367736,1,,,5.0,0.9,1.2623940522591577,1.0445027582925293,1.0445027582925293
276,0.9,1,0,1.2274154336752945,13,0.16004907369499877,0.044389626292140986,1.0,0.4,1.1812871029657408,1.039049212163363,1.039049212163363
276,0.9,1,1,1.2602190390230104,1,,,5.0,0.9,1.2623940522591577,0.9982770726523506,0.9982770726523506
277,0.1,1,0,0.8460978857537136,11,0.08513689573487164,0.025669739906198016,1.0,0.4,0.8715672578895702,0.9707775023610585,0.9707775023610585
277,0.1,1,1,0.8921434474146535,4,0.0996247513806362,0.0498123756903181,5.0,0.9,0.845273570071468,1.0554493586487304,1.0554493586487304
277,0.5,1,0,0.9074027425285841,12,0.15529406153942396,0.04482953411666837,1.0,0.4,0.8715672578895702,1.0411161437222718,1.0411161437222718
277,0.5,1,1,0.8229260821055471,2,5.59327738811509e-05,3.9550443701935605e-05,5.0,0.9,0.845273570071468,0.9735618280788888,0.9735618280788888
277,0.9,1,0,0.8612011453864131,12,0.11294343885035017,0.032603962411725855,1.0,0.4,0.8715672578895702,0.9881063539166698,0.9881063539166698
277,0.9,1,1,0.8207511806942036,2,0.09374033714990453,0.06628442806941073,5.0,0.9,0.845273570071468,0.9709888132723812,0.9709888132723812
278,0.1,1,0,0.8222422964970391,1,,,1.0,0.4,0.842769221856178,0.9756434800574125,0.9756434800574125
278,0.1,1,1,0.8685641283204194,13,0.05578699230091447,0.015472527788066301,5.0,0.9,0.874948057921618,0.9927036473269474,0.9927036473269474
278,0.5,1,0,0.8482691519769563,5,0.02963435074370563,0.013252884546399446,1.0,0.4,0.842769221856178,1.0065260215704899,1.0065260215704899
278,0.5,1,1,0.9218466599790529,9,0.10169166858910131,0.03389722286303377,5.0,0.9,0.874948057921618,1.0536015842687159,1.0536015842687159
278,0.9,1,0,0.8577962170945386,5,0.03409419665545379,0.01524738827196813,1.0,0.4,0.842769221856178,1.0178304983720976,1.0178304983720976
278,0.9,1,1,0.8344333854653818,5,0.1766892391525595,0.07901782992756806,5.0,0.9,0.874948057921618,0.9536947684043369,0.9536947684043369
279,0.1,1,0,1.0730562323929171,3,0.029249116539860866,0.016886985307847407,1.0,0.4,1.079527339889088,0.9940056103657036,0.9940056103657036
279,0.1,1,1,1.0459332634809912,12,0.06474351742323929,0.018689843606295217,5.0,0.9,1.0835125282742266,0.9653171847924177,0.9653171847924177
279,0.5,1,0,1.0548374551424193,9,0.09833110679584128,0.03277703559861376,1.0,0.4,1.079527339889088,0.9771289861457282,0.9771289861457282
279,0.5,1,1,1.1053021205902123,6,0.07007273553412192,0.028607074489931664,5.0,0.9,1.0835125282742266,1.0201101433969493,1.0201101433969493
279,0.9,1,0,1.1106883321319267,14,0.08560641825503303,0.022879277658514566,1.0,0.4,1.079527339889088,1.0288654034885678,1.0288654034885678
279,0.9,1,1,1.099302200751476,1,,,5.0,0.9,1.0835125282742266,1.014572671810633,1.014572671810633
280,0.1,1,0,0.9477537544461226,2,0.0009769141496557426,0.0006907826198586653,1.0,0.4,0.9465071907164609,1.0013170145371195,1.0013170145371195
280,0.1,1,1,0.902001943282284,13,0.10017545613762187,0.027783672588245344,5.0,0.9,0.9086409012919177,0.9926935294237863,0.9926935294237863
280,0.5,1,0,0.9373574546030881,4,0.04857450685656131,0.024287253428280656,1.0,0.4,0.9465071907164609,0.9903331573144765,0.9903331573144765
280,0.5,1,1,0.9196250394684269,9,0.11096926657487675,0.036989755524958916,5.0,0.9,0.9086409012919177,1.0120885359231484,1.0120885359231484
280,0.9,1,0,0.9544103631001722,6,0.03357481261323051,0.013706859851995903,1.0,0.4,0.9465071907164609,1.0083498281484042,1.0083498281484042
280,0.9,1,1,0.9042957211250419,8,0.10206216838052079,0.03608442568223474,5.0,0.9,0.9086409012919177,0.9952179346530651,0.9952179346530651
281,0.1,1,0,0.8394376460405818,5,0.06570769071264583,0.029385372615601535,1.0,0.4,0.8647643745710433,0.9707125671741225,0.9707125671741225
281,0.1,1,1,0.8885082688106283,9,0.054631366189058964,0.01821045539635299,5.0,0.9,0.8846672410883433,1.0043417768217118,1.0043417768217118
281,0.5,1,0,0.8689777252467928,5,0.05168545077900171,0.023114436277913455,1.0,0.4,0.8647643745710433,1.0048722528351606,1.0048722528351606
281,0.5,1,1,0.859361774512891,9,0.13300737124520842,0.04433579041506947,5.0,0.9,0.8846672410883433,0.9713954971992398,0.9713954971992398
281,0.9,1,0,0.8858777524257555,5,0.013707328092178145,0.0061301034808005665,1.0,0.4,0.8647643745710433,1.0244151799907175,1.0244151799907175
281,0.9,1,1,0.9061316799415106,7,0.015620684598551498,0.005904063822334869,5.0,0.9,0.8846672410883433,1.0242627259790484,1.0242627259790484
